cell_id,latitude,longitude,relative_occurrence_score,species_slug,scientific_name,selected_model
912:2834,1.25,103.45,0.623902574101966,green_sea_turtle,Chelonia mydas,random_forest
912:2835,1.25,103.55,0.6033675285164339,green_sea_turtle,Chelonia mydas,random_forest
913:2830,1.35,103.05,0.5570872375390324,green_sea_turtle,Chelonia mydas,random_forest
913:2831,1.35,103.15,0.6208369950284393,green_sea_turtle,Chelonia mydas,random_forest
913:2832,1.35,103.25,0.6264182734369358,green_sea_turtle,Chelonia mydas,random_forest
913:2833,1.35,103.35,0.6248959658672074,green_sea_turtle,Chelonia mydas,random_forest
913:2842,1.35,104.25,0.3556643956976386,green_sea_turtle,Chelonia mydas,random_forest
913:2843,1.35,104.35,0.2275471727926648,green_sea_turtle,Chelonia mydas,random_forest
913:2913,1.35,111.35,0.007626971807170963,green_sea_turtle,Chelonia mydas,random_forest
914:2829,1.45,102.95,0.5240431252829968,green_sea_turtle,Chelonia mydas,random_forest
914:2830,1.45,103.05,0.5570872375390324,green_sea_turtle,Chelonia mydas,random_forest
914:2831,1.45,103.15,0.6208369950284393,green_sea_turtle,Chelonia mydas,random_forest
914:2832,1.45,103.25,0.6264182734369358,green_sea_turtle,Chelonia mydas,random_forest
914:2833,1.45,103.35,0.6248959658672074,green_sea_turtle,Chelonia mydas,random_forest
914:2837,1.45,103.75,0.5626738865240642,green_sea_turtle,Chelonia mydas,random_forest
914:2840,1.45,104.05,0.4681874565233026,green_sea_turtle,Chelonia mydas,random_forest
914:2843,1.45,104.35,0.2275471727926648,green_sea_turtle,Chelonia mydas,random_forest
914:2910,1.45,111.05,0.007626971807170963,green_sea_turtle,Chelonia mydas,random_forest
915:2828,1.55,102.85,0.4346629979178458,green_sea_turtle,Chelonia mydas,random_forest
915:2829,1.55,102.95,0.5240431252829968,green_sea_turtle,Chelonia mydas,random_forest
915:2830,1.55,103.05,0.5570872375390324,green_sea_turtle,Chelonia mydas,random_forest
915:2831,1.55,103.15,0.6208369950284393,green_sea_turtle,Chelonia mydas,random_forest
915:2832,1.55,103.25,0.6264182734369358,green_sea_turtle,Chelonia mydas,random_forest
915:2843,1.55,104.35,0.2275471727926648,green_sea_turtle,Chelonia mydas,random_forest
915:2844,1.55,104.45,0.1980339825734374,green_sea_turtle,Chelonia mydas,random_forest
915:2845,1.55,104.55,0.22360694746251344,green_sea_turtle,Chelonia mydas,random_forest
915:2846,1.55,104.65,0.2281879572499314,green_sea_turtle,Chelonia mydas,random_forest
915:2907,1.55,110.75,0.007626971807170963,green_sea_turtle,Chelonia mydas,random_forest
915:2909,1.55,110.95,0.007626971807170963,green_sea_turtle,Chelonia mydas,random_forest
916:2826,1.65,102.65,0.33896879001540436,green_sea_turtle,Chelonia mydas,random_forest
916:2827,1.65,102.75,0.37060944124457856,green_sea_turtle,Chelonia mydas,random_forest
916:2828,1.65,102.85,0.4346629979178458,green_sea_turtle,Chelonia mydas,random_forest
916:2829,1.65,102.95,0.5240431252829968,green_sea_turtle,Chelonia mydas,random_forest
916:2830,1.65,103.05,0.5570872375390324,green_sea_turtle,Chelonia mydas,random_forest
916:2839,1.65,103.95,0.5885014202954356,green_sea_turtle,Chelonia mydas,random_forest
916:2842,1.65,104.25,0.3556643956976386,green_sea_turtle,Chelonia mydas,random_forest
916:2843,1.65,104.35,0.2275471727926648,green_sea_turtle,Chelonia mydas,random_forest
916:2844,1.65,104.45,0.1980339825734374,green_sea_turtle,Chelonia mydas,random_forest
916:2845,1.65,104.55,0.22360694746251344,green_sea_turtle,Chelonia mydas,random_forest
916:2846,1.65,104.65,0.2281879572499314,green_sea_turtle,Chelonia mydas,random_forest
916:2847,1.65,104.75,0.2268090775028101,green_sea_turtle,Chelonia mydas,random_forest
916:2848,1.65,104.85,0.2261923952160247,green_sea_turtle,Chelonia mydas,random_forest
916:2902,1.65,110.25,0.007626971807170963,green_sea_turtle,Chelonia mydas,random_forest
916:2903,1.65,110.35,0.007626971807170963,green_sea_turtle,Chelonia mydas,random_forest
916:2905,1.65,110.55,0.007626971807170963,green_sea_turtle,Chelonia mydas,random_forest
916:2906,1.65,110.65,0.007626971807170963,green_sea_turtle,Chelonia mydas,random_forest
916:2907,1.65,110.75,0.007626971807170963,green_sea_turtle,Chelonia mydas,random_forest
916:2908,1.65,110.85,0.007626971807170963,green_sea_turtle,Chelonia mydas,random_forest
916:2909,1.65,110.95,0.007626971807170963,green_sea_turtle,Chelonia mydas,random_forest
916:2911,1.65,111.15,0.007626971807170963,green_sea_turtle,Chelonia mydas,random_forest
917:2825,1.75,102.55,0.2187553450948859,green_sea_turtle,Chelonia mydas,random_forest
917:2826,1.75,102.65,0.33896879001540436,green_sea_turtle,Chelonia mydas,random_forest
917:2827,1.75,102.75,0.37060944124457856,green_sea_turtle,Chelonia mydas,random_forest
917:2828,1.75,102.85,0.4346629979178458,green_sea_turtle,Chelonia mydas,random_forest
917:2842,1.75,104.25,0.3556643956976386,green_sea_turtle,Chelonia mydas,random_forest
917:2843,1.75,104.35,0.2275471727926648,green_sea_turtle,Chelonia mydas,random_forest
917:2844,1.75,104.45,0.1980339825734374,green_sea_turtle,Chelonia mydas,random_forest
917:2845,1.75,104.55,0.22360694746251344,green_sea_turtle,Chelonia mydas,random_forest
917:2846,1.75,104.65,0.2281879572499314,green_sea_turtle,Chelonia mydas,random_forest
917:2847,1.75,104.75,0.2268090775028101,green_sea_turtle,Chelonia mydas,random_forest
917:2848,1.75,104.85,0.2261923952160247,green_sea_turtle,Chelonia mydas,random_forest
917:2849,1.75,104.95,0.19905448202720158,green_sea_turtle,Chelonia mydas,random_forest
917:2899,1.75,109.95,0.00911388793430711,green_sea_turtle,Chelonia mydas,random_forest
917:2900,1.75,110.05,0.007626971807170963,green_sea_turtle,Chelonia mydas,random_forest
917:2901,1.75,110.15,0.007626971807170963,green_sea_turtle,Chelonia mydas,random_forest
917:2902,1.75,110.25,0.007626971807170963,green_sea_turtle,Chelonia mydas,random_forest
917:2904,1.75,110.45,0.007626971807170963,green_sea_turtle,Chelonia mydas,random_forest
917:2905,1.75,110.55,0.007626971807170963,green_sea_turtle,Chelonia mydas,random_forest
917:2906,1.75,110.65,0.007626971807170963,green_sea_turtle,Chelonia mydas,random_forest
917:2907,1.75,110.75,0.007626971807170963,green_sea_turtle,Chelonia mydas,random_forest
917:2908,1.75,110.85,0.007626971807170963,green_sea_turtle,Chelonia mydas,random_forest
917:2909,1.75,110.95,0.007626971807170963,green_sea_turtle,Chelonia mydas,random_forest
917:2910,1.75,111.05,0.007626971807170963,green_sea_turtle,Chelonia mydas,random_forest
918:2823,1.85,102.35,0.14220554669247787,green_sea_turtle,Chelonia mydas,random_forest
918:2824,1.85,102.45,0.14384615036303758,green_sea_turtle,Chelonia mydas,random_forest
918:2825,1.85,102.55,0.2187553450948859,green_sea_turtle,Chelonia mydas,random_forest
918:2826,1.85,102.65,0.33896879001540436,green_sea_turtle,Chelonia mydas,random_forest
918:2827,1.85,102.75,0.37060944124457856,green_sea_turtle,Chelonia mydas,random_forest
918:2841,1.85,104.15,0.36697421428467086,green_sea_turtle,Chelonia mydas,random_forest
918:2842,1.85,104.25,0.355432547069614,green_sea_turtle,Chelonia mydas,random_forest
918:2843,1.85,104.35,0.2273153241646403,green_sea_turtle,Chelonia mydas,random_forest
918:2844,1.85,104.45,0.19780213394541296,green_sea_turtle,Chelonia mydas,random_forest
918:2845,1.85,104.55,0.22337509883448897,green_sea_turtle,Chelonia mydas,random_forest
918:2846,1.85,104.65,0.22795610862190693,green_sea_turtle,Chelonia mydas,random_forest
918:2847,1.85,104.75,0.2265772288747856,green_sea_turtle,Chelonia mydas,random_forest
918:2848,1.85,104.85,0.22596054658800022,green_sea_turtle,Chelonia mydas,random_forest
918:2849,1.85,104.95,0.1988226333991771,green_sea_turtle,Chelonia mydas,random_forest
918:2897,1.85,109.75,0.008882039306282626,green_sea_turtle,Chelonia mydas,random_forest
918:2898,1.85,109.85,0.008882039306282626,green_sea_turtle,Chelonia mydas,random_forest
918:2899,1.85,109.95,0.008882039306282626,green_sea_turtle,Chelonia mydas,random_forest
918:2900,1.85,110.05,0.007395123179146477,green_sea_turtle,Chelonia mydas,random_forest
918:2901,1.85,110.15,0.007395123179146477,green_sea_turtle,Chelonia mydas,random_forest
918:2902,1.85,110.25,0.007395123179146477,green_sea_turtle,Chelonia mydas,random_forest
918:2903,1.85,110.35,0.007395123179146477,green_sea_turtle,Chelonia mydas,random_forest
918:2904,1.85,110.45,0.007395123179146477,green_sea_turtle,Chelonia mydas,random_forest
918:2905,1.85,110.55,0.007395123179146477,green_sea_turtle,Chelonia mydas,random_forest
918:2906,1.85,110.65,0.007395123179146477,green_sea_turtle,Chelonia mydas,random_forest
918:2907,1.85,110.75,0.007395123179146477,green_sea_turtle,Chelonia mydas,random_forest
918:2908,1.85,110.85,0.007395123179146477,green_sea_turtle,Chelonia mydas,random_forest
918:2909,1.85,110.95,0.007395123179146477,green_sea_turtle,Chelonia mydas,random_forest
918:2910,1.85,111.05,0.007395123179146477,green_sea_turtle,Chelonia mydas,random_forest
919:2822,1.95,102.25,0.13524245062601156,green_sea_turtle,Chelonia mydas,random_forest
919:2823,1.95,102.35,0.1399318391428776,green_sea_turtle,Chelonia mydas,random_forest
919:2824,1.95,102.45,0.14157244281343728,green_sea_turtle,Chelonia mydas,random_forest
919:2825,1.95,102.55,0.2164816375452856,green_sea_turtle,Chelonia mydas,random_forest
919:2841,1.95,104.15,0.36384994523754144,green_sea_turtle,Chelonia mydas,random_forest
919:2842,1.95,104.25,0.3523082780224846,green_sea_turtle,Chelonia mydas,random_forest
919:2843,1.95,104.35,0.22325616820866917,green_sea_turtle,Chelonia mydas,random_forest
919:2844,1.95,104.45,0.19374297798944184,green_sea_turtle,Chelonia mydas,random_forest
919:2845,1.95,104.55,0.2193159428785178,green_sea_turtle,Chelonia mydas,random_forest
919:2846,1.95,104.65,0.2238969526659358,green_sea_turtle,Chelonia mydas,random_forest
919:2847,1.95,104.75,0.22251807291881445,green_sea_turtle,Chelonia mydas,random_forest
919:2848,1.95,104.85,0.2219013906320291,green_sea_turtle,Chelonia mydas,random_forest
919:2849,1.95,104.95,0.19476347744320596,green_sea_turtle,Chelonia mydas,random_forest
919:2850,1.95,105.05,0.20967897120737505,green_sea_turtle,Chelonia mydas,random_forest
919:2896,1.95,109.65,0.004822883350311493,green_sea_turtle,Chelonia mydas,random_forest
919:2897,1.95,109.75,0.004822883350311493,green_sea_turtle,Chelonia mydas,random_forest
919:2898,1.95,109.85,0.004822883350311493,green_sea_turtle,Chelonia mydas,random_forest
919:2899,1.95,109.95,0.004822883350311493,green_sea_turtle,Chelonia mydas,random_forest
919:2900,1.95,110.05,0.003335967223175348,green_sea_turtle,Chelonia mydas,random_forest
919:2901,1.95,110.15,0.003335967223175348,green_sea_turtle,Chelonia mydas,random_forest
919:2902,1.95,110.25,0.003335967223175348,green_sea_turtle,Chelonia mydas,random_forest
919:2903,1.95,110.35,0.003335967223175348,green_sea_turtle,Chelonia mydas,random_forest
919:2904,1.95,110.45,0.003335967223175348,green_sea_turtle,Chelonia mydas,random_forest
919:2905,1.95,110.55,0.003335967223175348,green_sea_turtle,Chelonia mydas,random_forest
919:2906,1.95,110.65,0.003335967223175348,green_sea_turtle,Chelonia mydas,random_forest
919:2907,1.95,110.75,0.003335967223175348,green_sea_turtle,Chelonia mydas,random_forest
919:2908,1.95,110.85,0.003335967223175348,green_sea_turtle,Chelonia mydas,random_forest
919:2909,1.95,110.95,0.003335967223175348,green_sea_turtle,Chelonia mydas,random_forest
919:2910,1.95,111.05,0.003335967223175348,green_sea_turtle,Chelonia mydas,random_forest
919:2911,1.95,111.15,0.003335967223175348,green_sea_turtle,Chelonia mydas,random_forest
920:2821,2.05,102.15,0.13124479579159568,green_sea_turtle,Chelonia mydas,random_forest
920:2822,2.05,102.25,0.132994664420077,green_sea_turtle,Chelonia mydas,random_forest
920:2823,2.05,102.35,0.13768405293694302,green_sea_turtle,Chelonia mydas,random_forest
920:2824,2.05,102.45,0.1393246566075027,green_sea_turtle,Chelonia mydas,random_forest
920:2825,2.05,102.55,0.21403620916884508,green_sea_turtle,Chelonia mydas,random_forest
920:2841,2.05,104.15,0.3614045168611009,green_sea_turtle,Chelonia mydas,random_forest
920:2842,2.05,104.25,0.34986284964604414,green_sea_turtle,Chelonia mydas,random_forest
920:2843,2.05,104.35,0.22081073983222868,green_sea_turtle,Chelonia mydas,random_forest
920:2844,2.05,104.45,0.19129754961300133,green_sea_turtle,Chelonia mydas,random_forest
920:2845,2.05,104.55,0.21687051450207734,green_sea_turtle,Chelonia mydas,random_forest
920:2846,2.05,104.65,0.22145152428949533,green_sea_turtle,Chelonia mydas,random_forest
920:2847,2.05,104.75,0.220072644542374,green_sea_turtle,Chelonia mydas,random_forest
920:2848,2.05,104.85,0.21945596225558858,green_sea_turtle,Chelonia mydas,random_forest
920:2849,2.05,104.95,0.1923180490667655,green_sea_turtle,Chelonia mydas,random_forest
920:2850,2.05,105.05,0.20723354283093454,green_sea_turtle,Chelonia mydas,random_forest
920:2896,2.05,109.65,0.004822883350311493,green_sea_turtle,Chelonia mydas,random_forest
920:2897,2.05,109.75,0.004822883350311493,green_sea_turtle,Chelonia mydas,random_forest
920:2898,2.05,109.85,0.004822883350311493,green_sea_turtle,Chelonia mydas,random_forest
920:2899,2.05,109.95,0.004822883350311493,green_sea_turtle,Chelonia mydas,random_forest
920:2900,2.05,110.05,0.003335967223175348,green_sea_turtle,Chelonia mydas,random_forest
920:2901,2.05,110.15,0.003335967223175348,green_sea_turtle,Chelonia mydas,random_forest
920:2902,2.05,110.25,0.003335967223175348,green_sea_turtle,Chelonia mydas,random_forest
920:2903,2.05,110.35,0.003335967223175348,green_sea_turtle,Chelonia mydas,random_forest
920:2904,2.05,110.45,0.003335967223175348,green_sea_turtle,Chelonia mydas,random_forest
920:2905,2.05,110.55,0.003335967223175348,green_sea_turtle,Chelonia mydas,random_forest
920:2906,2.05,110.65,0.003335967223175348,green_sea_turtle,Chelonia mydas,random_forest
920:2907,2.05,110.75,0.003335967223175348,green_sea_turtle,Chelonia mydas,random_forest
920:2908,2.05,110.85,0.003335967223175348,green_sea_turtle,Chelonia mydas,random_forest
920:2909,2.05,110.95,0.003335967223175348,green_sea_turtle,Chelonia mydas,random_forest
920:2910,2.05,111.05,0.003335967223175348,green_sea_turtle,Chelonia mydas,random_forest
920:2911,2.05,111.15,0.003335967223175348,green_sea_turtle,Chelonia mydas,random_forest
921:2819,2.15,101.95,0.16592009966639945,green_sea_turtle,Chelonia mydas,random_forest
921:2820,2.15,102.05,0.1678186981824753,green_sea_turtle,Chelonia mydas,random_forest
921:2821,2.15,102.15,0.1678186981824753,green_sea_turtle,Chelonia mydas,random_forest
921:2822,2.15,102.25,0.17217858470004427,green_sea_turtle,Chelonia mydas,random_forest
921:2840,2.15,104.05,0.5411275314942264,green_sea_turtle,Chelonia mydas,random_forest
921:2841,2.15,104.15,0.4091023252656528,green_sea_turtle,Chelonia mydas,random_forest
921:2842,2.15,104.25,0.3751171355220347,green_sea_turtle,Chelonia mydas,random_forest
921:2843,2.15,104.35,0.24172023405135007,green_sea_turtle,Chelonia mydas,random_forest
921:2844,2.15,104.45,0.21088654712494664,green_sea_turtle,Chelonia mydas,random_forest
921:2845,2.15,104.55,0.23690251711769755,green_sea_turtle,Chelonia mydas,random_forest
921:2846,2.15,104.65,0.24126054422236737,green_sea_turtle,Chelonia mydas,random_forest
921:2847,2.15,104.75,0.239011105976727,green_sea_turtle,Chelonia mydas,random_forest
921:2848,2.15,104.85,0.23839442368994165,green_sea_turtle,Chelonia mydas,random_forest
921:2849,2.15,104.95,0.2124828887415947,green_sea_turtle,Chelonia mydas,random_forest
921:2850,2.15,105.05,0.22826158042813657,green_sea_turtle,Chelonia mydas,random_forest
921:2897,2.15,109.75,0.010893382739551542,green_sea_turtle,Chelonia mydas,random_forest
921:2898,2.15,109.85,0.010893382739551542,green_sea_turtle,Chelonia mydas,random_forest
921:2899,2.15,109.95,0.010893382739551542,green_sea_turtle,Chelonia mydas,random_forest
921:2900,2.15,110.05,0.009406466612415395,green_sea_turtle,Chelonia mydas,random_forest
921:2901,2.15,110.15,0.009406466612415395,green_sea_turtle,Chelonia mydas,random_forest
921:2902,2.15,110.25,0.009406466612415395,green_sea_turtle,Chelonia mydas,random_forest
921:2903,2.15,110.35,0.009406466612415395,green_sea_turtle,Chelonia mydas,random_forest
921:2904,2.15,110.45,0.009406466612415395,green_sea_turtle,Chelonia mydas,random_forest
921:2905,2.15,110.55,0.009406466612415395,green_sea_turtle,Chelonia mydas,random_forest
921:2906,2.15,110.65,0.009406466612415395,green_sea_turtle,Chelonia mydas,random_forest
921:2907,2.15,110.75,0.009406466612415395,green_sea_turtle,Chelonia mydas,random_forest
921:2908,2.15,110.85,0.009406466612415395,green_sea_turtle,Chelonia mydas,random_forest
921:2909,2.15,110.95,0.009406466612415395,green_sea_turtle,Chelonia mydas,random_forest
921:2910,2.15,111.05,0.009406466612415395,green_sea_turtle,Chelonia mydas,random_forest
921:2911,2.15,111.15,0.009406466612415395,green_sea_turtle,Chelonia mydas,random_forest
921:2912,2.15,111.25,0.009406466612415395,green_sea_turtle,Chelonia mydas,random_forest
921:2913,2.15,111.35,0.009406466612415395,green_sea_turtle,Chelonia mydas,random_forest
921:2920,2.15,112.05,0.028165952691763977,green_sea_turtle,Chelonia mydas,random_forest
922:2818,2.25,101.85,0.1615359339688447,green_sea_turtle,Chelonia mydas,random_forest
922:2819,2.25,101.95,0.16667323421270458,green_sea_turtle,Chelonia mydas,random_forest
922:2820,2.25,102.05,0.16857183272878043,green_sea_turtle,Chelonia mydas,random_forest
922:2840,2.25,104.05,0.5365874959453064,green_sea_turtle,Chelonia mydas,random_forest
922:2841,2.25,104.15,0.40456228971673264,green_sea_turtle,Chelonia mydas,random_forest
922:2842,2.25,104.25,0.3698541562501708,green_sea_turtle,Chelonia mydas,random_forest
922:2843,2.25,104.35,0.2364572547794863,green_sea_turtle,Chelonia mydas,random_forest
922:2844,2.25,104.45,0.20562356785308278,green_sea_turtle,Chelonia mydas,random_forest
922:2845,2.25,104.55,0.23163953784583374,green_sea_turtle,Chelonia mydas,random_forest
922:2846,2.25,104.65,0.23599756495050356,green_sea_turtle,Chelonia mydas,random_forest
922:2847,2.25,104.75,0.23374812670486322,green_sea_turtle,Chelonia mydas,random_forest
922:2848,2.25,104.85,0.23313144441807782,green_sea_turtle,Chelonia mydas,random_forest
922:2849,2.25,104.95,0.20678989961898836,green_sea_turtle,Chelonia mydas,random_forest
922:2897,2.25,109.75,0.008608704733830214,green_sea_turtle,Chelonia mydas,random_forest
922:2898,2.25,109.85,0.008608704733830214,green_sea_turtle,Chelonia mydas,random_forest
922:2899,2.25,109.95,0.008608704733830214,green_sea_turtle,Chelonia mydas,random_forest
922:2900,2.25,110.05,0.0071217886066940695,green_sea_turtle,Chelonia mydas,random_forest
922:2901,2.25,110.15,0.0071217886066940695,green_sea_turtle,Chelonia mydas,random_forest
922:2902,2.25,110.25,0.0071217886066940695,green_sea_turtle,Chelonia mydas,random_forest
922:2903,2.25,110.35,0.0071217886066940695,green_sea_turtle,Chelonia mydas,random_forest
922:2904,2.25,110.45,0.0071217886066940695,green_sea_turtle,Chelonia mydas,random_forest
922:2905,2.25,110.55,0.0071217886066940695,green_sea_turtle,Chelonia mydas,random_forest
922:2906,2.25,110.65,0.0071217886066940695,green_sea_turtle,Chelonia mydas,random_forest
922:2907,2.25,110.75,0.0071217886066940695,green_sea_turtle,Chelonia mydas,random_forest
922:2908,2.25,110.85,0.0071217886066940695,green_sea_turtle,Chelonia mydas,random_forest
922:2909,2.25,110.95,0.0071217886066940695,green_sea_turtle,Chelonia mydas,random_forest
922:2910,2.25,111.05,0.0071217886066940695,green_sea_turtle,Chelonia mydas,random_forest
922:2911,2.25,111.15,0.0071217886066940695,green_sea_turtle,Chelonia mydas,random_forest
923:2817,2.35,101.75,0.17550634002588253,green_sea_turtle,Chelonia mydas,random_forest
923:2818,2.35,101.85,0.17604714002588254,green_sea_turtle,Chelonia mydas,random_forest
923:2819,2.35,101.95,0.18301977909178171,green_sea_turtle,Chelonia mydas,random_forest
923:2839,2.35,103.95,0.7598611643404731,green_sea_turtle,Chelonia mydas,random_forest
923:2840,2.35,104.05,0.5791825257917883,green_sea_turtle,Chelonia mydas,random_forest
923:2841,2.35,104.15,0.4404502776888438,green_sea_turtle,Chelonia mydas,random_forest
923:2842,2.35,104.25,0.40253237839684824,green_sea_turtle,Chelonia mydas,random_forest
923:2843,2.35,104.35,0.27186987925271267,green_sea_turtle,Chelonia mydas,random_forest
923:2844,2.35,104.45,0.23719402813942936,green_sea_turtle,Chelonia mydas,random_forest
923:2845,2.35,104.55,0.26789090793930836,green_sea_turtle,Chelonia mydas,random_forest
923:2846,2.35,104.65,0.2750631952359491,green_sea_turtle,Chelonia mydas,random_forest
923:2847,2.35,104.75,0.2776991922113276,green_sea_turtle,Chelonia mydas,random_forest
923:2848,2.35,104.85,0.2776991922113276,green_sea_turtle,Chelonia mydas,random_forest
923:2849,2.35,104.95,0.24470866530313817,green_sea_turtle,Chelonia mydas,random_forest
923:2897,2.35,109.75,0.01598957262516682,green_sea_turtle,Chelonia mydas,random_forest
923:2898,2.35,109.85,0.01598957262516682,green_sea_turtle,Chelonia mydas,random_forest
923:2899,2.35,109.95,0.01598957262516682,green_sea_turtle,Chelonia mydas,random_forest
923:2900,2.35,110.05,0.014502656498030677,green_sea_turtle,Chelonia mydas,random_forest
923:2901,2.35,110.15,0.014502656498030677,green_sea_turtle,Chelonia mydas,random_forest
923:2902,2.35,110.25,0.014502656498030677,green_sea_turtle,Chelonia mydas,random_forest
923:2903,2.35,110.35,0.014502656498030677,green_sea_turtle,Chelonia mydas,random_forest
923:2904,2.35,110.45,0.014502656498030677,green_sea_turtle,Chelonia mydas,random_forest
923:2905,2.35,110.55,0.014502656498030677,green_sea_turtle,Chelonia mydas,random_forest
923:2906,2.35,110.65,0.014502656498030677,green_sea_turtle,Chelonia mydas,random_forest
923:2907,2.35,110.75,0.014502656498030677,green_sea_turtle,Chelonia mydas,random_forest
923:2908,2.35,110.85,0.014502656498030677,green_sea_turtle,Chelonia mydas,random_forest
923:2909,2.35,110.95,0.014502656498030677,green_sea_turtle,Chelonia mydas,random_forest
923:2910,2.35,111.05,0.014502656498030677,green_sea_turtle,Chelonia mydas,random_forest
923:2911,2.35,111.15,0.014502656498030677,green_sea_turtle,Chelonia mydas,random_forest
923:2912,2.35,111.25,0.014502656498030677,green_sea_turtle,Chelonia mydas,random_forest
923:2913,2.35,111.35,0.014502656498030677,green_sea_turtle,Chelonia mydas,random_forest
924:2815,2.45,101.55,0.18776897736217651,green_sea_turtle,Chelonia mydas,random_forest
924:2816,2.45,101.65,0.18776897736217651,green_sea_turtle,Chelonia mydas,random_forest
924:2817,2.45,101.75,0.18820061275091646,green_sea_turtle,Chelonia mydas,random_forest
924:2818,2.45,101.85,0.18937744216268118,green_sea_turtle,Chelonia mydas,random_forest
924:2838,2.45,103.85,0.8170748176359076,green_sea_turtle,Chelonia mydas,random_forest
924:2839,2.45,103.95,0.8371117021943723,green_sea_turtle,Chelonia mydas,random_forest
924:2840,2.45,104.05,0.6151311868199474,green_sea_turtle,Chelonia mydas,random_forest
924:2841,2.45,104.15,0.46397440178733346,green_sea_turtle,Chelonia mydas,random_forest
924:2842,2.45,104.25,0.4263875655239707,green_sea_turtle,Chelonia mydas,random_forest
924:2843,2.45,104.35,0.3023561627113765,green_sea_turtle,Chelonia mydas,random_forest
924:2844,2.45,104.45,0.27054313232037647,green_sea_turtle,Chelonia mydas,random_forest
924:2845,2.45,104.55,0.31213370399492935,green_sea_turtle,Chelonia mydas,random_forest
924:2846,2.45,104.65,0.31856625968442187,green_sea_turtle,Chelonia mydas,random_forest
924:2847,2.45,104.75,0.3249800067626039,green_sea_turtle,Chelonia mydas,random_forest
924:2848,2.45,104.85,0.3249800067626039,green_sea_turtle,Chelonia mydas,random_forest
924:2849,2.45,104.95,0.2908562974132799,green_sea_turtle,Chelonia mydas,random_forest
924:2898,2.45,109.85,0.020448214160092477,green_sea_turtle,Chelonia mydas,random_forest
924:2899,2.45,109.95,0.020448214160092477,green_sea_turtle,Chelonia mydas,random_forest
924:2900,2.45,110.05,0.018961298032956334,green_sea_turtle,Chelonia mydas,random_forest
924:2901,2.45,110.15,0.018961298032956334,green_sea_turtle,Chelonia mydas,random_forest
924:2902,2.45,110.25,0.018961298032956334,green_sea_turtle,Chelonia mydas,random_forest
924:2903,2.45,110.35,0.018961298032956334,green_sea_turtle,Chelonia mydas,random_forest
924:2904,2.45,110.45,0.018961298032956334,green_sea_turtle,Chelonia mydas,random_forest
924:2905,2.45,110.55,0.018961298032956334,green_sea_turtle,Chelonia mydas,random_forest
924:2906,2.45,110.65,0.018961298032956334,green_sea_turtle,Chelonia mydas,random_forest
924:2907,2.45,110.75,0.018961298032956334,green_sea_turtle,Chelonia mydas,random_forest
924:2908,2.45,110.85,0.018961298032956334,green_sea_turtle,Chelonia mydas,random_forest
924:2909,2.45,110.95,0.018961298032956334,green_sea_turtle,Chelonia mydas,random_forest
924:2910,2.45,111.05,0.018961298032956334,green_sea_turtle,Chelonia mydas,random_forest
924:2911,2.45,111.15,0.018961298032956334,green_sea_turtle,Chelonia mydas,random_forest
924:2912,2.45,111.25,0.018961298032956334,green_sea_turtle,Chelonia mydas,random_forest
925:2814,2.55,101.45,0.17850048010685318,green_sea_turtle,Chelonia mydas,random_forest
925:2815,2.55,101.55,0.17850048010685318,green_sea_turtle,Chelonia mydas,random_forest
925:2816,2.55,101.65,0.17850048010685318,green_sea_turtle,Chelonia mydas,random_forest
925:2817,2.55,101.75,0.17893211549559312,green_sea_turtle,Chelonia mydas,random_forest
925:2838,2.55,103.85,0.8015442318190342,green_sea_turtle,Chelonia mydas,random_forest
925:2839,2.55,103.95,0.819858194463141,green_sea_turtle,Chelonia mydas,random_forest
925:2840,2.55,104.05,0.5926458773023393,green_sea_turtle,Chelonia mydas,random_forest
925:2841,2.55,104.15,0.4421378765034199,green_sea_turtle,Chelonia mydas,random_forest
925:2842,2.55,104.25,0.4059066539779285,green_sea_turtle,Chelonia mydas,random_forest
925:2843,2.55,104.35,0.2858103915662235,green_sea_turtle,Chelonia mydas,random_forest
925:2844,2.55,104.45,0.2546503956151501,green_sea_turtle,Chelonia mydas,random_forest
925:2845,2.55,104.55,0.2967301845083032,green_sea_turtle,Chelonia mydas,random_forest
925:2846,2.55,104.65,0.3031627401977956,green_sea_turtle,Chelonia mydas,random_forest
925:2847,2.55,104.75,0.3119282094300347,green_sea_turtle,Chelonia mydas,random_forest
925:2848,2.55,104.85,0.3119282094300347,green_sea_turtle,Chelonia mydas,random_forest
925:2849,2.55,104.95,0.27780450008071056,green_sea_turtle,Chelonia mydas,random_forest
925:2898,2.55,109.85,0.01542753339815715,green_sea_turtle,Chelonia mydas,random_forest
925:2899,2.55,109.95,0.01542753339815715,green_sea_turtle,Chelonia mydas,random_forest
925:2900,2.55,110.05,0.013940617271021007,green_sea_turtle,Chelonia mydas,random_forest
925:2901,2.55,110.15,0.013940617271021007,green_sea_turtle,Chelonia mydas,random_forest
925:2902,2.55,110.25,0.013940617271021007,green_sea_turtle,Chelonia mydas,random_forest
925:2903,2.55,110.35,0.013940617271021007,green_sea_turtle,Chelonia mydas,random_forest
925:2904,2.55,110.45,0.013940617271021007,green_sea_turtle,Chelonia mydas,random_forest
925:2905,2.55,110.55,0.013940617271021007,green_sea_turtle,Chelonia mydas,random_forest
925:2906,2.55,110.65,0.013940617271021007,green_sea_turtle,Chelonia mydas,random_forest
925:2907,2.55,110.75,0.013940617271021007,green_sea_turtle,Chelonia mydas,random_forest
925:2908,2.55,110.85,0.013940617271021007,green_sea_turtle,Chelonia mydas,random_forest
925:2909,2.55,110.95,0.013940617271021007,green_sea_turtle,Chelonia mydas,random_forest
925:2910,2.55,111.05,0.013940617271021007,green_sea_turtle,Chelonia mydas,random_forest
925:2911,2.55,111.15,0.013940617271021007,green_sea_turtle,Chelonia mydas,random_forest
925:2912,2.55,111.25,0.013940617271021007,green_sea_turtle,Chelonia mydas,random_forest
926:2813,2.65,101.35,0.15962871191496908,green_sea_turtle,Chelonia mydas,random_forest
926:2814,2.65,101.45,0.15962871191496908,green_sea_turtle,Chelonia mydas,random_forest
926:2815,2.65,101.55,0.15962871191496908,green_sea_turtle,Chelonia mydas,random_forest
926:2837,2.65,103.75,0.7545157511083523,green_sea_turtle,Chelonia mydas,random_forest
926:2838,2.65,103.85,0.7668275738597066,green_sea_turtle,Chelonia mydas,random_forest
926:2839,2.65,103.95,0.7851415365038135,green_sea_turtle,Chelonia mydas,random_forest
926:2840,2.65,104.05,0.5581714998588586,green_sea_turtle,Chelonia mydas,random_forest
926:2841,2.65,104.15,0.41065652630121957,green_sea_turtle,Chelonia mydas,random_forest
926:2842,2.65,104.25,0.378160642393577,green_sea_turtle,Chelonia mydas,random_forest
926:2843,2.65,104.35,0.2653509731128187,green_sea_turtle,Chelonia mydas,random_forest
926:2844,2.65,104.45,0.2329450166590523,green_sea_turtle,Chelonia mydas,random_forest
926:2845,2.65,104.55,0.27495860346161305,green_sea_turtle,Chelonia mydas,random_forest
926:2846,2.65,104.65,0.2810989575268397,green_sea_turtle,Chelonia mydas,random_forest
926:2847,2.65,104.75,0.29022066380137435,green_sea_turtle,Chelonia mydas,random_forest
926:2848,2.65,104.85,0.29022066380137435,green_sea_turtle,Chelonia mydas,random_forest
926:2898,2.65,109.85,0.012085814784804626,green_sea_turtle,Chelonia mydas,random_forest
926:2899,2.65,109.95,0.012085814784804626,green_sea_turtle,Chelonia mydas,random_forest
926:2900,2.65,110.05,0.010027715124220798,green_sea_turtle,Chelonia mydas,random_forest
926:2901,2.65,110.15,0.010027715124220798,green_sea_turtle,Chelonia mydas,random_forest
926:2902,2.65,110.25,0.010027715124220798,green_sea_turtle,Chelonia mydas,random_forest
926:2903,2.65,110.35,0.010027715124220798,green_sea_turtle,Chelonia mydas,random_forest
926:2904,2.65,110.45,0.010027715124220798,green_sea_turtle,Chelonia mydas,random_forest
926:2905,2.65,110.55,0.010027715124220798,green_sea_turtle,Chelonia mydas,random_forest
926:2906,2.65,110.65,0.010027715124220798,green_sea_turtle,Chelonia mydas,random_forest
926:2907,2.65,110.75,0.010027715124220798,green_sea_turtle,Chelonia mydas,random_forest
926:2908,2.65,110.85,0.010027715124220798,green_sea_turtle,Chelonia mydas,random_forest
926:2909,2.65,110.95,0.010027715124220798,green_sea_turtle,Chelonia mydas,random_forest
926:2910,2.65,111.05,0.010027715124220798,green_sea_turtle,Chelonia mydas,random_forest
926:2911,2.65,111.15,0.010027715124220798,green_sea_turtle,Chelonia mydas,random_forest
926:2912,2.65,111.25,0.010027715124220798,green_sea_turtle,Chelonia mydas,random_forest
927:2811,2.75,101.15,0.11826202129743224,green_sea_turtle,Chelonia mydas,random_forest
927:2812,2.75,101.25,0.11826202129743224,green_sea_turtle,Chelonia mydas,random_forest
927:2813,2.75,101.35,0.11826202129743224,green_sea_turtle,Chelonia mydas,random_forest
927:2835,2.75,103.55,0.7985334860356955,green_sea_turtle,Chelonia mydas,random_forest
927:2836,2.75,103.65,0.7259251704937552,green_sea_turtle,Chelonia mydas,random_forest
927:2837,2.75,103.75,0.6880888526662214,green_sea_turtle,Chelonia mydas,random_forest
927:2838,2.75,103.85,0.6997728824581373,green_sea_turtle,Chelonia mydas,random_forest
927:2839,2.75,103.95,0.7184201900563562,green_sea_turtle,Chelonia mydas,random_forest
927:2840,2.75,104.05,0.4968087088725621,green_sea_turtle,Chelonia mydas,random_forest
927:2842,2.75,104.25,0.33491311110891486,green_sea_turtle,Chelonia mydas,random_forest
927:2843,2.75,104.35,0.2407196657663692,green_sea_turtle,Chelonia mydas,random_forest
927:2844,2.75,104.45,0.21052116488766748,green_sea_turtle,Chelonia mydas,random_forest
927:2845,2.75,104.55,0.25253475169022827,green_sea_turtle,Chelonia mydas,random_forest
927:2846,2.75,104.65,0.2591421914984772,green_sea_turtle,Chelonia mydas,random_forest
927:2847,2.75,104.75,0.2704676704484219,green_sea_turtle,Chelonia mydas,random_forest
927:2848,2.75,104.85,0.2704676704484219,green_sea_turtle,Chelonia mydas,random_forest
927:2898,2.75,109.85,0.0020580996605838297,green_sea_turtle,Chelonia mydas,random_forest
927:2899,2.75,109.95,0.0020580996605838297,green_sea_turtle,Chelonia mydas,random_forest
927:2900,2.75,110.05,0.0,green_sea_turtle,Chelonia mydas,random_forest
927:2901,2.75,110.15,0.0,green_sea_turtle,Chelonia mydas,random_forest
927:2902,2.75,110.25,0.0,green_sea_turtle,Chelonia mydas,random_forest
927:2903,2.75,110.35,0.0,green_sea_turtle,Chelonia mydas,random_forest
927:2904,2.75,110.45,0.0,green_sea_turtle,Chelonia mydas,random_forest
927:2905,2.75,110.55,0.0,green_sea_turtle,Chelonia mydas,random_forest
927:2906,2.75,110.65,0.0,green_sea_turtle,Chelonia mydas,random_forest
927:2907,2.75,110.75,0.0,green_sea_turtle,Chelonia mydas,random_forest
927:2908,2.75,110.85,0.0,green_sea_turtle,Chelonia mydas,random_forest
927:2909,2.75,110.95,0.0,green_sea_turtle,Chelonia mydas,random_forest
927:2910,2.75,111.05,0.0,green_sea_turtle,Chelonia mydas,random_forest
927:2911,2.75,111.15,0.0,green_sea_turtle,Chelonia mydas,random_forest
927:2912,2.75,111.25,0.0,green_sea_turtle,Chelonia mydas,random_forest
927:2914,2.75,111.45,0.0,green_sea_turtle,Chelonia mydas,random_forest
928:2810,2.85,101.05,0.11192783397045548,green_sea_turtle,Chelonia mydas,random_forest
928:2811,2.85,101.15,0.11192783397045548,green_sea_turtle,Chelonia mydas,random_forest
928:2812,2.85,101.25,0.11192783397045548,green_sea_turtle,Chelonia mydas,random_forest
928:2835,2.85,103.55,0.7905377297039664,green_sea_turtle,Chelonia mydas,random_forest
928:2836,2.85,103.65,0.7186281592787578,green_sea_turtle,Chelonia mydas,random_forest
928:2837,2.85,103.75,0.6767127052148154,green_sea_turtle,Chelonia mydas,random_forest
928:2838,2.85,103.85,0.6846738130923734,green_sea_turtle,Chelonia mydas,random_forest
928:2839,2.85,103.95,0.7022305093368807,green_sea_turtle,Chelonia mydas,random_forest
928:2840,2.85,104.05,0.48061902815308655,green_sea_turtle,Chelonia mydas,random_forest
928:2841,2.85,104.15,0.34511304901500856,green_sea_turtle,Chelonia mydas,random_forest
928:2842,2.85,104.25,0.32415033954024863,green_sea_turtle,Chelonia mydas,random_forest
928:2843,2.85,104.35,0.23129571208719316,green_sea_turtle,Chelonia mydas,random_forest
928:2844,2.85,104.45,0.20109721120849147,green_sea_turtle,Chelonia mydas,random_forest
928:2845,2.85,104.55,0.24311079801105218,green_sea_turtle,Chelonia mydas,random_forest
928:2846,2.85,104.65,0.2497182378193012,green_sea_turtle,Chelonia mydas,random_forest
928:2847,2.85,104.75,0.26104371676924587,green_sea_turtle,Chelonia mydas,random_forest
928:2848,2.85,104.85,0.26104371676924587,green_sea_turtle,Chelonia mydas,random_forest
928:2899,2.85,109.95,0.0020580996605838297,green_sea_turtle,Chelonia mydas,random_forest
928:2900,2.85,110.05,0.0,green_sea_turtle,Chelonia mydas,random_forest
928:2901,2.85,110.15,0.0,green_sea_turtle,Chelonia mydas,random_forest
928:2902,2.85,110.25,0.0,green_sea_turtle,Chelonia mydas,random_forest
928:2903,2.85,110.35,0.0,green_sea_turtle,Chelonia mydas,random_forest
928:2904,2.85,110.45,0.0,green_sea_turtle,Chelonia mydas,random_forest
928:2905,2.85,110.55,0.0,green_sea_turtle,Chelonia mydas,random_forest
928:2906,2.85,110.65,0.0,green_sea_turtle,Chelonia mydas,random_forest
928:2907,2.85,110.75,0.0,green_sea_turtle,Chelonia mydas,random_forest
928:2908,2.85,110.85,0.0,green_sea_turtle,Chelonia mydas,random_forest
928:2909,2.85,110.95,0.0,green_sea_turtle,Chelonia mydas,random_forest
928:2910,2.85,111.05,0.0,green_sea_turtle,Chelonia mydas,random_forest
928:2911,2.85,111.15,0.0,green_sea_turtle,Chelonia mydas,random_forest
928:2912,2.85,111.25,0.0,green_sea_turtle,Chelonia mydas,random_forest
928:2913,2.85,111.35,0.0,green_sea_turtle,Chelonia mydas,random_forest
928:2914,2.85,111.45,0.0,green_sea_turtle,Chelonia mydas,random_forest
928:2915,2.85,111.55,0.02566724896830609,green_sea_turtle,Chelonia mydas,random_forest
928:2916,2.85,111.65,0.027478737017373148,green_sea_turtle,Chelonia mydas,random_forest
929:2809,2.95,100.95,0.10904614079176199,green_sea_turtle,Chelonia mydas,random_forest
929:2810,2.95,101.05,0.10904614079176199,green_sea_turtle,Chelonia mydas,random_forest
929:2811,2.95,101.15,0.10904614079176199,green_sea_turtle,Chelonia mydas,random_forest
929:2834,2.95,103.45,0.8132366557116102,green_sea_turtle,Chelonia mydas,random_forest
929:2835,2.95,103.55,0.7900997560029567,green_sea_turtle,Chelonia mydas,random_forest
929:2836,2.95,103.65,0.7139009914137339,green_sea_turtle,Chelonia mydas,random_forest
929:2837,2.95,103.75,0.6719855373497915,green_sea_turtle,Chelonia mydas,random_forest
929:2838,2.95,103.85,0.6799466452273497,green_sea_turtle,Chelonia mydas,random_forest
929:2839,2.95,103.95,0.6979708486642752,green_sea_turtle,Chelonia mydas,random_forest
929:2840,2.95,104.05,0.4760226991479938,green_sea_turtle,Chelonia mydas,random_forest
929:2841,2.95,104.15,0.3424985347097239,green_sea_turtle,Chelonia mydas,random_forest
929:2842,2.95,104.25,0.32153582523496393,green_sea_turtle,Chelonia mydas,random_forest
929:2843,2.95,104.35,0.23037892832472953,green_sea_turtle,Chelonia mydas,random_forest
929:2844,2.95,104.45,0.20018042744602788,green_sea_turtle,Chelonia mydas,random_forest
929:2845,2.95,104.55,0.2421940142485886,green_sea_turtle,Chelonia mydas,random_forest
929:2846,2.95,104.65,0.2488014540568376,green_sea_turtle,Chelonia mydas,random_forest
929:2847,2.95,104.75,0.2601269330067823,green_sea_turtle,Chelonia mydas,random_forest
929:2848,2.95,104.85,0.2601269330067823,green_sea_turtle,Chelonia mydas,random_forest
929:2899,2.95,109.95,0.0020580996605838297,green_sea_turtle,Chelonia mydas,random_forest
929:2900,2.95,110.05,0.0,green_sea_turtle,Chelonia mydas,random_forest
929:2901,2.95,110.15,0.0,green_sea_turtle,Chelonia mydas,random_forest
929:2902,2.95,110.25,0.0,green_sea_turtle,Chelonia mydas,random_forest
929:2903,2.95,110.35,0.0,green_sea_turtle,Chelonia mydas,random_forest
929:2904,2.95,110.45,0.0,green_sea_turtle,Chelonia mydas,random_forest
929:2905,2.95,110.55,0.0,green_sea_turtle,Chelonia mydas,random_forest
929:2906,2.95,110.65,0.0,green_sea_turtle,Chelonia mydas,random_forest
929:2907,2.95,110.75,0.0,green_sea_turtle,Chelonia mydas,random_forest
929:2908,2.95,110.85,0.0,green_sea_turtle,Chelonia mydas,random_forest
929:2909,2.95,110.95,0.0,green_sea_turtle,Chelonia mydas,random_forest
929:2910,2.95,111.05,0.0,green_sea_turtle,Chelonia mydas,random_forest
929:2911,2.95,111.15,0.0,green_sea_turtle,Chelonia mydas,random_forest
929:2912,2.95,111.25,0.0,green_sea_turtle,Chelonia mydas,random_forest
929:2913,2.95,111.35,0.0,green_sea_turtle,Chelonia mydas,random_forest
929:2914,2.95,111.45,0.0,green_sea_turtle,Chelonia mydas,random_forest
929:2915,2.95,111.55,0.02566724896830609,green_sea_turtle,Chelonia mydas,random_forest
929:2916,2.95,111.65,0.027478737017373148,green_sea_turtle,Chelonia mydas,random_forest
929:2917,2.95,111.75,0.026298460382037668,green_sea_turtle,Chelonia mydas,random_forest
929:2918,2.95,111.85,0.026232830227703837,green_sea_turtle,Chelonia mydas,random_forest
929:2919,2.95,111.95,0.024870651281860518,green_sea_turtle,Chelonia mydas,random_forest
929:2920,2.95,112.05,0.01935289267275517,green_sea_turtle,Chelonia mydas,random_forest
929:2921,2.95,112.15,0.01245573502480666,green_sea_turtle,Chelonia mydas,random_forest
930:2808,3.05,100.85,0.1079104469715221,green_sea_turtle,Chelonia mydas,random_forest
930:2809,3.05,100.95,0.10835562969577461,green_sea_turtle,Chelonia mydas,random_forest
930:2810,3.05,101.05,0.10835562969577461,green_sea_turtle,Chelonia mydas,random_forest
930:2811,3.05,101.15,0.10835562969577461,green_sea_turtle,Chelonia mydas,random_forest
930:2813,3.05,101.35,0.10835562969577461,green_sea_turtle,Chelonia mydas,random_forest
930:2834,3.05,103.45,0.8329997849815207,green_sea_turtle,Chelonia mydas,random_forest
930:2835,3.05,103.55,0.8086137872338436,green_sea_turtle,Chelonia mydas,random_forest
930:2836,3.05,103.65,0.7302855217448877,green_sea_turtle,Chelonia mydas,random_forest
930:2837,3.05,103.75,0.6862552118320108,green_sea_turtle,Chelonia mydas,random_forest
930:2838,3.05,103.85,0.6882937546748681,green_sea_turtle,Chelonia mydas,random_forest
930:2839,3.05,103.95,0.7063179581117935,green_sea_turtle,Chelonia mydas,random_forest
930:2840,3.05,104.05,0.4800325024680436,green_sea_turtle,Chelonia mydas,random_forest
930:2841,3.05,104.15,0.34840658039795136,green_sea_turtle,Chelonia mydas,random_forest
930:2842,3.05,104.25,0.32914936768821784,green_sea_turtle,Chelonia mydas,random_forest
930:2843,3.05,104.35,0.24846300504372254,green_sea_turtle,Chelonia mydas,random_forest
930:2844,3.05,104.45,0.21606735747230632,green_sea_turtle,Chelonia mydas,random_forest
930:2845,3.05,104.55,0.2569747423454205,green_sea_turtle,Chelonia mydas,random_forest
930:2846,3.05,104.65,0.2636108975054789,green_sea_turtle,Chelonia mydas,random_forest
930:2847,3.05,104.75,0.27491130557957943,green_sea_turtle,Chelonia mydas,random_forest
930:2899,3.05,109.95,0.001878117078384659,green_sea_turtle,Chelonia mydas,random_forest
930:2900,3.05,110.05,0.0003912009512485137,green_sea_turtle,Chelonia mydas,random_forest
930:2901,3.05,110.15,0.0003912009512485137,green_sea_turtle,Chelonia mydas,random_forest
930:2902,3.05,110.25,0.0003912009512485137,green_sea_turtle,Chelonia mydas,random_forest
930:2903,3.05,110.35,0.0003912009512485137,green_sea_turtle,Chelonia mydas,random_forest
930:2904,3.05,110.45,0.0003912009512485137,green_sea_turtle,Chelonia mydas,random_forest
930:2905,3.05,110.55,0.0003912009512485137,green_sea_turtle,Chelonia mydas,random_forest
930:2906,3.05,110.65,0.0003912009512485137,green_sea_turtle,Chelonia mydas,random_forest
930:2907,3.05,110.75,0.0003912009512485137,green_sea_turtle,Chelonia mydas,random_forest
930:2908,3.05,110.85,0.0003912009512485137,green_sea_turtle,Chelonia mydas,random_forest
930:2909,3.05,110.95,0.0003912009512485137,green_sea_turtle,Chelonia mydas,random_forest
930:2910,3.05,111.05,0.0003912009512485137,green_sea_turtle,Chelonia mydas,random_forest
930:2911,3.05,111.15,0.0003912009512485137,green_sea_turtle,Chelonia mydas,random_forest
930:2912,3.05,111.25,0.0003912009512485137,green_sea_turtle,Chelonia mydas,random_forest
930:2913,3.05,111.35,0.0003912009512485137,green_sea_turtle,Chelonia mydas,random_forest
930:2914,3.05,111.45,0.0003912009512485137,green_sea_turtle,Chelonia mydas,random_forest
930:2915,3.05,111.55,0.026058449919554603,green_sea_turtle,Chelonia mydas,random_forest
930:2916,3.05,111.65,0.027869937968621663,green_sea_turtle,Chelonia mydas,random_forest
930:2917,3.05,111.75,0.026689661333286183,green_sea_turtle,Chelonia mydas,random_forest
930:2918,3.05,111.85,0.02662403117895235,green_sea_turtle,Chelonia mydas,random_forest
930:2919,3.05,111.95,0.025261852233109033,green_sea_turtle,Chelonia mydas,random_forest
930:2920,3.05,112.05,0.019744093624003686,green_sea_turtle,Chelonia mydas,random_forest
930:2921,3.05,112.15,0.012846935976055173,green_sea_turtle,Chelonia mydas,random_forest
930:2922,3.05,112.25,0.013959493852474953,green_sea_turtle,Chelonia mydas,random_forest
930:2923,3.05,112.35,0.012330162667946346,green_sea_turtle,Chelonia mydas,random_forest
930:2924,3.05,112.45,0.011353727426610349,green_sea_turtle,Chelonia mydas,random_forest
930:2925,3.05,112.55,0.017276621686084938,green_sea_turtle,Chelonia mydas,random_forest
930:2926,3.05,112.65,0.017276621686084938,green_sea_turtle,Chelonia mydas,random_forest
931:2807,3.15,100.75,0.09388664591029515,green_sea_turtle,Chelonia mydas,random_forest
931:2808,3.15,100.85,0.09388664591029515,green_sea_turtle,Chelonia mydas,random_forest
931:2809,3.15,100.95,0.09433182863454763,green_sea_turtle,Chelonia mydas,random_forest
931:2810,3.15,101.05,0.09433182863454763,green_sea_turtle,Chelonia mydas,random_forest
931:2811,3.15,101.15,0.09433182863454763,green_sea_turtle,Chelonia mydas,random_forest
931:2812,3.15,101.25,0.09433182863454763,green_sea_turtle,Chelonia mydas,random_forest
931:2834,3.15,103.45,0.8230601807733793,green_sea_turtle,Chelonia mydas,random_forest
931:2835,3.15,103.55,0.7978720450467862,green_sea_turtle,Chelonia mydas,random_forest
931:2836,3.15,103.65,0.7167181557211623,green_sea_turtle,Chelonia mydas,random_forest
931:2837,3.15,103.75,0.6696899426879309,green_sea_turtle,Chelonia mydas,random_forest
931:2838,3.15,103.85,0.6705972753397055,green_sea_turtle,Chelonia mydas,random_forest
931:2839,3.15,103.95,0.6890333021384545,green_sea_turtle,Chelonia mydas,random_forest
931:2840,3.15,104.05,0.466014003741603,green_sea_turtle,Chelonia mydas,random_forest
931:2841,3.15,104.15,0.3431556033084041,green_sea_turtle,Chelonia mydas,random_forest
931:2842,3.15,104.25,0.32714985609531655,green_sea_turtle,Chelonia mydas,random_forest
931:2843,3.15,104.35,0.24875644695024549,green_sea_turtle,Chelonia mydas,random_forest
931:2844,3.15,104.45,0.21718642321549742,green_sea_turtle,Chelonia mydas,random_forest
931:2845,3.15,104.55,0.25504476893456796,green_sea_turtle,Chelonia mydas,random_forest
931:2846,3.15,104.65,0.2612344500110588,green_sea_turtle,Chelonia mydas,random_forest
931:2847,3.15,104.75,0.2725348580851593,green_sea_turtle,Chelonia mydas,random_forest
931:2899,3.15,109.95,0.001878117078384659,green_sea_turtle,Chelonia mydas,random_forest
931:2900,3.15,110.05,0.0003912009512485137,green_sea_turtle,Chelonia mydas,random_forest
931:2901,3.15,110.15,0.0003912009512485137,green_sea_turtle,Chelonia mydas,random_forest
931:2902,3.15,110.25,0.0003912009512485137,green_sea_turtle,Chelonia mydas,random_forest
931:2903,3.15,110.35,0.0003912009512485137,green_sea_turtle,Chelonia mydas,random_forest
931:2904,3.15,110.45,0.0003912009512485137,green_sea_turtle,Chelonia mydas,random_forest
931:2905,3.15,110.55,0.0003912009512485137,green_sea_turtle,Chelonia mydas,random_forest
931:2906,3.15,110.65,0.0003912009512485137,green_sea_turtle,Chelonia mydas,random_forest
931:2907,3.15,110.75,0.0003912009512485137,green_sea_turtle,Chelonia mydas,random_forest
931:2908,3.15,110.85,0.0003912009512485137,green_sea_turtle,Chelonia mydas,random_forest
931:2909,3.15,110.95,0.0003912009512485137,green_sea_turtle,Chelonia mydas,random_forest
931:2910,3.15,111.05,0.0003912009512485137,green_sea_turtle,Chelonia mydas,random_forest
931:2911,3.15,111.15,0.0003912009512485137,green_sea_turtle,Chelonia mydas,random_forest
931:2912,3.15,111.25,0.0003912009512485137,green_sea_turtle,Chelonia mydas,random_forest
931:2913,3.15,111.35,0.0003912009512485137,green_sea_turtle,Chelonia mydas,random_forest
931:2914,3.15,111.45,0.0003912009512485137,green_sea_turtle,Chelonia mydas,random_forest
931:2915,3.15,111.55,0.026058449919554603,green_sea_turtle,Chelonia mydas,random_forest
931:2916,3.15,111.65,0.027869937968621663,green_sea_turtle,Chelonia mydas,random_forest
931:2917,3.15,111.75,0.026689661333286183,green_sea_turtle,Chelonia mydas,random_forest
931:2918,3.15,111.85,0.02662403117895235,green_sea_turtle,Chelonia mydas,random_forest
931:2919,3.15,111.95,0.025261852233109033,green_sea_turtle,Chelonia mydas,random_forest
931:2920,3.15,112.05,0.019744093624003686,green_sea_turtle,Chelonia mydas,random_forest
931:2921,3.15,112.15,0.012846935976055173,green_sea_turtle,Chelonia mydas,random_forest
931:2922,3.15,112.25,0.013959493852474953,green_sea_turtle,Chelonia mydas,random_forest
931:2923,3.15,112.35,0.012330162667946346,green_sea_turtle,Chelonia mydas,random_forest
931:2924,3.15,112.45,0.011353727426610349,green_sea_turtle,Chelonia mydas,random_forest
931:2925,3.15,112.55,0.017276621686084938,green_sea_turtle,Chelonia mydas,random_forest
931:2926,3.15,112.65,0.017276621686084938,green_sea_turtle,Chelonia mydas,random_forest
931:2927,3.15,112.75,0.023569811196659716,green_sea_turtle,Chelonia mydas,random_forest
931:2928,3.15,112.85,0.02428484941690355,green_sea_turtle,Chelonia mydas,random_forest
931:2929,3.15,112.95,0.020671679953871536,green_sea_turtle,Chelonia mydas,random_forest
931:2933,3.15,113.35,0.04299189910789336,green_sea_turtle,Chelonia mydas,random_forest
931:2997,3.15,119.75,0.02991344263208117,green_sea_turtle,Chelonia mydas,random_forest
931:2998,3.15,119.85,0.02991344263208117,green_sea_turtle,Chelonia mydas,random_forest
931:2999,3.15,119.95,0.02991344263208117,green_sea_turtle,Chelonia mydas,random_forest
932:2805,3.25,100.55,0.09608010134216004,green_sea_turtle,Chelonia mydas,random_forest
932:2806,3.25,100.65,0.09608010134216004,green_sea_turtle,Chelonia mydas,random_forest
932:2807,3.25,100.75,0.09608010134216004,green_sea_turtle,Chelonia mydas,random_forest
932:2808,3.25,100.85,0.09608010134216004,green_sea_turtle,Chelonia mydas,random_forest
932:2809,3.25,100.95,0.09652528406641253,green_sea_turtle,Chelonia mydas,random_forest
932:2810,3.25,101.05,0.09652528406641253,green_sea_turtle,Chelonia mydas,random_forest
932:2811,3.25,101.15,0.09652528406641253,green_sea_turtle,Chelonia mydas,random_forest
932:2812,3.25,101.25,0.09652528406641253,green_sea_turtle,Chelonia mydas,random_forest
932:2834,3.25,103.45,0.832463325343892,green_sea_turtle,Chelonia mydas,random_forest
932:2835,3.25,103.55,0.8070557651568674,green_sea_turtle,Chelonia mydas,random_forest
932:2836,3.25,103.65,0.723753210416978,green_sea_turtle,Chelonia mydas,random_forest
932:2837,3.25,103.75,0.676724997383747,green_sea_turtle,Chelonia mydas,random_forest
932:2838,3.25,103.85,0.6729470802897833,green_sea_turtle,Chelonia mydas,random_forest
932:2839,3.25,103.95,0.6913831070885323,green_sea_turtle,Chelonia mydas,random_forest
932:2840,3.25,104.05,0.4688822964203349,green_sea_turtle,Chelonia mydas,random_forest
932:2841,3.25,104.15,0.3487794424134695,green_sea_turtle,Chelonia mydas,random_forest
932:2842,3.25,104.25,0.33314288281110127,green_sea_turtle,Chelonia mydas,random_forest
932:2843,3.25,104.35,0.2572855318308636,green_sea_turtle,Chelonia mydas,random_forest
932:2844,3.25,104.45,0.22571550809611557,green_sea_turtle,Chelonia mydas,random_forest
932:2845,3.25,104.55,0.26359711177005335,green_sea_turtle,Chelonia mydas,random_forest
932:2846,3.25,104.65,0.2697867928465443,green_sea_turtle,Chelonia mydas,random_forest
932:2847,3.25,104.75,0.2810872009206449,green_sea_turtle,Chelonia mydas,random_forest
932:2899,3.25,109.95,0.0025874719634170953,green_sea_turtle,Chelonia mydas,random_forest
932:2900,3.25,110.05,0.00110055583628095,green_sea_turtle,Chelonia mydas,random_forest
932:2901,3.25,110.15,0.00110055583628095,green_sea_turtle,Chelonia mydas,random_forest
932:2902,3.25,110.25,0.00110055583628095,green_sea_turtle,Chelonia mydas,random_forest
932:2903,3.25,110.35,0.00110055583628095,green_sea_turtle,Chelonia mydas,random_forest
932:2904,3.25,110.45,0.00110055583628095,green_sea_turtle,Chelonia mydas,random_forest
932:2905,3.25,110.55,0.00110055583628095,green_sea_turtle,Chelonia mydas,random_forest
932:2906,3.25,110.65,0.00110055583628095,green_sea_turtle,Chelonia mydas,random_forest
932:2907,3.25,110.75,0.00110055583628095,green_sea_turtle,Chelonia mydas,random_forest
932:2908,3.25,110.85,0.00110055583628095,green_sea_turtle,Chelonia mydas,random_forest
932:2909,3.25,110.95,0.00110055583628095,green_sea_turtle,Chelonia mydas,random_forest
932:2910,3.25,111.05,0.00110055583628095,green_sea_turtle,Chelonia mydas,random_forest
932:2911,3.25,111.15,0.00110055583628095,green_sea_turtle,Chelonia mydas,random_forest
932:2912,3.25,111.25,0.00110055583628095,green_sea_turtle,Chelonia mydas,random_forest
932:2913,3.25,111.35,0.00110055583628095,green_sea_turtle,Chelonia mydas,random_forest
932:2914,3.25,111.45,0.00110055583628095,green_sea_turtle,Chelonia mydas,random_forest
932:2915,3.25,111.55,0.02676780480458704,green_sea_turtle,Chelonia mydas,random_forest
932:2916,3.25,111.65,0.0285792928536541,green_sea_turtle,Chelonia mydas,random_forest
932:2917,3.25,111.75,0.027399016218318622,green_sea_turtle,Chelonia mydas,random_forest
932:2918,3.25,111.85,0.02733338606398479,green_sea_turtle,Chelonia mydas,random_forest
932:2919,3.25,111.95,0.02597120711814147,green_sea_turtle,Chelonia mydas,random_forest
932:2920,3.25,112.05,0.02045344850903612,green_sea_turtle,Chelonia mydas,random_forest
932:2921,3.25,112.15,0.01355629086108761,green_sea_turtle,Chelonia mydas,random_forest
932:2922,3.25,112.25,0.014668848737507388,green_sea_turtle,Chelonia mydas,random_forest
932:2923,3.25,112.35,0.013039517552978783,green_sea_turtle,Chelonia mydas,random_forest
932:2924,3.25,112.45,0.012063082311642784,green_sea_turtle,Chelonia mydas,random_forest
932:2925,3.25,112.55,0.017985976571117376,green_sea_turtle,Chelonia mydas,random_forest
932:2926,3.25,112.65,0.017985976571117376,green_sea_turtle,Chelonia mydas,random_forest
932:2927,3.25,112.75,0.024279166081692158,green_sea_turtle,Chelonia mydas,random_forest
932:2928,3.25,112.85,0.024994204301935982,green_sea_turtle,Chelonia mydas,random_forest
932:2929,3.25,112.95,0.021381034838903967,green_sea_turtle,Chelonia mydas,random_forest
932:2930,3.25,113.05,0.03258876364675382,green_sea_turtle,Chelonia mydas,random_forest
932:2994,3.25,119.45,0.030622797517113602,green_sea_turtle,Chelonia mydas,random_forest
932:2995,3.25,119.55,0.030622797517113602,green_sea_turtle,Chelonia mydas,random_forest
932:2996,3.25,119.65,0.030622797517113602,green_sea_turtle,Chelonia mydas,random_forest
932:2997,3.25,119.75,0.030622797517113602,green_sea_turtle,Chelonia mydas,random_forest
932:2998,3.25,119.85,0.030622797517113602,green_sea_turtle,Chelonia mydas,random_forest
933:2804,3.35,100.45,0.09608010134216004,green_sea_turtle,Chelonia mydas,random_forest
933:2805,3.35,100.55,0.09608010134216004,green_sea_turtle,Chelonia mydas,random_forest
933:2806,3.35,100.65,0.09608010134216004,green_sea_turtle,Chelonia mydas,random_forest
933:2807,3.35,100.75,0.09608010134216004,green_sea_turtle,Chelonia mydas,random_forest
933:2808,3.35,100.85,0.09608010134216004,green_sea_turtle,Chelonia mydas,random_forest
933:2809,3.35,100.95,0.09652528406641253,green_sea_turtle,Chelonia mydas,random_forest
933:2810,3.35,101.05,0.09652528406641253,green_sea_turtle,Chelonia mydas,random_forest
933:2811,3.35,101.15,0.09652528406641253,green_sea_turtle,Chelonia mydas,random_forest
933:2834,3.35,103.45,0.832433842252951,green_sea_turtle,Chelonia mydas,random_forest
933:2835,3.35,103.55,0.8070262820659264,green_sea_turtle,Chelonia mydas,random_forest
933:2836,3.35,103.65,0.7224410800633899,green_sea_turtle,Chelonia mydas,random_forest
933:2837,3.35,103.75,0.6754128670301589,green_sea_turtle,Chelonia mydas,random_forest
933:2838,3.35,103.85,0.6716349499361952,green_sea_turtle,Chelonia mydas,random_forest
933:2839,3.35,103.95,0.6900709767349442,green_sea_turtle,Chelonia mydas,random_forest
933:2840,3.35,104.05,0.46757016606674673,green_sea_turtle,Chelonia mydas,random_forest
933:2841,3.35,104.15,0.3487794424134695,green_sea_turtle,Chelonia mydas,random_forest
933:2842,3.35,104.25,0.33314288281110127,green_sea_turtle,Chelonia mydas,random_forest
933:2843,3.35,104.35,0.2572855318308636,green_sea_turtle,Chelonia mydas,random_forest
933:2844,3.35,104.45,0.22571550809611557,green_sea_turtle,Chelonia mydas,random_forest
933:2845,3.35,104.55,0.26359711177005335,green_sea_turtle,Chelonia mydas,random_forest
933:2846,3.35,104.65,0.2697867928465443,green_sea_turtle,Chelonia mydas,random_forest
933:2847,3.35,104.75,0.2810872009206449,green_sea_turtle,Chelonia mydas,random_forest
933:2899,3.35,109.95,0.0025874719634170953,green_sea_turtle,Chelonia mydas,random_forest
933:2900,3.35,110.05,0.00110055583628095,green_sea_turtle,Chelonia mydas,random_forest
933:2901,3.35,110.15,0.00110055583628095,green_sea_turtle,Chelonia mydas,random_forest
933:2902,3.35,110.25,0.00110055583628095,green_sea_turtle,Chelonia mydas,random_forest
933:2903,3.35,110.35,0.00110055583628095,green_sea_turtle,Chelonia mydas,random_forest
933:2904,3.35,110.45,0.00110055583628095,green_sea_turtle,Chelonia mydas,random_forest
933:2905,3.35,110.55,0.00110055583628095,green_sea_turtle,Chelonia mydas,random_forest
933:2906,3.35,110.65,0.00110055583628095,green_sea_turtle,Chelonia mydas,random_forest
933:2907,3.35,110.75,0.00110055583628095,green_sea_turtle,Chelonia mydas,random_forest
933:2908,3.35,110.85,0.00110055583628095,green_sea_turtle,Chelonia mydas,random_forest
933:2909,3.35,110.95,0.00110055583628095,green_sea_turtle,Chelonia mydas,random_forest
933:2910,3.35,111.05,0.00110055583628095,green_sea_turtle,Chelonia mydas,random_forest
933:2911,3.35,111.15,0.00110055583628095,green_sea_turtle,Chelonia mydas,random_forest
933:2912,3.35,111.25,0.00110055583628095,green_sea_turtle,Chelonia mydas,random_forest
933:2913,3.35,111.35,0.00110055583628095,green_sea_turtle,Chelonia mydas,random_forest
933:2914,3.35,111.45,0.00110055583628095,green_sea_turtle,Chelonia mydas,random_forest
933:2915,3.35,111.55,0.02676780480458704,green_sea_turtle,Chelonia mydas,random_forest
933:2916,3.35,111.65,0.0285792928536541,green_sea_turtle,Chelonia mydas,random_forest
933:2917,3.35,111.75,0.027399016218318622,green_sea_turtle,Chelonia mydas,random_forest
933:2918,3.35,111.85,0.02733338606398479,green_sea_turtle,Chelonia mydas,random_forest
933:2919,3.35,111.95,0.02597120711814147,green_sea_turtle,Chelonia mydas,random_forest
933:2920,3.35,112.05,0.02045344850903612,green_sea_turtle,Chelonia mydas,random_forest
933:2921,3.35,112.15,0.01355629086108761,green_sea_turtle,Chelonia mydas,random_forest
933:2922,3.35,112.25,0.014668848737507388,green_sea_turtle,Chelonia mydas,random_forest
933:2923,3.35,112.35,0.013039517552978783,green_sea_turtle,Chelonia mydas,random_forest
933:2924,3.35,112.45,0.012063082311642784,green_sea_turtle,Chelonia mydas,random_forest
933:2925,3.35,112.55,0.017985976571117376,green_sea_turtle,Chelonia mydas,random_forest
933:2926,3.35,112.65,0.017985976571117376,green_sea_turtle,Chelonia mydas,random_forest
933:2927,3.35,112.75,0.024279166081692158,green_sea_turtle,Chelonia mydas,random_forest
933:2928,3.35,112.85,0.024994204301935982,green_sea_turtle,Chelonia mydas,random_forest
933:2929,3.35,112.95,0.021381034838903967,green_sea_turtle,Chelonia mydas,random_forest
933:2930,3.35,113.05,0.03258876364675382,green_sea_turtle,Chelonia mydas,random_forest
933:2931,3.35,113.15,0.0344186090719506,green_sea_turtle,Chelonia mydas,random_forest
933:2992,3.35,119.25,0.030622797517113602,green_sea_turtle,Chelonia mydas,random_forest
933:2993,3.35,119.35,0.030622797517113602,green_sea_turtle,Chelonia mydas,random_forest
933:2994,3.35,119.45,0.030622797517113602,green_sea_turtle,Chelonia mydas,random_forest
933:2995,3.35,119.55,0.030622797517113602,green_sea_turtle,Chelonia mydas,random_forest
933:2996,3.35,119.65,0.030622797517113602,green_sea_turtle,Chelonia mydas,random_forest
933:2997,3.35,119.75,0.030622797517113602,green_sea_turtle,Chelonia mydas,random_forest
934:2803,3.45,100.35,0.08741280839164459,green_sea_turtle,Chelonia mydas,random_forest
934:2804,3.45,100.45,0.08741280839164459,green_sea_turtle,Chelonia mydas,random_forest
934:2805,3.45,100.55,0.08741280839164459,green_sea_turtle,Chelonia mydas,random_forest
934:2806,3.45,100.65,0.08741280839164459,green_sea_turtle,Chelonia mydas,random_forest
934:2807,3.45,100.75,0.08741280839164459,green_sea_turtle,Chelonia mydas,random_forest
934:2808,3.45,100.85,0.08741280839164459,green_sea_turtle,Chelonia mydas,random_forest
934:2809,3.45,100.95,0.0878579911158971,green_sea_turtle,Chelonia mydas,random_forest
934:2810,3.45,101.05,0.0878579911158971,green_sea_turtle,Chelonia mydas,random_forest
934:2834,3.45,103.45,0.8383688851203417,green_sea_turtle,Chelonia mydas,random_forest
934:2835,3.45,103.55,0.8050156208425521,green_sea_turtle,Chelonia mydas,random_forest
934:2836,3.45,103.65,0.7083887412369909,green_sea_turtle,Chelonia mydas,random_forest
934:2837,3.45,103.75,0.6583390928070305,green_sea_turtle,Chelonia mydas,random_forest
934:2838,3.45,103.85,0.6541050713454788,green_sea_turtle,Chelonia mydas,random_forest
934:2839,3.45,103.95,0.6729208796538172,green_sea_turtle,Chelonia mydas,random_forest
934:2840,3.45,104.05,0.46137324858329953,green_sea_turtle,Chelonia mydas,random_forest
934:2841,3.45,104.15,0.35268791955813156,green_sea_turtle,Chelonia mydas,random_forest
934:2842,3.45,104.25,0.3379355182630638,green_sea_turtle,Chelonia mydas,random_forest
934:2843,3.45,104.35,0.2715948078949724,green_sea_turtle,Chelonia mydas,random_forest
934:2844,3.45,104.45,0.24094532238179386,green_sea_turtle,Chelonia mydas,random_forest
934:2845,3.45,104.55,0.27938901867957655,green_sea_turtle,Chelonia mydas,random_forest
934:2846,3.45,104.65,0.2842445816465308,green_sea_turtle,Chelonia mydas,random_forest
934:2847,3.45,104.75,0.29786525177960455,green_sea_turtle,Chelonia mydas,random_forest
934:2899,3.45,109.95,0.002880051834968337,green_sea_turtle,Chelonia mydas,random_forest
934:2900,3.45,110.05,0.0013931357078321915,green_sea_turtle,Chelonia mydas,random_forest
934:2901,3.45,110.15,0.0013931357078321915,green_sea_turtle,Chelonia mydas,random_forest
934:2902,3.45,110.25,0.0013931357078321915,green_sea_turtle,Chelonia mydas,random_forest
934:2903,3.45,110.35,0.0013931357078321915,green_sea_turtle,Chelonia mydas,random_forest
934:2904,3.45,110.45,0.0013931357078321915,green_sea_turtle,Chelonia mydas,random_forest
934:2905,3.45,110.55,0.0013931357078321915,green_sea_turtle,Chelonia mydas,random_forest
934:2906,3.45,110.65,0.0013931357078321915,green_sea_turtle,Chelonia mydas,random_forest
934:2907,3.45,110.75,0.0013931357078321915,green_sea_turtle,Chelonia mydas,random_forest
934:2908,3.45,110.85,0.0013931357078321915,green_sea_turtle,Chelonia mydas,random_forest
934:2909,3.45,110.95,0.0013931357078321915,green_sea_turtle,Chelonia mydas,random_forest
934:2910,3.45,111.05,0.0013931357078321915,green_sea_turtle,Chelonia mydas,random_forest
934:2911,3.45,111.15,0.0013931357078321915,green_sea_turtle,Chelonia mydas,random_forest
934:2912,3.45,111.25,0.0013931357078321915,green_sea_turtle,Chelonia mydas,random_forest
934:2913,3.45,111.35,0.0013931357078321915,green_sea_turtle,Chelonia mydas,random_forest
934:2914,3.45,111.45,0.0013931357078321915,green_sea_turtle,Chelonia mydas,random_forest
934:2915,3.45,111.55,0.027060384676138284,green_sea_turtle,Chelonia mydas,random_forest
934:2916,3.45,111.65,0.028871872725205337,green_sea_turtle,Chelonia mydas,random_forest
934:2917,3.45,111.75,0.02769159608986986,green_sea_turtle,Chelonia mydas,random_forest
934:2918,3.45,111.85,0.027625965935536036,green_sea_turtle,Chelonia mydas,random_forest
934:2919,3.45,111.95,0.02626378698969271,green_sea_turtle,Chelonia mydas,random_forest
934:2920,3.45,112.05,0.020746028380587363,green_sea_turtle,Chelonia mydas,random_forest
934:2921,3.45,112.15,0.013848870732638853,green_sea_turtle,Chelonia mydas,random_forest
934:2922,3.45,112.25,0.01496142860905863,green_sea_turtle,Chelonia mydas,random_forest
934:2923,3.45,112.35,0.013332097424530025,green_sea_turtle,Chelonia mydas,random_forest
934:2924,3.45,112.45,0.012355662183194026,green_sea_turtle,Chelonia mydas,random_forest
934:2925,3.45,112.55,0.018278556442668615,green_sea_turtle,Chelonia mydas,random_forest
934:2926,3.45,112.65,0.018278556442668615,green_sea_turtle,Chelonia mydas,random_forest
934:2927,3.45,112.75,0.024571745953243393,green_sea_turtle,Chelonia mydas,random_forest
934:2928,3.45,112.85,0.025286784173487228,green_sea_turtle,Chelonia mydas,random_forest
934:2929,3.45,112.95,0.021673614710455213,green_sea_turtle,Chelonia mydas,random_forest
934:2930,3.45,113.05,0.032881343518305066,green_sea_turtle,Chelonia mydas,random_forest
934:2931,3.45,113.15,0.034711188943501836,green_sea_turtle,Chelonia mydas,random_forest
934:2990,3.45,119.05,0.030915377388664848,green_sea_turtle,Chelonia mydas,random_forest
934:2991,3.45,119.15,0.030915377388664848,green_sea_turtle,Chelonia mydas,random_forest
934:2992,3.45,119.25,0.030915377388664848,green_sea_turtle,Chelonia mydas,random_forest
934:2993,3.45,119.35,0.030915377388664848,green_sea_turtle,Chelonia mydas,random_forest
934:2994,3.45,119.45,0.030915377388664848,green_sea_turtle,Chelonia mydas,random_forest
934:2995,3.45,119.55,0.030915377388664848,green_sea_turtle,Chelonia mydas,random_forest
934:2996,3.45,119.65,0.030915377388664848,green_sea_turtle,Chelonia mydas,random_forest
935:2802,3.55,100.25,0.07621078173777548,green_sea_turtle,Chelonia mydas,random_forest
935:2803,3.55,100.35,0.07621078173777548,green_sea_turtle,Chelonia mydas,random_forest
935:2804,3.55,100.45,0.07621078173777548,green_sea_turtle,Chelonia mydas,random_forest
935:2805,3.55,100.55,0.07621078173777548,green_sea_turtle,Chelonia mydas,random_forest
935:2806,3.55,100.65,0.07621078173777548,green_sea_turtle,Chelonia mydas,random_forest
935:2807,3.55,100.75,0.07621078173777548,green_sea_turtle,Chelonia mydas,random_forest
935:2808,3.55,100.85,0.07621078173777548,green_sea_turtle,Chelonia mydas,random_forest
935:2809,3.55,100.95,0.07665596446202798,green_sea_turtle,Chelonia mydas,random_forest
935:2810,3.55,101.05,0.07665596446202798,green_sea_turtle,Chelonia mydas,random_forest
935:2834,3.55,103.45,0.8481700057993885,green_sea_turtle,Chelonia mydas,random_forest
935:2835,3.55,103.55,0.809460427751062,green_sea_turtle,Chelonia mydas,random_forest
935:2836,3.55,103.65,0.7012481240030208,green_sea_turtle,Chelonia mydas,random_forest
935:2837,3.55,103.75,0.6537118280972131,green_sea_turtle,Chelonia mydas,random_forest
935:2838,3.55,103.85,0.6484518726641016,green_sea_turtle,Chelonia mydas,random_forest
935:2839,3.55,103.95,0.6705192013874849,green_sea_turtle,Chelonia mydas,random_forest
935:2840,3.55,104.05,0.47310459970566154,green_sea_turtle,Chelonia mydas,random_forest
935:2841,3.55,104.15,0.374589900351989,green_sea_turtle,Chelonia mydas,random_forest
935:2842,3.55,104.25,0.3653781260307221,green_sea_turtle,Chelonia mydas,random_forest
935:2843,3.55,104.35,0.31282391090283446,green_sea_turtle,Chelonia mydas,random_forest
935:2844,3.55,104.45,0.28249366947320953,green_sea_turtle,Chelonia mydas,random_forest
935:2845,3.55,104.55,0.3189988772743597,green_sea_turtle,Chelonia mydas,random_forest
935:2846,3.55,104.65,0.3233851130072165,green_sea_turtle,Chelonia mydas,random_forest
935:2847,3.55,104.75,0.3334126235565234,green_sea_turtle,Chelonia mydas,random_forest
935:2899,3.55,109.95,0.004132593093277439,green_sea_turtle,Chelonia mydas,random_forest
935:2900,3.55,110.05,0.002645676966141294,green_sea_turtle,Chelonia mydas,random_forest
935:2901,3.55,110.15,0.002645676966141294,green_sea_turtle,Chelonia mydas,random_forest
935:2902,3.55,110.25,0.002645676966141294,green_sea_turtle,Chelonia mydas,random_forest
935:2903,3.55,110.35,0.002645676966141294,green_sea_turtle,Chelonia mydas,random_forest
935:2904,3.55,110.45,0.002645676966141294,green_sea_turtle,Chelonia mydas,random_forest
935:2905,3.55,110.55,0.002645676966141294,green_sea_turtle,Chelonia mydas,random_forest
935:2906,3.55,110.65,0.002645676966141294,green_sea_turtle,Chelonia mydas,random_forest
935:2907,3.55,110.75,0.002645676966141294,green_sea_turtle,Chelonia mydas,random_forest
935:2908,3.55,110.85,0.002054583848732387,green_sea_turtle,Chelonia mydas,random_forest
935:2909,3.55,110.95,0.002054583848732387,green_sea_turtle,Chelonia mydas,random_forest
935:2910,3.55,111.05,0.002054583848732387,green_sea_turtle,Chelonia mydas,random_forest
935:2911,3.55,111.15,0.002054583848732387,green_sea_turtle,Chelonia mydas,random_forest
935:2912,3.55,111.25,0.002054583848732387,green_sea_turtle,Chelonia mydas,random_forest
935:2913,3.55,111.35,0.002054583848732387,green_sea_turtle,Chelonia mydas,random_forest
935:2914,3.55,111.45,0.002054583848732387,green_sea_turtle,Chelonia mydas,random_forest
935:2915,3.55,111.55,0.02772183281703848,green_sea_turtle,Chelonia mydas,random_forest
935:2916,3.55,111.65,0.030957078237630387,green_sea_turtle,Chelonia mydas,random_forest
935:2917,3.55,111.75,0.029776801602294907,green_sea_turtle,Chelonia mydas,random_forest
935:2918,3.55,111.85,0.029711171447961083,green_sea_turtle,Chelonia mydas,random_forest
935:2919,3.55,111.95,0.02834899250211776,green_sea_turtle,Chelonia mydas,random_forest
935:2920,3.55,112.05,0.022831233893012413,green_sea_turtle,Chelonia mydas,random_forest
935:2921,3.55,112.15,0.01451031887353905,green_sea_turtle,Chelonia mydas,random_forest
935:2922,3.55,112.25,0.015622876749958827,green_sea_turtle,Chelonia mydas,random_forest
935:2923,3.55,112.35,0.013993545565430221,green_sea_turtle,Chelonia mydas,random_forest
935:2924,3.55,112.45,0.013017110324094222,green_sea_turtle,Chelonia mydas,random_forest
935:2925,3.55,112.55,0.01894000458356881,green_sea_turtle,Chelonia mydas,random_forest
935:2926,3.55,112.65,0.0198758092851963,green_sea_turtle,Chelonia mydas,random_forest
935:2927,3.55,112.75,0.026168998795771076,green_sea_turtle,Chelonia mydas,random_forest
935:2928,3.55,112.85,0.026884037016014904,green_sea_turtle,Chelonia mydas,random_forest
935:2929,3.55,112.95,0.02327086755298289,green_sea_turtle,Chelonia mydas,random_forest
935:2930,3.55,113.05,0.034478596360832746,green_sea_turtle,Chelonia mydas,random_forest
935:2931,3.55,113.15,0.03630844178602952,green_sea_turtle,Chelonia mydas,random_forest
935:2932,3.55,113.25,0.042346524986216015,green_sea_turtle,Chelonia mydas,random_forest
935:2988,3.55,118.85,0.03157682552956504,green_sea_turtle,Chelonia mydas,random_forest
935:2989,3.55,118.95,0.03157682552956504,green_sea_turtle,Chelonia mydas,random_forest
935:2990,3.55,119.05,0.03157682552956504,green_sea_turtle,Chelonia mydas,random_forest
935:2991,3.55,119.15,0.03157682552956504,green_sea_turtle,Chelonia mydas,random_forest
935:2992,3.55,119.25,0.03157682552956504,green_sea_turtle,Chelonia mydas,random_forest
935:2993,3.55,119.35,0.03157682552956504,green_sea_turtle,Chelonia mydas,random_forest
935:2994,3.55,119.45,0.03157682552956504,green_sea_turtle,Chelonia mydas,random_forest
935:2995,3.55,119.55,0.03157682552956504,green_sea_turtle,Chelonia mydas,random_forest
936:2801,3.65,100.15,0.07540753007829774,green_sea_turtle,Chelonia mydas,random_forest
936:2802,3.65,100.25,0.07540753007829774,green_sea_turtle,Chelonia mydas,random_forest
936:2803,3.65,100.35,0.07540753007829774,green_sea_turtle,Chelonia mydas,random_forest
936:2804,3.65,100.45,0.07540753007829774,green_sea_turtle,Chelonia mydas,random_forest
936:2805,3.65,100.55,0.07540753007829774,green_sea_turtle,Chelonia mydas,random_forest
936:2806,3.65,100.65,0.07540753007829774,green_sea_turtle,Chelonia mydas,random_forest
936:2807,3.65,100.75,0.07540753007829774,green_sea_turtle,Chelonia mydas,random_forest
936:2808,3.65,100.85,0.07540753007829774,green_sea_turtle,Chelonia mydas,random_forest
936:2809,3.65,100.95,0.07585271280255022,green_sea_turtle,Chelonia mydas,random_forest
936:2834,3.65,103.45,0.8764861053304165,green_sea_turtle,Chelonia mydas,random_forest
936:2835,3.65,103.55,0.8370303364058981,green_sea_turtle,Chelonia mydas,random_forest
936:2836,3.65,103.65,0.7234479870443129,green_sea_turtle,Chelonia mydas,random_forest
936:2837,3.65,103.75,0.6772764009131724,green_sea_turtle,Chelonia mydas,random_forest
936:2838,3.65,103.85,0.6727072992615308,green_sea_turtle,Chelonia mydas,random_forest
936:2839,3.65,103.95,0.6943693495115157,green_sea_turtle,Chelonia mydas,random_forest
936:2840,3.65,104.05,0.5016129962466837,green_sea_turtle,Chelonia mydas,random_forest
936:2841,3.65,104.15,0.41195830709836573,green_sea_turtle,Chelonia mydas,random_forest
936:2842,3.65,104.25,0.40791684402053063,green_sea_turtle,Chelonia mydas,random_forest
936:2843,3.65,104.35,0.36923291635988437,green_sea_turtle,Chelonia mydas,random_forest
936:2844,3.65,104.45,0.3417290556466804,green_sea_turtle,Chelonia mydas,random_forest
936:2845,3.65,104.55,0.3793852313756191,green_sea_turtle,Chelonia mydas,random_forest
936:2846,3.65,104.65,0.3826182798291584,green_sea_turtle,Chelonia mydas,random_forest
936:2847,3.65,104.75,0.38968312448452136,green_sea_turtle,Chelonia mydas,random_forest
936:2900,3.65,110.05,0.005371018220233007,green_sea_turtle,Chelonia mydas,random_forest
936:2901,3.65,110.15,0.005371018220233007,green_sea_turtle,Chelonia mydas,random_forest
936:2902,3.65,110.25,0.005371018220233007,green_sea_turtle,Chelonia mydas,random_forest
936:2903,3.65,110.35,0.005371018220233007,green_sea_turtle,Chelonia mydas,random_forest
936:2904,3.65,110.45,0.005371018220233007,green_sea_turtle,Chelonia mydas,random_forest
936:2905,3.65,110.55,0.005371018220233007,green_sea_turtle,Chelonia mydas,random_forest
936:2906,3.65,110.65,0.005371018220233007,green_sea_turtle,Chelonia mydas,random_forest
936:2907,3.65,110.75,0.005371018220233007,green_sea_turtle,Chelonia mydas,random_forest
936:2908,3.65,110.85,0.0047799251028241,green_sea_turtle,Chelonia mydas,random_forest
936:2909,3.65,110.95,0.0047799251028241,green_sea_turtle,Chelonia mydas,random_forest
936:2910,3.65,111.05,0.0047799251028241,green_sea_turtle,Chelonia mydas,random_forest
936:2911,3.65,111.15,0.0036473555447226274,green_sea_turtle,Chelonia mydas,random_forest
936:2912,3.65,111.25,0.0036473555447226274,green_sea_turtle,Chelonia mydas,random_forest
936:2913,3.65,111.35,0.0036473555447226274,green_sea_turtle,Chelonia mydas,random_forest
936:2914,3.65,111.45,0.0036473555447226274,green_sea_turtle,Chelonia mydas,random_forest
936:2915,3.65,111.55,0.029314604513028718,green_sea_turtle,Chelonia mydas,random_forest
936:2916,3.65,111.65,0.03254984993362064,green_sea_turtle,Chelonia mydas,random_forest
936:2917,3.65,111.75,0.031369573298285144,green_sea_turtle,Chelonia mydas,random_forest
936:2918,3.65,111.85,0.03130394314395133,green_sea_turtle,Chelonia mydas,random_forest
936:2919,3.65,111.95,0.029941764198108,green_sea_turtle,Chelonia mydas,random_forest
936:2920,3.65,112.05,0.024424005589002654,green_sea_turtle,Chelonia mydas,random_forest
936:2921,3.65,112.15,0.016103090569529285,green_sea_turtle,Chelonia mydas,random_forest
936:2922,3.65,112.25,0.017215648445949062,green_sea_turtle,Chelonia mydas,random_forest
936:2923,3.65,112.35,0.01558631726142046,green_sea_turtle,Chelonia mydas,random_forest
936:2924,3.65,112.45,0.014609882020084461,green_sea_turtle,Chelonia mydas,random_forest
936:2925,3.65,112.55,0.020532776279559052,green_sea_turtle,Chelonia mydas,random_forest
936:2926,3.65,112.65,0.02146858098118654,green_sea_turtle,Chelonia mydas,random_forest
936:2927,3.65,112.75,0.027761770491761317,green_sea_turtle,Chelonia mydas,random_forest
936:2928,3.65,112.85,0.028476808712005152,green_sea_turtle,Chelonia mydas,random_forest
936:2929,3.65,112.95,0.024863639248973137,green_sea_turtle,Chelonia mydas,random_forest
936:2930,3.65,113.05,0.03607136805682298,green_sea_turtle,Chelonia mydas,random_forest
936:2931,3.65,113.15,0.037901213482019754,green_sea_turtle,Chelonia mydas,random_forest
936:2932,3.65,113.25,0.04393929668220625,green_sea_turtle,Chelonia mydas,random_forest
936:2933,3.65,113.35,0.04718385840299495,green_sea_turtle,Chelonia mydas,random_forest
936:2987,3.65,118.75,0.03659658815325407,green_sea_turtle,Chelonia mydas,random_forest
936:2988,3.65,118.85,0.03564367956599645,green_sea_turtle,Chelonia mydas,random_forest
936:2989,3.65,118.95,0.03564367956599645,green_sea_turtle,Chelonia mydas,random_forest
936:2990,3.65,119.05,0.03564367956599645,green_sea_turtle,Chelonia mydas,random_forest
936:2991,3.65,119.15,0.03564367956599645,green_sea_turtle,Chelonia mydas,random_forest
936:2992,3.65,119.25,0.03564367956599645,green_sea_turtle,Chelonia mydas,random_forest
936:2993,3.65,119.35,0.03564367956599645,green_sea_turtle,Chelonia mydas,random_forest
936:2994,3.65,119.45,0.03564367956599645,green_sea_turtle,Chelonia mydas,random_forest
936:2995,3.65,119.55,0.03564367956599645,green_sea_turtle,Chelonia mydas,random_forest
937:2800,3.75,100.05,0.06583367943634243,green_sea_turtle,Chelonia mydas,random_forest
937:2801,3.75,100.15,0.06583367943634243,green_sea_turtle,Chelonia mydas,random_forest
937:2802,3.75,100.25,0.06583367943634243,green_sea_turtle,Chelonia mydas,random_forest
937:2803,3.75,100.35,0.06583367943634243,green_sea_turtle,Chelonia mydas,random_forest
937:2804,3.75,100.45,0.06583367943634243,green_sea_turtle,Chelonia mydas,random_forest
937:2805,3.75,100.55,0.06583367943634243,green_sea_turtle,Chelonia mydas,random_forest
937:2806,3.75,100.65,0.06583367943634243,green_sea_turtle,Chelonia mydas,random_forest
937:2807,3.75,100.75,0.06583367943634243,green_sea_turtle,Chelonia mydas,random_forest
937:2808,3.75,100.85,0.06583367943634243,green_sea_turtle,Chelonia mydas,random_forest
937:2833,3.75,103.35,0.891788289180809,green_sea_turtle,Chelonia mydas,random_forest
937:2834,3.75,103.45,0.8880075968549309,green_sea_turtle,Chelonia mydas,random_forest
937:2835,3.75,103.55,0.842672877637522,green_sea_turtle,Chelonia mydas,random_forest
937:2836,3.75,103.65,0.728082049516948,green_sea_turtle,Chelonia mydas,random_forest
937:2837,3.75,103.75,0.688242539949795,green_sea_turtle,Chelonia mydas,random_forest
937:2838,3.75,103.85,0.6856947047384465,green_sea_turtle,Chelonia mydas,random_forest
937:2839,3.75,103.95,0.7077285193911755,green_sea_turtle,Chelonia mydas,random_forest
937:2840,3.75,104.05,0.5246684097878096,green_sea_turtle,Chelonia mydas,random_forest
937:2841,3.75,104.15,0.4460676049172011,green_sea_turtle,Chelonia mydas,random_forest
937:2842,3.75,104.25,0.45260831858880024,green_sea_turtle,Chelonia mydas,random_forest
937:2843,3.75,104.35,0.419343857070867,green_sea_turtle,Chelonia mydas,random_forest
937:2844,3.75,104.45,0.39158608281080215,green_sea_turtle,Chelonia mydas,random_forest
937:2845,3.75,104.55,0.43175790840521333,green_sea_turtle,Chelonia mydas,random_forest
937:2846,3.75,104.65,0.4317270540432889,green_sea_turtle,Chelonia mydas,random_forest
937:2847,3.75,104.75,0.4386869583953746,green_sea_turtle,Chelonia mydas,random_forest
937:2900,3.75,110.05,0.011463184898929737,green_sea_turtle,Chelonia mydas,random_forest
937:2901,3.75,110.15,0.011463184898929737,green_sea_turtle,Chelonia mydas,random_forest
937:2902,3.75,110.25,0.011463184898929737,green_sea_turtle,Chelonia mydas,random_forest
937:2903,3.75,110.35,0.011463184898929737,green_sea_turtle,Chelonia mydas,random_forest
937:2904,3.75,110.45,0.011463184898929737,green_sea_turtle,Chelonia mydas,random_forest
937:2905,3.75,110.55,0.011463184898929737,green_sea_turtle,Chelonia mydas,random_forest
937:2906,3.75,110.65,0.011463184898929737,green_sea_turtle,Chelonia mydas,random_forest
937:2907,3.75,110.75,0.011463184898929737,green_sea_turtle,Chelonia mydas,random_forest
937:2908,3.75,110.85,0.011463184898929737,green_sea_turtle,Chelonia mydas,random_forest
937:2909,3.75,110.95,0.011463184898929737,green_sea_turtle,Chelonia mydas,random_forest
937:2910,3.75,111.05,0.011463184898929737,green_sea_turtle,Chelonia mydas,random_forest
937:2911,3.75,111.15,0.010330615340828265,green_sea_turtle,Chelonia mydas,random_forest
937:2912,3.75,111.25,0.010648444798192607,green_sea_turtle,Chelonia mydas,random_forest
937:2913,3.75,111.35,0.010648444798192607,green_sea_turtle,Chelonia mydas,random_forest
937:2914,3.75,111.45,0.010648444798192607,green_sea_turtle,Chelonia mydas,random_forest
937:2915,3.75,111.55,0.03814428973043172,green_sea_turtle,Chelonia mydas,random_forest
937:2916,3.75,111.65,0.04137953515102364,green_sea_turtle,Chelonia mydas,random_forest
937:2917,3.75,111.75,0.04019925851568816,green_sea_turtle,Chelonia mydas,random_forest
937:2918,3.75,111.85,0.039304849998880495,green_sea_turtle,Chelonia mydas,random_forest
937:2919,3.75,111.95,0.03969391483413169,green_sea_turtle,Chelonia mydas,random_forest
937:2920,3.75,112.05,0.03330770702716539,green_sea_turtle,Chelonia mydas,random_forest
937:2921,3.75,112.15,0.02498679200769202,green_sea_turtle,Chelonia mydas,random_forest
937:2922,3.75,112.25,0.027047241420238628,green_sea_turtle,Chelonia mydas,random_forest
937:2923,3.75,112.35,0.025417910235710026,green_sea_turtle,Chelonia mydas,random_forest
937:2924,3.75,112.45,0.02325253153276831,green_sea_turtle,Chelonia mydas,random_forest
937:2925,3.75,112.55,0.029175425792242905,green_sea_turtle,Chelonia mydas,random_forest
937:2926,3.75,112.65,0.03011123049387039,green_sea_turtle,Chelonia mydas,random_forest
937:2927,3.75,112.75,0.036404420004445166,green_sea_turtle,Chelonia mydas,random_forest
937:2928,3.75,112.85,0.037119458224689005,green_sea_turtle,Chelonia mydas,random_forest
937:2929,3.75,112.95,0.033506288761656976,green_sea_turtle,Chelonia mydas,random_forest
937:2930,3.75,113.05,0.04527452426756187,green_sea_turtle,Chelonia mydas,random_forest
937:2931,3.75,113.15,0.04746460247140147,green_sea_turtle,Chelonia mydas,random_forest
937:2932,3.75,113.25,0.053502685671587974,green_sea_turtle,Chelonia mydas,random_forest
937:2933,3.75,113.35,0.05674724739237668,green_sea_turtle,Chelonia mydas,random_forest
937:2985,3.75,118.55,0.04467453097594456,green_sea_turtle,Chelonia mydas,random_forest
937:2986,3.75,118.65,0.04467453097594456,green_sea_turtle,Chelonia mydas,random_forest
937:2987,3.75,118.75,0.04467453097594456,green_sea_turtle,Chelonia mydas,random_forest
937:2988,3.75,118.85,0.04372162238868694,green_sea_turtle,Chelonia mydas,random_forest
937:2989,3.75,118.95,0.04372162238868694,green_sea_turtle,Chelonia mydas,random_forest
937:2990,3.75,119.05,0.04372162238868694,green_sea_turtle,Chelonia mydas,random_forest
937:2991,3.75,119.15,0.04372162238868694,green_sea_turtle,Chelonia mydas,random_forest
937:2992,3.75,119.25,0.04372162238868694,green_sea_turtle,Chelonia mydas,random_forest
937:2993,3.75,119.35,0.04372162238868694,green_sea_turtle,Chelonia mydas,random_forest
937:2994,3.75,119.45,0.04372162238868694,green_sea_turtle,Chelonia mydas,random_forest
938:2799,3.85,99.95,0.05462408717629998,green_sea_turtle,Chelonia mydas,random_forest
938:2800,3.85,100.05,0.05462408717629998,green_sea_turtle,Chelonia mydas,random_forest
938:2801,3.85,100.15,0.05462408717629998,green_sea_turtle,Chelonia mydas,random_forest
938:2802,3.85,100.25,0.05462408717629998,green_sea_turtle,Chelonia mydas,random_forest
938:2803,3.85,100.35,0.05462408717629998,green_sea_turtle,Chelonia mydas,random_forest
938:2804,3.85,100.45,0.05462408717629998,green_sea_turtle,Chelonia mydas,random_forest
938:2805,3.85,100.55,0.05462408717629998,green_sea_turtle,Chelonia mydas,random_forest
938:2806,3.85,100.65,0.05462408717629998,green_sea_turtle,Chelonia mydas,random_forest
938:2807,3.85,100.75,0.05462408717629998,green_sea_turtle,Chelonia mydas,random_forest
938:2808,3.85,100.85,0.05462408717629998,green_sea_turtle,Chelonia mydas,random_forest
938:2834,3.85,103.45,0.8964129342290584,green_sea_turtle,Chelonia mydas,random_forest
938:2835,3.85,103.55,0.8483180391427187,green_sea_turtle,Chelonia mydas,random_forest
938:2836,3.85,103.65,0.7467198382446076,green_sea_turtle,Chelonia mydas,random_forest
938:2837,3.85,103.75,0.7179289097034274,green_sea_turtle,Chelonia mydas,random_forest
938:2838,3.85,103.85,0.724380683908822,green_sea_turtle,Chelonia mydas,random_forest
938:2839,3.85,103.95,0.7499510562913311,green_sea_turtle,Chelonia mydas,random_forest
938:2840,3.85,104.05,0.6153184570477283,green_sea_turtle,Chelonia mydas,random_forest
938:2841,3.85,104.15,0.5689186721706357,green_sea_turtle,Chelonia mydas,random_forest
938:2842,3.85,104.25,0.6099416985841717,green_sea_turtle,Chelonia mydas,random_forest
938:2843,3.85,104.35,0.6214574175543967,green_sea_turtle,Chelonia mydas,random_forest
938:2844,3.85,104.45,0.6071062215916704,green_sea_turtle,Chelonia mydas,random_forest
938:2845,3.85,104.55,0.6580511265435955,green_sea_turtle,Chelonia mydas,random_forest
938:2846,3.85,104.65,0.6588254251810735,green_sea_turtle,Chelonia mydas,random_forest
938:2847,3.85,104.75,0.667235093709119,green_sea_turtle,Chelonia mydas,random_forest
938:2900,3.85,110.05,0.021905791140909556,green_sea_turtle,Chelonia mydas,random_forest
938:2901,3.85,110.15,0.021905791140909556,green_sea_turtle,Chelonia mydas,random_forest
938:2902,3.85,110.25,0.021905791140909556,green_sea_turtle,Chelonia mydas,random_forest
938:2903,3.85,110.35,0.021905791140909556,green_sea_turtle,Chelonia mydas,random_forest
938:2904,3.85,110.45,0.021905791140909556,green_sea_turtle,Chelonia mydas,random_forest
938:2905,3.85,110.55,0.021905791140909556,green_sea_turtle,Chelonia mydas,random_forest
938:2906,3.85,110.65,0.021905791140909556,green_sea_turtle,Chelonia mydas,random_forest
938:2907,3.85,110.75,0.021476199966347587,green_sea_turtle,Chelonia mydas,random_forest
938:2908,3.85,110.85,0.021476199966347587,green_sea_turtle,Chelonia mydas,random_forest
938:2909,3.85,110.95,0.021476199966347587,green_sea_turtle,Chelonia mydas,random_forest
938:2910,3.85,111.05,0.021476199966347587,green_sea_turtle,Chelonia mydas,random_forest
938:2911,3.85,111.15,0.021476199966347587,green_sea_turtle,Chelonia mydas,random_forest
938:2912,3.85,111.25,0.021794029423711926,green_sea_turtle,Chelonia mydas,random_forest
938:2913,3.85,111.35,0.021794029423711926,green_sea_turtle,Chelonia mydas,random_forest
938:2914,3.85,111.45,0.021392202939693662,green_sea_turtle,Chelonia mydas,random_forest
938:2915,3.85,111.55,0.048888047871932766,green_sea_turtle,Chelonia mydas,random_forest
938:2916,3.85,111.65,0.05212329329252467,green_sea_turtle,Chelonia mydas,random_forest
938:2917,3.85,111.75,0.0509430166571892,green_sea_turtle,Chelonia mydas,random_forest
938:2918,3.85,111.85,0.049504836309706826,green_sea_turtle,Chelonia mydas,random_forest
938:2919,3.85,111.95,0.04989390114495803,green_sea_turtle,Chelonia mydas,random_forest
938:2920,3.85,112.05,0.04350769333799172,green_sea_turtle,Chelonia mydas,random_forest
938:2921,3.85,112.15,0.035186778318518366,green_sea_turtle,Chelonia mydas,random_forest
938:2922,3.85,112.25,0.03724722773106497,green_sea_turtle,Chelonia mydas,random_forest
938:2923,3.85,112.35,0.03561789654653637,green_sea_turtle,Chelonia mydas,random_forest
938:2924,3.85,112.45,0.033452517843594654,green_sea_turtle,Chelonia mydas,random_forest
938:2925,3.85,112.55,0.04009036261758717,green_sea_turtle,Chelonia mydas,random_forest
938:2926,3.85,112.65,0.042833722557988715,green_sea_turtle,Chelonia mydas,random_forest
938:2927,3.85,112.75,0.049126912068563504,green_sea_turtle,Chelonia mydas,random_forest
938:2928,3.85,112.85,0.04984195028880734,green_sea_turtle,Chelonia mydas,random_forest
938:2929,3.85,112.95,0.04622878082577531,green_sea_turtle,Chelonia mydas,random_forest
938:2930,3.85,113.05,0.05799701633168021,green_sea_turtle,Chelonia mydas,random_forest
938:2931,3.85,113.15,0.0601870945355198,green_sea_turtle,Chelonia mydas,random_forest
938:2932,3.85,113.25,0.0662251777357063,green_sea_turtle,Chelonia mydas,random_forest
938:2933,3.85,113.35,0.06720983865695113,green_sea_turtle,Chelonia mydas,random_forest
938:2934,3.85,113.45,0.07910887233586666,green_sea_turtle,Chelonia mydas,random_forest
938:2935,3.85,113.55,0.08997859519329071,green_sea_turtle,Chelonia mydas,random_forest
938:2984,3.85,118.45,0.05521214741288486,green_sea_turtle,Chelonia mydas,random_forest
938:2985,3.85,118.55,0.05248013060905579,green_sea_turtle,Chelonia mydas,random_forest
938:2986,3.85,118.65,0.05248013060905579,green_sea_turtle,Chelonia mydas,random_forest
938:2987,3.85,118.75,0.05248013060905579,green_sea_turtle,Chelonia mydas,random_forest
938:2988,3.85,118.85,0.05152722202179817,green_sea_turtle,Chelonia mydas,random_forest
938:2989,3.85,118.95,0.05152722202179817,green_sea_turtle,Chelonia mydas,random_forest
938:2990,3.85,119.05,0.05152722202179817,green_sea_turtle,Chelonia mydas,random_forest
938:2991,3.85,119.15,0.05152722202179817,green_sea_turtle,Chelonia mydas,random_forest
938:2992,3.85,119.25,0.05152722202179817,green_sea_turtle,Chelonia mydas,random_forest
938:2993,3.85,119.35,0.05152722202179817,green_sea_turtle,Chelonia mydas,random_forest
939:2798,3.95,99.85,0.054552831348615015,green_sea_turtle,Chelonia mydas,random_forest
939:2799,3.95,99.95,0.054552831348615015,green_sea_turtle,Chelonia mydas,random_forest
939:2800,3.95,100.05,0.054552831348615015,green_sea_turtle,Chelonia mydas,random_forest
939:2801,3.95,100.15,0.054552831348615015,green_sea_turtle,Chelonia mydas,random_forest
939:2802,3.95,100.25,0.054552831348615015,green_sea_turtle,Chelonia mydas,random_forest
939:2803,3.95,100.35,0.054552831348615015,green_sea_turtle,Chelonia mydas,random_forest
939:2804,3.95,100.45,0.054552831348615015,green_sea_turtle,Chelonia mydas,random_forest
939:2805,3.95,100.55,0.054552831348615015,green_sea_turtle,Chelonia mydas,random_forest
939:2806,3.95,100.65,0.054552831348615015,green_sea_turtle,Chelonia mydas,random_forest
939:2834,3.95,103.45,0.8881159786889122,green_sea_turtle,Chelonia mydas,random_forest
939:2835,3.95,103.55,0.8363909773598369,green_sea_turtle,Chelonia mydas,random_forest
939:2836,3.95,103.65,0.7394994632609591,green_sea_turtle,Chelonia mydas,random_forest
939:2837,3.95,103.75,0.7281474034689281,green_sea_turtle,Chelonia mydas,random_forest
939:2838,3.95,103.85,0.7382012657726928,green_sea_turtle,Chelonia mydas,random_forest
939:2839,3.95,103.95,0.7653533460062825,green_sea_turtle,Chelonia mydas,random_forest
939:2840,3.95,104.05,0.6593153363586116,green_sea_turtle,Chelonia mydas,random_forest
939:2841,3.95,104.15,0.6269527240380536,green_sea_turtle,Chelonia mydas,random_forest
939:2842,3.95,104.25,0.6817324640980041,green_sea_turtle,Chelonia mydas,random_forest
939:2843,3.95,104.35,0.7065823479910748,green_sea_turtle,Chelonia mydas,random_forest
939:2844,3.95,104.45,0.698262340166564,green_sea_turtle,Chelonia mydas,random_forest
939:2845,3.95,104.55,0.7515990267024296,green_sea_turtle,Chelonia mydas,random_forest
939:2846,3.95,104.65,0.7547883512503814,green_sea_turtle,Chelonia mydas,random_forest
939:2847,3.95,104.75,0.7490175938826825,green_sea_turtle,Chelonia mydas,random_forest
939:2900,3.95,110.05,0.022966808038284874,green_sea_turtle,Chelonia mydas,random_forest
939:2901,3.95,110.15,0.022966808038284874,green_sea_turtle,Chelonia mydas,random_forest
939:2902,3.95,110.25,0.022966808038284874,green_sea_turtle,Chelonia mydas,random_forest
939:2903,3.95,110.35,0.022966808038284874,green_sea_turtle,Chelonia mydas,random_forest
939:2904,3.95,110.45,0.022966808038284874,green_sea_turtle,Chelonia mydas,random_forest
939:2905,3.95,110.55,0.022966808038284874,green_sea_turtle,Chelonia mydas,random_forest
939:2906,3.95,110.65,0.022966808038284874,green_sea_turtle,Chelonia mydas,random_forest
939:2907,3.95,110.75,0.022537216863722905,green_sea_turtle,Chelonia mydas,random_forest
939:2908,3.95,110.85,0.022537216863722905,green_sea_turtle,Chelonia mydas,random_forest
939:2909,3.95,110.95,0.022537216863722905,green_sea_turtle,Chelonia mydas,random_forest
939:2910,3.95,111.05,0.022537216863722905,green_sea_turtle,Chelonia mydas,random_forest
939:2911,3.95,111.15,0.022537216863722905,green_sea_turtle,Chelonia mydas,random_forest
939:2912,3.95,111.25,0.022855046321087244,green_sea_turtle,Chelonia mydas,random_forest
939:2913,3.95,111.35,0.022855046321087244,green_sea_turtle,Chelonia mydas,random_forest
939:2914,3.95,111.45,0.02245321983706898,green_sea_turtle,Chelonia mydas,random_forest
939:2915,3.95,111.55,0.04837180011566688,green_sea_turtle,Chelonia mydas,random_forest
939:2916,3.95,111.65,0.051607045536258785,green_sea_turtle,Chelonia mydas,random_forest
939:2917,3.95,111.75,0.05042676890092331,green_sea_turtle,Chelonia mydas,random_forest
939:2918,3.95,111.85,0.04898858855344093,green_sea_turtle,Chelonia mydas,random_forest
939:2919,3.95,111.95,0.04937765338869214,green_sea_turtle,Chelonia mydas,random_forest
939:2920,3.95,112.05,0.04299144558172584,green_sea_turtle,Chelonia mydas,random_forest
939:2921,3.95,112.15,0.03467053056225247,green_sea_turtle,Chelonia mydas,random_forest
939:2922,3.95,112.25,0.03673097997479909,green_sea_turtle,Chelonia mydas,random_forest
939:2923,3.95,112.35,0.03510164879027048,green_sea_turtle,Chelonia mydas,random_forest
939:2924,3.95,112.45,0.03293627008732877,green_sea_turtle,Chelonia mydas,random_forest
939:2925,3.95,112.55,0.039574114861321286,green_sea_turtle,Chelonia mydas,random_forest
939:2926,3.95,112.65,0.04231747480172282,green_sea_turtle,Chelonia mydas,random_forest
939:2927,3.95,112.75,0.048610664312297616,green_sea_turtle,Chelonia mydas,random_forest
939:2928,3.95,112.85,0.049325702532541454,green_sea_turtle,Chelonia mydas,random_forest
939:2929,3.95,112.95,0.045712533069509426,green_sea_turtle,Chelonia mydas,random_forest
939:2930,3.95,113.05,0.05748076857541431,green_sea_turtle,Chelonia mydas,random_forest
939:2931,3.95,113.15,0.05967084677925391,green_sea_turtle,Chelonia mydas,random_forest
939:2932,3.95,113.25,0.06570892997944042,green_sea_turtle,Chelonia mydas,random_forest
939:2933,3.95,113.35,0.06669359090068523,green_sea_turtle,Chelonia mydas,random_forest
939:2934,3.95,113.45,0.07859262457960077,green_sea_turtle,Chelonia mydas,random_forest
939:2935,3.95,113.55,0.08946234743702483,green_sea_turtle,Chelonia mydas,random_forest
939:2936,3.95,113.65,0.12540596728902767,green_sea_turtle,Chelonia mydas,random_forest
939:2983,3.95,118.35,0.05469589965661897,green_sea_turtle,Chelonia mydas,random_forest
939:2984,3.95,118.45,0.05469589965661897,green_sea_turtle,Chelonia mydas,random_forest
939:2985,3.95,118.55,0.05196388285278991,green_sea_turtle,Chelonia mydas,random_forest
939:2986,3.95,118.65,0.05196388285278991,green_sea_turtle,Chelonia mydas,random_forest
939:2987,3.95,118.75,0.05196388285278991,green_sea_turtle,Chelonia mydas,random_forest
939:2988,3.95,118.85,0.05101097426553229,green_sea_turtle,Chelonia mydas,random_forest
939:2989,3.95,118.95,0.05101097426553229,green_sea_turtle,Chelonia mydas,random_forest
939:2990,3.95,119.05,0.05101097426553229,green_sea_turtle,Chelonia mydas,random_forest
939:2991,3.95,119.15,0.05101097426553229,green_sea_turtle,Chelonia mydas,random_forest
939:2992,3.95,119.25,0.05101097426553229,green_sea_turtle,Chelonia mydas,random_forest
940:2797,4.05,99.75,0.05290269226741986,green_sea_turtle,Chelonia mydas,random_forest
940:2798,4.05,99.85,0.05290269226741986,green_sea_turtle,Chelonia mydas,random_forest
940:2799,4.05,99.95,0.05290269226741986,green_sea_turtle,Chelonia mydas,random_forest
940:2800,4.05,100.05,0.05290269226741986,green_sea_turtle,Chelonia mydas,random_forest
940:2801,4.05,100.15,0.05290269226741986,green_sea_turtle,Chelonia mydas,random_forest
940:2802,4.05,100.25,0.05290269226741986,green_sea_turtle,Chelonia mydas,random_forest
940:2803,4.05,100.35,0.05290269226741986,green_sea_turtle,Chelonia mydas,random_forest
940:2804,4.05,100.45,0.05290269226741986,green_sea_turtle,Chelonia mydas,random_forest
940:2805,4.05,100.55,0.05290269226741986,green_sea_turtle,Chelonia mydas,random_forest
940:2806,4.05,100.65,0.05290269226741986,green_sea_turtle,Chelonia mydas,random_forest
940:2807,4.05,100.75,0.05290269226741986,green_sea_turtle,Chelonia mydas,random_forest
940:2834,4.05,103.45,0.8736160911855544,green_sea_turtle,Chelonia mydas,random_forest
940:2835,4.05,103.55,0.8099449184766411,green_sea_turtle,Chelonia mydas,random_forest
940:2836,4.05,103.65,0.715273382378494,green_sea_turtle,Chelonia mydas,random_forest
940:2837,4.05,103.75,0.7122914108749805,green_sea_turtle,Chelonia mydas,random_forest
940:2838,4.05,103.85,0.7317130599544344,green_sea_turtle,Chelonia mydas,random_forest
940:2839,4.05,103.95,0.7637765737979955,green_sea_turtle,Chelonia mydas,random_forest
940:2840,4.05,104.05,0.6750210574359712,green_sea_turtle,Chelonia mydas,random_forest
940:2841,4.05,104.15,0.6561168109912034,green_sea_turtle,Chelonia mydas,random_forest
940:2842,4.05,104.25,0.7126291096183501,green_sea_turtle,Chelonia mydas,random_forest
940:2843,4.05,104.35,0.7390607061435112,green_sea_turtle,Chelonia mydas,random_forest
940:2844,4.05,104.45,0.7285786013696148,green_sea_turtle,Chelonia mydas,random_forest
940:2845,4.05,104.55,0.786707373374477,green_sea_turtle,Chelonia mydas,random_forest
940:2846,4.05,104.65,0.7906615845082107,green_sea_turtle,Chelonia mydas,random_forest
940:2847,4.05,104.75,0.7787732571163654,green_sea_turtle,Chelonia mydas,random_forest
940:2848,4.05,104.85,0.7787732571163654,green_sea_turtle,Chelonia mydas,random_forest
940:2900,4.05,110.05,0.018347031415146355,green_sea_turtle,Chelonia mydas,random_forest
940:2901,4.05,110.15,0.018347031415146355,green_sea_turtle,Chelonia mydas,random_forest
940:2902,4.05,110.25,0.018347031415146355,green_sea_turtle,Chelonia mydas,random_forest
940:2903,4.05,110.35,0.018347031415146355,green_sea_turtle,Chelonia mydas,random_forest
940:2904,4.05,110.45,0.018347031415146355,green_sea_turtle,Chelonia mydas,random_forest
940:2905,4.05,110.55,0.018347031415146355,green_sea_turtle,Chelonia mydas,random_forest
940:2906,4.05,110.65,0.018347031415146355,green_sea_turtle,Chelonia mydas,random_forest
940:2907,4.05,110.75,0.017917440240584382,green_sea_turtle,Chelonia mydas,random_forest
940:2908,4.05,110.85,0.017917440240584382,green_sea_turtle,Chelonia mydas,random_forest
940:2909,4.05,110.95,0.017917440240584382,green_sea_turtle,Chelonia mydas,random_forest
940:2910,4.05,111.05,0.017917440240584382,green_sea_turtle,Chelonia mydas,random_forest
940:2911,4.05,111.15,0.017917440240584382,green_sea_turtle,Chelonia mydas,random_forest
940:2912,4.05,111.25,0.018979763090019204,green_sea_turtle,Chelonia mydas,random_forest
940:2913,4.05,111.35,0.018979763090019204,green_sea_turtle,Chelonia mydas,random_forest
940:2914,4.05,111.45,0.01857793660600094,green_sea_turtle,Chelonia mydas,random_forest
940:2915,4.05,111.55,0.04493723853408338,green_sea_turtle,Chelonia mydas,random_forest
940:2916,4.05,111.65,0.048172483954675285,green_sea_turtle,Chelonia mydas,random_forest
940:2917,4.05,111.75,0.04699220731933981,green_sea_turtle,Chelonia mydas,random_forest
940:2918,4.05,111.85,0.04436881193030241,green_sea_turtle,Chelonia mydas,random_forest
940:2919,4.05,111.95,0.04475787676555361,green_sea_turtle,Chelonia mydas,random_forest
940:2920,4.05,112.05,0.038371668958587304,green_sea_turtle,Chelonia mydas,random_forest
940:2921,4.05,112.15,0.030050753939113956,green_sea_turtle,Chelonia mydas,random_forest
940:2922,4.05,112.25,0.03211120335166057,green_sea_turtle,Chelonia mydas,random_forest
940:2923,4.05,112.35,0.03048187216713196,green_sea_turtle,Chelonia mydas,random_forest
940:2924,4.05,112.45,0.02831649346419025,green_sea_turtle,Chelonia mydas,random_forest
940:2925,4.05,112.55,0.03662552738423225,green_sea_turtle,Chelonia mydas,random_forest
940:2926,4.05,112.65,0.03936888732463379,green_sea_turtle,Chelonia mydas,random_forest
940:2927,4.05,112.75,0.045662076835208565,green_sea_turtle,Chelonia mydas,random_forest
940:2928,4.05,112.85,0.0463771150554524,green_sea_turtle,Chelonia mydas,random_forest
940:2929,4.05,112.95,0.04276394559242037,green_sea_turtle,Chelonia mydas,random_forest
940:2930,4.05,113.05,0.05453218109832527,green_sea_turtle,Chelonia mydas,random_forest
940:2931,4.05,113.15,0.05682650620262701,green_sea_turtle,Chelonia mydas,random_forest
940:2932,4.05,113.25,0.0628645894028135,green_sea_turtle,Chelonia mydas,random_forest
940:2933,4.05,113.35,0.06384925032405833,green_sea_turtle,Chelonia mydas,random_forest
940:2934,4.05,113.45,0.07574828400297388,green_sea_turtle,Chelonia mydas,random_forest
940:2935,4.05,113.55,0.08661800686039792,green_sea_turtle,Chelonia mydas,random_forest
940:2936,4.05,113.65,0.12401737892479016,green_sea_turtle,Chelonia mydas,random_forest
940:2937,4.05,113.75,0.12768797114315075,green_sea_turtle,Chelonia mydas,random_forest
940:2982,4.05,118.25,0.053189678745888175,green_sea_turtle,Chelonia mydas,random_forest
940:2983,4.05,118.35,0.053189678745888175,green_sea_turtle,Chelonia mydas,random_forest
940:2984,4.05,118.45,0.053189678745888175,green_sea_turtle,Chelonia mydas,random_forest
940:2985,4.05,118.55,0.0504576619420591,green_sea_turtle,Chelonia mydas,random_forest
940:2986,4.05,118.65,0.0504576619420591,green_sea_turtle,Chelonia mydas,random_forest
940:2987,4.05,118.75,0.0504576619420591,green_sea_turtle,Chelonia mydas,random_forest
940:2988,4.05,118.85,0.04950475335480148,green_sea_turtle,Chelonia mydas,random_forest
940:2989,4.05,118.95,0.04950475335480148,green_sea_turtle,Chelonia mydas,random_forest
940:2990,4.05,119.05,0.04950475335480148,green_sea_turtle,Chelonia mydas,random_forest
940:2991,4.05,119.15,0.04950475335480148,green_sea_turtle,Chelonia mydas,random_forest
941:2796,4.15,99.65,0.06074470713804939,green_sea_turtle,Chelonia mydas,random_forest
941:2797,4.15,99.75,0.06074470713804939,green_sea_turtle,Chelonia mydas,random_forest
941:2798,4.15,99.85,0.06074470713804939,green_sea_turtle,Chelonia mydas,random_forest
941:2799,4.15,99.95,0.06074470713804939,green_sea_turtle,Chelonia mydas,random_forest
941:2800,4.15,100.05,0.06074470713804939,green_sea_turtle,Chelonia mydas,random_forest
941:2801,4.15,100.15,0.06074470713804939,green_sea_turtle,Chelonia mydas,random_forest
941:2802,4.15,100.25,0.06074470713804939,green_sea_turtle,Chelonia mydas,random_forest
941:2803,4.15,100.35,0.06074470713804939,green_sea_turtle,Chelonia mydas,random_forest
941:2804,4.15,100.45,0.06074470713804939,green_sea_turtle,Chelonia mydas,random_forest
941:2805,4.15,100.55,0.06074470713804939,green_sea_turtle,Chelonia mydas,random_forest
941:2806,4.15,100.65,0.06074470713804939,green_sea_turtle,Chelonia mydas,random_forest
941:2834,4.15,103.45,0.8822440771471772,green_sea_turtle,Chelonia mydas,random_forest
941:2835,4.15,103.55,0.8146001599885859,green_sea_turtle,Chelonia mydas,random_forest
941:2836,4.15,103.65,0.723377440971894,green_sea_turtle,Chelonia mydas,random_forest
941:2837,4.15,103.75,0.7261030788472957,green_sea_turtle,Chelonia mydas,random_forest
941:2838,4.15,103.85,0.7491408463500789,green_sea_turtle,Chelonia mydas,random_forest
941:2839,4.15,103.95,0.7826336644293227,green_sea_turtle,Chelonia mydas,random_forest
941:2840,4.15,104.05,0.7036959890175147,green_sea_turtle,Chelonia mydas,random_forest
941:2841,4.15,104.15,0.6899938933469739,green_sea_turtle,Chelonia mydas,random_forest
941:2842,4.15,104.25,0.7499200371602828,green_sea_turtle,Chelonia mydas,random_forest
941:2843,4.15,104.35,0.7813648010202927,green_sea_turtle,Chelonia mydas,random_forest
941:2844,4.15,104.45,0.7677583923593045,green_sea_turtle,Chelonia mydas,random_forest
941:2845,4.15,104.55,0.8265540345612651,green_sea_turtle,Chelonia mydas,random_forest
941:2846,4.15,104.65,0.8239176497750474,green_sea_turtle,Chelonia mydas,random_forest
941:2847,4.15,104.75,0.8075851293158309,green_sea_turtle,Chelonia mydas,random_forest
941:2848,4.15,104.85,0.8059278034551425,green_sea_turtle,Chelonia mydas,random_forest
941:2900,4.15,110.05,0.012914079528415064,green_sea_turtle,Chelonia mydas,random_forest
941:2901,4.15,110.15,0.012914079528415064,green_sea_turtle,Chelonia mydas,random_forest
941:2902,4.15,110.25,0.012914079528415064,green_sea_turtle,Chelonia mydas,random_forest
941:2903,4.15,110.35,0.012914079528415064,green_sea_turtle,Chelonia mydas,random_forest
941:2904,4.15,110.45,0.012914079528415064,green_sea_turtle,Chelonia mydas,random_forest
941:2905,4.15,110.55,0.012914079528415064,green_sea_turtle,Chelonia mydas,random_forest
941:2906,4.15,110.65,0.012914079528415064,green_sea_turtle,Chelonia mydas,random_forest
941:2907,4.15,110.75,0.012484488353853091,green_sea_turtle,Chelonia mydas,random_forest
941:2908,4.15,110.85,0.012484488353853091,green_sea_turtle,Chelonia mydas,random_forest
941:2909,4.15,110.95,0.012484488353853091,green_sea_turtle,Chelonia mydas,random_forest
941:2910,4.15,111.05,0.012484488353853091,green_sea_turtle,Chelonia mydas,random_forest
941:2911,4.15,111.15,0.012484488353853091,green_sea_turtle,Chelonia mydas,random_forest
941:2912,4.15,111.25,0.013546811203287917,green_sea_turtle,Chelonia mydas,random_forest
941:2913,4.15,111.35,0.013546811203287917,green_sea_turtle,Chelonia mydas,random_forest
941:2914,4.15,111.45,0.013144984719269651,green_sea_turtle,Chelonia mydas,random_forest
941:2915,4.15,111.55,0.04067066142843791,green_sea_turtle,Chelonia mydas,random_forest
941:2916,4.15,111.65,0.04390590684902983,green_sea_turtle,Chelonia mydas,random_forest
941:2917,4.15,111.75,0.04272563021369435,green_sea_turtle,Chelonia mydas,random_forest
941:2918,4.15,111.85,0.04081312591376586,green_sea_turtle,Chelonia mydas,random_forest
941:2919,4.15,111.95,0.04144733133352644,green_sea_turtle,Chelonia mydas,random_forest
941:2920,4.15,112.05,0.035061123526560135,green_sea_turtle,Chelonia mydas,random_forest
941:2921,4.15,112.15,0.026740208507086777,green_sea_turtle,Chelonia mydas,random_forest
941:2922,4.15,112.25,0.028800657919633387,green_sea_turtle,Chelonia mydas,random_forest
941:2923,4.15,112.35,0.027171326735104778,green_sea_turtle,Chelonia mydas,random_forest
941:2924,4.15,112.45,0.025005948032163067,green_sea_turtle,Chelonia mydas,random_forest
941:2925,4.15,112.55,0.033314981952205065,green_sea_turtle,Chelonia mydas,random_forest
941:2926,4.15,112.65,0.036058341892606614,green_sea_turtle,Chelonia mydas,random_forest
941:2927,4.15,112.75,0.040940016037586194,green_sea_turtle,Chelonia mydas,random_forest
941:2928,4.15,112.85,0.04094416316872111,green_sea_turtle,Chelonia mydas,random_forest
941:2929,4.15,112.95,0.0373309937056891,green_sea_turtle,Chelonia mydas,random_forest
941:2930,4.15,113.05,0.04909922921159399,green_sea_turtle,Chelonia mydas,random_forest
941:2931,4.15,113.15,0.05139355431589573,green_sea_turtle,Chelonia mydas,random_forest
941:2932,4.15,113.25,0.05743163751608223,green_sea_turtle,Chelonia mydas,random_forest
941:2933,4.15,113.35,0.058416298437327055,green_sea_turtle,Chelonia mydas,random_forest
941:2934,4.15,113.45,0.07031533211624258,green_sea_turtle,Chelonia mydas,random_forest
941:2935,4.15,113.55,0.08118505497366664,green_sea_turtle,Chelonia mydas,random_forest
941:2936,4.15,113.65,0.11858442703805891,green_sea_turtle,Chelonia mydas,random_forest
941:2937,4.15,113.75,0.12225501925641949,green_sea_turtle,Chelonia mydas,random_forest
941:2980,4.15,118.05,0.047756726859156884,green_sea_turtle,Chelonia mydas,random_forest
941:2981,4.15,118.15,0.047756726859156884,green_sea_turtle,Chelonia mydas,random_forest
941:2982,4.15,118.25,0.047756726859156884,green_sea_turtle,Chelonia mydas,random_forest
941:2983,4.15,118.35,0.047756726859156884,green_sea_turtle,Chelonia mydas,random_forest
941:2984,4.15,118.45,0.047756726859156884,green_sea_turtle,Chelonia mydas,random_forest
941:2985,4.15,118.55,0.045024710055327814,green_sea_turtle,Chelonia mydas,random_forest
941:2986,4.15,118.65,0.045024710055327814,green_sea_turtle,Chelonia mydas,random_forest
941:2987,4.15,118.75,0.045024710055327814,green_sea_turtle,Chelonia mydas,random_forest
941:2988,4.15,118.85,0.0440718014680702,green_sea_turtle,Chelonia mydas,random_forest
941:2989,4.15,118.95,0.0440718014680702,green_sea_turtle,Chelonia mydas,random_forest
941:2990,4.15,119.05,0.0440718014680702,green_sea_turtle,Chelonia mydas,random_forest
941:2991,4.15,119.15,0.0440718014680702,green_sea_turtle,Chelonia mydas,random_forest
942:2794,4.25,99.45,0.058458973744880634,green_sea_turtle,Chelonia mydas,random_forest
942:2795,4.25,99.55,0.058458973744880634,green_sea_turtle,Chelonia mydas,random_forest
942:2796,4.25,99.65,0.058458973744880634,green_sea_turtle,Chelonia mydas,random_forest
942:2797,4.25,99.75,0.058458973744880634,green_sea_turtle,Chelonia mydas,random_forest
942:2798,4.25,99.85,0.058458973744880634,green_sea_turtle,Chelonia mydas,random_forest
942:2799,4.25,99.95,0.058458973744880634,green_sea_turtle,Chelonia mydas,random_forest
942:2800,4.25,100.05,0.058458973744880634,green_sea_turtle,Chelonia mydas,random_forest
942:2801,4.25,100.15,0.058458973744880634,green_sea_turtle,Chelonia mydas,random_forest
942:2802,4.25,100.25,0.058458973744880634,green_sea_turtle,Chelonia mydas,random_forest
942:2803,4.25,100.35,0.058458973744880634,green_sea_turtle,Chelonia mydas,random_forest
942:2804,4.25,100.45,0.058458973744880634,green_sea_turtle,Chelonia mydas,random_forest
942:2806,4.25,100.65,0.058458973744880634,green_sea_turtle,Chelonia mydas,random_forest
942:2835,4.25,103.55,0.8088600836833107,green_sea_turtle,Chelonia mydas,random_forest
942:2836,4.25,103.65,0.7210764473939181,green_sea_turtle,Chelonia mydas,random_forest
942:2837,4.25,103.75,0.7247162892153476,green_sea_turtle,Chelonia mydas,random_forest
942:2838,4.25,103.85,0.7485312429168192,green_sea_turtle,Chelonia mydas,random_forest
942:2839,4.25,103.95,0.7816522965933186,green_sea_turtle,Chelonia mydas,random_forest
942:2840,4.25,104.05,0.703472813402795,green_sea_turtle,Chelonia mydas,random_forest
942:2841,4.25,104.15,0.6927665288118491,green_sea_turtle,Chelonia mydas,random_forest
942:2842,4.25,104.25,0.7574710053366964,green_sea_turtle,Chelonia mydas,random_forest
942:2843,4.25,104.35,0.7874035319522656,green_sea_turtle,Chelonia mydas,random_forest
942:2844,4.25,104.45,0.772151395353279,green_sea_turtle,Chelonia mydas,random_forest
942:2845,4.25,104.55,0.8180572039509358,green_sea_turtle,Chelonia mydas,random_forest
942:2846,4.25,104.65,0.8116237529099011,green_sea_turtle,Chelonia mydas,random_forest
942:2847,4.25,104.75,0.7954883154097662,green_sea_turtle,Chelonia mydas,random_forest
942:2848,4.25,104.85,0.7938309895490777,green_sea_turtle,Chelonia mydas,random_forest
942:2849,4.25,104.95,0.679943336159052,green_sea_turtle,Chelonia mydas,random_forest
942:2900,4.25,110.05,0.007878815855432663,green_sea_turtle,Chelonia mydas,random_forest
942:2901,4.25,110.15,0.007878815855432663,green_sea_turtle,Chelonia mydas,random_forest
942:2902,4.25,110.25,0.007878815855432663,green_sea_turtle,Chelonia mydas,random_forest
942:2903,4.25,110.35,0.007878815855432663,green_sea_turtle,Chelonia mydas,random_forest
942:2904,4.25,110.45,0.007878815855432663,green_sea_turtle,Chelonia mydas,random_forest
942:2905,4.25,110.55,0.007878815855432663,green_sea_turtle,Chelonia mydas,random_forest
942:2906,4.25,110.65,0.007878815855432663,green_sea_turtle,Chelonia mydas,random_forest
942:2907,4.25,110.75,0.007449224680870691,green_sea_turtle,Chelonia mydas,random_forest
942:2908,4.25,110.85,0.007449224680870691,green_sea_turtle,Chelonia mydas,random_forest
942:2909,4.25,110.95,0.007449224680870691,green_sea_turtle,Chelonia mydas,random_forest
942:2910,4.25,111.05,0.007449224680870691,green_sea_turtle,Chelonia mydas,random_forest
942:2911,4.25,111.15,0.007449224680870691,green_sea_turtle,Chelonia mydas,random_forest
942:2912,4.25,111.25,0.008511547530305518,green_sea_turtle,Chelonia mydas,random_forest
942:2913,4.25,111.35,0.008511547530305518,green_sea_turtle,Chelonia mydas,random_forest
942:2914,4.25,111.45,0.008109721046287252,green_sea_turtle,Chelonia mydas,random_forest
942:2915,4.25,111.55,0.03695826330992068,green_sea_turtle,Chelonia mydas,random_forest
942:2916,4.25,111.65,0.04019350873051259,green_sea_turtle,Chelonia mydas,random_forest
942:2917,4.25,111.75,0.03901323209517711,green_sea_turtle,Chelonia mydas,random_forest
942:2918,4.25,111.85,0.038677992448889836,green_sea_turtle,Chelonia mydas,random_forest
942:2919,4.25,111.95,0.04028071361077935,green_sea_turtle,Chelonia mydas,random_forest
942:2920,4.25,112.05,0.03257164024934789,green_sea_turtle,Chelonia mydas,random_forest
942:2921,4.25,112.15,0.02519157804968195,green_sea_turtle,Chelonia mydas,random_forest
942:2922,4.25,112.25,0.029798340420432654,green_sea_turtle,Chelonia mydas,random_forest
942:2923,4.25,112.35,0.028631194109853625,green_sea_turtle,Chelonia mydas,random_forest
942:2924,4.25,112.45,0.02646581540691192,green_sea_turtle,Chelonia mydas,random_forest
942:2925,4.25,112.55,0.033806333584824974,green_sea_turtle,Chelonia mydas,random_forest
942:2926,4.25,112.65,0.03654969352522652,green_sea_turtle,Chelonia mydas,random_forest
942:2927,4.25,112.75,0.041431367670206116,green_sea_turtle,Chelonia mydas,random_forest
942:2928,4.25,112.85,0.041435514801341035,green_sea_turtle,Chelonia mydas,random_forest
942:2929,4.25,112.95,0.035986370148784544,green_sea_turtle,Chelonia mydas,random_forest
942:2930,4.25,113.05,0.04681375283488202,green_sea_turtle,Chelonia mydas,random_forest
942:2931,4.25,113.15,0.04910807793918376,green_sea_turtle,Chelonia mydas,random_forest
942:2932,4.25,113.25,0.05655608435260121,green_sea_turtle,Chelonia mydas,random_forest
942:2933,4.25,113.35,0.05754074527384603,green_sea_turtle,Chelonia mydas,random_forest
942:2934,4.25,113.45,0.07038884061495995,green_sea_turtle,Chelonia mydas,random_forest
942:2935,4.25,113.55,0.081258563472384,green_sea_turtle,Chelonia mydas,random_forest
942:2936,4.25,113.65,0.1203762317613648,green_sea_turtle,Chelonia mydas,random_forest
942:2937,4.25,113.75,0.12404682397972538,green_sea_turtle,Chelonia mydas,random_forest
942:2938,4.25,113.85,0.13916084088997488,green_sea_turtle,Chelonia mydas,random_forest
942:2975,4.25,117.55,0.04908634670851325,green_sea_turtle,Chelonia mydas,random_forest
942:2976,4.25,117.65,0.04908634670851325,green_sea_turtle,Chelonia mydas,random_forest
942:2978,4.25,117.85,0.04908634670851325,green_sea_turtle,Chelonia mydas,random_forest
942:2981,4.25,118.15,0.04908634670851325,green_sea_turtle,Chelonia mydas,random_forest
942:2982,4.25,118.25,0.04908634670851325,green_sea_turtle,Chelonia mydas,random_forest
942:2983,4.25,118.35,0.04908634670851325,green_sea_turtle,Chelonia mydas,random_forest
942:2984,4.25,118.45,0.04908634670851325,green_sea_turtle,Chelonia mydas,random_forest
942:2985,4.25,118.55,0.04635432990468419,green_sea_turtle,Chelonia mydas,random_forest
942:2986,4.25,118.65,0.04635432990468419,green_sea_turtle,Chelonia mydas,random_forest
942:2987,4.25,118.75,0.04635432990468419,green_sea_turtle,Chelonia mydas,random_forest
942:2988,4.25,118.85,0.04540142131742657,green_sea_turtle,Chelonia mydas,random_forest
942:2989,4.25,118.95,0.04540142131742657,green_sea_turtle,Chelonia mydas,random_forest
942:2990,4.25,119.05,0.04540142131742657,green_sea_turtle,Chelonia mydas,random_forest
943:2793,4.35,99.35,0.049935562997807215,green_sea_turtle,Chelonia mydas,random_forest
943:2794,4.35,99.45,0.049935562997807215,green_sea_turtle,Chelonia mydas,random_forest
943:2795,4.35,99.55,0.049935562997807215,green_sea_turtle,Chelonia mydas,random_forest
943:2796,4.35,99.65,0.049935562997807215,green_sea_turtle,Chelonia mydas,random_forest
943:2797,4.35,99.75,0.049935562997807215,green_sea_turtle,Chelonia mydas,random_forest
943:2798,4.35,99.85,0.049935562997807215,green_sea_turtle,Chelonia mydas,random_forest
943:2799,4.35,99.95,0.049935562997807215,green_sea_turtle,Chelonia mydas,random_forest
943:2800,4.35,100.05,0.049935562997807215,green_sea_turtle,Chelonia mydas,random_forest
943:2801,4.35,100.15,0.049935562997807215,green_sea_turtle,Chelonia mydas,random_forest
943:2802,4.35,100.25,0.049935562997807215,green_sea_turtle,Chelonia mydas,random_forest
943:2803,4.35,100.35,0.049935562997807215,green_sea_turtle,Chelonia mydas,random_forest
943:2804,4.35,100.45,0.049935562997807215,green_sea_turtle,Chelonia mydas,random_forest
943:2805,4.35,100.55,0.049935562997807215,green_sea_turtle,Chelonia mydas,random_forest
943:2835,4.35,103.55,0.7938083016515728,green_sea_turtle,Chelonia mydas,random_forest
943:2836,4.35,103.65,0.7068031327384545,green_sea_turtle,Chelonia mydas,random_forest
943:2837,4.35,103.75,0.7109023632975857,green_sea_turtle,Chelonia mydas,random_forest
943:2838,4.35,103.85,0.7358632901382365,green_sea_turtle,Chelonia mydas,random_forest
943:2839,4.35,103.95,0.769753642661407,green_sea_turtle,Chelonia mydas,random_forest
943:2840,4.35,104.05,0.6921456865136048,green_sea_turtle,Chelonia mydas,random_forest
943:2841,4.35,104.15,0.6814394019226591,green_sea_turtle,Chelonia mydas,random_forest
943:2842,4.35,104.25,0.7461438784475064,green_sea_turtle,Chelonia mydas,random_forest
943:2843,4.35,104.35,0.7760764050630754,green_sea_turtle,Chelonia mydas,random_forest
943:2844,4.35,104.45,0.7596413775980713,green_sea_turtle,Chelonia mydas,random_forest
943:2845,4.35,104.55,0.8024845582269369,green_sea_turtle,Chelonia mydas,random_forest
943:2846,4.35,104.65,0.792059751934709,green_sea_turtle,Chelonia mydas,random_forest
943:2847,4.35,104.75,0.7758384318000906,green_sea_turtle,Chelonia mydas,random_forest
943:2848,4.35,104.85,0.7729619402165602,green_sea_turtle,Chelonia mydas,random_forest
943:2849,4.35,104.95,0.6691834061726769,green_sea_turtle,Chelonia mydas,random_forest
943:2900,4.35,110.05,0.011092627394040154,green_sea_turtle,Chelonia mydas,random_forest
943:2901,4.35,110.15,0.011092627394040154,green_sea_turtle,Chelonia mydas,random_forest
943:2902,4.35,110.25,0.011092627394040154,green_sea_turtle,Chelonia mydas,random_forest
943:2903,4.35,110.35,0.011092627394040154,green_sea_turtle,Chelonia mydas,random_forest
943:2904,4.35,110.45,0.011092627394040154,green_sea_turtle,Chelonia mydas,random_forest
943:2905,4.35,110.55,0.011092627394040154,green_sea_turtle,Chelonia mydas,random_forest
943:2906,4.35,110.65,0.011092627394040154,green_sea_turtle,Chelonia mydas,random_forest
943:2907,4.35,110.75,0.010663036219478181,green_sea_turtle,Chelonia mydas,random_forest
943:2908,4.35,110.85,0.010663036219478181,green_sea_turtle,Chelonia mydas,random_forest
943:2909,4.35,110.95,0.010663036219478181,green_sea_turtle,Chelonia mydas,random_forest
943:2910,4.35,111.05,0.010663036219478181,green_sea_turtle,Chelonia mydas,random_forest
943:2911,4.35,111.15,0.010663036219478181,green_sea_turtle,Chelonia mydas,random_forest
943:2912,4.35,111.25,0.011725359068913005,green_sea_turtle,Chelonia mydas,random_forest
943:2913,4.35,111.35,0.011725359068913005,green_sea_turtle,Chelonia mydas,random_forest
943:2914,4.35,111.45,0.011323532584894741,green_sea_turtle,Chelonia mydas,random_forest
943:2915,4.35,111.55,0.042015221406081875,green_sea_turtle,Chelonia mydas,random_forest
943:2916,4.35,111.65,0.04581799094242942,green_sea_turtle,Chelonia mydas,random_forest
943:2917,4.35,111.75,0.04463771430709394,green_sea_turtle,Chelonia mydas,random_forest
943:2918,4.35,111.85,0.04430247466080667,green_sea_turtle,Chelonia mydas,random_forest
943:2919,4.35,111.95,0.045905195822696185,green_sea_turtle,Chelonia mydas,random_forest
943:2920,4.35,112.05,0.041308880310953054,green_sea_turtle,Chelonia mydas,random_forest
943:2921,4.35,112.15,0.03392881811128713,green_sea_turtle,Chelonia mydas,random_forest
943:2922,4.35,112.25,0.038535580482037826,green_sea_turtle,Chelonia mydas,random_forest
943:2923,4.35,112.35,0.037368434171458804,green_sea_turtle,Chelonia mydas,random_forest
943:2924,4.35,112.45,0.03347395099090515,green_sea_turtle,Chelonia mydas,random_forest
943:2925,4.35,112.55,0.03946831532266437,green_sea_turtle,Chelonia mydas,random_forest
943:2926,4.35,112.65,0.04221167526306591,green_sea_turtle,Chelonia mydas,random_forest
943:2927,4.35,112.75,0.048733587267312105,green_sea_turtle,Chelonia mydas,random_forest
943:2928,4.35,112.85,0.04873773439844702,green_sea_turtle,Chelonia mydas,random_forest
943:2929,4.35,112.95,0.04328858974589053,green_sea_turtle,Chelonia mydas,random_forest
943:2930,4.35,113.05,0.052835669401684965,green_sea_turtle,Chelonia mydas,random_forest
943:2931,4.35,113.15,0.0551299945059867,green_sea_turtle,Chelonia mydas,random_forest
943:2932,4.35,113.25,0.06257800091940417,green_sea_turtle,Chelonia mydas,random_forest
943:2933,4.35,113.35,0.06356266184064899,green_sea_turtle,Chelonia mydas,random_forest
943:2934,4.35,113.45,0.0764107571817629,green_sea_turtle,Chelonia mydas,random_forest
943:2935,4.35,113.55,0.08745110579852135,green_sea_turtle,Chelonia mydas,random_forest
943:2936,4.35,113.65,0.1265687740875022,green_sea_turtle,Chelonia mydas,random_forest
943:2937,4.35,113.75,0.13023936630586275,green_sea_turtle,Chelonia mydas,random_forest
943:2938,4.35,113.85,0.14535338321611227,green_sea_turtle,Chelonia mydas,random_forest
943:2939,4.35,113.95,0.1505965481771173,green_sea_turtle,Chelonia mydas,random_forest
943:2976,4.35,117.65,0.05351473507814554,green_sea_turtle,Chelonia mydas,random_forest
943:2985,4.35,118.55,0.05078271827431648,green_sea_turtle,Chelonia mydas,random_forest
943:2986,4.35,118.65,0.05078271827431648,green_sea_turtle,Chelonia mydas,random_forest
943:2987,4.35,118.75,0.05078271827431648,green_sea_turtle,Chelonia mydas,random_forest
943:2988,4.35,118.85,0.049829809687058864,green_sea_turtle,Chelonia mydas,random_forest
943:2989,4.35,118.95,0.049829809687058864,green_sea_turtle,Chelonia mydas,random_forest
943:2990,4.35,119.05,0.049829809687058864,green_sea_turtle,Chelonia mydas,random_forest
944:2792,4.45,99.25,0.038974031429647935,green_sea_turtle,Chelonia mydas,random_forest
944:2793,4.45,99.35,0.038974031429647935,green_sea_turtle,Chelonia mydas,random_forest
944:2794,4.45,99.45,0.038974031429647935,green_sea_turtle,Chelonia mydas,random_forest
944:2795,4.45,99.55,0.038974031429647935,green_sea_turtle,Chelonia mydas,random_forest
944:2796,4.45,99.65,0.038974031429647935,green_sea_turtle,Chelonia mydas,random_forest
944:2797,4.45,99.75,0.038974031429647935,green_sea_turtle,Chelonia mydas,random_forest
944:2798,4.45,99.85,0.038974031429647935,green_sea_turtle,Chelonia mydas,random_forest
944:2799,4.45,99.95,0.038974031429647935,green_sea_turtle,Chelonia mydas,random_forest
944:2800,4.45,100.05,0.038974031429647935,green_sea_turtle,Chelonia mydas,random_forest
944:2801,4.45,100.15,0.038974031429647935,green_sea_turtle,Chelonia mydas,random_forest
944:2802,4.45,100.25,0.038974031429647935,green_sea_turtle,Chelonia mydas,random_forest
944:2803,4.45,100.35,0.038974031429647935,green_sea_turtle,Chelonia mydas,random_forest
944:2804,4.45,100.45,0.038974031429647935,green_sea_turtle,Chelonia mydas,random_forest
944:2805,4.45,100.55,0.038974031429647935,green_sea_turtle,Chelonia mydas,random_forest
944:2834,4.45,103.45,0.808109974040881,green_sea_turtle,Chelonia mydas,random_forest
944:2835,4.45,103.55,0.7348380133285637,green_sea_turtle,Chelonia mydas,random_forest
944:2836,4.45,103.65,0.6454073181985198,green_sea_turtle,Chelonia mydas,random_forest
944:2837,4.45,103.75,0.6483808655326035,green_sea_turtle,Chelonia mydas,random_forest
944:2838,4.45,103.85,0.6726739894589957,green_sea_turtle,Chelonia mydas,random_forest
944:2839,4.45,103.95,0.70199277747433,green_sea_turtle,Chelonia mydas,random_forest
944:2840,4.45,104.05,0.5949754439788515,green_sea_turtle,Chelonia mydas,random_forest
944:2841,4.45,104.15,0.5863532350325347,green_sea_turtle,Chelonia mydas,random_forest
944:2842,4.45,104.25,0.651859985967328,green_sea_turtle,Chelonia mydas,random_forest
944:2843,4.45,104.35,0.6748959166424588,green_sea_turtle,Chelonia mydas,random_forest
944:2844,4.45,104.45,0.6522268975694715,green_sea_turtle,Chelonia mydas,random_forest
944:2845,4.45,104.55,0.6932520908517747,green_sea_turtle,Chelonia mydas,random_forest
944:2846,4.45,104.65,0.6824207496029255,green_sea_turtle,Chelonia mydas,random_forest
944:2847,4.45,104.75,0.6672828005235492,green_sea_turtle,Chelonia mydas,random_forest
944:2848,4.45,104.85,0.6654452420835143,green_sea_turtle,Chelonia mydas,random_forest
944:2849,4.45,104.95,0.5737471286327995,green_sea_turtle,Chelonia mydas,random_forest
944:2850,4.45,105.05,0.5747009544248114,green_sea_turtle,Chelonia mydas,random_forest
944:2900,4.45,110.05,0.00944823360864197,green_sea_turtle,Chelonia mydas,random_forest
944:2901,4.45,110.15,0.00944823360864197,green_sea_turtle,Chelonia mydas,random_forest
944:2902,4.45,110.25,0.00944823360864197,green_sea_turtle,Chelonia mydas,random_forest
944:2903,4.45,110.35,0.00944823360864197,green_sea_turtle,Chelonia mydas,random_forest
944:2904,4.45,110.45,0.00944823360864197,green_sea_turtle,Chelonia mydas,random_forest
944:2905,4.45,110.55,0.00944823360864197,green_sea_turtle,Chelonia mydas,random_forest
944:2906,4.45,110.65,0.00944823360864197,green_sea_turtle,Chelonia mydas,random_forest
944:2907,4.45,110.75,0.009018642434079998,green_sea_turtle,Chelonia mydas,random_forest
944:2908,4.45,110.85,0.009018642434079998,green_sea_turtle,Chelonia mydas,random_forest
944:2909,4.45,110.95,0.009774197989635552,green_sea_turtle,Chelonia mydas,random_forest
944:2910,4.45,111.05,0.009774197989635552,green_sea_turtle,Chelonia mydas,random_forest
944:2911,4.45,111.15,0.009774197989635552,green_sea_turtle,Chelonia mydas,random_forest
944:2912,4.45,111.25,0.01083652083907038,green_sea_turtle,Chelonia mydas,random_forest
944:2913,4.45,111.35,0.01083652083907038,green_sea_turtle,Chelonia mydas,random_forest
944:2914,4.45,111.45,0.010434694355052114,green_sea_turtle,Chelonia mydas,random_forest
944:2915,4.45,111.55,0.04112638317623925,green_sea_turtle,Chelonia mydas,random_forest
944:2916,4.45,111.65,0.04609544484741826,green_sea_turtle,Chelonia mydas,random_forest
944:2917,4.45,111.75,0.04491516821208277,green_sea_turtle,Chelonia mydas,random_forest
944:2918,4.45,111.85,0.0445799285657955,green_sea_turtle,Chelonia mydas,random_forest
944:2919,4.45,111.95,0.04618264972768501,green_sea_turtle,Chelonia mydas,random_forest
944:2920,4.45,112.05,0.04158633421594189,green_sea_turtle,Chelonia mydas,random_forest
944:2921,4.45,112.15,0.03420627201627596,green_sea_turtle,Chelonia mydas,random_forest
944:2922,4.45,112.25,0.037646742252195206,green_sea_turtle,Chelonia mydas,random_forest
944:2923,4.45,112.35,0.03711077464884051,green_sea_turtle,Chelonia mydas,random_forest
944:2924,4.45,112.45,0.03467235841389355,green_sea_turtle,Chelonia mydas,random_forest
944:2925,4.45,112.55,0.042267218255098424,green_sea_turtle,Chelonia mydas,random_forest
944:2926,4.45,112.65,0.045010578195499966,green_sea_turtle,Chelonia mydas,random_forest
944:2927,4.45,112.75,0.05153249019974615,green_sea_turtle,Chelonia mydas,random_forest
944:2928,4.45,112.85,0.05153663733088107,green_sea_turtle,Chelonia mydas,random_forest
944:2929,4.45,112.95,0.04608749267832457,green_sea_turtle,Chelonia mydas,random_forest
944:2930,4.45,113.05,0.05563457233411901,green_sea_turtle,Chelonia mydas,random_forest
944:2931,4.45,113.15,0.05792889743842076,green_sea_turtle,Chelonia mydas,random_forest
944:2932,4.45,113.25,0.06537690385183823,green_sea_turtle,Chelonia mydas,random_forest
944:2933,4.45,113.35,0.06636156477308303,green_sea_turtle,Chelonia mydas,random_forest
944:2934,4.45,113.45,0.08035439695630221,green_sea_turtle,Chelonia mydas,random_forest
944:2935,4.45,113.55,0.09076356686583634,green_sea_turtle,Chelonia mydas,random_forest
944:2936,4.45,113.65,0.13214327844543095,green_sea_turtle,Chelonia mydas,random_forest
944:2937,4.45,113.75,0.13581387066379155,green_sea_turtle,Chelonia mydas,random_forest
944:2938,4.45,113.85,0.15092788757404105,green_sea_turtle,Chelonia mydas,random_forest
944:2939,4.45,113.95,0.15617105253504607,green_sea_turtle,Chelonia mydas,random_forest
944:2986,4.45,118.65,0.054756727122799574,green_sea_turtle,Chelonia mydas,random_forest
944:2987,4.45,118.75,0.054756727122799574,green_sea_turtle,Chelonia mydas,random_forest
944:2988,4.45,118.85,0.053803818535541954,green_sea_turtle,Chelonia mydas,random_forest
944:2989,4.45,118.95,0.053803818535541954,green_sea_turtle,Chelonia mydas,random_forest
944:2990,4.45,119.05,0.053803818535541954,green_sea_turtle,Chelonia mydas,random_forest
945:2791,4.55,99.15,0.043465393433639324,green_sea_turtle,Chelonia mydas,random_forest
945:2792,4.55,99.25,0.043465393433639324,green_sea_turtle,Chelonia mydas,random_forest
945:2793,4.55,99.35,0.043465393433639324,green_sea_turtle,Chelonia mydas,random_forest
945:2794,4.55,99.45,0.043465393433639324,green_sea_turtle,Chelonia mydas,random_forest
945:2795,4.55,99.55,0.043465393433639324,green_sea_turtle,Chelonia mydas,random_forest
945:2796,4.55,99.65,0.043465393433639324,green_sea_turtle,Chelonia mydas,random_forest
945:2797,4.55,99.75,0.043465393433639324,green_sea_turtle,Chelonia mydas,random_forest
945:2798,4.55,99.85,0.043465393433639324,green_sea_turtle,Chelonia mydas,random_forest
945:2799,4.55,99.95,0.043465393433639324,green_sea_turtle,Chelonia mydas,random_forest
945:2800,4.55,100.05,0.043465393433639324,green_sea_turtle,Chelonia mydas,random_forest
945:2801,4.55,100.15,0.043465393433639324,green_sea_turtle,Chelonia mydas,random_forest
945:2802,4.55,100.25,0.043465393433639324,green_sea_turtle,Chelonia mydas,random_forest
945:2803,4.55,100.35,0.043465393433639324,green_sea_turtle,Chelonia mydas,random_forest
945:2804,4.55,100.45,0.043465393433639324,green_sea_turtle,Chelonia mydas,random_forest
945:2805,4.55,100.55,0.043465393433639324,green_sea_turtle,Chelonia mydas,random_forest
945:2835,4.55,103.55,0.7179754035751478,green_sea_turtle,Chelonia mydas,random_forest
945:2836,4.55,103.65,0.6270471057489528,green_sea_turtle,Chelonia mydas,random_forest
945:2837,4.55,103.75,0.6319499480642127,green_sea_turtle,Chelonia mydas,random_forest
945:2838,4.55,103.85,0.6556482827972926,green_sea_turtle,Chelonia mydas,random_forest
945:2839,4.55,103.95,0.6830435927123661,green_sea_turtle,Chelonia mydas,random_forest
945:2840,4.55,104.05,0.5442457212718661,green_sea_turtle,Chelonia mydas,random_forest
945:2841,4.55,104.15,0.531221263068574,green_sea_turtle,Chelonia mydas,random_forest
945:2842,4.55,104.25,0.5954155522889324,green_sea_turtle,Chelonia mydas,random_forest
945:2843,4.55,104.35,0.6110003539357022,green_sea_turtle,Chelonia mydas,random_forest
945:2844,4.55,104.45,0.585418298683649,green_sea_turtle,Chelonia mydas,random_forest
945:2845,4.55,104.55,0.6253502507246453,green_sea_turtle,Chelonia mydas,random_forest
945:2846,4.55,104.65,0.6170910098154452,green_sea_turtle,Chelonia mydas,random_forest
945:2847,4.55,104.75,0.6123981599384263,green_sea_turtle,Chelonia mydas,random_forest
945:2848,4.55,104.85,0.6105606014983911,green_sea_turtle,Chelonia mydas,random_forest
945:2849,4.55,104.95,0.5457138032245574,green_sea_turtle,Chelonia mydas,random_forest
945:2850,4.55,105.05,0.5572870135889323,green_sea_turtle,Chelonia mydas,random_forest
945:2851,4.55,105.15,0.5603254519686287,green_sea_turtle,Chelonia mydas,random_forest
945:2900,4.55,110.05,0.018644395679066693,green_sea_turtle,Chelonia mydas,random_forest
945:2901,4.55,110.15,0.018644395679066693,green_sea_turtle,Chelonia mydas,random_forest
945:2902,4.55,110.25,0.018644395679066693,green_sea_turtle,Chelonia mydas,random_forest
945:2903,4.55,110.35,0.018644395679066693,green_sea_turtle,Chelonia mydas,random_forest
945:2904,4.55,110.45,0.018644395679066693,green_sea_turtle,Chelonia mydas,random_forest
945:2905,4.55,110.55,0.018644395679066693,green_sea_turtle,Chelonia mydas,random_forest
945:2906,4.55,110.65,0.018644395679066693,green_sea_turtle,Chelonia mydas,random_forest
945:2907,4.55,110.75,0.018214804504504724,green_sea_turtle,Chelonia mydas,random_forest
945:2908,4.55,110.85,0.018214804504504724,green_sea_turtle,Chelonia mydas,random_forest
945:2909,4.55,110.95,0.018970360060060282,green_sea_turtle,Chelonia mydas,random_forest
945:2910,4.55,111.05,0.018970360060060282,green_sea_turtle,Chelonia mydas,random_forest
945:2911,4.55,111.15,0.018970360060060282,green_sea_turtle,Chelonia mydas,random_forest
945:2912,4.55,111.25,0.020032682909495104,green_sea_turtle,Chelonia mydas,random_forest
945:2913,4.55,111.35,0.020032682909495104,green_sea_turtle,Chelonia mydas,random_forest
945:2914,4.55,111.45,0.021934874282619695,green_sea_turtle,Chelonia mydas,random_forest
945:2915,4.55,111.55,0.09146262279159342,green_sea_turtle,Chelonia mydas,random_forest
945:2916,4.55,111.65,0.09997518692422212,green_sea_turtle,Chelonia mydas,random_forest
945:2917,4.55,111.75,0.09879491028888664,green_sea_turtle,Chelonia mydas,random_forest
945:2918,4.55,111.85,0.10877725362967575,green_sea_turtle,Chelonia mydas,random_forest
945:2919,4.55,111.95,0.11381193111174659,green_sea_turtle,Chelonia mydas,random_forest
945:2920,4.55,112.05,0.11353137734155162,green_sea_turtle,Chelonia mydas,random_forest
945:2921,4.55,112.15,0.1077380996928396,green_sea_turtle,Chelonia mydas,random_forest
945:2922,4.55,112.25,0.11958965105475554,green_sea_turtle,Chelonia mydas,random_forest
945:2923,4.55,112.35,0.12049616132750704,green_sea_turtle,Chelonia mydas,random_forest
945:2924,4.55,112.45,0.12202856665941166,green_sea_turtle,Chelonia mydas,random_forest
945:2925,4.55,112.55,0.1297951455678339,green_sea_turtle,Chelonia mydas,random_forest
945:2926,4.55,112.65,0.1312611555615956,green_sea_turtle,Chelonia mydas,random_forest
945:2927,4.55,112.75,0.13850868389305032,green_sea_turtle,Chelonia mydas,random_forest
945:2928,4.55,112.85,0.13886776745823803,green_sea_turtle,Chelonia mydas,random_forest
945:2929,4.55,112.95,0.13341862280568162,green_sea_turtle,Chelonia mydas,random_forest
945:2930,4.55,113.05,0.14644759018788958,green_sea_turtle,Chelonia mydas,random_forest
945:2931,4.55,113.15,0.1487419152921913,green_sea_turtle,Chelonia mydas,random_forest
945:2932,4.55,113.25,0.15625457257499026,green_sea_turtle,Chelonia mydas,random_forest
945:2933,4.55,113.35,0.1566596191145367,green_sea_turtle,Chelonia mydas,random_forest
945:2934,4.55,113.45,0.17343956698127777,green_sea_turtle,Chelonia mydas,random_forest
945:2935,4.55,113.55,0.18586877181212164,green_sea_turtle,Chelonia mydas,random_forest
945:2936,4.55,113.65,0.23128367006994188,green_sea_turtle,Chelonia mydas,random_forest
945:2937,4.55,113.75,0.2358355121658905,green_sea_turtle,Chelonia mydas,random_forest
945:2938,4.55,113.85,0.2509495290761399,green_sea_turtle,Chelonia mydas,random_forest
945:2939,4.55,113.95,0.2561926940371449,green_sea_turtle,Chelonia mydas,random_forest
945:2986,4.55,118.65,0.10035073185950166,green_sea_turtle,Chelonia mydas,random_forest
945:2987,4.55,118.75,0.10035073185950166,green_sea_turtle,Chelonia mydas,random_forest
945:2988,4.55,118.85,0.09939782327224403,green_sea_turtle,Chelonia mydas,random_forest
945:2989,4.55,118.95,0.09939782327224403,green_sea_turtle,Chelonia mydas,random_forest
946:2790,4.65,99.05,0.03988226729245953,green_sea_turtle,Chelonia mydas,random_forest
946:2791,4.65,99.15,0.03988226729245953,green_sea_turtle,Chelonia mydas,random_forest
946:2792,4.65,99.25,0.03988226729245953,green_sea_turtle,Chelonia mydas,random_forest
946:2793,4.65,99.35,0.03988226729245953,green_sea_turtle,Chelonia mydas,random_forest
946:2794,4.65,99.45,0.03988226729245953,green_sea_turtle,Chelonia mydas,random_forest
946:2795,4.65,99.55,0.03988226729245953,green_sea_turtle,Chelonia mydas,random_forest
946:2796,4.65,99.65,0.03988226729245953,green_sea_turtle,Chelonia mydas,random_forest
946:2797,4.65,99.75,0.03988226729245953,green_sea_turtle,Chelonia mydas,random_forest
946:2798,4.65,99.85,0.03988226729245953,green_sea_turtle,Chelonia mydas,random_forest
946:2799,4.65,99.95,0.03988226729245953,green_sea_turtle,Chelonia mydas,random_forest
946:2800,4.65,100.05,0.03988226729245953,green_sea_turtle,Chelonia mydas,random_forest
946:2801,4.65,100.15,0.03988226729245953,green_sea_turtle,Chelonia mydas,random_forest
946:2802,4.65,100.25,0.03988226729245953,green_sea_turtle,Chelonia mydas,random_forest
946:2803,4.65,100.35,0.03988226729245953,green_sea_turtle,Chelonia mydas,random_forest
946:2804,4.65,100.45,0.03988226729245953,green_sea_turtle,Chelonia mydas,random_forest
946:2805,4.65,100.55,0.03988226729245953,green_sea_turtle,Chelonia mydas,random_forest
946:2834,4.65,103.45,0.7908115008951714,green_sea_turtle,Chelonia mydas,random_forest
946:2835,4.65,103.55,0.704436833350537,green_sea_turtle,Chelonia mydas,random_forest
946:2836,4.65,103.65,0.6147119713564123,green_sea_turtle,Chelonia mydas,random_forest
946:2837,4.65,103.75,0.6247152744633354,green_sea_turtle,Chelonia mydas,random_forest
946:2838,4.65,103.85,0.6403697107005972,green_sea_turtle,Chelonia mydas,random_forest
946:2839,4.65,103.95,0.6597781048413128,green_sea_turtle,Chelonia mydas,random_forest
946:2840,4.65,104.05,0.47121360992058503,green_sea_turtle,Chelonia mydas,random_forest
946:2841,4.65,104.15,0.4555097804676225,green_sea_turtle,Chelonia mydas,random_forest
946:2842,4.65,104.25,0.5124218282015774,green_sea_turtle,Chelonia mydas,random_forest
946:2843,4.65,104.35,0.5305655403213622,green_sea_turtle,Chelonia mydas,random_forest
946:2844,4.65,104.45,0.5065968543308449,green_sea_turtle,Chelonia mydas,random_forest
946:2845,4.65,104.55,0.5502804403116096,green_sea_turtle,Chelonia mydas,random_forest
946:2846,4.65,104.65,0.5421417124402378,green_sea_turtle,Chelonia mydas,random_forest
946:2847,4.65,104.75,0.5629007736190547,green_sea_turtle,Chelonia mydas,random_forest
946:2848,4.65,104.85,0.5610632151790197,green_sea_turtle,Chelonia mydas,random_forest
946:2849,4.65,104.95,0.5321159422362826,green_sea_turtle,Chelonia mydas,random_forest
946:2850,4.65,105.05,0.5442500119959618,green_sea_turtle,Chelonia mydas,random_forest
946:2851,4.65,105.15,0.5472884503756582,green_sea_turtle,Chelonia mydas,random_forest
946:2900,4.65,110.05,0.05397629190078699,green_sea_turtle,Chelonia mydas,random_forest
946:2901,4.65,110.15,0.05397629190078699,green_sea_turtle,Chelonia mydas,random_forest
946:2902,4.65,110.25,0.05397629190078699,green_sea_turtle,Chelonia mydas,random_forest
946:2903,4.65,110.35,0.05397629190078699,green_sea_turtle,Chelonia mydas,random_forest
946:2904,4.65,110.45,0.05397629190078699,green_sea_turtle,Chelonia mydas,random_forest
946:2905,4.65,110.55,0.05397629190078699,green_sea_turtle,Chelonia mydas,random_forest
946:2906,4.65,110.65,0.05397629190078699,green_sea_turtle,Chelonia mydas,random_forest
946:2907,4.65,110.75,0.05354670072622502,green_sea_turtle,Chelonia mydas,random_forest
946:2908,4.65,110.85,0.05354670072622502,green_sea_turtle,Chelonia mydas,random_forest
946:2909,4.65,110.95,0.05430225628178057,green_sea_turtle,Chelonia mydas,random_forest
946:2910,4.65,111.05,0.05430225628178057,green_sea_turtle,Chelonia mydas,random_forest
946:2911,4.65,111.15,0.054795097276505514,green_sea_turtle,Chelonia mydas,random_forest
946:2912,4.65,111.25,0.05585742012594034,green_sea_turtle,Chelonia mydas,random_forest
946:2913,4.65,111.35,0.05585742012594034,green_sea_turtle,Chelonia mydas,random_forest
946:2914,4.65,111.45,0.07257060611437265,green_sea_turtle,Chelonia mydas,random_forest
946:2915,4.65,111.55,0.27492848855294244,green_sea_turtle,Chelonia mydas,random_forest
946:2916,4.65,111.65,0.30762852114648975,green_sea_turtle,Chelonia mydas,random_forest
946:2917,4.65,111.75,0.3069237879894151,green_sea_turtle,Chelonia mydas,random_forest
946:2918,4.65,111.85,0.3443250868237309,green_sea_turtle,Chelonia mydas,random_forest
946:2919,4.65,111.95,0.37030969885533555,green_sea_turtle,Chelonia mydas,random_forest
946:2920,4.65,112.05,0.3783821994332721,green_sea_turtle,Chelonia mydas,random_forest
946:2921,4.65,112.15,0.37948754010185654,green_sea_turtle,Chelonia mydas,random_forest
946:2922,4.65,112.25,0.39651019718913005,green_sea_turtle,Chelonia mydas,random_forest
946:2923,4.65,112.35,0.3959018272204352,green_sea_turtle,Chelonia mydas,random_forest
946:2924,4.65,112.45,0.3936908443263901,green_sea_turtle,Chelonia mydas,random_forest
946:2925,4.65,112.55,0.4040634345091335,green_sea_turtle,Chelonia mydas,random_forest
946:2926,4.65,112.65,0.4071832906567413,green_sea_turtle,Chelonia mydas,random_forest
946:2927,4.65,112.75,0.4183460839871482,green_sea_turtle,Chelonia mydas,random_forest
946:2928,4.65,112.85,0.4181096425172022,green_sea_turtle,Chelonia mydas,random_forest
946:2929,4.65,112.95,0.412555119497009,green_sea_turtle,Chelonia mydas,random_forest
946:2930,4.65,113.05,0.4315354215415901,green_sea_turtle,Chelonia mydas,random_forest
946:2931,4.65,113.15,0.4376218169403657,green_sea_turtle,Chelonia mydas,random_forest
946:2932,4.65,113.25,0.448791432793062,green_sea_turtle,Chelonia mydas,random_forest
946:2933,4.65,113.35,0.4436407424160479,green_sea_turtle,Chelonia mydas,random_forest
946:2934,4.65,113.45,0.46174166125545396,green_sea_turtle,Chelonia mydas,random_forest
946:2935,4.65,113.55,0.48420853025087773,green_sea_turtle,Chelonia mydas,random_forest
946:2936,4.65,113.65,0.5388483975500539,green_sea_turtle,Chelonia mydas,random_forest
946:2937,4.65,113.75,0.5434002396460027,green_sea_turtle,Chelonia mydas,random_forest
946:2938,4.65,113.85,0.5599593899866268,green_sea_turtle,Chelonia mydas,random_forest
946:2939,4.65,113.95,0.5658687980873731,green_sea_turtle,Chelonia mydas,random_forest
946:2940,4.65,114.05,0.5581453520257538,green_sea_turtle,Chelonia mydas,random_forest
946:2986,4.65,118.65,0.2697295102091895,green_sea_turtle,Chelonia mydas,random_forest
946:2987,4.65,118.75,0.2697295102091895,green_sea_turtle,Chelonia mydas,random_forest
946:2988,4.65,118.85,0.26877660162193195,green_sea_turtle,Chelonia mydas,random_forest
946:2989,4.65,118.95,0.26877660162193195,green_sea_turtle,Chelonia mydas,random_forest
947:2789,4.75,98.95,0.03553384786299698,green_sea_turtle,Chelonia mydas,random_forest
947:2790,4.75,99.05,0.03553384786299698,green_sea_turtle,Chelonia mydas,random_forest
947:2791,4.75,99.15,0.03553384786299698,green_sea_turtle,Chelonia mydas,random_forest
947:2792,4.75,99.25,0.03553384786299698,green_sea_turtle,Chelonia mydas,random_forest
947:2793,4.75,99.35,0.03553384786299698,green_sea_turtle,Chelonia mydas,random_forest
947:2794,4.75,99.45,0.03553384786299698,green_sea_turtle,Chelonia mydas,random_forest
947:2795,4.75,99.55,0.03553384786299698,green_sea_turtle,Chelonia mydas,random_forest
947:2796,4.75,99.65,0.03553384786299698,green_sea_turtle,Chelonia mydas,random_forest
947:2797,4.75,99.75,0.03553384786299698,green_sea_turtle,Chelonia mydas,random_forest
947:2798,4.75,99.85,0.03553384786299698,green_sea_turtle,Chelonia mydas,random_forest
947:2799,4.75,99.95,0.03553384786299698,green_sea_turtle,Chelonia mydas,random_forest
947:2800,4.75,100.05,0.03553384786299698,green_sea_turtle,Chelonia mydas,random_forest
947:2801,4.75,100.15,0.03553384786299698,green_sea_turtle,Chelonia mydas,random_forest
947:2802,4.75,100.25,0.03553384786299698,green_sea_turtle,Chelonia mydas,random_forest
947:2803,4.75,100.35,0.03553384786299698,green_sea_turtle,Chelonia mydas,random_forest
947:2804,4.75,100.45,0.03553384786299698,green_sea_turtle,Chelonia mydas,random_forest
947:2805,4.75,100.55,0.03553384786299698,green_sea_turtle,Chelonia mydas,random_forest
947:2834,4.75,103.45,0.784076942468948,green_sea_turtle,Chelonia mydas,random_forest
947:2835,4.75,103.55,0.6985990097682424,green_sea_turtle,Chelonia mydas,random_forest
947:2836,4.75,103.65,0.6116304155092805,green_sea_turtle,Chelonia mydas,random_forest
947:2837,4.75,103.75,0.6233367364961944,green_sea_turtle,Chelonia mydas,random_forest
947:2838,4.75,103.85,0.6383183610184977,green_sea_turtle,Chelonia mydas,random_forest
947:2839,4.75,103.95,0.6578649842040865,green_sea_turtle,Chelonia mydas,random_forest
947:2840,4.75,104.05,0.45666297903060155,green_sea_turtle,Chelonia mydas,random_forest
947:2841,4.75,104.15,0.43846465323503897,green_sea_turtle,Chelonia mydas,random_forest
947:2842,4.75,104.25,0.4921912546661697,green_sea_turtle,Chelonia mydas,random_forest
947:2843,4.75,104.35,0.5074396211710044,green_sea_turtle,Chelonia mydas,random_forest
947:2844,4.75,104.45,0.48363316188041305,green_sea_turtle,Chelonia mydas,random_forest
947:2845,4.75,104.55,0.5301191611527954,green_sea_turtle,Chelonia mydas,random_forest
947:2846,4.75,104.65,0.5230103734011837,green_sea_turtle,Chelonia mydas,random_forest
947:2847,4.75,104.75,0.549717668805009,green_sea_turtle,Chelonia mydas,random_forest
947:2848,4.75,104.85,0.5498384298103652,green_sea_turtle,Chelonia mydas,random_forest
947:2849,4.75,104.95,0.5264727234252751,green_sea_turtle,Chelonia mydas,random_forest
947:2850,4.75,105.05,0.540831052408895,green_sea_turtle,Chelonia mydas,random_forest
947:2851,4.75,105.15,0.5438694907885913,green_sea_turtle,Chelonia mydas,random_forest
947:2852,4.75,105.25,0.5438694907885913,green_sea_turtle,Chelonia mydas,random_forest
947:2900,4.75,110.05,0.0720541639704047,green_sea_turtle,Chelonia mydas,random_forest
947:2901,4.75,110.15,0.0720541639704047,green_sea_turtle,Chelonia mydas,random_forest
947:2902,4.75,110.25,0.0720541639704047,green_sea_turtle,Chelonia mydas,random_forest
947:2903,4.75,110.35,0.0720541639704047,green_sea_turtle,Chelonia mydas,random_forest
947:2904,4.75,110.45,0.0720541639704047,green_sea_turtle,Chelonia mydas,random_forest
947:2905,4.75,110.55,0.0720541639704047,green_sea_turtle,Chelonia mydas,random_forest
947:2906,4.75,110.65,0.0720541639704047,green_sea_turtle,Chelonia mydas,random_forest
947:2907,4.75,110.75,0.0720541639704047,green_sea_turtle,Chelonia mydas,random_forest
947:2908,4.75,110.85,0.0720541639704047,green_sea_turtle,Chelonia mydas,random_forest
947:2909,4.75,110.95,0.07280971952596024,green_sea_turtle,Chelonia mydas,random_forest
947:2910,4.75,111.05,0.07280971952596024,green_sea_turtle,Chelonia mydas,random_forest
947:2911,4.75,111.15,0.0751537107236622,green_sea_turtle,Chelonia mydas,random_forest
947:2912,4.75,111.25,0.07621603357309702,green_sea_turtle,Chelonia mydas,random_forest
947:2913,4.75,111.35,0.07690409776567475,green_sea_turtle,Chelonia mydas,random_forest
947:2914,4.75,111.45,0.10091965399945826,green_sea_turtle,Chelonia mydas,random_forest
947:2915,4.75,111.55,0.35853388541255127,green_sea_turtle,Chelonia mydas,random_forest
947:2916,4.75,111.65,0.394367324692652,green_sea_turtle,Chelonia mydas,random_forest
947:2917,4.75,111.75,0.3936625915355775,green_sea_turtle,Chelonia mydas,random_forest
947:2918,4.75,111.85,0.4405441898858786,green_sea_turtle,Chelonia mydas,random_forest
947:2919,4.75,111.95,0.47239130476298097,green_sea_turtle,Chelonia mydas,random_forest
947:2920,4.75,112.05,0.4827989603369715,green_sea_turtle,Chelonia mydas,random_forest
947:2921,4.75,112.15,0.48671160490226506,green_sea_turtle,Chelonia mydas,random_forest
947:2922,4.75,112.25,0.5059138916138523,green_sea_turtle,Chelonia mydas,random_forest
947:2923,4.75,112.35,0.5055937143833544,green_sea_turtle,Chelonia mydas,random_forest
947:2924,4.75,112.45,0.5031533541481598,green_sea_turtle,Chelonia mydas,random_forest
947:2925,4.75,112.55,0.5166028674078263,green_sea_turtle,Chelonia mydas,random_forest
947:2926,4.75,112.65,0.5197227235554341,green_sea_turtle,Chelonia mydas,random_forest
947:2927,4.75,112.75,0.533664400968763,green_sea_turtle,Chelonia mydas,random_forest
947:2928,4.75,112.85,0.5329303010742954,green_sea_turtle,Chelonia mydas,random_forest
947:2929,4.75,112.95,0.528663050781375,green_sea_turtle,Chelonia mydas,random_forest
947:2930,4.75,113.05,0.5503302194889305,green_sea_turtle,Chelonia mydas,random_forest
947:2931,4.75,113.15,0.5590934689744904,green_sea_turtle,Chelonia mydas,random_forest
947:2932,4.75,113.25,0.577270353604463,green_sea_turtle,Chelonia mydas,random_forest
947:2933,4.75,113.35,0.5672138758902208,green_sea_turtle,Chelonia mydas,random_forest
947:2934,4.75,113.45,0.5850359390526181,green_sea_turtle,Chelonia mydas,random_forest
947:2935,4.75,113.55,0.6094695550928375,green_sea_turtle,Chelonia mydas,random_forest
947:2936,4.75,113.65,0.6638202024095422,green_sea_turtle,Chelonia mydas,random_forest
947:2937,4.75,113.75,0.6683720445054907,green_sea_turtle,Chelonia mydas,random_forest
947:2938,4.75,113.85,0.6849311948461151,green_sea_turtle,Chelonia mydas,random_forest
947:2939,4.75,113.95,0.6896126246849239,green_sea_turtle,Chelonia mydas,random_forest
947:2940,4.75,114.05,0.6762514341572256,green_sea_turtle,Chelonia mydas,random_forest
947:2982,4.75,118.25,0.35135598441756055,green_sea_turtle,Chelonia mydas,random_forest
947:2983,4.75,118.35,0.35135598441756055,green_sea_turtle,Chelonia mydas,random_forest
947:2984,4.75,118.45,0.35135598441756055,green_sea_turtle,Chelonia mydas,random_forest
947:2985,4.75,118.55,0.34862396761373143,green_sea_turtle,Chelonia mydas,random_forest
947:2986,4.75,118.65,0.34862396761373143,green_sea_turtle,Chelonia mydas,random_forest
947:2987,4.75,118.75,0.34862396761373143,green_sea_turtle,Chelonia mydas,random_forest
947:2988,4.75,118.85,0.3476710590264739,green_sea_turtle,Chelonia mydas,random_forest
947:2989,4.75,118.95,0.3476710590264739,green_sea_turtle,Chelonia mydas,random_forest
948:2788,4.85,98.85,0.033045911929619205,green_sea_turtle,Chelonia mydas,random_forest
948:2789,4.85,98.95,0.033045911929619205,green_sea_turtle,Chelonia mydas,random_forest
948:2790,4.85,99.05,0.033045911929619205,green_sea_turtle,Chelonia mydas,random_forest
948:2791,4.85,99.15,0.033045911929619205,green_sea_turtle,Chelonia mydas,random_forest
948:2792,4.85,99.25,0.033045911929619205,green_sea_turtle,Chelonia mydas,random_forest
948:2793,4.85,99.35,0.033045911929619205,green_sea_turtle,Chelonia mydas,random_forest
948:2794,4.85,99.45,0.033045911929619205,green_sea_turtle,Chelonia mydas,random_forest
948:2795,4.85,99.55,0.033045911929619205,green_sea_turtle,Chelonia mydas,random_forest
948:2796,4.85,99.65,0.033045911929619205,green_sea_turtle,Chelonia mydas,random_forest
948:2797,4.85,99.75,0.033045911929619205,green_sea_turtle,Chelonia mydas,random_forest
948:2798,4.85,99.85,0.033045911929619205,green_sea_turtle,Chelonia mydas,random_forest
948:2799,4.85,99.95,0.033045911929619205,green_sea_turtle,Chelonia mydas,random_forest
948:2800,4.85,100.05,0.033045911929619205,green_sea_turtle,Chelonia mydas,random_forest
948:2801,4.85,100.15,0.033045911929619205,green_sea_turtle,Chelonia mydas,random_forest
948:2802,4.85,100.25,0.033045911929619205,green_sea_turtle,Chelonia mydas,random_forest
948:2803,4.85,100.35,0.033045911929619205,green_sea_turtle,Chelonia mydas,random_forest
948:2804,4.85,100.45,0.033045911929619205,green_sea_turtle,Chelonia mydas,random_forest
948:2805,4.85,100.55,0.033045911929619205,green_sea_turtle,Chelonia mydas,random_forest
948:2834,4.85,103.45,0.8622941338194842,green_sea_turtle,Chelonia mydas,random_forest
948:2835,4.85,103.55,0.7715296381012388,green_sea_turtle,Chelonia mydas,random_forest
948:2836,4.85,103.65,0.6928651038150742,green_sea_turtle,Chelonia mydas,random_forest
948:2837,4.85,103.75,0.7110940472736275,green_sea_turtle,Chelonia mydas,random_forest
948:2838,4.85,103.85,0.7246533626179062,green_sea_turtle,Chelonia mydas,random_forest
948:2839,4.85,103.95,0.7415359693061199,green_sea_turtle,Chelonia mydas,random_forest
948:2840,4.85,104.05,0.49258084116356343,green_sea_turtle,Chelonia mydas,random_forest
948:2841,4.85,104.15,0.47284315997628773,green_sea_turtle,Chelonia mydas,random_forest
948:2842,4.85,104.25,0.523526058842441,green_sea_turtle,Chelonia mydas,random_forest
948:2843,4.85,104.35,0.5369176835089402,green_sea_turtle,Chelonia mydas,random_forest
948:2844,4.85,104.45,0.5125887165115149,green_sea_turtle,Chelonia mydas,random_forest
948:2845,4.85,104.55,0.5556919039338893,green_sea_turtle,Chelonia mydas,random_forest
948:2846,4.85,104.65,0.5506700364230805,green_sea_turtle,Chelonia mydas,random_forest
948:2847,4.85,104.75,0.5808538140272217,green_sea_turtle,Chelonia mydas,random_forest
948:2848,4.85,104.85,0.5820186114914777,green_sea_turtle,Chelonia mydas,random_forest
948:2849,4.85,104.95,0.5650398614182252,green_sea_turtle,Chelonia mydas,random_forest
948:2850,4.85,105.05,0.5785121388822614,green_sea_turtle,Chelonia mydas,random_forest
948:2851,4.85,105.15,0.5815505772619579,green_sea_turtle,Chelonia mydas,random_forest
948:2852,4.85,105.25,0.5815505772619579,green_sea_turtle,Chelonia mydas,random_forest
948:2900,4.85,110.05,0.07597038356673683,green_sea_turtle,Chelonia mydas,random_forest
948:2901,4.85,110.15,0.07597038356673683,green_sea_turtle,Chelonia mydas,random_forest
948:2902,4.85,110.25,0.07597038356673683,green_sea_turtle,Chelonia mydas,random_forest
948:2903,4.85,110.35,0.07597038356673683,green_sea_turtle,Chelonia mydas,random_forest
948:2904,4.85,110.45,0.07597038356673683,green_sea_turtle,Chelonia mydas,random_forest
948:2905,4.85,110.55,0.07723392147287401,green_sea_turtle,Chelonia mydas,random_forest
948:2906,4.85,110.65,0.07723392147287401,green_sea_turtle,Chelonia mydas,random_forest
948:2907,4.85,110.75,0.07723392147287401,green_sea_turtle,Chelonia mydas,random_forest
948:2908,4.85,110.85,0.07723392147287401,green_sea_turtle,Chelonia mydas,random_forest
948:2909,4.85,110.95,0.07723392147287401,green_sea_turtle,Chelonia mydas,random_forest
948:2910,4.85,111.05,0.07723392147287401,green_sea_turtle,Chelonia mydas,random_forest
948:2911,4.85,111.15,0.07957791267057597,green_sea_turtle,Chelonia mydas,random_forest
948:2912,4.85,111.25,0.08064023552001078,green_sea_turtle,Chelonia mydas,random_forest
948:2913,4.85,111.35,0.08132829971258852,green_sea_turtle,Chelonia mydas,random_forest
948:2914,4.85,111.45,0.1094327013044531,green_sea_turtle,Chelonia mydas,random_forest
948:2915,4.85,111.55,0.38333853763318887,green_sea_turtle,Chelonia mydas,random_forest
948:2916,4.85,111.65,0.42223291598905566,green_sea_turtle,Chelonia mydas,random_forest
948:2917,4.85,111.75,0.42152818283198107,green_sea_turtle,Chelonia mydas,random_forest
948:2918,4.85,111.85,0.4767711312302643,green_sea_turtle,Chelonia mydas,random_forest
948:2919,4.85,111.95,0.5126624671040042,green_sea_turtle,Chelonia mydas,random_forest
948:2920,4.85,112.05,0.5260132099704491,green_sea_turtle,Chelonia mydas,random_forest
948:2921,4.85,112.15,0.5300131303569438,green_sea_turtle,Chelonia mydas,random_forest
948:2922,4.85,112.25,0.5510951297076303,green_sea_turtle,Chelonia mydas,random_forest
948:2923,4.85,112.35,0.5564155294744577,green_sea_turtle,Chelonia mydas,random_forest
948:2924,4.85,112.45,0.5516992393880114,green_sea_turtle,Chelonia mydas,random_forest
948:2925,4.85,112.55,0.5654873192881513,green_sea_turtle,Chelonia mydas,random_forest
948:2926,4.85,112.65,0.5690205196180211,green_sea_turtle,Chelonia mydas,random_forest
948:2927,4.85,112.75,0.5854722558175881,green_sea_turtle,Chelonia mydas,random_forest
948:2928,4.85,112.85,0.5844712362506085,green_sea_turtle,Chelonia mydas,random_forest
948:2929,4.85,112.95,0.5816740883351734,green_sea_turtle,Chelonia mydas,random_forest
948:2930,4.85,113.05,0.6052402582741044,green_sea_turtle,Chelonia mydas,random_forest
948:2931,4.85,113.15,0.6140035077596648,green_sea_turtle,Chelonia mydas,random_forest
948:2932,4.85,113.25,0.633015646248147,green_sea_turtle,Chelonia mydas,random_forest
948:2933,4.85,113.35,0.6207265440778766,green_sea_turtle,Chelonia mydas,random_forest
948:2934,4.85,113.45,0.6364548087359702,green_sea_turtle,Chelonia mydas,random_forest
948:2935,4.85,113.55,0.6599941811349582,green_sea_turtle,Chelonia mydas,random_forest
948:2936,4.85,113.65,0.7123059904943538,green_sea_turtle,Chelonia mydas,random_forest
948:2937,4.85,113.75,0.712670039095891,green_sea_turtle,Chelonia mydas,random_forest
948:2938,4.85,113.85,0.7169230093342077,green_sea_turtle,Chelonia mydas,random_forest
948:2950,4.85,115.05,0.5621836760919734,green_sea_turtle,Chelonia mydas,random_forest
948:2981,4.85,118.15,0.367496458506525,green_sea_turtle,Chelonia mydas,random_forest
948:2982,4.85,118.25,0.367496458506525,green_sea_turtle,Chelonia mydas,random_forest
948:2983,4.85,118.35,0.367496458506525,green_sea_turtle,Chelonia mydas,random_forest
948:2984,4.85,118.45,0.367496458506525,green_sea_turtle,Chelonia mydas,random_forest
948:2985,4.85,118.55,0.36476444170269595,green_sea_turtle,Chelonia mydas,random_forest
948:2986,4.85,118.65,0.36476444170269595,green_sea_turtle,Chelonia mydas,random_forest
948:2987,4.85,118.75,0.36476444170269595,green_sea_turtle,Chelonia mydas,random_forest
948:2988,4.85,118.85,0.3638115331154383,green_sea_turtle,Chelonia mydas,random_forest
948:2989,4.85,118.95,0.3638115331154383,green_sea_turtle,Chelonia mydas,random_forest
948:2990,4.85,119.05,0.3638115331154383,green_sea_turtle,Chelonia mydas,random_forest
949:2787,4.95,98.75,0.02415240707947438,green_sea_turtle,Chelonia mydas,random_forest
949:2788,4.95,98.85,0.02415240707947438,green_sea_turtle,Chelonia mydas,random_forest
949:2789,4.95,98.95,0.02415240707947438,green_sea_turtle,Chelonia mydas,random_forest
949:2790,4.95,99.05,0.02415240707947438,green_sea_turtle,Chelonia mydas,random_forest
949:2791,4.95,99.15,0.02415240707947438,green_sea_turtle,Chelonia mydas,random_forest
949:2792,4.95,99.25,0.02415240707947438,green_sea_turtle,Chelonia mydas,random_forest
949:2793,4.95,99.35,0.02415240707947438,green_sea_turtle,Chelonia mydas,random_forest
949:2794,4.95,99.45,0.02415240707947438,green_sea_turtle,Chelonia mydas,random_forest
949:2795,4.95,99.55,0.02415240707947438,green_sea_turtle,Chelonia mydas,random_forest
949:2796,4.95,99.65,0.02415240707947438,green_sea_turtle,Chelonia mydas,random_forest
949:2797,4.95,99.75,0.02415240707947438,green_sea_turtle,Chelonia mydas,random_forest
949:2798,4.95,99.85,0.02415240707947438,green_sea_turtle,Chelonia mydas,random_forest
949:2799,4.95,99.95,0.02415240707947438,green_sea_turtle,Chelonia mydas,random_forest
949:2800,4.95,100.05,0.02415240707947438,green_sea_turtle,Chelonia mydas,random_forest
949:2801,4.95,100.15,0.02415240707947438,green_sea_turtle,Chelonia mydas,random_forest
949:2802,4.95,100.25,0.02415240707947438,green_sea_turtle,Chelonia mydas,random_forest
949:2803,4.95,100.35,0.02415240707947438,green_sea_turtle,Chelonia mydas,random_forest
949:2833,4.95,103.35,0.8923724755147177,green_sea_turtle,Chelonia mydas,random_forest
949:2834,4.95,103.45,0.8764698097550225,green_sea_turtle,Chelonia mydas,random_forest
949:2835,4.95,103.55,0.787997802383331,green_sea_turtle,Chelonia mydas,random_forest
949:2836,4.95,103.65,0.7274231720568634,green_sea_turtle,Chelonia mydas,random_forest
949:2837,4.95,103.75,0.7473158951746047,green_sea_turtle,Chelonia mydas,random_forest
949:2838,4.95,103.85,0.7585868957831533,green_sea_turtle,Chelonia mydas,random_forest
949:2839,4.95,103.95,0.7691659845868154,green_sea_turtle,Chelonia mydas,random_forest
949:2840,4.95,104.05,0.48453207447568,green_sea_turtle,Chelonia mydas,random_forest
949:2841,4.95,104.15,0.4631294076450318,green_sea_turtle,Chelonia mydas,random_forest
949:2842,4.95,104.25,0.5144467939399768,green_sea_turtle,Chelonia mydas,random_forest
949:2843,4.95,104.35,0.5260818451578798,green_sea_turtle,Chelonia mydas,random_forest
949:2844,4.95,104.45,0.504188560938908,green_sea_turtle,Chelonia mydas,random_forest
949:2845,4.95,104.55,0.5482758713396592,green_sea_turtle,Chelonia mydas,random_forest
949:2846,4.95,104.65,0.5428683272962613,green_sea_turtle,Chelonia mydas,random_forest
949:2847,4.95,104.75,0.5760003396116875,green_sea_turtle,Chelonia mydas,random_forest
949:2848,4.95,104.85,0.5771651370759434,green_sea_turtle,Chelonia mydas,random_forest
949:2849,4.95,104.95,0.5630155500560327,green_sea_turtle,Chelonia mydas,random_forest
949:2850,4.95,105.05,0.575971318901175,green_sea_turtle,Chelonia mydas,random_forest
949:2851,4.95,105.15,0.5790097572808716,green_sea_turtle,Chelonia mydas,random_forest
949:2852,4.95,105.25,0.5790097572808716,green_sea_turtle,Chelonia mydas,random_forest
949:2853,4.95,105.35,0.5790097572808716,green_sea_turtle,Chelonia mydas,random_forest
949:2900,4.95,110.05,0.05204489984514953,green_sea_turtle,Chelonia mydas,random_forest
949:2901,4.95,110.15,0.05204489984514953,green_sea_turtle,Chelonia mydas,random_forest
949:2902,4.95,110.25,0.05204489984514953,green_sea_turtle,Chelonia mydas,random_forest
949:2903,4.95,110.35,0.05204489984514953,green_sea_turtle,Chelonia mydas,random_forest
949:2904,4.95,110.45,0.05204489984514953,green_sea_turtle,Chelonia mydas,random_forest
949:2905,4.95,110.55,0.05413472883109892,green_sea_turtle,Chelonia mydas,random_forest
949:2906,4.95,110.65,0.05413472883109892,green_sea_turtle,Chelonia mydas,random_forest
949:2907,4.95,110.75,0.05413472883109892,green_sea_turtle,Chelonia mydas,random_forest
949:2908,4.95,110.85,0.05413472883109892,green_sea_turtle,Chelonia mydas,random_forest
949:2909,4.95,110.95,0.05413472883109892,green_sea_turtle,Chelonia mydas,random_forest
949:2910,4.95,111.05,0.05413472883109892,green_sea_turtle,Chelonia mydas,random_forest
949:2911,4.95,111.15,0.05647872002880086,green_sea_turtle,Chelonia mydas,random_forest
949:2912,4.95,111.25,0.05754104287823568,green_sea_turtle,Chelonia mydas,random_forest
949:2913,4.95,111.35,0.05822910707081341,green_sea_turtle,Chelonia mydas,random_forest
949:2914,4.95,111.45,0.08633350866267796,green_sea_turtle,Chelonia mydas,random_forest
949:2915,4.95,111.55,0.37042708406152497,green_sea_turtle,Chelonia mydas,random_forest
949:2916,4.95,111.65,0.4093214624173918,green_sea_turtle,Chelonia mydas,random_forest
949:2917,4.95,111.75,0.411121865817571,green_sea_turtle,Chelonia mydas,random_forest
949:2918,4.95,111.85,0.469692474091621,green_sea_turtle,Chelonia mydas,random_forest
949:2919,4.95,111.95,0.5041809740963344,green_sea_turtle,Chelonia mydas,random_forest
949:2920,4.95,112.05,0.5177424312484935,green_sea_turtle,Chelonia mydas,random_forest
949:2921,4.95,112.15,0.5233004352211658,green_sea_turtle,Chelonia mydas,random_forest
949:2922,4.95,112.25,0.5400423015000816,green_sea_turtle,Chelonia mydas,random_forest
949:2923,4.95,112.35,0.5434975327275833,green_sea_turtle,Chelonia mydas,random_forest
949:2924,4.95,112.45,0.5369378351873315,green_sea_turtle,Chelonia mydas,random_forest
949:2925,4.95,112.55,0.5507259150874717,green_sea_turtle,Chelonia mydas,random_forest
949:2926,4.95,112.65,0.5542591154173414,green_sea_turtle,Chelonia mydas,random_forest
949:2927,4.95,112.75,0.5710720326553054,green_sea_turtle,Chelonia mydas,random_forest
949:2928,4.95,112.85,0.568265291134281,green_sea_turtle,Chelonia mydas,random_forest
949:2929,4.95,112.95,0.5654681432188459,green_sea_turtle,Chelonia mydas,random_forest
949:2930,4.95,113.05,0.5905440957020398,green_sea_turtle,Chelonia mydas,random_forest
949:2931,4.95,113.15,0.5993073451876001,green_sea_turtle,Chelonia mydas,random_forest
949:2932,4.95,113.25,0.6169126158300884,green_sea_turtle,Chelonia mydas,random_forest
949:2933,4.95,113.35,0.6046235136598178,green_sea_turtle,Chelonia mydas,random_forest
949:2934,4.95,113.45,0.6203517783179117,green_sea_turtle,Chelonia mydas,random_forest
949:2935,4.95,113.55,0.6408551158486159,green_sea_turtle,Chelonia mydas,random_forest
949:2936,4.95,113.65,0.6863880748575863,green_sea_turtle,Chelonia mydas,random_forest
949:2937,4.95,113.75,0.6867521234591235,green_sea_turtle,Chelonia mydas,random_forest
949:2951,4.95,115.15,0.5675680018339113,green_sea_turtle,Chelonia mydas,random_forest
949:2952,4.95,115.25,0.5673484284230619,green_sea_turtle,Chelonia mydas,random_forest
949:2953,4.95,115.35,0.5765402996617329,green_sea_turtle,Chelonia mydas,random_forest
949:2982,4.95,118.25,0.3428439894653241,green_sea_turtle,Chelonia mydas,random_forest
949:2983,4.95,118.35,0.3428439894653241,green_sea_turtle,Chelonia mydas,random_forest
949:2984,4.95,118.45,0.3428439894653241,green_sea_turtle,Chelonia mydas,random_forest
949:2985,4.95,118.55,0.34011197266149495,green_sea_turtle,Chelonia mydas,random_forest
949:2987,4.95,118.75,0.34011197266149495,green_sea_turtle,Chelonia mydas,random_forest
949:2988,4.95,118.85,0.33915906407423735,green_sea_turtle,Chelonia mydas,random_forest
949:2989,4.95,118.95,0.33915906407423735,green_sea_turtle,Chelonia mydas,random_forest
949:2990,4.95,119.05,0.33915906407423735,green_sea_turtle,Chelonia mydas,random_forest
949:2991,4.95,119.15,0.33915906407423735,green_sea_turtle,Chelonia mydas,random_forest
950:2786,5.05,98.65,0.01759317901409643,green_sea_turtle,Chelonia mydas,random_forest
950:2787,5.05,98.75,0.01759317901409643,green_sea_turtle,Chelonia mydas,random_forest
950:2788,5.05,98.85,0.01759317901409643,green_sea_turtle,Chelonia mydas,random_forest
950:2789,5.05,98.95,0.01759317901409643,green_sea_turtle,Chelonia mydas,random_forest
950:2790,5.05,99.05,0.01759317901409643,green_sea_turtle,Chelonia mydas,random_forest
950:2791,5.05,99.15,0.01759317901409643,green_sea_turtle,Chelonia mydas,random_forest
950:2792,5.05,99.25,0.01759317901409643,green_sea_turtle,Chelonia mydas,random_forest
950:2793,5.05,99.35,0.01759317901409643,green_sea_turtle,Chelonia mydas,random_forest
950:2794,5.05,99.45,0.01759317901409643,green_sea_turtle,Chelonia mydas,random_forest
950:2795,5.05,99.55,0.019289866986205665,green_sea_turtle,Chelonia mydas,random_forest
950:2796,5.05,99.65,0.019289866986205665,green_sea_turtle,Chelonia mydas,random_forest
950:2797,5.05,99.75,0.019289866986205665,green_sea_turtle,Chelonia mydas,random_forest
950:2798,5.05,99.85,0.019289866986205665,green_sea_turtle,Chelonia mydas,random_forest
950:2799,5.05,99.95,0.019289866986205665,green_sea_turtle,Chelonia mydas,random_forest
950:2800,5.05,100.05,0.019289866986205665,green_sea_turtle,Chelonia mydas,random_forest
950:2801,5.05,100.15,0.019289866986205665,green_sea_turtle,Chelonia mydas,random_forest
950:2802,5.05,100.25,0.019289866986205665,green_sea_turtle,Chelonia mydas,random_forest
950:2803,5.05,100.35,0.019289866986205665,green_sea_turtle,Chelonia mydas,random_forest
950:2833,5.05,103.35,0.9248102128610691,green_sea_turtle,Chelonia mydas,random_forest
950:2834,5.05,103.45,0.9084330981109958,green_sea_turtle,Chelonia mydas,random_forest
950:2835,5.05,103.55,0.834091334363053,green_sea_turtle,Chelonia mydas,random_forest
950:2836,5.05,103.65,0.774761083358786,green_sea_turtle,Chelonia mydas,random_forest
950:2837,5.05,103.75,0.7947632992852192,green_sea_turtle,Chelonia mydas,random_forest
950:2838,5.05,103.85,0.7800434639931421,green_sea_turtle,Chelonia mydas,random_forest
950:2839,5.05,103.95,0.7738520867438067,green_sea_turtle,Chelonia mydas,random_forest
950:2840,5.05,104.05,0.47772531329690965,green_sea_turtle,Chelonia mydas,random_forest
950:2841,5.05,104.15,0.45403057852771966,green_sea_turtle,Chelonia mydas,random_forest
950:2842,5.05,104.25,0.5026753055046007,green_sea_turtle,Chelonia mydas,random_forest
950:2843,5.05,104.35,0.515310224959284,green_sea_turtle,Chelonia mydas,random_forest
950:2844,5.05,104.45,0.4946958899319596,green_sea_turtle,Chelonia mydas,random_forest
950:2845,5.05,104.55,0.5382877667012121,green_sea_turtle,Chelonia mydas,random_forest
950:2846,5.05,104.65,0.5341932517454083,green_sea_turtle,Chelonia mydas,random_forest
950:2847,5.05,104.75,0.5669764872781178,green_sea_turtle,Chelonia mydas,random_forest
950:2848,5.05,104.85,0.57030694558385,green_sea_turtle,Chelonia mydas,random_forest
950:2849,5.05,104.95,0.5613071327362683,green_sea_turtle,Chelonia mydas,random_forest
950:2850,5.05,105.05,0.5769706707191218,green_sea_turtle,Chelonia mydas,random_forest
950:2851,5.05,105.15,0.5800091090988183,green_sea_turtle,Chelonia mydas,random_forest
950:2852,5.05,105.25,0.5800091090988183,green_sea_turtle,Chelonia mydas,random_forest
950:2853,5.05,105.35,0.5800091090988183,green_sea_turtle,Chelonia mydas,random_forest
950:2854,5.05,105.45,0.5800091090988183,green_sea_turtle,Chelonia mydas,random_forest
950:2900,5.05,110.05,0.051342157213421995,green_sea_turtle,Chelonia mydas,random_forest
950:2901,5.05,110.15,0.051342157213421995,green_sea_turtle,Chelonia mydas,random_forest
950:2902,5.05,110.25,0.051342157213421995,green_sea_turtle,Chelonia mydas,random_forest
950:2903,5.05,110.35,0.051342157213421995,green_sea_turtle,Chelonia mydas,random_forest
950:2904,5.05,110.45,0.052192222402470234,green_sea_turtle,Chelonia mydas,random_forest
950:2905,5.05,110.55,0.056654905504863476,green_sea_turtle,Chelonia mydas,random_forest
950:2906,5.05,110.65,0.056654905504863476,green_sea_turtle,Chelonia mydas,random_forest
950:2907,5.05,110.75,0.056654905504863476,green_sea_turtle,Chelonia mydas,random_forest
950:2908,5.05,110.85,0.056654905504863476,green_sea_turtle,Chelonia mydas,random_forest
950:2909,5.05,110.95,0.056654905504863476,green_sea_turtle,Chelonia mydas,random_forest
950:2910,5.05,111.05,0.056654905504863476,green_sea_turtle,Chelonia mydas,random_forest
950:2911,5.05,111.15,0.05899889670256542,green_sea_turtle,Chelonia mydas,random_forest
950:2912,5.05,111.25,0.06006121955200024,green_sea_turtle,Chelonia mydas,random_forest
950:2913,5.05,111.35,0.06074928374457798,green_sea_turtle,Chelonia mydas,random_forest
950:2914,5.05,111.45,0.09416486959665263,green_sea_turtle,Chelonia mydas,random_forest
950:2915,5.05,111.55,0.4292767606090254,green_sea_turtle,Chelonia mydas,random_forest
950:2916,5.05,111.65,0.4766672958434744,green_sea_turtle,Chelonia mydas,random_forest
950:2917,5.05,111.75,0.4784676992436536,green_sea_turtle,Chelonia mydas,random_forest
950:2918,5.05,111.85,0.5520088126293258,green_sea_turtle,Chelonia mydas,random_forest
950:2919,5.05,111.95,0.5899567930189236,green_sea_turtle,Chelonia mydas,random_forest
950:2920,5.05,112.05,0.6075401248821477,green_sea_turtle,Chelonia mydas,random_forest
950:2921,5.05,112.15,0.6134893067387227,green_sea_turtle,Chelonia mydas,random_forest
950:2922,5.05,112.25,0.6346882205952709,green_sea_turtle,Chelonia mydas,random_forest
950:2923,5.05,112.35,0.639367346842954,green_sea_turtle,Chelonia mydas,random_forest
950:2924,5.05,112.45,0.628546785695395,green_sea_turtle,Chelonia mydas,random_forest
950:2925,5.05,112.55,0.6408705276931382,green_sea_turtle,Chelonia mydas,random_forest
950:2926,5.05,112.65,0.6454679233213806,green_sea_turtle,Chelonia mydas,random_forest
950:2927,5.05,112.75,0.6630075025889296,green_sea_turtle,Chelonia mydas,random_forest
950:2928,5.05,112.85,0.6581261442748663,green_sea_turtle,Chelonia mydas,random_forest
950:2929,5.05,112.95,0.654579490204809,green_sea_turtle,Chelonia mydas,random_forest
950:2930,5.05,113.05,0.6791725762141729,green_sea_turtle,Chelonia mydas,random_forest
950:2931,5.05,113.15,0.6887984404512368,green_sea_turtle,Chelonia mydas,random_forest
950:2932,5.05,113.25,0.7043322923562667,green_sea_turtle,Chelonia mydas,random_forest
950:2933,5.05,113.35,0.6690302298852695,green_sea_turtle,Chelonia mydas,random_forest
950:2934,5.05,113.45,0.6828322593311155,green_sea_turtle,Chelonia mydas,random_forest
950:2935,5.05,113.55,0.6986672117778274,green_sea_turtle,Chelonia mydas,random_forest
950:2936,5.05,113.65,0.7238767686112205,green_sea_turtle,Chelonia mydas,random_forest
950:2952,5.05,115.25,0.5875244543797652,green_sea_turtle,Chelonia mydas,random_forest
950:2953,5.05,115.35,0.5967163256184361,green_sea_turtle,Chelonia mydas,random_forest
950:2954,5.05,115.45,0.642654649429991,green_sea_turtle,Chelonia mydas,random_forest
950:2990,5.05,119.05,0.3564647889569363,green_sea_turtle,Chelonia mydas,random_forest
950:2991,5.05,119.15,0.3564647889569363,green_sea_turtle,Chelonia mydas,random_forest
950:2992,5.05,119.25,0.3564647889569363,green_sea_turtle,Chelonia mydas,random_forest
951:2785,5.15,98.55,0.022990403476626,green_sea_turtle,Chelonia mydas,random_forest
951:2786,5.15,98.65,0.022990403476626,green_sea_turtle,Chelonia mydas,random_forest
951:2787,5.15,98.75,0.022990403476626,green_sea_turtle,Chelonia mydas,random_forest
951:2788,5.15,98.85,0.022990403476626,green_sea_turtle,Chelonia mydas,random_forest
951:2789,5.15,98.95,0.022990403476626,green_sea_turtle,Chelonia mydas,random_forest
951:2790,5.15,99.05,0.022990403476626,green_sea_turtle,Chelonia mydas,random_forest
951:2791,5.15,99.15,0.022990403476626,green_sea_turtle,Chelonia mydas,random_forest
951:2792,5.15,99.25,0.022990403476626,green_sea_turtle,Chelonia mydas,random_forest
951:2793,5.15,99.35,0.022990403476626,green_sea_turtle,Chelonia mydas,random_forest
951:2794,5.15,99.45,0.022990403476626,green_sea_turtle,Chelonia mydas,random_forest
951:2795,5.15,99.55,0.024687091448735238,green_sea_turtle,Chelonia mydas,random_forest
951:2796,5.15,99.65,0.024687091448735238,green_sea_turtle,Chelonia mydas,random_forest
951:2797,5.15,99.75,0.024687091448735238,green_sea_turtle,Chelonia mydas,random_forest
951:2798,5.15,99.85,0.024687091448735238,green_sea_turtle,Chelonia mydas,random_forest
951:2799,5.15,99.95,0.024687091448735238,green_sea_turtle,Chelonia mydas,random_forest
951:2800,5.15,100.05,0.024687091448735238,green_sea_turtle,Chelonia mydas,random_forest
951:2801,5.15,100.15,0.024687091448735238,green_sea_turtle,Chelonia mydas,random_forest
951:2802,5.15,100.25,0.024687091448735238,green_sea_turtle,Chelonia mydas,random_forest
951:2803,5.15,100.35,0.024687091448735238,green_sea_turtle,Chelonia mydas,random_forest
951:2832,5.15,103.25,0.9524321536214156,green_sea_turtle,Chelonia mydas,random_forest
951:2833,5.15,103.35,0.9480949845429307,green_sea_turtle,Chelonia mydas,random_forest
951:2834,5.15,103.45,0.934188627688378,green_sea_turtle,Chelonia mydas,random_forest
951:2835,5.15,103.55,0.8684331645888428,green_sea_turtle,Chelonia mydas,random_forest
951:2836,5.15,103.65,0.7898044882684107,green_sea_turtle,Chelonia mydas,random_forest
951:2837,5.15,103.75,0.8018805470393277,green_sea_turtle,Chelonia mydas,random_forest
951:2838,5.15,103.85,0.7583889361067778,green_sea_turtle,Chelonia mydas,random_forest
951:2839,5.15,103.95,0.7494017828715986,green_sea_turtle,Chelonia mydas,random_forest
951:2840,5.15,104.05,0.4524861912909045,green_sea_turtle,Chelonia mydas,random_forest
951:2841,5.15,104.15,0.42869894139763254,green_sea_turtle,Chelonia mydas,random_forest
951:2842,5.15,104.25,0.4771938928306865,green_sea_turtle,Chelonia mydas,random_forest
951:2843,5.15,104.35,0.490672848408421,green_sea_turtle,Chelonia mydas,random_forest
951:2844,5.15,104.45,0.47298551860786164,green_sea_turtle,Chelonia mydas,random_forest
951:2845,5.15,104.55,0.5140337377154381,green_sea_turtle,Chelonia mydas,random_forest
951:2846,5.15,104.65,0.5119900502272354,green_sea_turtle,Chelonia mydas,random_forest
951:2847,5.15,104.75,0.5555115928871905,green_sea_turtle,Chelonia mydas,random_forest
951:2848,5.15,104.85,0.5588420511929226,green_sea_turtle,Chelonia mydas,random_forest
951:2849,5.15,104.95,0.5516677885793885,green_sea_turtle,Chelonia mydas,random_forest
951:2850,5.15,105.05,0.5677450244959311,green_sea_turtle,Chelonia mydas,random_forest
951:2851,5.15,105.15,0.5707834628756276,green_sea_turtle,Chelonia mydas,random_forest
951:2852,5.15,105.25,0.5707834628756276,green_sea_turtle,Chelonia mydas,random_forest
951:2853,5.15,105.35,0.5707834628756276,green_sea_turtle,Chelonia mydas,random_forest
951:2854,5.15,105.45,0.5707834628756276,green_sea_turtle,Chelonia mydas,random_forest
951:2900,5.15,110.05,0.049521379389840844,green_sea_turtle,Chelonia mydas,random_forest
951:2901,5.15,110.15,0.049521379389840844,green_sea_turtle,Chelonia mydas,random_forest
951:2902,5.15,110.25,0.049521379389840844,green_sea_turtle,Chelonia mydas,random_forest
951:2903,5.15,110.35,0.049521379389840844,green_sea_turtle,Chelonia mydas,random_forest
951:2904,5.15,110.45,0.050371444578889084,green_sea_turtle,Chelonia mydas,random_forest
951:2905,5.15,110.55,0.05483412768128233,green_sea_turtle,Chelonia mydas,random_forest
951:2906,5.15,110.65,0.05483412768128233,green_sea_turtle,Chelonia mydas,random_forest
951:2907,5.15,110.75,0.05483412768128233,green_sea_turtle,Chelonia mydas,random_forest
951:2908,5.15,110.85,0.05483412768128233,green_sea_turtle,Chelonia mydas,random_forest
951:2909,5.15,110.95,0.05483412768128233,green_sea_turtle,Chelonia mydas,random_forest
951:2910,5.15,111.05,0.05483412768128233,green_sea_turtle,Chelonia mydas,random_forest
951:2911,5.15,111.15,0.057178118878984274,green_sea_turtle,Chelonia mydas,random_forest
951:2912,5.15,111.25,0.05824044172841911,green_sea_turtle,Chelonia mydas,random_forest
951:2913,5.15,111.35,0.05892850592099684,green_sea_turtle,Chelonia mydas,random_forest
951:2914,5.15,111.45,0.09594205443413534,green_sea_turtle,Chelonia mydas,random_forest
951:2915,5.15,111.55,0.44635372144223795,green_sea_turtle,Chelonia mydas,random_forest
951:2916,5.15,111.65,0.49564817389767735,green_sea_turtle,Chelonia mydas,random_forest
951:2917,5.15,111.75,0.4974485772978566,green_sea_turtle,Chelonia mydas,random_forest
951:2918,5.15,111.85,0.5709896906835286,green_sea_turtle,Chelonia mydas,random_forest
951:2919,5.15,111.95,0.608595211577933,green_sea_turtle,Chelonia mydas,random_forest
951:2920,5.15,112.05,0.6280248439480735,green_sea_turtle,Chelonia mydas,random_forest
951:2921,5.15,112.15,0.6352762056449572,green_sea_turtle,Chelonia mydas,random_forest
951:2922,5.15,112.25,0.6555829434449807,green_sea_turtle,Chelonia mydas,random_forest
951:2923,5.15,112.35,0.6606735319063648,green_sea_turtle,Chelonia mydas,random_forest
951:2924,5.15,112.45,0.6497661181691645,green_sea_turtle,Chelonia mydas,random_forest
951:2925,5.15,112.55,0.6625040015810492,green_sea_turtle,Chelonia mydas,random_forest
951:2926,5.15,112.65,0.6671160578692047,green_sea_turtle,Chelonia mydas,random_forest
951:2927,5.15,112.75,0.6846556371367535,green_sea_turtle,Chelonia mydas,random_forest
951:2928,5.15,112.85,0.6797742788226903,green_sea_turtle,Chelonia mydas,random_forest
951:2929,5.15,112.95,0.6754997732937468,green_sea_turtle,Chelonia mydas,random_forest
951:2930,5.15,113.05,0.6966089570717223,green_sea_turtle,Chelonia mydas,random_forest
951:2931,5.15,113.15,0.706234821308786,green_sea_turtle,Chelonia mydas,random_forest
951:2932,5.15,113.25,0.7142803233075832,green_sea_turtle,Chelonia mydas,random_forest
951:2933,5.15,113.35,0.6703610929192686,green_sea_turtle,Chelonia mydas,random_forest
951:2934,5.15,113.45,0.6815563200115035,green_sea_turtle,Chelonia mydas,random_forest
951:2935,5.15,113.55,0.6973912724582154,green_sea_turtle,Chelonia mydas,random_forest
951:2951,5.15,115.15,0.591277181874734,green_sea_turtle,Chelonia mydas,random_forest
951:2952,5.15,115.25,0.5910576084638847,green_sea_turtle,Chelonia mydas,random_forest
951:2953,5.15,115.35,0.6016588192061314,green_sea_turtle,Chelonia mydas,random_forest
951:2954,5.15,115.45,0.648365974449377,green_sea_turtle,Chelonia mydas,random_forest
951:2955,5.15,115.55,0.6698279125200952,green_sea_turtle,Chelonia mydas,random_forest
951:2992,5.15,119.25,0.35728731620141246,green_sea_turtle,Chelonia mydas,random_forest
951:2993,5.15,119.35,0.35728731620141246,green_sea_turtle,Chelonia mydas,random_forest
952:2784,5.25,98.45,0.024955186194755733,green_sea_turtle,Chelonia mydas,random_forest
952:2785,5.25,98.55,0.024955186194755733,green_sea_turtle,Chelonia mydas,random_forest
952:2786,5.25,98.65,0.024955186194755733,green_sea_turtle,Chelonia mydas,random_forest
952:2787,5.25,98.75,0.024955186194755733,green_sea_turtle,Chelonia mydas,random_forest
952:2788,5.25,98.85,0.024955186194755733,green_sea_turtle,Chelonia mydas,random_forest
952:2789,5.25,98.95,0.024955186194755733,green_sea_turtle,Chelonia mydas,random_forest
952:2790,5.25,99.05,0.024955186194755733,green_sea_turtle,Chelonia mydas,random_forest
952:2791,5.25,99.15,0.024955186194755733,green_sea_turtle,Chelonia mydas,random_forest
952:2792,5.25,99.25,0.024955186194755733,green_sea_turtle,Chelonia mydas,random_forest
952:2793,5.25,99.35,0.024955186194755733,green_sea_turtle,Chelonia mydas,random_forest
952:2794,5.25,99.45,0.024955186194755733,green_sea_turtle,Chelonia mydas,random_forest
952:2795,5.25,99.55,0.026651874166864972,green_sea_turtle,Chelonia mydas,random_forest
952:2796,5.25,99.65,0.026651874166864972,green_sea_turtle,Chelonia mydas,random_forest
952:2797,5.25,99.75,0.026651874166864972,green_sea_turtle,Chelonia mydas,random_forest
952:2798,5.25,99.85,0.026651874166864972,green_sea_turtle,Chelonia mydas,random_forest
952:2799,5.25,99.95,0.026651874166864972,green_sea_turtle,Chelonia mydas,random_forest
952:2800,5.25,100.05,0.026651874166864972,green_sea_turtle,Chelonia mydas,random_forest
952:2801,5.25,100.15,0.026651874166864972,green_sea_turtle,Chelonia mydas,random_forest
952:2802,5.25,100.25,0.026651874166864972,green_sea_turtle,Chelonia mydas,random_forest
952:2803,5.25,100.35,0.026651874166864972,green_sea_turtle,Chelonia mydas,random_forest
952:2832,5.25,103.25,0.9489887539525922,green_sea_turtle,Chelonia mydas,random_forest
952:2833,5.25,103.35,0.9429838529207274,green_sea_turtle,Chelonia mydas,random_forest
952:2834,5.25,103.45,0.9291285667314442,green_sea_turtle,Chelonia mydas,random_forest
952:2835,5.25,103.55,0.8542421306857134,green_sea_turtle,Chelonia mydas,random_forest
952:2836,5.25,103.65,0.7230802717042654,green_sea_turtle,Chelonia mydas,random_forest
952:2837,5.25,103.75,0.7327894636295635,green_sea_turtle,Chelonia mydas,random_forest
952:2838,5.25,103.85,0.680817476018076,green_sea_turtle,Chelonia mydas,random_forest
952:2839,5.25,103.95,0.669623046135093,green_sea_turtle,Chelonia mydas,random_forest
952:2840,5.25,104.05,0.3789183552495502,green_sea_turtle,Chelonia mydas,random_forest
952:2841,5.25,104.15,0.35920262753784427,green_sea_turtle,Chelonia mydas,random_forest
952:2842,5.25,104.25,0.4169278069656266,green_sea_turtle,Chelonia mydas,random_forest
952:2843,5.25,104.35,0.43319374070936234,green_sea_turtle,Chelonia mydas,random_forest
952:2844,5.25,104.45,0.421727183056329,green_sea_turtle,Chelonia mydas,random_forest
952:2845,5.25,104.55,0.4741908095986313,green_sea_turtle,Chelonia mydas,random_forest
952:2846,5.25,104.65,0.4748887706146474,green_sea_turtle,Chelonia mydas,random_forest
952:2847,5.25,104.75,0.5272456163060087,green_sea_turtle,Chelonia mydas,random_forest
952:2848,5.25,104.85,0.5336250951176246,green_sea_turtle,Chelonia mydas,random_forest
952:2849,5.25,104.95,0.5312368568385247,green_sea_turtle,Chelonia mydas,random_forest
952:2850,5.25,105.05,0.5503750960695031,green_sea_turtle,Chelonia mydas,random_forest
952:2851,5.25,105.15,0.5541690900047549,green_sea_turtle,Chelonia mydas,random_forest
952:2852,5.25,105.25,0.5541690900047549,green_sea_turtle,Chelonia mydas,random_forest
952:2853,5.25,105.35,0.5541690900047549,green_sea_turtle,Chelonia mydas,random_forest
952:2854,5.25,105.45,0.5541690900047549,green_sea_turtle,Chelonia mydas,random_forest
952:2855,5.25,105.55,0.5354533222910475,green_sea_turtle,Chelonia mydas,random_forest
952:2900,5.25,110.05,0.04691716378816878,green_sea_turtle,Chelonia mydas,random_forest
952:2901,5.25,110.15,0.04691716378816878,green_sea_turtle,Chelonia mydas,random_forest
952:2902,5.25,110.25,0.04691716378816878,green_sea_turtle,Chelonia mydas,random_forest
952:2903,5.25,110.35,0.04691716378816878,green_sea_turtle,Chelonia mydas,random_forest
952:2904,5.25,110.45,0.04776722897721702,green_sea_turtle,Chelonia mydas,random_forest
952:2905,5.25,110.55,0.05140362099979806,green_sea_turtle,Chelonia mydas,random_forest
952:2906,5.25,110.65,0.05140362099979806,green_sea_turtle,Chelonia mydas,random_forest
952:2907,5.25,110.75,0.05140362099979806,green_sea_turtle,Chelonia mydas,random_forest
952:2908,5.25,110.85,0.05140362099979806,green_sea_turtle,Chelonia mydas,random_forest
952:2909,5.25,110.95,0.05140362099979806,green_sea_turtle,Chelonia mydas,random_forest
952:2910,5.25,111.05,0.05140362099979806,green_sea_turtle,Chelonia mydas,random_forest
952:2911,5.25,111.15,0.053747612197499996,green_sea_turtle,Chelonia mydas,random_forest
952:2912,5.25,111.25,0.05480993504693482,green_sea_turtle,Chelonia mydas,random_forest
952:2913,5.25,111.35,0.055497999239512555,green_sea_turtle,Chelonia mydas,random_forest
952:2914,5.25,111.45,0.09251154775265105,green_sea_turtle,Chelonia mydas,random_forest
952:2915,5.25,111.55,0.44572155238065286,green_sea_turtle,Chelonia mydas,random_forest
952:2916,5.25,111.65,0.49501600483609226,green_sea_turtle,Chelonia mydas,random_forest
952:2917,5.25,111.75,0.49681640823627143,green_sea_turtle,Chelonia mydas,random_forest
952:2918,5.25,111.85,0.5696808100631118,green_sea_turtle,Chelonia mydas,random_forest
952:2919,5.25,111.95,0.6089439629118669,green_sea_turtle,Chelonia mydas,random_forest
952:2920,5.25,112.05,0.6283735952820075,green_sea_turtle,Chelonia mydas,random_forest
952:2921,5.25,112.15,0.6356249569788912,green_sea_turtle,Chelonia mydas,random_forest
952:2922,5.25,112.25,0.6552295671193402,green_sea_turtle,Chelonia mydas,random_forest
952:2923,5.25,112.35,0.6603201555807243,green_sea_turtle,Chelonia mydas,random_forest
952:2924,5.25,112.45,0.649412741843524,green_sea_turtle,Chelonia mydas,random_forest
952:2925,5.25,112.55,0.6621506252554086,green_sea_turtle,Chelonia mydas,random_forest
952:2926,5.25,112.65,0.6667626815435642,green_sea_turtle,Chelonia mydas,random_forest
952:2927,5.25,112.75,0.6843022608111131,green_sea_turtle,Chelonia mydas,random_forest
952:2928,5.25,112.85,0.6794209024970498,green_sea_turtle,Chelonia mydas,random_forest
952:2929,5.25,112.95,0.6751463969681063,green_sea_turtle,Chelonia mydas,random_forest
952:2930,5.25,113.05,0.696255580746082,green_sea_turtle,Chelonia mydas,random_forest
952:2931,5.25,113.15,0.7058814449831455,green_sea_turtle,Chelonia mydas,random_forest
952:2932,5.25,113.25,0.7139269469819428,green_sea_turtle,Chelonia mydas,random_forest
952:2933,5.25,113.35,0.670007716593628,green_sea_turtle,Chelonia mydas,random_forest
952:2934,5.25,113.45,0.681202943685863,green_sea_turtle,Chelonia mydas,random_forest
952:2950,5.25,115.05,0.5565258439438573,green_sea_turtle,Chelonia mydas,random_forest
952:2951,5.25,115.15,0.5906643645166807,green_sea_turtle,Chelonia mydas,random_forest
952:2952,5.25,115.25,0.5904447911058311,green_sea_turtle,Chelonia mydas,random_forest
952:2953,5.25,115.35,0.6010460018480782,green_sea_turtle,Chelonia mydas,random_forest
952:2993,5.25,119.35,0.35500455778245543,green_sea_turtle,Chelonia mydas,random_forest
952:2994,5.25,119.45,0.35500455778245543,green_sea_turtle,Chelonia mydas,random_forest
953:2784,5.35,98.45,0.055812384589345884,green_sea_turtle,Chelonia mydas,random_forest
953:2785,5.35,98.55,0.055812384589345884,green_sea_turtle,Chelonia mydas,random_forest
953:2786,5.35,98.65,0.055812384589345884,green_sea_turtle,Chelonia mydas,random_forest
953:2787,5.35,98.75,0.055812384589345884,green_sea_turtle,Chelonia mydas,random_forest
953:2788,5.35,98.85,0.055812384589345884,green_sea_turtle,Chelonia mydas,random_forest
953:2789,5.35,98.95,0.055812384589345884,green_sea_turtle,Chelonia mydas,random_forest
953:2790,5.35,99.05,0.055812384589345884,green_sea_turtle,Chelonia mydas,random_forest
953:2791,5.35,99.15,0.055812384589345884,green_sea_turtle,Chelonia mydas,random_forest
953:2792,5.35,99.25,0.055812384589345884,green_sea_turtle,Chelonia mydas,random_forest
953:2793,5.35,99.35,0.055812384589345884,green_sea_turtle,Chelonia mydas,random_forest
953:2794,5.35,99.45,0.055812384589345884,green_sea_turtle,Chelonia mydas,random_forest
953:2795,5.35,99.55,0.055812384589345884,green_sea_turtle,Chelonia mydas,random_forest
953:2796,5.35,99.65,0.055812384589345884,green_sea_turtle,Chelonia mydas,random_forest
953:2797,5.35,99.75,0.055812384589345884,green_sea_turtle,Chelonia mydas,random_forest
953:2798,5.35,99.85,0.055812384589345884,green_sea_turtle,Chelonia mydas,random_forest
953:2799,5.35,99.95,0.055812384589345884,green_sea_turtle,Chelonia mydas,random_forest
953:2800,5.35,100.05,0.055812384589345884,green_sea_turtle,Chelonia mydas,random_forest
953:2801,5.35,100.15,0.055812384589345884,green_sea_turtle,Chelonia mydas,random_forest
953:2803,5.35,100.35,0.055812384589345884,green_sea_turtle,Chelonia mydas,random_forest
953:2831,5.35,103.15,0.965188193560048,green_sea_turtle,Chelonia mydas,random_forest
953:2832,5.35,103.25,0.9670682905586511,green_sea_turtle,Chelonia mydas,random_forest
953:2833,5.35,103.35,0.9610146610692302,green_sea_turtle,Chelonia mydas,random_forest
953:2834,5.35,103.45,0.9462166780296974,green_sea_turtle,Chelonia mydas,random_forest
953:2835,5.35,103.55,0.8701254625147054,green_sea_turtle,Chelonia mydas,random_forest
953:2836,5.35,103.65,0.701600416708372,green_sea_turtle,Chelonia mydas,random_forest
953:2837,5.35,103.75,0.7061485728383529,green_sea_turtle,Chelonia mydas,random_forest
953:2838,5.35,103.85,0.6484892290082638,green_sea_turtle,Chelonia mydas,random_forest
953:2839,5.35,103.95,0.6447237849288239,green_sea_turtle,Chelonia mydas,random_forest
953:2840,5.35,104.05,0.4136854570454162,green_sea_turtle,Chelonia mydas,random_forest
953:2841,5.35,104.15,0.40088507155780906,green_sea_turtle,Chelonia mydas,random_forest
953:2842,5.35,104.25,0.4656936213272017,green_sea_turtle,Chelonia mydas,random_forest
953:2843,5.35,104.35,0.48796315449150296,green_sea_turtle,Chelonia mydas,random_forest
953:2844,5.35,104.45,0.4796023718693468,green_sea_turtle,Chelonia mydas,random_forest
953:2845,5.35,104.55,0.5350357756057923,green_sea_turtle,Chelonia mydas,random_forest
953:2846,5.35,104.65,0.5410303757206928,green_sea_turtle,Chelonia mydas,random_forest
953:2847,5.35,104.75,0.6048591644377698,green_sea_turtle,Chelonia mydas,random_forest
953:2848,5.35,104.85,0.6154015264871006,green_sea_turtle,Chelonia mydas,random_forest
953:2849,5.35,104.95,0.629328615022003,green_sea_turtle,Chelonia mydas,random_forest
953:2850,5.35,105.05,0.6542832716100792,green_sea_turtle,Chelonia mydas,random_forest
953:2851,5.35,105.15,0.6621222259061154,green_sea_turtle,Chelonia mydas,random_forest
953:2852,5.35,105.25,0.6621222259061154,green_sea_turtle,Chelonia mydas,random_forest
953:2853,5.35,105.35,0.6626980879750808,green_sea_turtle,Chelonia mydas,random_forest
953:2854,5.35,105.45,0.6626980879750808,green_sea_turtle,Chelonia mydas,random_forest
953:2855,5.35,105.55,0.6422782412344114,green_sea_turtle,Chelonia mydas,random_forest
953:2900,5.35,110.05,0.15318053548482224,green_sea_turtle,Chelonia mydas,random_forest
953:2901,5.35,110.15,0.15318053548482224,green_sea_turtle,Chelonia mydas,random_forest
953:2902,5.35,110.25,0.15318053548482224,green_sea_turtle,Chelonia mydas,random_forest
953:2903,5.35,110.35,0.15318053548482224,green_sea_turtle,Chelonia mydas,random_forest
953:2904,5.35,110.45,0.15318053548482224,green_sea_turtle,Chelonia mydas,random_forest
953:2905,5.35,110.55,0.15318053548482224,green_sea_turtle,Chelonia mydas,random_forest
953:2906,5.35,110.65,0.15318053548482224,green_sea_turtle,Chelonia mydas,random_forest
953:2907,5.35,110.75,0.15318053548482224,green_sea_turtle,Chelonia mydas,random_forest
953:2908,5.35,110.85,0.15318053548482224,green_sea_turtle,Chelonia mydas,random_forest
953:2909,5.35,110.95,0.15318053548482224,green_sea_turtle,Chelonia mydas,random_forest
953:2910,5.35,111.05,0.15318053548482224,green_sea_turtle,Chelonia mydas,random_forest
953:2911,5.35,111.15,0.1555245266825242,green_sea_turtle,Chelonia mydas,random_forest
953:2912,5.35,111.25,0.15741491970739765,green_sea_turtle,Chelonia mydas,random_forest
953:2913,5.35,111.35,0.15941491970739766,green_sea_turtle,Chelonia mydas,random_forest
953:2914,5.35,111.45,0.2087095069965471,green_sea_turtle,Chelonia mydas,random_forest
953:2915,5.35,111.55,0.6368703042346986,green_sea_turtle,Chelonia mydas,random_forest
953:2916,5.35,111.65,0.6899424785817329,green_sea_turtle,Chelonia mydas,random_forest
953:2917,5.35,111.75,0.6905851186130639,green_sea_turtle,Chelonia mydas,random_forest
953:2918,5.35,111.85,0.7848995426548829,green_sea_turtle,Chelonia mydas,random_forest
953:2919,5.35,111.95,0.8312298731052267,green_sea_turtle,Chelonia mydas,random_forest
953:2920,5.35,112.05,0.854146348792214,green_sea_turtle,Chelonia mydas,random_forest
953:2921,5.35,112.15,0.863834554352024,green_sea_turtle,Chelonia mydas,random_forest
953:2922,5.35,112.25,0.8853465986062315,green_sea_turtle,Chelonia mydas,random_forest
953:2923,5.35,112.35,0.8895290163772981,green_sea_turtle,Chelonia mydas,random_forest
953:2924,5.35,112.45,0.8712922899103684,green_sea_turtle,Chelonia mydas,random_forest
953:2925,5.35,112.55,0.880534214952814,green_sea_turtle,Chelonia mydas,random_forest
953:2926,5.35,112.65,0.8834924250871234,green_sea_turtle,Chelonia mydas,random_forest
953:2927,5.35,112.75,0.8972500468631274,green_sea_turtle,Chelonia mydas,random_forest
953:2928,5.35,112.85,0.8882775230641757,green_sea_turtle,Chelonia mydas,random_forest
953:2929,5.35,112.95,0.8803369819750096,green_sea_turtle,Chelonia mydas,random_forest
953:2930,5.35,113.05,0.8892615957098827,green_sea_turtle,Chelonia mydas,random_forest
953:2931,5.35,113.15,0.8960327666901561,green_sea_turtle,Chelonia mydas,random_forest
953:2932,5.35,113.25,0.8841221417898308,green_sea_turtle,Chelonia mydas,random_forest
953:2933,5.35,113.35,0.837196203220262,green_sea_turtle,Chelonia mydas,random_forest
953:2948,5.35,114.85,0.6254326180826211,green_sea_turtle,Chelonia mydas,random_forest
953:2949,5.35,114.95,0.6349277790242631,green_sea_turtle,Chelonia mydas,random_forest
953:2950,5.35,115.05,0.6390639521991592,green_sea_turtle,Chelonia mydas,random_forest
953:2951,5.35,115.15,0.6729817722532238,green_sea_turtle,Chelonia mydas,random_forest
953:2952,5.35,115.25,0.6727621988423742,green_sea_turtle,Chelonia mydas,random_forest
953:2953,5.35,115.35,0.6810400622596597,green_sea_turtle,Chelonia mydas,random_forest
953:2993,5.35,119.35,0.41843677037220284,green_sea_turtle,Chelonia mydas,random_forest
953:2994,5.35,119.45,0.41843677037220284,green_sea_turtle,Chelonia mydas,random_forest
954:2783,5.45,98.35,0.04801981969850721,green_sea_turtle,Chelonia mydas,random_forest
954:2784,5.45,98.45,0.04801981969850721,green_sea_turtle,Chelonia mydas,random_forest
954:2785,5.45,98.55,0.04801981969850721,green_sea_turtle,Chelonia mydas,random_forest
954:2786,5.45,98.65,0.04801981969850721,green_sea_turtle,Chelonia mydas,random_forest
954:2787,5.45,98.75,0.04801981969850721,green_sea_turtle,Chelonia mydas,random_forest
954:2788,5.45,98.85,0.04801981969850721,green_sea_turtle,Chelonia mydas,random_forest
954:2789,5.45,98.95,0.04801981969850721,green_sea_turtle,Chelonia mydas,random_forest
954:2790,5.45,99.05,0.04801981969850721,green_sea_turtle,Chelonia mydas,random_forest
954:2791,5.45,99.15,0.04801981969850721,green_sea_turtle,Chelonia mydas,random_forest
954:2792,5.45,99.25,0.04801981969850721,green_sea_turtle,Chelonia mydas,random_forest
954:2793,5.45,99.35,0.04801981969850721,green_sea_turtle,Chelonia mydas,random_forest
954:2794,5.45,99.45,0.04801981969850721,green_sea_turtle,Chelonia mydas,random_forest
954:2795,5.45,99.55,0.04801981969850721,green_sea_turtle,Chelonia mydas,random_forest
954:2796,5.45,99.65,0.04801981969850721,green_sea_turtle,Chelonia mydas,random_forest
954:2797,5.45,99.75,0.04801981969850721,green_sea_turtle,Chelonia mydas,random_forest
954:2798,5.45,99.85,0.04801981969850721,green_sea_turtle,Chelonia mydas,random_forest
954:2799,5.45,99.95,0.04801981969850721,green_sea_turtle,Chelonia mydas,random_forest
954:2800,5.45,100.05,0.04801981969850721,green_sea_turtle,Chelonia mydas,random_forest
954:2801,5.45,100.15,0.04801981969850721,green_sea_turtle,Chelonia mydas,random_forest
954:2803,5.45,100.35,0.04801981969850721,green_sea_turtle,Chelonia mydas,random_forest
954:2830,5.45,103.05,0.9233263753997384,green_sea_turtle,Chelonia mydas,random_forest
954:2831,5.45,103.15,0.9529933368090421,green_sea_turtle,Chelonia mydas,random_forest
954:2832,5.45,103.25,0.9536373823054991,green_sea_turtle,Chelonia mydas,random_forest
954:2833,5.45,103.35,0.946557392259536,green_sea_turtle,Chelonia mydas,random_forest
954:2834,5.45,103.45,0.9278036032272575,green_sea_turtle,Chelonia mydas,random_forest
954:2835,5.45,103.55,0.846466369818529,green_sea_turtle,Chelonia mydas,random_forest
954:2836,5.45,103.65,0.6540995319434418,green_sea_turtle,Chelonia mydas,random_forest
954:2837,5.45,103.75,0.6413085106346146,green_sea_turtle,Chelonia mydas,random_forest
954:2838,5.45,103.85,0.57928537666798,green_sea_turtle,Chelonia mydas,random_forest
954:2839,5.45,103.95,0.5743343117053485,green_sea_turtle,Chelonia mydas,random_forest
954:2840,5.45,104.05,0.3614812886397494,green_sea_turtle,Chelonia mydas,random_forest
954:2841,5.45,104.15,0.34729968857148413,green_sea_turtle,Chelonia mydas,random_forest
954:2842,5.45,104.25,0.410752734361425,green_sea_turtle,Chelonia mydas,random_forest
954:2843,5.45,104.35,0.4327464113044965,green_sea_turtle,Chelonia mydas,random_forest
954:2844,5.45,104.45,0.4256406782451111,green_sea_turtle,Chelonia mydas,random_forest
954:2845,5.45,104.55,0.47821307360022747,green_sea_turtle,Chelonia mydas,random_forest
954:2846,5.45,104.65,0.48487459517391385,green_sea_turtle,Chelonia mydas,random_forest
954:2847,5.45,104.75,0.5529644049278454,green_sea_turtle,Chelonia mydas,random_forest
954:2848,5.45,104.85,0.5625659775034925,green_sea_turtle,Chelonia mydas,random_forest
954:2849,5.45,104.95,0.5760092456896558,green_sea_turtle,Chelonia mydas,random_forest
954:2850,5.45,105.05,0.6040237751737456,green_sea_turtle,Chelonia mydas,random_forest
954:2851,5.45,105.15,0.6111268466413434,green_sea_turtle,Chelonia mydas,random_forest
954:2852,5.45,105.25,0.6111268466413434,green_sea_turtle,Chelonia mydas,random_forest
954:2853,5.45,105.35,0.6117027087103089,green_sea_turtle,Chelonia mydas,random_forest
954:2854,5.45,105.45,0.6117027087103089,green_sea_turtle,Chelonia mydas,random_forest
954:2855,5.45,105.55,0.5894233652437885,green_sea_turtle,Chelonia mydas,random_forest
954:2856,5.45,105.65,0.2691723222636614,green_sea_turtle,Chelonia mydas,random_forest
954:2900,5.45,110.05,0.06926933876633051,green_sea_turtle,Chelonia mydas,random_forest
954:2901,5.45,110.15,0.06926933876633051,green_sea_turtle,Chelonia mydas,random_forest
954:2902,5.45,110.25,0.06926933876633051,green_sea_turtle,Chelonia mydas,random_forest
954:2903,5.45,110.35,0.06926933876633051,green_sea_turtle,Chelonia mydas,random_forest
954:2904,5.45,110.45,0.06926933876633051,green_sea_turtle,Chelonia mydas,random_forest
954:2905,5.45,110.55,0.06926933876633051,green_sea_turtle,Chelonia mydas,random_forest
954:2906,5.45,110.65,0.06926933876633051,green_sea_turtle,Chelonia mydas,random_forest
954:2907,5.45,110.75,0.06926933876633051,green_sea_turtle,Chelonia mydas,random_forest
954:2908,5.45,110.85,0.06926933876633051,green_sea_turtle,Chelonia mydas,random_forest
954:2909,5.45,110.95,0.07043816993516168,green_sea_turtle,Chelonia mydas,random_forest
954:2910,5.45,111.05,0.07043816993516168,green_sea_turtle,Chelonia mydas,random_forest
954:2911,5.45,111.15,0.07278216113286362,green_sea_turtle,Chelonia mydas,random_forest
954:2912,5.45,111.25,0.07650130815134726,green_sea_turtle,Chelonia mydas,random_forest
954:2913,5.45,111.35,0.07650130815134726,green_sea_turtle,Chelonia mydas,random_forest
954:2914,5.45,111.45,0.12991816472101592,green_sea_turtle,Chelonia mydas,random_forest
954:2915,5.45,111.55,0.5494961538948195,green_sea_turtle,Chelonia mydas,random_forest
954:2916,5.45,111.65,0.5930762793175427,green_sea_turtle,Chelonia mydas,random_forest
954:2917,5.45,111.75,0.593718919348874,green_sea_turtle,Chelonia mydas,random_forest
954:2918,5.45,111.85,0.6756216239027754,green_sea_turtle,Chelonia mydas,random_forest
954:2919,5.45,111.95,0.7185103524449897,green_sea_turtle,Chelonia mydas,random_forest
954:2920,5.45,112.05,0.7415423931857172,green_sea_turtle,Chelonia mydas,random_forest
954:2921,5.45,112.15,0.747203182097978,green_sea_turtle,Chelonia mydas,random_forest
954:2922,5.45,112.25,0.7434864746286315,green_sea_turtle,Chelonia mydas,random_forest
954:2923,5.45,112.35,0.7154788538955729,green_sea_turtle,Chelonia mydas,random_forest
954:2924,5.45,112.45,0.6884691223890154,green_sea_turtle,Chelonia mydas,random_forest
954:2925,5.45,112.55,0.6940897760633513,green_sea_turtle,Chelonia mydas,random_forest
954:2926,5.45,112.65,0.6941628593688242,green_sea_turtle,Chelonia mydas,random_forest
954:2927,5.45,112.75,0.7074323312988494,green_sea_turtle,Chelonia mydas,random_forest
954:2928,5.45,112.85,0.6990866511889682,green_sea_turtle,Chelonia mydas,random_forest
954:2929,5.45,112.95,0.6895744609251013,green_sea_turtle,Chelonia mydas,random_forest
954:2930,5.45,113.05,0.6957122827756193,green_sea_turtle,Chelonia mydas,random_forest
954:2931,5.45,113.15,0.7007028587658352,green_sea_turtle,Chelonia mydas,random_forest
954:2932,5.45,113.25,0.6889373114960097,green_sea_turtle,Chelonia mydas,random_forest
954:2947,5.45,114.75,0.4100458068361192,green_sea_turtle,Chelonia mydas,random_forest
954:2948,5.45,114.85,0.4047233578753038,green_sea_turtle,Chelonia mydas,random_forest
954:2949,5.45,114.95,0.4139487920393597,green_sea_turtle,Chelonia mydas,random_forest
954:2950,5.45,115.05,0.4172814776870827,green_sea_turtle,Chelonia mydas,random_forest
954:2951,5.45,115.15,0.4562509258640855,green_sea_turtle,Chelonia mydas,random_forest
954:2952,5.45,115.25,0.4579091057572009,green_sea_turtle,Chelonia mydas,random_forest
954:2953,5.45,115.35,0.4800116887215559,green_sea_turtle,Chelonia mydas,random_forest
954:2989,5.45,118.95,0.2552293922160502,green_sea_turtle,Chelonia mydas,random_forest
954:2990,5.45,119.05,0.2552293922160502,green_sea_turtle,Chelonia mydas,random_forest
954:2992,5.45,119.25,0.2552293922160502,green_sea_turtle,Chelonia mydas,random_forest
954:2993,5.45,119.35,0.2552293922160502,green_sea_turtle,Chelonia mydas,random_forest
954:2994,5.45,119.45,0.2552293922160502,green_sea_turtle,Chelonia mydas,random_forest
955:2782,5.55,98.25,0.061772490163143214,green_sea_turtle,Chelonia mydas,random_forest
955:2783,5.55,98.35,0.061772490163143214,green_sea_turtle,Chelonia mydas,random_forest
955:2784,5.55,98.45,0.061772490163143214,green_sea_turtle,Chelonia mydas,random_forest
955:2785,5.55,98.55,0.061772490163143214,green_sea_turtle,Chelonia mydas,random_forest
955:2786,5.55,98.65,0.061772490163143214,green_sea_turtle,Chelonia mydas,random_forest
955:2787,5.55,98.75,0.061772490163143214,green_sea_turtle,Chelonia mydas,random_forest
955:2788,5.55,98.85,0.061772490163143214,green_sea_turtle,Chelonia mydas,random_forest
955:2789,5.55,98.95,0.061772490163143214,green_sea_turtle,Chelonia mydas,random_forest
955:2790,5.55,99.05,0.061772490163143214,green_sea_turtle,Chelonia mydas,random_forest
955:2791,5.55,99.15,0.061772490163143214,green_sea_turtle,Chelonia mydas,random_forest
955:2792,5.55,99.25,0.061772490163143214,green_sea_turtle,Chelonia mydas,random_forest
955:2793,5.55,99.35,0.061772490163143214,green_sea_turtle,Chelonia mydas,random_forest
955:2794,5.55,99.45,0.061772490163143214,green_sea_turtle,Chelonia mydas,random_forest
955:2795,5.55,99.55,0.061772490163143214,green_sea_turtle,Chelonia mydas,random_forest
955:2796,5.55,99.65,0.061772490163143214,green_sea_turtle,Chelonia mydas,random_forest
955:2797,5.55,99.75,0.061772490163143214,green_sea_turtle,Chelonia mydas,random_forest
955:2798,5.55,99.85,0.061772490163143214,green_sea_turtle,Chelonia mydas,random_forest
955:2799,5.55,99.95,0.061772490163143214,green_sea_turtle,Chelonia mydas,random_forest
955:2800,5.55,100.05,0.061772490163143214,green_sea_turtle,Chelonia mydas,random_forest
955:2801,5.55,100.15,0.061772490163143214,green_sea_turtle,Chelonia mydas,random_forest
955:2802,5.55,100.25,0.061772490163143214,green_sea_turtle,Chelonia mydas,random_forest
955:2803,5.55,100.35,0.061772490163143214,green_sea_turtle,Chelonia mydas,random_forest
955:2829,5.55,102.95,0.9155181464442426,green_sea_turtle,Chelonia mydas,random_forest
955:2830,5.55,103.05,0.9546073112215158,green_sea_turtle,Chelonia mydas,random_forest
955:2831,5.55,103.15,0.9792650842613577,green_sea_turtle,Chelonia mydas,random_forest
955:2832,5.55,103.25,0.9799091297578149,green_sea_turtle,Chelonia mydas,random_forest
955:2833,5.55,103.35,0.968997382960488,green_sea_turtle,Chelonia mydas,random_forest
955:2834,5.55,103.45,0.9501443304251307,green_sea_turtle,Chelonia mydas,random_forest
955:2835,5.55,103.55,0.8785928648305259,green_sea_turtle,Chelonia mydas,random_forest
955:2836,5.55,103.65,0.695459706408531,green_sea_turtle,Chelonia mydas,random_forest
955:2837,5.55,103.75,0.6715637991988396,green_sea_turtle,Chelonia mydas,random_forest
955:2838,5.55,103.85,0.6103956452283368,green_sea_turtle,Chelonia mydas,random_forest
955:2839,5.55,103.95,0.60531787800829,green_sea_turtle,Chelonia mydas,random_forest
955:2840,5.55,104.05,0.41259096653482225,green_sea_turtle,Chelonia mydas,random_forest
955:2841,5.55,104.15,0.4026080649012681,green_sea_turtle,Chelonia mydas,random_forest
955:2842,5.55,104.25,0.4687669324867524,green_sea_turtle,Chelonia mydas,random_forest
955:2843,5.55,104.35,0.4902063104851176,green_sea_turtle,Chelonia mydas,random_forest
955:2844,5.55,104.45,0.48486401683715946,green_sea_turtle,Chelonia mydas,random_forest
955:2845,5.55,104.55,0.5297517551348199,green_sea_turtle,Chelonia mydas,random_forest
955:2846,5.55,104.65,0.5369781667270436,green_sea_turtle,Chelonia mydas,random_forest
955:2847,5.55,104.75,0.6032393296367929,green_sea_turtle,Chelonia mydas,random_forest
955:2848,5.55,104.85,0.6124927042894098,green_sea_turtle,Chelonia mydas,random_forest
955:2849,5.55,104.95,0.625993072651948,green_sea_turtle,Chelonia mydas,random_forest
955:2850,5.55,105.05,0.6540076021360381,green_sea_turtle,Chelonia mydas,random_forest
955:2851,5.55,105.15,0.6606694884128665,green_sea_turtle,Chelonia mydas,random_forest
955:2852,5.55,105.25,0.6606694884128665,green_sea_turtle,Chelonia mydas,random_forest
955:2853,5.55,105.35,0.6612453504818321,green_sea_turtle,Chelonia mydas,random_forest
955:2854,5.55,105.45,0.6612453504818321,green_sea_turtle,Chelonia mydas,random_forest
955:2855,5.55,105.55,0.6360692458300036,green_sea_turtle,Chelonia mydas,random_forest
955:2856,5.55,105.65,0.2913298488796666,green_sea_turtle,Chelonia mydas,random_forest
955:2900,5.55,110.05,0.08259913512746318,green_sea_turtle,Chelonia mydas,random_forest
955:2901,5.55,110.15,0.08259913512746318,green_sea_turtle,Chelonia mydas,random_forest
955:2902,5.55,110.25,0.08259913512746318,green_sea_turtle,Chelonia mydas,random_forest
955:2903,5.55,110.35,0.08259913512746318,green_sea_turtle,Chelonia mydas,random_forest
955:2904,5.55,110.45,0.08259913512746318,green_sea_turtle,Chelonia mydas,random_forest
955:2905,5.55,110.55,0.08259913512746318,green_sea_turtle,Chelonia mydas,random_forest
955:2906,5.55,110.65,0.08259913512746318,green_sea_turtle,Chelonia mydas,random_forest
955:2907,5.55,110.75,0.08259913512746318,green_sea_turtle,Chelonia mydas,random_forest
955:2908,5.55,110.85,0.08259913512746318,green_sea_turtle,Chelonia mydas,random_forest
955:2909,5.55,110.95,0.08376796629629436,green_sea_turtle,Chelonia mydas,random_forest
955:2910,5.55,111.05,0.08376796629629436,green_sea_turtle,Chelonia mydas,random_forest
955:2911,5.55,111.15,0.0861119574939963,green_sea_turtle,Chelonia mydas,random_forest
955:2912,5.55,111.25,0.0906630312064756,green_sea_turtle,Chelonia mydas,random_forest
955:2913,5.55,111.35,0.0906630312064756,green_sea_turtle,Chelonia mydas,random_forest
955:2914,5.55,111.45,0.14670700151784374,green_sea_turtle,Chelonia mydas,random_forest
955:2915,5.55,111.55,0.5652357860604902,green_sea_turtle,Chelonia mydas,random_forest
955:2916,5.55,111.65,0.6086789306091929,green_sea_turtle,Chelonia mydas,random_forest
955:2917,5.55,111.75,0.6093215706405241,green_sea_turtle,Chelonia mydas,random_forest
955:2918,5.55,111.85,0.6902665060476648,green_sea_turtle,Chelonia mydas,random_forest
955:2919,5.55,111.95,0.7309422381868383,green_sea_turtle,Chelonia mydas,random_forest
955:2920,5.55,112.05,0.7535393200675595,green_sea_turtle,Chelonia mydas,random_forest
955:2921,5.55,112.15,0.7591780511333394,green_sea_turtle,Chelonia mydas,random_forest
955:2922,5.55,112.25,0.7538084479839327,green_sea_turtle,Chelonia mydas,random_forest
955:2923,5.55,112.35,0.7220006848295855,green_sea_turtle,Chelonia mydas,random_forest
955:2924,5.55,112.45,0.6949055519986884,green_sea_turtle,Chelonia mydas,random_forest
955:2925,5.55,112.55,0.7005262056730244,green_sea_turtle,Chelonia mydas,random_forest
955:2926,5.55,112.65,0.7005992889784971,green_sea_turtle,Chelonia mydas,random_forest
955:2927,5.55,112.75,0.7138687609085222,green_sea_turtle,Chelonia mydas,random_forest
955:2928,5.55,112.85,0.7057305254007538,green_sea_turtle,Chelonia mydas,random_forest
955:2929,5.55,112.95,0.696581436069678,green_sea_turtle,Chelonia mydas,random_forest
955:2930,5.55,113.05,0.702523399971835,green_sea_turtle,Chelonia mydas,random_forest
955:2931,5.55,113.15,0.7072980607614444,green_sea_turtle,Chelonia mydas,random_forest
955:2946,5.55,114.65,0.4203568736371272,green_sea_turtle,Chelonia mydas,random_forest
955:2947,5.55,114.75,0.4203568736371272,green_sea_turtle,Chelonia mydas,random_forest
955:2948,5.55,114.85,0.4150344246763118,green_sea_turtle,Chelonia mydas,random_forest
955:2949,5.55,114.95,0.4242598588403676,green_sea_turtle,Chelonia mydas,random_forest
955:2950,5.55,115.05,0.42759254448809053,green_sea_turtle,Chelonia mydas,random_forest
955:2951,5.55,115.15,0.4673963637734372,green_sea_turtle,Chelonia mydas,random_forest
955:2952,5.55,115.25,0.46905454366655247,green_sea_turtle,Chelonia mydas,random_forest
955:2953,5.55,115.35,0.49166827635962607,green_sea_turtle,Chelonia mydas,random_forest
955:2954,5.55,115.45,0.5648008834490883,green_sea_turtle,Chelonia mydas,random_forest
955:2955,5.55,115.55,0.596611277896455,green_sea_turtle,Chelonia mydas,random_forest
955:2956,5.55,115.65,0.41800344968325936,green_sea_turtle,Chelonia mydas,random_forest
955:2957,5.55,115.75,0.30806382448533665,green_sea_turtle,Chelonia mydas,random_forest
955:2985,5.55,118.55,0.2716308081188608,green_sea_turtle,Chelonia mydas,random_forest
955:2987,5.55,118.75,0.2716308081188608,green_sea_turtle,Chelonia mydas,random_forest
955:2988,5.55,118.85,0.27067789953160315,green_sea_turtle,Chelonia mydas,random_forest
955:2989,5.55,118.95,0.27067789953160315,green_sea_turtle,Chelonia mydas,random_forest
955:2990,5.55,119.05,0.27067789953160315,green_sea_turtle,Chelonia mydas,random_forest
955:2991,5.55,119.15,0.27067789953160315,green_sea_turtle,Chelonia mydas,random_forest
955:2992,5.55,119.25,0.27067789953160315,green_sea_turtle,Chelonia mydas,random_forest
955:2993,5.55,119.35,0.27067789953160315,green_sea_turtle,Chelonia mydas,random_forest
956:2782,5.65,98.25,0.04946870690213727,green_sea_turtle,Chelonia mydas,random_forest
956:2783,5.65,98.35,0.04946870690213727,green_sea_turtle,Chelonia mydas,random_forest
956:2784,5.65,98.45,0.04946870690213727,green_sea_turtle,Chelonia mydas,random_forest
956:2785,5.65,98.55,0.04946870690213727,green_sea_turtle,Chelonia mydas,random_forest
956:2786,5.65,98.65,0.04946870690213727,green_sea_turtle,Chelonia mydas,random_forest
956:2787,5.65,98.75,0.04946870690213727,green_sea_turtle,Chelonia mydas,random_forest
956:2788,5.65,98.85,0.04946870690213727,green_sea_turtle,Chelonia mydas,random_forest
956:2789,5.65,98.95,0.04946870690213727,green_sea_turtle,Chelonia mydas,random_forest
956:2790,5.65,99.05,0.04946870690213727,green_sea_turtle,Chelonia mydas,random_forest
956:2791,5.65,99.15,0.04946870690213727,green_sea_turtle,Chelonia mydas,random_forest
956:2792,5.65,99.25,0.04946870690213727,green_sea_turtle,Chelonia mydas,random_forest
956:2793,5.65,99.35,0.04946870690213727,green_sea_turtle,Chelonia mydas,random_forest
956:2794,5.65,99.45,0.04946870690213727,green_sea_turtle,Chelonia mydas,random_forest
956:2795,5.65,99.55,0.04946870690213727,green_sea_turtle,Chelonia mydas,random_forest
956:2796,5.65,99.65,0.04946870690213727,green_sea_turtle,Chelonia mydas,random_forest
956:2797,5.65,99.75,0.04946870690213727,green_sea_turtle,Chelonia mydas,random_forest
956:2798,5.65,99.85,0.04946870690213727,green_sea_turtle,Chelonia mydas,random_forest
956:2799,5.65,99.95,0.04946870690213727,green_sea_turtle,Chelonia mydas,random_forest
956:2800,5.65,100.05,0.04946870690213727,green_sea_turtle,Chelonia mydas,random_forest
956:2801,5.65,100.15,0.04946870690213727,green_sea_turtle,Chelonia mydas,random_forest
956:2802,5.65,100.25,0.04946870690213727,green_sea_turtle,Chelonia mydas,random_forest
956:2828,5.65,102.85,0.804553213750826,green_sea_turtle,Chelonia mydas,random_forest
956:2829,5.65,102.95,0.9046556379636989,green_sea_turtle,Chelonia mydas,random_forest
956:2830,5.65,103.05,0.9440048938768104,green_sea_turtle,Chelonia mydas,random_forest
956:2831,5.65,103.15,0.9684250215880121,green_sea_turtle,Chelonia mydas,random_forest
956:2832,5.65,103.25,0.9690690670844693,green_sea_turtle,Chelonia mydas,random_forest
956:2833,5.65,103.35,0.954244068314751,green_sea_turtle,Chelonia mydas,random_forest
956:2834,5.65,103.45,0.9355780184578888,green_sea_turtle,Chelonia mydas,random_forest
956:2835,5.65,103.55,0.8630321382948567,green_sea_turtle,Chelonia mydas,random_forest
956:2836,5.65,103.65,0.6874091833138622,green_sea_turtle,Chelonia mydas,random_forest
956:2837,5.65,103.75,0.659144105126984,green_sea_turtle,Chelonia mydas,random_forest
956:2838,5.65,103.85,0.6005485693463666,green_sea_turtle,Chelonia mydas,random_forest
956:2839,5.65,103.95,0.5978255481834702,green_sea_turtle,Chelonia mydas,random_forest
956:2840,5.65,104.05,0.41290464499112145,green_sea_turtle,Chelonia mydas,random_forest
956:2841,5.65,104.15,0.404502995758643,green_sea_turtle,Chelonia mydas,random_forest
956:2842,5.65,104.25,0.47237967153796495,green_sea_turtle,Chelonia mydas,random_forest
956:2843,5.65,104.35,0.50284697969619,green_sea_turtle,Chelonia mydas,random_forest
956:2844,5.65,104.45,0.4993391809469585,green_sea_turtle,Chelonia mydas,random_forest
956:2845,5.65,104.55,0.5445456618546191,green_sea_turtle,Chelonia mydas,random_forest
956:2846,5.65,104.65,0.5503458789612217,green_sea_turtle,Chelonia mydas,random_forest
956:2847,5.65,104.75,0.6193613573859644,green_sea_turtle,Chelonia mydas,random_forest
956:2848,5.65,104.85,0.6294036748036753,green_sea_turtle,Chelonia mydas,random_forest
956:2849,5.65,104.95,0.6443887502802578,green_sea_turtle,Chelonia mydas,random_forest
956:2850,5.65,105.05,0.672344280429937,green_sea_turtle,Chelonia mydas,random_forest
956:2851,5.65,105.15,0.6790061667067654,green_sea_turtle,Chelonia mydas,random_forest
956:2852,5.65,105.25,0.6790061667067654,green_sea_turtle,Chelonia mydas,random_forest
956:2853,5.65,105.35,0.6795820287757308,green_sea_turtle,Chelonia mydas,random_forest
956:2854,5.65,105.45,0.6795820287757308,green_sea_turtle,Chelonia mydas,random_forest
956:2855,5.65,105.55,0.6550438407554225,green_sea_turtle,Chelonia mydas,random_forest
956:2856,5.65,105.65,0.2993120069152148,green_sea_turtle,Chelonia mydas,random_forest
956:2857,5.65,105.75,0.2993120069152148,green_sea_turtle,Chelonia mydas,random_forest
956:2899,5.65,109.95,0.08837185271208205,green_sea_turtle,Chelonia mydas,random_forest
956:2900,5.65,110.05,0.0865260610797329,green_sea_turtle,Chelonia mydas,random_forest
956:2901,5.65,110.15,0.0865260610797329,green_sea_turtle,Chelonia mydas,random_forest
956:2902,5.65,110.25,0.0865260610797329,green_sea_turtle,Chelonia mydas,random_forest
956:2903,5.65,110.35,0.0865260610797329,green_sea_turtle,Chelonia mydas,random_forest
956:2904,5.65,110.45,0.0865260610797329,green_sea_turtle,Chelonia mydas,random_forest
956:2905,5.65,110.55,0.0865260610797329,green_sea_turtle,Chelonia mydas,random_forest
956:2906,5.65,110.65,0.0865260610797329,green_sea_turtle,Chelonia mydas,random_forest
956:2907,5.65,110.75,0.0858896042924929,green_sea_turtle,Chelonia mydas,random_forest
956:2908,5.65,110.85,0.0858896042924929,green_sea_turtle,Chelonia mydas,random_forest
956:2909,5.65,110.95,0.0870584354613241,green_sea_turtle,Chelonia mydas,random_forest
956:2910,5.65,111.05,0.0870584354613241,green_sea_turtle,Chelonia mydas,random_forest
956:2911,5.65,111.15,0.09122038021818685,green_sea_turtle,Chelonia mydas,random_forest
956:2912,5.65,111.25,0.09577145393066613,green_sea_turtle,Chelonia mydas,random_forest
956:2913,5.65,111.35,0.09705669983230548,green_sea_turtle,Chelonia mydas,random_forest
956:2914,5.65,111.45,0.15800706674524695,green_sea_turtle,Chelonia mydas,random_forest
956:2915,5.65,111.55,0.5810133603451091,green_sea_turtle,Chelonia mydas,random_forest
956:2916,5.65,111.65,0.6265896421471691,green_sea_turtle,Chelonia mydas,random_forest
956:2917,5.65,111.75,0.6272322821785002,green_sea_turtle,Chelonia mydas,random_forest
956:2918,5.65,111.85,0.7073002589490092,green_sea_turtle,Chelonia mydas,random_forest
956:2919,5.65,111.95,0.7486791455813907,green_sea_turtle,Chelonia mydas,random_forest
956:2920,5.65,112.05,0.7692015163720876,green_sea_turtle,Chelonia mydas,random_forest
956:2921,5.65,112.15,0.771337758584331,green_sea_turtle,Chelonia mydas,random_forest
956:2922,5.65,112.25,0.7623953411120925,green_sea_turtle,Chelonia mydas,random_forest
956:2923,5.65,112.35,0.7324727451990433,green_sea_turtle,Chelonia mydas,random_forest
956:2924,5.65,112.45,0.70381458604301,green_sea_turtle,Chelonia mydas,random_forest
956:2925,5.65,112.55,0.7074352397173458,green_sea_turtle,Chelonia mydas,random_forest
956:2926,5.65,112.65,0.7082721128723544,green_sea_turtle,Chelonia mydas,random_forest
956:2927,5.65,112.75,0.7215415848023795,green_sea_turtle,Chelonia mydas,random_forest
956:2928,5.65,112.85,0.7149382564428503,green_sea_turtle,Chelonia mydas,random_forest
956:2929,5.65,112.95,0.7073810279328716,green_sea_turtle,Chelonia mydas,random_forest
956:2930,5.65,113.05,0.7136731687353429,green_sea_turtle,Chelonia mydas,random_forest
956:2945,5.65,114.55,0.4737810769213546,green_sea_turtle,Chelonia mydas,random_forest
956:2946,5.65,114.65,0.4737810769213546,green_sea_turtle,Chelonia mydas,random_forest
956:2947,5.65,114.75,0.4737810769213546,green_sea_turtle,Chelonia mydas,random_forest
956:2948,5.65,114.85,0.46963730801815123,green_sea_turtle,Chelonia mydas,random_forest
956:2949,5.65,114.95,0.48132284661771635,green_sea_turtle,Chelonia mydas,random_forest
956:2950,5.65,115.05,0.4837781300122915,green_sea_turtle,Chelonia mydas,random_forest
956:2951,5.65,115.15,0.5237979666325958,green_sea_turtle,Chelonia mydas,random_forest
956:2952,5.65,115.25,0.5256078547555397,green_sea_turtle,Chelonia mydas,random_forest
956:2953,5.65,115.35,0.5489980943918101,green_sea_turtle,Chelonia mydas,random_forest
956:2954,5.65,115.45,0.6231519030870377,green_sea_turtle,Chelonia mydas,random_forest
956:2955,5.65,115.55,0.657037225815175,green_sea_turtle,Chelonia mydas,random_forest
956:2956,5.65,115.65,0.47453521800517884,green_sea_turtle,Chelonia mydas,random_forest
956:2957,5.65,115.75,0.36051564656383583,green_sea_turtle,Chelonia mydas,random_forest
956:2958,5.65,115.85,0.34493273439151895,green_sea_turtle,Chelonia mydas,random_forest
956:2986,5.65,118.65,0.32248461221159663,green_sea_turtle,Chelonia mydas,random_forest
956:2987,5.65,118.75,0.32248461221159663,green_sea_turtle,Chelonia mydas,random_forest
956:2988,5.65,118.85,0.32153170362433914,green_sea_turtle,Chelonia mydas,random_forest
956:2989,5.65,118.95,0.32153170362433914,green_sea_turtle,Chelonia mydas,random_forest
956:2990,5.65,119.05,0.32153170362433914,green_sea_turtle,Chelonia mydas,random_forest
956:2991,5.65,119.15,0.32153170362433914,green_sea_turtle,Chelonia mydas,random_forest
956:2992,5.65,119.25,0.32153170362433914,green_sea_turtle,Chelonia mydas,random_forest
957:2781,5.75,98.15,0.049819628511299285,green_sea_turtle,Chelonia mydas,random_forest
957:2782,5.75,98.25,0.049819628511299285,green_sea_turtle,Chelonia mydas,random_forest
957:2783,5.75,98.35,0.049819628511299285,green_sea_turtle,Chelonia mydas,random_forest
957:2784,5.75,98.45,0.049819628511299285,green_sea_turtle,Chelonia mydas,random_forest
957:2785,5.75,98.55,0.049819628511299285,green_sea_turtle,Chelonia mydas,random_forest
957:2786,5.75,98.65,0.049819628511299285,green_sea_turtle,Chelonia mydas,random_forest
957:2787,5.75,98.75,0.049819628511299285,green_sea_turtle,Chelonia mydas,random_forest
957:2788,5.75,98.85,0.049819628511299285,green_sea_turtle,Chelonia mydas,random_forest
957:2789,5.75,98.95,0.049819628511299285,green_sea_turtle,Chelonia mydas,random_forest
957:2790,5.75,99.05,0.049819628511299285,green_sea_turtle,Chelonia mydas,random_forest
957:2791,5.75,99.15,0.049819628511299285,green_sea_turtle,Chelonia mydas,random_forest
957:2792,5.75,99.25,0.049819628511299285,green_sea_turtle,Chelonia mydas,random_forest
957:2793,5.75,99.35,0.049819628511299285,green_sea_turtle,Chelonia mydas,random_forest
957:2794,5.75,99.45,0.049819628511299285,green_sea_turtle,Chelonia mydas,random_forest
957:2795,5.75,99.55,0.049819628511299285,green_sea_turtle,Chelonia mydas,random_forest
957:2796,5.75,99.65,0.049819628511299285,green_sea_turtle,Chelonia mydas,random_forest
957:2797,5.75,99.75,0.049819628511299285,green_sea_turtle,Chelonia mydas,random_forest
957:2798,5.75,99.85,0.049819628511299285,green_sea_turtle,Chelonia mydas,random_forest
957:2799,5.75,99.95,0.049819628511299285,green_sea_turtle,Chelonia mydas,random_forest
957:2800,5.75,100.05,0.049819628511299285,green_sea_turtle,Chelonia mydas,random_forest
957:2801,5.75,100.15,0.049819628511299285,green_sea_turtle,Chelonia mydas,random_forest
957:2802,5.75,100.25,0.049819628511299285,green_sea_turtle,Chelonia mydas,random_forest
957:2803,5.75,100.35,0.049819628511299285,green_sea_turtle,Chelonia mydas,random_forest
957:2827,5.75,102.75,0.6542793518935676,green_sea_turtle,Chelonia mydas,random_forest
957:2828,5.75,102.85,0.8042287713569858,green_sea_turtle,Chelonia mydas,random_forest
957:2829,5.75,102.95,0.904231933879949,green_sea_turtle,Chelonia mydas,random_forest
957:2830,5.75,103.05,0.9435811897930606,green_sea_turtle,Chelonia mydas,random_forest
957:2831,5.75,103.15,0.9678282285576217,green_sea_turtle,Chelonia mydas,random_forest
957:2832,5.75,103.25,0.9684722740540789,green_sea_turtle,Chelonia mydas,random_forest
957:2833,5.75,103.35,0.9538660878907116,green_sea_turtle,Chelonia mydas,random_forest
957:2834,5.75,103.45,0.932165210196871,green_sea_turtle,Chelonia mydas,random_forest
957:2835,5.75,103.55,0.8638642186976954,green_sea_turtle,Chelonia mydas,random_forest
957:2836,5.75,103.65,0.7025679312320235,green_sea_turtle,Chelonia mydas,random_forest
957:2837,5.75,103.75,0.6803806074434311,green_sea_turtle,Chelonia mydas,random_forest
957:2838,5.75,103.85,0.6335456689398655,green_sea_turtle,Chelonia mydas,random_forest
957:2839,5.75,103.95,0.6311487352092793,green_sea_turtle,Chelonia mydas,random_forest
957:2840,5.75,104.05,0.46838256101956,green_sea_turtle,Chelonia mydas,random_forest
957:2841,5.75,104.15,0.461846106899419,green_sea_turtle,Chelonia mydas,random_forest
957:2842,5.75,104.25,0.5325190246882519,green_sea_turtle,Chelonia mydas,random_forest
957:2843,5.75,104.35,0.5766857093329193,green_sea_turtle,Chelonia mydas,random_forest
957:2844,5.75,104.45,0.5782885260460735,green_sea_turtle,Chelonia mydas,random_forest
957:2845,5.75,104.55,0.6301860171012315,green_sea_turtle,Chelonia mydas,random_forest
957:2846,5.75,104.65,0.6357027804363098,green_sea_turtle,Chelonia mydas,random_forest
957:2847,5.75,104.75,0.7024942103077034,green_sea_turtle,Chelonia mydas,random_forest
957:2848,5.75,104.85,0.712750364604448,green_sea_turtle,Chelonia mydas,random_forest
957:2849,5.75,104.95,0.7268530156544775,green_sea_turtle,Chelonia mydas,random_forest
957:2850,5.75,105.05,0.754240378117247,green_sea_turtle,Chelonia mydas,random_forest
957:2851,5.75,105.15,0.76109867642713,green_sea_turtle,Chelonia mydas,random_forest
957:2852,5.75,105.25,0.76109867642713,green_sea_turtle,Chelonia mydas,random_forest
957:2853,5.75,105.35,0.7626437805134831,green_sea_turtle,Chelonia mydas,random_forest
957:2854,5.75,105.45,0.7626437805134831,green_sea_turtle,Chelonia mydas,random_forest
957:2855,5.75,105.55,0.7385785925769183,green_sea_turtle,Chelonia mydas,random_forest
957:2856,5.75,105.65,0.3593339143525156,green_sea_turtle,Chelonia mydas,random_forest
957:2857,5.75,105.75,0.3593339143525156,green_sea_turtle,Chelonia mydas,random_forest
957:2899,5.75,109.95,0.13329169291669923,green_sea_turtle,Chelonia mydas,random_forest
957:2900,5.75,110.05,0.1314459012843501,green_sea_turtle,Chelonia mydas,random_forest
957:2901,5.75,110.15,0.1314459012843501,green_sea_turtle,Chelonia mydas,random_forest
957:2902,5.75,110.25,0.1314459012843501,green_sea_turtle,Chelonia mydas,random_forest
957:2903,5.75,110.35,0.1314459012843501,green_sea_turtle,Chelonia mydas,random_forest
957:2904,5.75,110.45,0.1314459012843501,green_sea_turtle,Chelonia mydas,random_forest
957:2905,5.75,110.55,0.13197893967453134,green_sea_turtle,Chelonia mydas,random_forest
957:2906,5.75,110.65,0.13197893967453134,green_sea_turtle,Chelonia mydas,random_forest
957:2907,5.75,110.75,0.13197893967453134,green_sea_turtle,Chelonia mydas,random_forest
957:2908,5.75,110.85,0.13197893967453134,green_sea_turtle,Chelonia mydas,random_forest
957:2909,5.75,110.95,0.13314777084336252,green_sea_turtle,Chelonia mydas,random_forest
957:2910,5.75,111.05,0.1333294213904512,green_sea_turtle,Chelonia mydas,random_forest
957:2911,5.75,111.15,0.13790227420700055,green_sea_turtle,Chelonia mydas,random_forest
957:2912,5.75,111.25,0.14245334791947986,green_sea_turtle,Chelonia mydas,random_forest
957:2913,5.75,111.35,0.1444533479194799,green_sea_turtle,Chelonia mydas,random_forest
957:2914,5.75,111.45,0.21402875468941376,green_sea_turtle,Chelonia mydas,random_forest
957:2915,5.75,111.55,0.6462176774089948,green_sea_turtle,Chelonia mydas,random_forest
957:2916,5.75,111.65,0.69609720040333,green_sea_turtle,Chelonia mydas,random_forest
957:2917,5.75,111.75,0.6967398404346612,green_sea_turtle,Chelonia mydas,random_forest
957:2918,5.75,111.85,0.7761178829815765,green_sea_turtle,Chelonia mydas,random_forest
957:2919,5.75,111.95,0.8040257420638758,green_sea_turtle,Chelonia mydas,random_forest
957:2920,5.75,112.05,0.8184976772697683,green_sea_turtle,Chelonia mydas,random_forest
957:2921,5.75,112.15,0.8193317396417032,green_sea_turtle,Chelonia mydas,random_forest
957:2922,5.75,112.25,0.8085969772451345,green_sea_turtle,Chelonia mydas,random_forest
957:2923,5.75,112.35,0.7808108945931639,green_sea_turtle,Chelonia mydas,random_forest
957:2924,5.75,112.45,0.7527562614878034,green_sea_turtle,Chelonia mydas,random_forest
957:2925,5.75,112.55,0.7563769151621393,green_sea_turtle,Chelonia mydas,random_forest
957:2926,5.75,112.65,0.7572137883171479,green_sea_turtle,Chelonia mydas,random_forest
957:2927,5.75,112.75,0.7702412818262464,green_sea_turtle,Chelonia mydas,random_forest
957:2928,5.75,112.85,0.7655829560247734,green_sea_turtle,Chelonia mydas,random_forest
957:2929,5.75,112.95,0.7580257275147949,green_sea_turtle,Chelonia mydas,random_forest
957:2944,5.75,114.45,0.5500220850748174,green_sea_turtle,Chelonia mydas,random_forest
957:2945,5.75,114.55,0.5476437115093933,green_sea_turtle,Chelonia mydas,random_forest
957:2946,5.75,114.65,0.5476437115093933,green_sea_turtle,Chelonia mydas,random_forest
957:2947,5.75,114.75,0.5476437115093933,green_sea_turtle,Chelonia mydas,random_forest
957:2948,5.75,114.85,0.5437146591808647,green_sea_turtle,Chelonia mydas,random_forest
957:2949,5.75,114.95,0.5561440527505229,green_sea_turtle,Chelonia mydas,random_forest
957:2950,5.75,115.05,0.5581517366026383,green_sea_turtle,Chelonia mydas,random_forest
957:2951,5.75,115.15,0.5966433981365222,green_sea_turtle,Chelonia mydas,random_forest
957:2952,5.75,115.25,0.598219744315682,green_sea_turtle,Chelonia mydas,random_forest
957:2953,5.75,115.35,0.6199927025316827,green_sea_turtle,Chelonia mydas,random_forest
957:2954,5.75,115.45,0.6871160460424689,green_sea_turtle,Chelonia mydas,random_forest
957:2955,5.75,115.55,0.7213872075748045,green_sea_turtle,Chelonia mydas,random_forest
957:2956,5.75,115.65,0.5419880160716605,green_sea_turtle,Chelonia mydas,random_forest
957:2957,5.75,115.75,0.42417069558155585,green_sea_turtle,Chelonia mydas,random_forest
957:2958,5.75,115.85,0.4079324008770793,green_sea_turtle,Chelonia mydas,random_forest
957:2979,5.75,117.95,0.3888992142699965,green_sea_turtle,Chelonia mydas,random_forest
957:2980,5.75,118.05,0.3888992142699965,green_sea_turtle,Chelonia mydas,random_forest
957:2981,5.75,118.15,0.3888992142699965,green_sea_turtle,Chelonia mydas,random_forest
957:2985,5.75,118.55,0.3861671974661673,green_sea_turtle,Chelonia mydas,random_forest
957:2986,5.75,118.65,0.3861671974661673,green_sea_turtle,Chelonia mydas,random_forest
957:2987,5.75,118.75,0.3861671974661673,green_sea_turtle,Chelonia mydas,random_forest
957:2988,5.75,118.85,0.3852142888789097,green_sea_turtle,Chelonia mydas,random_forest
957:2989,5.75,118.95,0.3852142888789097,green_sea_turtle,Chelonia mydas,random_forest
958:2781,5.85,98.15,0.05372874643993367,green_sea_turtle,Chelonia mydas,random_forest
958:2782,5.85,98.25,0.05372874643993367,green_sea_turtle,Chelonia mydas,random_forest
958:2783,5.85,98.35,0.05372874643993367,green_sea_turtle,Chelonia mydas,random_forest
958:2784,5.85,98.45,0.05372874643993367,green_sea_turtle,Chelonia mydas,random_forest
958:2785,5.85,98.55,0.05372874643993367,green_sea_turtle,Chelonia mydas,random_forest
958:2786,5.85,98.65,0.05372874643993367,green_sea_turtle,Chelonia mydas,random_forest
958:2787,5.85,98.75,0.05372874643993367,green_sea_turtle,Chelonia mydas,random_forest
958:2788,5.85,98.85,0.05372874643993367,green_sea_turtle,Chelonia mydas,random_forest
958:2789,5.85,98.95,0.05372874643993367,green_sea_turtle,Chelonia mydas,random_forest
958:2790,5.85,99.05,0.05372874643993367,green_sea_turtle,Chelonia mydas,random_forest
958:2791,5.85,99.15,0.05372874643993367,green_sea_turtle,Chelonia mydas,random_forest
958:2792,5.85,99.25,0.05372874643993367,green_sea_turtle,Chelonia mydas,random_forest
958:2793,5.85,99.35,0.05372874643993367,green_sea_turtle,Chelonia mydas,random_forest
958:2794,5.85,99.45,0.05372874643993367,green_sea_turtle,Chelonia mydas,random_forest
958:2795,5.85,99.55,0.05372874643993367,green_sea_turtle,Chelonia mydas,random_forest
958:2796,5.85,99.65,0.05372874643993367,green_sea_turtle,Chelonia mydas,random_forest
958:2797,5.85,99.75,0.05372874643993367,green_sea_turtle,Chelonia mydas,random_forest
958:2798,5.85,99.85,0.05372874643993367,green_sea_turtle,Chelonia mydas,random_forest
958:2799,5.85,99.95,0.05372874643993367,green_sea_turtle,Chelonia mydas,random_forest
958:2800,5.85,100.05,0.05372874643993367,green_sea_turtle,Chelonia mydas,random_forest
958:2801,5.85,100.15,0.05372874643993367,green_sea_turtle,Chelonia mydas,random_forest
958:2802,5.85,100.25,0.05372874643993367,green_sea_turtle,Chelonia mydas,random_forest
958:2803,5.85,100.35,0.05372874643993367,green_sea_turtle,Chelonia mydas,random_forest
958:2825,5.85,102.55,0.2553729191216657,green_sea_turtle,Chelonia mydas,random_forest
958:2826,5.85,102.65,0.5666203086937975,green_sea_turtle,Chelonia mydas,random_forest
958:2827,5.85,102.75,0.6453766727196725,green_sea_turtle,Chelonia mydas,random_forest
958:2828,5.85,102.85,0.7924729597672694,green_sea_turtle,Chelonia mydas,random_forest
958:2829,5.85,102.95,0.8891912107214309,green_sea_turtle,Chelonia mydas,random_forest
958:2830,5.85,103.05,0.9279434476283371,green_sea_turtle,Chelonia mydas,random_forest
958:2831,5.85,103.15,0.9493967759884909,green_sea_turtle,Chelonia mydas,random_forest
958:2832,5.85,103.25,0.949467537392462,green_sea_turtle,Chelonia mydas,random_forest
958:2833,5.85,103.35,0.9327871797024813,green_sea_turtle,Chelonia mydas,random_forest
958:2834,5.85,103.45,0.9032703971928197,green_sea_turtle,Chelonia mydas,random_forest
958:2835,5.85,103.55,0.8362721314816718,green_sea_turtle,Chelonia mydas,random_forest
958:2836,5.85,103.65,0.6874225587212879,green_sea_turtle,Chelonia mydas,random_forest
958:2837,5.85,103.75,0.6714794358689052,green_sea_turtle,Chelonia mydas,random_forest
958:2838,5.85,103.85,0.6341450981402428,green_sea_turtle,Chelonia mydas,random_forest
958:2839,5.85,103.95,0.6340141760848566,green_sea_turtle,Chelonia mydas,random_forest
958:2840,5.85,104.05,0.49903949971913586,green_sea_turtle,Chelonia mydas,random_forest
958:2841,5.85,104.15,0.4967317218547427,green_sea_turtle,Chelonia mydas,random_forest
958:2842,5.85,104.25,0.5746792546010734,green_sea_turtle,Chelonia mydas,random_forest
958:2843,5.85,104.35,0.619845380923786,green_sea_turtle,Chelonia mydas,random_forest
958:2844,5.85,104.45,0.6237146012316327,green_sea_turtle,Chelonia mydas,random_forest
958:2845,5.85,104.55,0.6752784260767424,green_sea_turtle,Chelonia mydas,random_forest
958:2846,5.85,104.65,0.6807951894118207,green_sea_turtle,Chelonia mydas,random_forest
958:2847,5.85,104.75,0.7447596430974438,green_sea_turtle,Chelonia mydas,random_forest
958:2848,5.85,104.85,0.7541292098488298,green_sea_turtle,Chelonia mydas,random_forest
958:2849,5.85,104.95,0.7652527266803499,green_sea_turtle,Chelonia mydas,random_forest
958:2850,5.85,105.05,0.7920669585914033,green_sea_turtle,Chelonia mydas,random_forest
958:2851,5.85,105.15,0.7989252569012862,green_sea_turtle,Chelonia mydas,random_forest
958:2852,5.85,105.25,0.7989252569012862,green_sea_turtle,Chelonia mydas,random_forest
958:2853,5.85,105.35,0.8004703609876395,green_sea_turtle,Chelonia mydas,random_forest
958:2854,5.85,105.45,0.8004703609876395,green_sea_turtle,Chelonia mydas,random_forest
958:2855,5.85,105.55,0.7788053094210295,green_sea_turtle,Chelonia mydas,random_forest
958:2856,5.85,105.65,0.37673964053191056,green_sea_turtle,Chelonia mydas,random_forest
958:2857,5.85,105.75,0.37673964053191056,green_sea_turtle,Chelonia mydas,random_forest
958:2898,5.85,109.85,0.14544649286796923,green_sea_turtle,Chelonia mydas,random_forest
958:2899,5.85,109.95,0.14544649286796923,green_sea_turtle,Chelonia mydas,random_forest
958:2900,5.85,110.05,0.14360070123562005,green_sea_turtle,Chelonia mydas,random_forest
958:2901,5.85,110.15,0.14360070123562005,green_sea_turtle,Chelonia mydas,random_forest
958:2902,5.85,110.25,0.14360070123562005,green_sea_turtle,Chelonia mydas,random_forest
958:2903,5.85,110.35,0.14360070123562005,green_sea_turtle,Chelonia mydas,random_forest
958:2904,5.85,110.45,0.14360070123562005,green_sea_turtle,Chelonia mydas,random_forest
958:2905,5.85,110.55,0.1441337396258013,green_sea_turtle,Chelonia mydas,random_forest
958:2906,5.85,110.65,0.1441337396258013,green_sea_turtle,Chelonia mydas,random_forest
958:2907,5.85,110.75,0.1441337396258013,green_sea_turtle,Chelonia mydas,random_forest
958:2908,5.85,110.85,0.1441337396258013,green_sea_turtle,Chelonia mydas,random_forest
958:2909,5.85,110.95,0.1441337396258013,green_sea_turtle,Chelonia mydas,random_forest
958:2910,5.85,111.05,0.14431539017289,green_sea_turtle,Chelonia mydas,random_forest
958:2911,5.85,111.15,0.14935849794694647,green_sea_turtle,Chelonia mydas,random_forest
958:2912,5.85,111.25,0.1539095716594258,green_sea_turtle,Chelonia mydas,random_forest
958:2913,5.85,111.35,0.1559095716594258,green_sea_turtle,Chelonia mydas,random_forest
958:2914,5.85,111.45,0.22548497842935958,green_sea_turtle,Chelonia mydas,random_forest
958:2915,5.85,111.55,0.64802162272902,green_sea_turtle,Chelonia mydas,random_forest
958:2916,5.85,111.65,0.6934046052238351,green_sea_turtle,Chelonia mydas,random_forest
958:2917,5.85,111.75,0.6886822513265296,green_sea_turtle,Chelonia mydas,random_forest
958:2918,5.85,111.85,0.7605998371706609,green_sea_turtle,Chelonia mydas,random_forest
958:2919,5.85,111.95,0.7783708006590803,green_sea_turtle,Chelonia mydas,random_forest
958:2920,5.85,112.05,0.7847848580384618,green_sea_turtle,Chelonia mydas,random_forest
958:2921,5.85,112.15,0.7848497853874681,green_sea_turtle,Chelonia mydas,random_forest
958:2922,5.85,112.25,0.7740178769616411,green_sea_turtle,Chelonia mydas,random_forest
958:2923,5.85,112.35,0.7490361828327085,green_sea_turtle,Chelonia mydas,random_forest
958:2924,5.85,112.45,0.7215979461158613,green_sea_turtle,Chelonia mydas,random_forest
958:2925,5.85,112.55,0.7245036492756791,green_sea_turtle,Chelonia mydas,random_forest
958:2926,5.85,112.65,0.7253405224306877,green_sea_turtle,Chelonia mydas,random_forest
958:2927,5.85,112.75,0.736466806172634,green_sea_turtle,Chelonia mydas,random_forest
958:2928,5.85,112.85,0.7314704306275455,green_sea_turtle,Chelonia mydas,random_forest
958:2943,5.85,114.35,0.573367310881951,green_sea_turtle,Chelonia mydas,random_forest
958:2944,5.85,114.45,0.5178592797914443,green_sea_turtle,Chelonia mydas,random_forest
958:2945,5.85,114.55,0.5165882820625083,green_sea_turtle,Chelonia mydas,random_forest
958:2946,5.85,114.65,0.5165882820625083,green_sea_turtle,Chelonia mydas,random_forest
958:2947,5.85,114.75,0.5165882820625083,green_sea_turtle,Chelonia mydas,random_forest
958:2948,5.85,114.85,0.5126592297339795,green_sea_turtle,Chelonia mydas,random_forest
958:2949,5.85,114.95,0.5270604915060668,green_sea_turtle,Chelonia mydas,random_forest
958:2950,5.85,115.05,0.5290681753581821,green_sea_turtle,Chelonia mydas,random_forest
958:2951,5.85,115.15,0.5632827973058236,green_sea_turtle,Chelonia mydas,random_forest
958:2952,5.85,115.25,0.5637505535336057,green_sea_turtle,Chelonia mydas,random_forest
958:2953,5.85,115.35,0.5851044602131258,green_sea_turtle,Chelonia mydas,random_forest
958:2954,5.85,115.45,0.6446654153454288,green_sea_turtle,Chelonia mydas,random_forest
958:2955,5.85,115.55,0.6765601091241613,green_sea_turtle,Chelonia mydas,random_forest
958:2956,5.85,115.65,0.5083830163920877,green_sea_turtle,Chelonia mydas,random_forest
958:2957,5.85,115.75,0.4015405690645441,green_sea_turtle,Chelonia mydas,random_forest
958:2958,5.85,115.85,0.3853022743600675,green_sea_turtle,Chelonia mydas,random_forest
958:2959,5.85,115.95,0.38455277536207155,green_sea_turtle,Chelonia mydas,random_forest
958:2981,5.85,118.15,0.37835135366949657,green_sea_turtle,Chelonia mydas,random_forest
958:2982,5.85,118.25,0.37835135366949657,green_sea_turtle,Chelonia mydas,random_forest
958:2983,5.85,118.35,0.37835135366949657,green_sea_turtle,Chelonia mydas,random_forest
958:2984,5.85,118.45,0.37835135366949657,green_sea_turtle,Chelonia mydas,random_forest
958:2985,5.85,118.55,0.37707508907805687,green_sea_turtle,Chelonia mydas,random_forest
958:2986,5.85,118.65,0.37707508907805687,green_sea_turtle,Chelonia mydas,random_forest
958:2987,5.85,118.75,0.37707508907805687,green_sea_turtle,Chelonia mydas,random_forest
959:2780,5.95,98.05,0.05443935590266905,green_sea_turtle,Chelonia mydas,random_forest
959:2781,5.95,98.15,0.05443935590266905,green_sea_turtle,Chelonia mydas,random_forest
959:2782,5.95,98.25,0.05443935590266905,green_sea_turtle,Chelonia mydas,random_forest
959:2783,5.95,98.35,0.05443935590266905,green_sea_turtle,Chelonia mydas,random_forest
959:2784,5.95,98.45,0.05443935590266905,green_sea_turtle,Chelonia mydas,random_forest
959:2785,5.95,98.55,0.05443935590266905,green_sea_turtle,Chelonia mydas,random_forest
959:2786,5.95,98.65,0.05443935590266905,green_sea_turtle,Chelonia mydas,random_forest
959:2787,5.95,98.75,0.05443935590266905,green_sea_turtle,Chelonia mydas,random_forest
959:2788,5.95,98.85,0.05443935590266905,green_sea_turtle,Chelonia mydas,random_forest
959:2789,5.95,98.95,0.05443935590266905,green_sea_turtle,Chelonia mydas,random_forest
959:2790,5.95,99.05,0.05443935590266905,green_sea_turtle,Chelonia mydas,random_forest
959:2791,5.95,99.15,0.05443935590266905,green_sea_turtle,Chelonia mydas,random_forest
959:2792,5.95,99.25,0.05443935590266905,green_sea_turtle,Chelonia mydas,random_forest
959:2793,5.95,99.35,0.05443935590266905,green_sea_turtle,Chelonia mydas,random_forest
959:2794,5.95,99.45,0.05443935590266905,green_sea_turtle,Chelonia mydas,random_forest
959:2795,5.95,99.55,0.05443935590266905,green_sea_turtle,Chelonia mydas,random_forest
959:2796,5.95,99.65,0.05443935590266905,green_sea_turtle,Chelonia mydas,random_forest
959:2797,5.95,99.75,0.05443935590266905,green_sea_turtle,Chelonia mydas,random_forest
959:2798,5.95,99.85,0.05443935590266905,green_sea_turtle,Chelonia mydas,random_forest
959:2799,5.95,99.95,0.05443935590266905,green_sea_turtle,Chelonia mydas,random_forest
959:2800,5.95,100.05,0.05443935590266905,green_sea_turtle,Chelonia mydas,random_forest
959:2801,5.95,100.15,0.05443935590266905,green_sea_turtle,Chelonia mydas,random_forest
959:2802,5.95,100.25,0.05443935590266905,green_sea_turtle,Chelonia mydas,random_forest
959:2803,5.95,100.35,0.05443935590266905,green_sea_turtle,Chelonia mydas,random_forest
959:2825,5.95,102.55,0.23534506752122286,green_sea_turtle,Chelonia mydas,random_forest
959:2826,5.95,102.65,0.5346714669765115,green_sea_turtle,Chelonia mydas,random_forest
959:2827,5.95,102.75,0.5743892111127834,green_sea_turtle,Chelonia mydas,random_forest
959:2828,5.95,102.85,0.7083431089691841,green_sea_turtle,Chelonia mydas,random_forest
959:2829,5.95,102.95,0.8053825573249892,green_sea_turtle,Chelonia mydas,random_forest
959:2830,5.95,103.05,0.8417368330725344,green_sea_turtle,Chelonia mydas,random_forest
959:2831,5.95,103.15,0.86111028604071,green_sea_turtle,Chelonia mydas,random_forest
959:2832,5.95,103.25,0.8642238435829356,green_sea_turtle,Chelonia mydas,random_forest
959:2833,5.95,103.35,0.8436551593298132,green_sea_turtle,Chelonia mydas,random_forest
959:2834,5.95,103.45,0.8102928162573111,green_sea_turtle,Chelonia mydas,random_forest
959:2835,5.95,103.55,0.7454921266868699,green_sea_turtle,Chelonia mydas,random_forest
959:2836,5.95,103.65,0.6176909346831917,green_sea_turtle,Chelonia mydas,random_forest
959:2837,5.95,103.75,0.6181573929798825,green_sea_turtle,Chelonia mydas,random_forest
959:2838,5.95,103.85,0.5984970576427014,green_sea_turtle,Chelonia mydas,random_forest
959:2839,5.95,103.95,0.5966710044342448,green_sea_turtle,Chelonia mydas,random_forest
959:2840,5.95,104.05,0.4763436487914387,green_sea_turtle,Chelonia mydas,random_forest
959:2841,5.95,104.15,0.47590684972087,green_sea_turtle,Chelonia mydas,random_forest
959:2842,5.95,104.25,0.5530890373815612,green_sea_turtle,Chelonia mydas,random_forest
959:2843,5.95,104.35,0.5982551637042739,green_sea_turtle,Chelonia mydas,random_forest
959:2844,5.95,104.45,0.6002858029757433,green_sea_turtle,Chelonia mydas,random_forest
959:2845,5.95,104.55,0.6472306828763742,green_sea_turtle,Chelonia mydas,random_forest
959:2846,5.95,104.65,0.6522981364556281,green_sea_turtle,Chelonia mydas,random_forest
959:2847,5.95,104.75,0.7121637959768765,green_sea_turtle,Chelonia mydas,random_forest
959:2848,5.95,104.85,0.7212961020325903,green_sea_turtle,Chelonia mydas,random_forest
959:2849,5.95,104.95,0.7308422665421298,green_sea_turtle,Chelonia mydas,random_forest
959:2850,5.95,105.05,0.7502656183548257,green_sea_turtle,Chelonia mydas,random_forest
959:2851,5.95,105.15,0.7547570481875133,green_sea_turtle,Chelonia mydas,random_forest
959:2852,5.95,105.25,0.7547570481875133,green_sea_turtle,Chelonia mydas,random_forest
959:2853,5.95,105.35,0.7547570481875133,green_sea_turtle,Chelonia mydas,random_forest
959:2854,5.95,105.45,0.7547570481875133,green_sea_turtle,Chelonia mydas,random_forest
959:2855,5.95,105.55,0.7296481367320932,green_sea_turtle,Chelonia mydas,random_forest
959:2856,5.95,105.65,0.3201347371468647,green_sea_turtle,Chelonia mydas,random_forest
959:2857,5.95,105.75,0.3201347371468647,green_sea_turtle,Chelonia mydas,random_forest
959:2898,5.95,109.85,0.02405403012162372,green_sea_turtle,Chelonia mydas,random_forest
959:2899,5.95,109.95,0.02405403012162372,green_sea_turtle,Chelonia mydas,random_forest
959:2900,5.95,110.05,0.021424147580183663,green_sea_turtle,Chelonia mydas,random_forest
959:2901,5.95,110.15,0.021424147580183663,green_sea_turtle,Chelonia mydas,random_forest
959:2902,5.95,110.25,0.021424147580183663,green_sea_turtle,Chelonia mydas,random_forest
959:2903,5.95,110.35,0.021424147580183663,green_sea_turtle,Chelonia mydas,random_forest
959:2904,5.95,110.45,0.02089250201056341,green_sea_turtle,Chelonia mydas,random_forest
959:2905,5.95,110.55,0.02089250201056341,green_sea_turtle,Chelonia mydas,random_forest
959:2906,5.95,110.65,0.02089250201056341,green_sea_turtle,Chelonia mydas,random_forest
959:2907,5.95,110.75,0.02089250201056341,green_sea_turtle,Chelonia mydas,random_forest
959:2908,5.95,110.85,0.02089250201056341,green_sea_turtle,Chelonia mydas,random_forest
959:2909,5.95,110.95,0.02089250201056341,green_sea_turtle,Chelonia mydas,random_forest
959:2910,5.95,111.05,0.019414559153420555,green_sea_turtle,Chelonia mydas,random_forest
959:2911,5.95,111.15,0.019884814110927636,green_sea_turtle,Chelonia mydas,random_forest
959:2912,5.95,111.25,0.019884814110927636,green_sea_turtle,Chelonia mydas,random_forest
959:2913,5.95,111.35,0.019884814110927636,green_sea_turtle,Chelonia mydas,random_forest
959:2914,5.95,111.45,0.023565398723297076,green_sea_turtle,Chelonia mydas,random_forest
959:2915,5.95,111.55,0.07831460945140917,green_sea_turtle,Chelonia mydas,random_forest
959:2916,5.95,111.65,0.08310946662638655,green_sea_turtle,Chelonia mydas,random_forest
959:2917,5.95,111.75,0.07886795002865132,green_sea_turtle,Chelonia mydas,random_forest
959:2918,5.95,111.85,0.08846626988728419,green_sea_turtle,Chelonia mydas,random_forest
959:2919,5.95,111.95,0.09072978782249382,green_sea_turtle,Chelonia mydas,random_forest
959:2920,5.95,112.05,0.08666871774324673,green_sea_turtle,Chelonia mydas,random_forest
959:2921,5.95,112.15,0.07945448906220542,green_sea_turtle,Chelonia mydas,random_forest
959:2922,5.95,112.25,0.061034856134700145,green_sea_turtle,Chelonia mydas,random_forest
959:2923,5.95,112.35,0.060104008605839906,green_sea_turtle,Chelonia mydas,random_forest
959:2924,5.95,112.45,0.043519907306393636,green_sea_turtle,Chelonia mydas,random_forest
959:2925,5.95,112.55,0.044920286501487966,green_sea_turtle,Chelonia mydas,random_forest
959:2926,5.95,112.65,0.044920286501487966,green_sea_turtle,Chelonia mydas,random_forest
959:2927,5.95,112.75,0.06472797339397651,green_sea_turtle,Chelonia mydas,random_forest
959:2942,5.95,114.25,0.015997540115003643,green_sea_turtle,Chelonia mydas,random_forest
959:2943,5.95,114.35,0.01137244788199263,green_sea_turtle,Chelonia mydas,random_forest
959:2944,5.95,114.45,0.010155366031458822,green_sea_turtle,Chelonia mydas,random_forest
959:2945,5.95,114.55,0.009319861145465338,green_sea_turtle,Chelonia mydas,random_forest
959:2946,5.95,114.65,0.009319861145465338,green_sea_turtle,Chelonia mydas,random_forest
959:2947,5.95,114.75,0.009319861145465338,green_sea_turtle,Chelonia mydas,random_forest
959:2948,5.95,114.85,0.011151127684195013,green_sea_turtle,Chelonia mydas,random_forest
959:2949,5.95,114.95,0.04480878212148514,green_sea_turtle,Chelonia mydas,random_forest
959:2950,5.95,115.05,0.04473822583410753,green_sea_turtle,Chelonia mydas,random_forest
959:2951,5.95,115.15,0.04535024073292901,green_sea_turtle,Chelonia mydas,random_forest
959:2952,5.95,115.25,0.037982511401040094,green_sea_turtle,Chelonia mydas,random_forest
959:2953,5.95,115.35,0.043984456200466586,green_sea_turtle,Chelonia mydas,random_forest
959:2954,5.95,115.45,0.07862512165086785,green_sea_turtle,Chelonia mydas,random_forest
959:2955,5.95,115.55,0.09569745508022974,green_sea_turtle,Chelonia mydas,random_forest
959:2956,5.95,115.65,0.0650840105151653,green_sea_turtle,Chelonia mydas,random_forest
959:2957,5.95,115.75,0.025637895748360007,green_sea_turtle,Chelonia mydas,random_forest
959:2958,5.95,115.85,0.017059570006173114,green_sea_turtle,Chelonia mydas,random_forest
959:2959,5.95,115.95,0.01631007100817712,green_sea_turtle,Chelonia mydas,random_forest
959:2977,5.95,117.75,0.07470456253051488,green_sea_turtle,Chelonia mydas,random_forest
959:2978,5.95,117.85,0.07470456253051488,green_sea_turtle,Chelonia mydas,random_forest
959:2981,5.95,118.15,0.07470456253051488,green_sea_turtle,Chelonia mydas,random_forest
959:2982,5.95,118.25,0.07470456253051488,green_sea_turtle,Chelonia mydas,random_forest
959:2983,5.95,118.35,0.07470456253051488,green_sea_turtle,Chelonia mydas,random_forest
959:2984,5.95,118.45,0.07470456253051488,green_sea_turtle,Chelonia mydas,random_forest
959:2985,5.95,118.55,0.0734282979390752,green_sea_turtle,Chelonia mydas,random_forest
960:2783,6.05,98.35,0.11227812228105771,green_sea_turtle,Chelonia mydas,random_forest
960:2784,6.05,98.45,0.11227812228105771,green_sea_turtle,Chelonia mydas,random_forest
960:2785,6.05,98.55,0.11227812228105771,green_sea_turtle,Chelonia mydas,random_forest
960:2786,6.05,98.65,0.11227812228105771,green_sea_turtle,Chelonia mydas,random_forest
960:2787,6.05,98.75,0.11227812228105771,green_sea_turtle,Chelonia mydas,random_forest
960:2788,6.05,98.85,0.11227812228105771,green_sea_turtle,Chelonia mydas,random_forest
960:2789,6.05,98.95,0.11227812228105771,green_sea_turtle,Chelonia mydas,random_forest
960:2790,6.05,99.05,0.11227812228105771,green_sea_turtle,Chelonia mydas,random_forest
960:2791,6.05,99.15,0.11227812228105771,green_sea_turtle,Chelonia mydas,random_forest
960:2792,6.05,99.25,0.11227812228105771,green_sea_turtle,Chelonia mydas,random_forest
960:2793,6.05,99.35,0.11227812228105771,green_sea_turtle,Chelonia mydas,random_forest
960:2794,6.05,99.45,0.11227812228105771,green_sea_turtle,Chelonia mydas,random_forest
960:2795,6.05,99.55,0.11227812228105771,green_sea_turtle,Chelonia mydas,random_forest
960:2796,6.05,99.65,0.11227812228105771,green_sea_turtle,Chelonia mydas,random_forest
960:2797,6.05,99.75,0.11227812228105771,green_sea_turtle,Chelonia mydas,random_forest
960:2798,6.05,99.85,0.11227812228105771,green_sea_turtle,Chelonia mydas,random_forest
960:2799,6.05,99.95,0.11227812228105771,green_sea_turtle,Chelonia mydas,random_forest
960:2800,6.05,100.05,0.11227812228105771,green_sea_turtle,Chelonia mydas,random_forest
960:2801,6.05,100.15,0.11227812228105771,green_sea_turtle,Chelonia mydas,random_forest
960:2802,6.05,100.25,0.11227812228105771,green_sea_turtle,Chelonia mydas,random_forest
960:2824,6.05,102.45,0.15611174435525033,green_sea_turtle,Chelonia mydas,random_forest
960:2825,6.05,102.55,0.2814332085026059,green_sea_turtle,Chelonia mydas,random_forest
960:2826,6.05,102.65,0.582759976842385,green_sea_turtle,Chelonia mydas,random_forest
960:2827,6.05,102.75,0.6127212270715351,green_sea_turtle,Chelonia mydas,random_forest
960:2828,6.05,102.85,0.7404994795022071,green_sea_turtle,Chelonia mydas,random_forest
960:2829,6.05,102.95,0.835505884615897,green_sea_turtle,Chelonia mydas,random_forest
960:2830,6.05,103.05,0.8716949231738266,green_sea_turtle,Chelonia mydas,random_forest
960:2831,6.05,103.15,0.8910113994137586,green_sea_turtle,Chelonia mydas,random_forest
960:2832,6.05,103.25,0.8985477816407275,green_sea_turtle,Chelonia mydas,random_forest
960:2833,6.05,103.35,0.876376558442572,green_sea_turtle,Chelonia mydas,random_forest
960:2834,6.05,103.45,0.8424832282772204,green_sea_turtle,Chelonia mydas,random_forest
960:2835,6.05,103.55,0.7863312423288699,green_sea_turtle,Chelonia mydas,random_forest
960:2836,6.05,103.65,0.7048120402936877,green_sea_turtle,Chelonia mydas,random_forest
960:2837,6.05,103.75,0.7224904095871313,green_sea_turtle,Chelonia mydas,random_forest
960:2838,6.05,103.85,0.719374151126072,green_sea_turtle,Chelonia mydas,random_forest
960:2839,6.05,103.95,0.7263677526100352,green_sea_turtle,Chelonia mydas,random_forest
960:2840,6.05,104.05,0.6439748005626589,green_sea_turtle,Chelonia mydas,random_forest
960:2841,6.05,104.15,0.6407654269357869,green_sea_turtle,Chelonia mydas,random_forest
960:2842,6.05,104.25,0.706208599055547,green_sea_turtle,Chelonia mydas,random_forest
960:2843,6.05,104.35,0.7473019936939489,green_sea_turtle,Chelonia mydas,random_forest
960:2844,6.05,104.45,0.7434346001429702,green_sea_turtle,Chelonia mydas,random_forest
960:2845,6.05,104.55,0.7678241616415488,green_sea_turtle,Chelonia mydas,random_forest
960:2846,6.05,104.65,0.7702707580026431,green_sea_turtle,Chelonia mydas,random_forest
960:2847,6.05,104.75,0.8291209094743127,green_sea_turtle,Chelonia mydas,random_forest
960:2848,6.05,104.85,0.8363680707744499,green_sea_turtle,Chelonia mydas,random_forest
960:2849,6.05,104.95,0.8397614942041194,green_sea_turtle,Chelonia mydas,random_forest
960:2850,6.05,105.05,0.8498288138905725,green_sea_turtle,Chelonia mydas,random_forest
960:2851,6.05,105.15,0.8504030577546048,green_sea_turtle,Chelonia mydas,random_forest
960:2852,6.05,105.25,0.8504030577546048,green_sea_turtle,Chelonia mydas,random_forest
960:2853,6.05,105.35,0.8504030577546048,green_sea_turtle,Chelonia mydas,random_forest
960:2854,6.05,105.45,0.8504030577546048,green_sea_turtle,Chelonia mydas,random_forest
960:2855,6.05,105.55,0.8205690656643764,green_sea_turtle,Chelonia mydas,random_forest
960:2856,6.05,105.65,0.3841716625757391,green_sea_turtle,Chelonia mydas,random_forest
960:2857,6.05,105.75,0.3841716625757391,green_sea_turtle,Chelonia mydas,random_forest
960:2898,6.05,109.85,0.028714916291751654,green_sea_turtle,Chelonia mydas,random_forest
960:2899,6.05,109.95,0.028714916291751654,green_sea_turtle,Chelonia mydas,random_forest
960:2900,6.05,110.05,0.02608503375031159,green_sea_turtle,Chelonia mydas,random_forest
960:2901,6.05,110.15,0.02608503375031159,green_sea_turtle,Chelonia mydas,random_forest
960:2902,6.05,110.25,0.02608503375031159,green_sea_turtle,Chelonia mydas,random_forest
960:2903,6.05,110.35,0.02440001454416563,green_sea_turtle,Chelonia mydas,random_forest
960:2904,6.05,110.45,0.023868368974545376,green_sea_turtle,Chelonia mydas,random_forest
960:2905,6.05,110.55,0.023868368974545376,green_sea_turtle,Chelonia mydas,random_forest
960:2906,6.05,110.65,0.023868368974545376,green_sea_turtle,Chelonia mydas,random_forest
960:2907,6.05,110.75,0.023868368974545376,green_sea_turtle,Chelonia mydas,random_forest
960:2908,6.05,110.85,0.023868368974545376,green_sea_turtle,Chelonia mydas,random_forest
960:2909,6.05,110.95,0.023868368974545376,green_sea_turtle,Chelonia mydas,random_forest
960:2910,6.05,111.05,0.022390426117402516,green_sea_turtle,Chelonia mydas,random_forest
960:2911,6.05,111.15,0.022860681074909597,green_sea_turtle,Chelonia mydas,random_forest
960:2912,6.05,111.25,0.022860681074909597,green_sea_turtle,Chelonia mydas,random_forest
960:2913,6.05,111.35,0.022860681074909597,green_sea_turtle,Chelonia mydas,random_forest
960:2914,6.05,111.45,0.026541265687279037,green_sea_turtle,Chelonia mydas,random_forest
960:2915,6.05,111.55,0.0722187428799873,green_sea_turtle,Chelonia mydas,random_forest
960:2916,6.05,111.65,0.07592852782382505,green_sea_turtle,Chelonia mydas,random_forest
960:2917,6.05,111.75,0.07168701122608982,green_sea_turtle,Chelonia mydas,random_forest
960:2918,6.05,111.85,0.07932559261259604,green_sea_turtle,Chelonia mydas,random_forest
960:2919,6.05,111.95,0.08158911054780567,green_sea_turtle,Chelonia mydas,random_forest
960:2920,6.05,112.05,0.07752804046855859,green_sea_turtle,Chelonia mydas,random_forest
960:2921,6.05,112.15,0.07031381178751729,green_sea_turtle,Chelonia mydas,random_forest
960:2922,6.05,112.25,0.05189417886001199,green_sea_turtle,Chelonia mydas,random_forest
960:2923,6.05,112.35,0.05237087725856854,green_sea_turtle,Chelonia mydas,random_forest
960:2924,6.05,112.45,0.03578677595912226,green_sea_turtle,Chelonia mydas,random_forest
960:2925,6.05,112.55,0.03718715515421659,green_sea_turtle,Chelonia mydas,random_forest
960:2926,6.05,112.65,0.03718715515421659,green_sea_turtle,Chelonia mydas,random_forest
960:2941,6.05,114.15,0.037290799353608975,green_sea_turtle,Chelonia mydas,random_forest
960:2942,6.05,114.25,0.016174709975753855,green_sea_turtle,Chelonia mydas,random_forest
960:2943,6.05,114.35,0.011549617742742846,green_sea_turtle,Chelonia mydas,random_forest
960:2944,6.05,114.45,0.010332535892209038,green_sea_turtle,Chelonia mydas,random_forest
960:2945,6.05,114.55,0.009497031006215554,green_sea_turtle,Chelonia mydas,random_forest
960:2946,6.05,114.65,0.009497031006215554,green_sea_turtle,Chelonia mydas,random_forest
960:2947,6.05,114.75,0.009497031006215554,green_sea_turtle,Chelonia mydas,random_forest
960:2948,6.05,114.85,0.011328297544945229,green_sea_turtle,Chelonia mydas,random_forest
960:2949,6.05,114.95,0.0445679321262948,green_sea_turtle,Chelonia mydas,random_forest
960:2950,6.05,115.05,0.04449737583891719,green_sea_turtle,Chelonia mydas,random_forest
960:2951,6.05,115.15,0.04510939073773868,green_sea_turtle,Chelonia mydas,random_forest
960:2952,6.05,115.25,0.03774166140584976,green_sea_turtle,Chelonia mydas,random_forest
960:2953,6.05,115.35,0.043743606205276266,green_sea_turtle,Chelonia mydas,random_forest
960:2954,6.05,115.45,0.07668745636905332,green_sea_turtle,Chelonia mydas,random_forest
960:2955,6.05,115.55,0.09244131846083557,green_sea_turtle,Chelonia mydas,random_forest
960:2956,6.05,115.65,0.061827873895771164,green_sea_turtle,Chelonia mydas,random_forest
960:2957,6.05,115.75,0.02407857441559005,green_sea_turtle,Chelonia mydas,random_forest
960:2958,6.05,115.85,0.015500248673403164,green_sea_turtle,Chelonia mydas,random_forest
960:2959,6.05,115.95,0.014750749675407172,green_sea_turtle,Chelonia mydas,random_forest
960:2960,6.05,116.05,0.01593535315481447,green_sea_turtle,Chelonia mydas,random_forest
960:2976,6.05,117.65,0.07314524119774492,green_sea_turtle,Chelonia mydas,random_forest
960:2977,6.05,117.75,0.07314524119774492,green_sea_turtle,Chelonia mydas,random_forest
960:2978,6.05,117.85,0.07314524119774492,green_sea_turtle,Chelonia mydas,random_forest
960:2979,6.05,117.95,0.07314524119774492,green_sea_turtle,Chelonia mydas,random_forest
960:2980,6.05,118.05,0.07314524119774492,green_sea_turtle,Chelonia mydas,random_forest
960:2981,6.05,118.15,0.07314524119774492,green_sea_turtle,Chelonia mydas,random_forest
960:2982,6.05,118.25,0.07314524119774492,green_sea_turtle,Chelonia mydas,random_forest
961:2786,6.15,98.65,0.1124225102185111,green_sea_turtle,Chelonia mydas,random_forest
961:2787,6.15,98.75,0.1124225102185111,green_sea_turtle,Chelonia mydas,random_forest
961:2788,6.15,98.85,0.1124225102185111,green_sea_turtle,Chelonia mydas,random_forest
961:2789,6.15,98.95,0.1124225102185111,green_sea_turtle,Chelonia mydas,random_forest
961:2790,6.15,99.05,0.1124225102185111,green_sea_turtle,Chelonia mydas,random_forest
961:2791,6.15,99.15,0.1124225102185111,green_sea_turtle,Chelonia mydas,random_forest
961:2792,6.15,99.25,0.1124225102185111,green_sea_turtle,Chelonia mydas,random_forest
961:2793,6.15,99.35,0.1124225102185111,green_sea_turtle,Chelonia mydas,random_forest
961:2794,6.15,99.45,0.1124225102185111,green_sea_turtle,Chelonia mydas,random_forest
961:2795,6.15,99.55,0.1124225102185111,green_sea_turtle,Chelonia mydas,random_forest
961:2796,6.15,99.65,0.1124225102185111,green_sea_turtle,Chelonia mydas,random_forest
961:2797,6.15,99.75,0.1124225102185111,green_sea_turtle,Chelonia mydas,random_forest
961:2798,6.15,99.85,0.1124225102185111,green_sea_turtle,Chelonia mydas,random_forest
961:2799,6.15,99.95,0.1124225102185111,green_sea_turtle,Chelonia mydas,random_forest
961:2800,6.15,100.05,0.1124225102185111,green_sea_turtle,Chelonia mydas,random_forest
961:2801,6.15,100.15,0.1124225102185111,green_sea_turtle,Chelonia mydas,random_forest
961:2802,6.15,100.25,0.1124225102185111,green_sea_turtle,Chelonia mydas,random_forest
961:2824,6.15,102.45,0.14818793194115526,green_sea_turtle,Chelonia mydas,random_forest
961:2825,6.15,102.55,0.26346163611638607,green_sea_turtle,Chelonia mydas,random_forest
961:2826,6.15,102.65,0.5486098509940467,green_sea_turtle,Chelonia mydas,random_forest
961:2827,6.15,102.75,0.5746480032360317,green_sea_turtle,Chelonia mydas,random_forest
961:2828,6.15,102.85,0.6925884119033785,green_sea_turtle,Chelonia mydas,random_forest
961:2829,6.15,102.95,0.7806032129512734,green_sea_turtle,Chelonia mydas,random_forest
961:2830,6.15,103.05,0.8123227356756464,green_sea_turtle,Chelonia mydas,random_forest
961:2831,6.15,103.15,0.8280614510169847,green_sea_turtle,Chelonia mydas,random_forest
961:2832,6.15,103.25,0.8340633949647492,green_sea_turtle,Chelonia mydas,random_forest
961:2833,6.15,103.35,0.8090101607856016,green_sea_turtle,Chelonia mydas,random_forest
961:2834,6.15,103.45,0.7783862662709886,green_sea_turtle,Chelonia mydas,random_forest
961:2835,6.15,103.55,0.7412653886426472,green_sea_turtle,Chelonia mydas,random_forest
961:2836,6.15,103.65,0.714135778094427,green_sea_turtle,Chelonia mydas,random_forest
961:2837,6.15,103.75,0.7380068760319474,green_sea_turtle,Chelonia mydas,random_forest
961:2838,6.15,103.85,0.7509187370698867,green_sea_turtle,Chelonia mydas,random_forest
961:2839,6.15,103.95,0.7583037407233052,green_sea_turtle,Chelonia mydas,random_forest
961:2840,6.15,104.05,0.6838128696377792,green_sea_turtle,Chelonia mydas,random_forest
961:2841,6.15,104.15,0.6779607399129396,green_sea_turtle,Chelonia mydas,random_forest
961:2842,6.15,104.25,0.740138104601455,green_sea_turtle,Chelonia mydas,random_forest
961:2843,6.15,104.35,0.7823994784389131,green_sea_turtle,Chelonia mydas,random_forest
961:2844,6.15,104.45,0.7767973941991205,green_sea_turtle,Chelonia mydas,random_forest
961:2845,6.15,104.55,0.7962700161852279,green_sea_turtle,Chelonia mydas,random_forest
961:2846,6.15,104.65,0.7968528738075834,green_sea_turtle,Chelonia mydas,random_forest
961:2847,6.15,104.75,0.8422262812297784,green_sea_turtle,Chelonia mydas,random_forest
961:2848,6.15,104.85,0.8445773446478769,green_sea_turtle,Chelonia mydas,random_forest
961:2849,6.15,104.95,0.8446379326200016,green_sea_turtle,Chelonia mydas,random_forest
961:2850,6.15,105.05,0.8517799771641399,green_sea_turtle,Chelonia mydas,random_forest
961:2851,6.15,105.15,0.852354221028172,green_sea_turtle,Chelonia mydas,random_forest
961:2852,6.15,105.25,0.852354221028172,green_sea_turtle,Chelonia mydas,random_forest
961:2853,6.15,105.35,0.852354221028172,green_sea_turtle,Chelonia mydas,random_forest
961:2854,6.15,105.45,0.852354221028172,green_sea_turtle,Chelonia mydas,random_forest
961:2855,6.15,105.55,0.8218054793884105,green_sea_turtle,Chelonia mydas,random_forest
961:2899,6.15,109.95,0.024608149639964546,green_sea_turtle,Chelonia mydas,random_forest
961:2900,6.15,110.05,0.022762358007615398,green_sea_turtle,Chelonia mydas,random_forest
961:2901,6.15,110.15,0.022762358007615398,green_sea_turtle,Chelonia mydas,random_forest
961:2902,6.15,110.25,0.022762358007615398,green_sea_turtle,Chelonia mydas,random_forest
961:2903,6.15,110.35,0.01967494836322242,green_sea_turtle,Chelonia mydas,random_forest
961:2904,6.15,110.45,0.019143302793602168,green_sea_turtle,Chelonia mydas,random_forest
961:2905,6.15,110.55,0.019143302793602168,green_sea_turtle,Chelonia mydas,random_forest
961:2906,6.15,110.65,0.019143302793602168,green_sea_turtle,Chelonia mydas,random_forest
961:2907,6.15,110.75,0.019143302793602168,green_sea_turtle,Chelonia mydas,random_forest
961:2908,6.15,110.85,0.019143302793602168,green_sea_turtle,Chelonia mydas,random_forest
961:2909,6.15,110.95,0.019143302793602168,green_sea_turtle,Chelonia mydas,random_forest
961:2910,6.15,111.05,0.017665359936459308,green_sea_turtle,Chelonia mydas,random_forest
961:2911,6.15,111.15,0.01813561489396639,green_sea_turtle,Chelonia mydas,random_forest
961:2912,6.15,111.25,0.01813561489396639,green_sea_turtle,Chelonia mydas,random_forest
961:2913,6.15,111.35,0.01813561489396639,green_sea_turtle,Chelonia mydas,random_forest
961:2914,6.15,111.45,0.021816199506335832,green_sea_turtle,Chelonia mydas,random_forest
961:2915,6.15,111.55,0.06725522214808424,green_sea_turtle,Chelonia mydas,random_forest
961:2916,6.15,111.65,0.070965007091922,green_sea_turtle,Chelonia mydas,random_forest
961:2917,6.15,111.75,0.06838757318152529,green_sea_turtle,Chelonia mydas,random_forest
961:2918,6.15,111.85,0.07538564380162933,green_sea_turtle,Chelonia mydas,random_forest
961:2919,6.15,111.95,0.07722774240768598,green_sea_turtle,Chelonia mydas,random_forest
961:2920,6.15,112.05,0.0731666723284389,green_sea_turtle,Chelonia mydas,random_forest
961:2921,6.15,112.15,0.06595244364739761,green_sea_turtle,Chelonia mydas,random_forest
961:2922,6.15,112.25,0.047337168708174476,green_sea_turtle,Chelonia mydas,random_forest
961:2923,6.15,112.35,0.048037231065921594,green_sea_turtle,Chelonia mydas,random_forest
961:2924,6.15,112.45,0.03179573155396289,green_sea_turtle,Chelonia mydas,random_forest
961:2925,6.15,112.55,0.03319611074905723,green_sea_turtle,Chelonia mydas,random_forest
961:2940,6.15,114.05,0.04608974286287482,green_sea_turtle,Chelonia mydas,random_forest
961:2941,6.15,114.15,0.03425061467952257,green_sea_turtle,Chelonia mydas,random_forest
961:2942,6.15,114.25,0.014133509666302923,green_sea_turtle,Chelonia mydas,random_forest
961:2943,6.15,114.35,0.009508417433291911,green_sea_turtle,Chelonia mydas,random_forest
961:2944,6.15,114.45,0.0082913355827581,green_sea_turtle,Chelonia mydas,random_forest
961:2945,6.15,114.55,0.0074558306967646175,green_sea_turtle,Chelonia mydas,random_forest
961:2946,6.15,114.65,0.0074558306967646175,green_sea_turtle,Chelonia mydas,random_forest
961:2947,6.15,114.75,0.0074558306967646175,green_sea_turtle,Chelonia mydas,random_forest
961:2948,6.15,114.85,0.009287097235494294,green_sea_turtle,Chelonia mydas,random_forest
961:2949,6.15,114.95,0.04143056999636345,green_sea_turtle,Chelonia mydas,random_forest
961:2950,6.15,115.05,0.04136001370898584,green_sea_turtle,Chelonia mydas,random_forest
961:2951,6.15,115.15,0.04197202860780735,green_sea_turtle,Chelonia mydas,random_forest
961:2952,6.15,115.25,0.03460429927591843,green_sea_turtle,Chelonia mydas,random_forest
961:2953,6.15,115.35,0.04060624407534493,green_sea_turtle,Chelonia mydas,random_forest
961:2954,6.15,115.45,0.07355009423912201,green_sea_turtle,Chelonia mydas,random_forest
961:2955,6.15,115.55,0.08851986542181332,green_sea_turtle,Chelonia mydas,random_forest
961:2956,6.15,115.65,0.059002582677229326,green_sea_turtle,Chelonia mydas,random_forest
961:2957,6.15,115.75,0.02125328319704821,green_sea_turtle,Chelonia mydas,random_forest
961:2958,6.15,115.85,0.012674957454861321,green_sea_turtle,Chelonia mydas,random_forest
961:2959,6.15,115.95,0.011925458456865328,green_sea_turtle,Chelonia mydas,random_forest
961:2960,6.15,116.05,0.013110061936272626,green_sea_turtle,Chelonia mydas,random_forest
961:2976,6.15,117.65,0.0703199499792031,green_sea_turtle,Chelonia mydas,random_forest
961:2977,6.15,117.75,0.0703199499792031,green_sea_turtle,Chelonia mydas,random_forest
961:2978,6.15,117.85,0.0703199499792031,green_sea_turtle,Chelonia mydas,random_forest
961:2979,6.15,117.95,0.0703199499792031,green_sea_turtle,Chelonia mydas,random_forest
961:2980,6.15,118.05,0.0703199499792031,green_sea_turtle,Chelonia mydas,random_forest
961:2981,6.15,118.15,0.0703199499792031,green_sea_turtle,Chelonia mydas,random_forest
962:2790,6.25,99.05,0.1613863470700244,green_sea_turtle,Chelonia mydas,random_forest
962:2791,6.25,99.15,0.1613863470700244,green_sea_turtle,Chelonia mydas,random_forest
962:2792,6.25,99.25,0.1613863470700244,green_sea_turtle,Chelonia mydas,random_forest
962:2793,6.25,99.35,0.1613863470700244,green_sea_turtle,Chelonia mydas,random_forest
962:2794,6.25,99.45,0.1613863470700244,green_sea_turtle,Chelonia mydas,random_forest
962:2795,6.25,99.55,0.1613863470700244,green_sea_turtle,Chelonia mydas,random_forest
962:2796,6.25,99.65,0.1613863470700244,green_sea_turtle,Chelonia mydas,random_forest
962:2797,6.25,99.75,0.1613863470700244,green_sea_turtle,Chelonia mydas,random_forest
962:2799,6.25,99.95,0.1613863470700244,green_sea_turtle,Chelonia mydas,random_forest
962:2800,6.25,100.05,0.1613863470700244,green_sea_turtle,Chelonia mydas,random_forest
962:2801,6.25,100.15,0.1613863470700244,green_sea_turtle,Chelonia mydas,random_forest
962:2821,6.25,102.15,0.18548626099099344,green_sea_turtle,Chelonia mydas,random_forest
962:2822,6.25,102.25,0.1860962788800811,green_sea_turtle,Chelonia mydas,random_forest
962:2823,6.25,102.35,0.18996528737866464,green_sea_turtle,Chelonia mydas,random_forest
962:2824,6.25,102.45,0.19160589104922435,green_sea_turtle,Chelonia mydas,random_forest
962:2825,6.25,102.55,0.2946703283437154,green_sea_turtle,Chelonia mydas,random_forest
962:2826,6.25,102.65,0.5558599503981815,green_sea_turtle,Chelonia mydas,random_forest
962:2827,6.25,102.75,0.5813195402983392,green_sea_turtle,Chelonia mydas,random_forest
962:2828,6.25,102.85,0.7018558245997202,green_sea_turtle,Chelonia mydas,random_forest
962:2829,6.25,102.95,0.7869671941237887,green_sea_turtle,Chelonia mydas,random_forest
962:2830,6.25,103.05,0.8159596324690025,green_sea_turtle,Chelonia mydas,random_forest
962:2831,6.25,103.15,0.8318533094829936,green_sea_turtle,Chelonia mydas,random_forest
962:2832,6.25,103.25,0.8379013232231632,green_sea_turtle,Chelonia mydas,random_forest
962:2833,6.25,103.35,0.8174821021740808,green_sea_turtle,Chelonia mydas,random_forest
962:2834,6.25,103.45,0.8100109923628946,green_sea_turtle,Chelonia mydas,random_forest
962:2835,6.25,103.55,0.8059140453483931,green_sea_turtle,Chelonia mydas,random_forest
962:2836,6.25,103.65,0.8311468492209143,green_sea_turtle,Chelonia mydas,random_forest
962:2837,6.25,103.75,0.8578507568429914,green_sea_turtle,Chelonia mydas,random_forest
962:2838,6.25,103.85,0.8762500430513573,green_sea_turtle,Chelonia mydas,random_forest
962:2839,6.25,103.95,0.8881356022317651,green_sea_turtle,Chelonia mydas,random_forest
962:2840,6.25,104.05,0.8071583649046479,green_sea_turtle,Chelonia mydas,random_forest
962:2841,6.25,104.15,0.7983185538977028,green_sea_turtle,Chelonia mydas,random_forest
962:2842,6.25,104.25,0.8469256076447955,green_sea_turtle,Chelonia mydas,random_forest
962:2843,6.25,104.35,0.8793880772030899,green_sea_turtle,Chelonia mydas,random_forest
962:2844,6.25,104.45,0.8682751777089303,green_sea_turtle,Chelonia mydas,random_forest
962:2845,6.25,104.55,0.8743674769640866,green_sea_turtle,Chelonia mydas,random_forest
962:2846,6.25,104.65,0.8713340635619435,green_sea_turtle,Chelonia mydas,random_forest
962:2847,6.25,104.75,0.8948827259090053,green_sea_turtle,Chelonia mydas,random_forest
962:2848,6.25,104.85,0.895293239691658,green_sea_turtle,Chelonia mydas,random_forest
962:2849,6.25,104.95,0.8930837355865704,green_sea_turtle,Chelonia mydas,random_forest
962:2850,6.25,105.05,0.894942468360237,green_sea_turtle,Chelonia mydas,random_forest
962:2851,6.25,105.15,0.8952961407828521,green_sea_turtle,Chelonia mydas,random_forest
962:2852,6.25,105.25,0.8952961407828521,green_sea_turtle,Chelonia mydas,random_forest
962:2853,6.25,105.35,0.8952961407828521,green_sea_turtle,Chelonia mydas,random_forest
962:2902,6.25,110.25,0.04192542980333002,green_sea_turtle,Chelonia mydas,random_forest
962:2903,6.25,110.35,0.03883802015893705,green_sea_turtle,Chelonia mydas,random_forest
962:2904,6.25,110.45,0.03883802015893705,green_sea_turtle,Chelonia mydas,random_forest
962:2905,6.25,110.55,0.03883802015893705,green_sea_turtle,Chelonia mydas,random_forest
962:2906,6.25,110.65,0.03883802015893705,green_sea_turtle,Chelonia mydas,random_forest
962:2907,6.25,110.75,0.03883802015893705,green_sea_turtle,Chelonia mydas,random_forest
962:2908,6.25,110.85,0.03883802015893705,green_sea_turtle,Chelonia mydas,random_forest
962:2909,6.25,110.95,0.03883802015893705,green_sea_turtle,Chelonia mydas,random_forest
962:2910,6.25,111.05,0.0373600773017942,green_sea_turtle,Chelonia mydas,random_forest
962:2911,6.25,111.15,0.037830332259301276,green_sea_turtle,Chelonia mydas,random_forest
962:2912,6.25,111.25,0.037830332259301276,green_sea_turtle,Chelonia mydas,random_forest
962:2913,6.25,111.35,0.037830332259301276,green_sea_turtle,Chelonia mydas,random_forest
962:2914,6.25,111.45,0.04073625532666433,green_sea_turtle,Chelonia mydas,random_forest
962:2915,6.25,111.55,0.08617527796841273,green_sea_turtle,Chelonia mydas,random_forest
962:2916,6.25,111.65,0.08988506291225049,green_sea_turtle,Chelonia mydas,random_forest
962:2917,6.25,111.75,0.08730762900185375,green_sea_turtle,Chelonia mydas,random_forest
962:2918,6.25,111.85,0.09430569962195781,green_sea_turtle,Chelonia mydas,random_forest
962:2919,6.25,111.95,0.09598096528623222,green_sea_turtle,Chelonia mydas,random_forest
962:2920,6.25,112.05,0.09191989520698512,green_sea_turtle,Chelonia mydas,random_forest
962:2921,6.25,112.15,0.08470566652594382,green_sea_turtle,Chelonia mydas,random_forest
962:2922,6.25,112.25,0.06714952999941874,green_sea_turtle,Chelonia mydas,random_forest
962:2923,6.25,112.35,0.06784959235716585,green_sea_turtle,Chelonia mydas,random_forest
962:2924,6.25,112.45,0.05039756652941769,green_sea_turtle,Chelonia mydas,random_forest
962:2939,6.25,113.95,0.07159218785343982,green_sea_turtle,Chelonia mydas,random_forest
962:2940,6.25,114.05,0.060898787394220576,green_sea_turtle,Chelonia mydas,random_forest
962:2941,6.25,114.15,0.049059659210868335,green_sea_turtle,Chelonia mydas,random_forest
962:2942,6.25,114.25,0.02894255419764869,green_sea_turtle,Chelonia mydas,random_forest
962:2943,6.25,114.35,0.024317461964637677,green_sea_turtle,Chelonia mydas,random_forest
962:2944,6.25,114.45,0.023100380114103865,green_sea_turtle,Chelonia mydas,random_forest
962:2945,6.25,114.55,0.02226487522811038,green_sea_turtle,Chelonia mydas,random_forest
962:2946,6.25,114.65,0.02226487522811038,green_sea_turtle,Chelonia mydas,random_forest
962:2947,6.25,114.75,0.02226487522811038,green_sea_turtle,Chelonia mydas,random_forest
962:2948,6.25,114.85,0.024096141766840055,green_sea_turtle,Chelonia mydas,random_forest
962:2949,6.25,114.95,0.05623961452770921,green_sea_turtle,Chelonia mydas,random_forest
962:2950,6.25,115.05,0.0561690582403316,green_sea_turtle,Chelonia mydas,random_forest
962:2951,6.25,115.15,0.05678107313915308,green_sea_turtle,Chelonia mydas,random_forest
962:2952,6.25,115.25,0.049413343807264164,green_sea_turtle,Chelonia mydas,random_forest
962:2953,6.25,115.35,0.05541528860669066,green_sea_turtle,Chelonia mydas,random_forest
962:2954,6.25,115.45,0.08565535846614625,green_sea_turtle,Chelonia mydas,random_forest
962:2955,6.25,115.55,0.10062512964883762,green_sea_turtle,Chelonia mydas,random_forest
962:2956,6.25,115.65,0.07300751795688516,green_sea_turtle,Chelonia mydas,random_forest
962:2957,6.25,115.75,0.03525821847670408,green_sea_turtle,Chelonia mydas,random_forest
962:2958,6.25,115.85,0.026679892734517187,green_sea_turtle,Chelonia mydas,random_forest
962:2959,6.25,115.95,0.025930393736521194,green_sea_turtle,Chelonia mydas,random_forest
962:2960,6.25,116.05,0.02711499721592849,green_sea_turtle,Chelonia mydas,random_forest
962:2961,6.25,116.15,0.031042000269430197,green_sea_turtle,Chelonia mydas,random_forest
962:2962,6.25,116.25,0.04212620029704392,green_sea_turtle,Chelonia mydas,random_forest
962:2977,6.25,117.75,0.08432488525885892,green_sea_turtle,Chelonia mydas,random_forest
962:2978,6.25,117.85,0.08432488525885892,green_sea_turtle,Chelonia mydas,random_forest
962:2979,6.25,117.95,0.08432488525885892,green_sea_turtle,Chelonia mydas,random_forest
963:2795,6.35,99.55,0.15146299839981883,green_sea_turtle,Chelonia mydas,random_forest
963:2796,6.35,99.65,0.15146299839981883,green_sea_turtle,Chelonia mydas,random_forest
963:2799,6.35,99.95,0.15146299839981883,green_sea_turtle,Chelonia mydas,random_forest
963:2800,6.35,100.05,0.15146299839981883,green_sea_turtle,Chelonia mydas,random_forest
963:2821,6.35,102.15,0.1708132662315511,green_sea_turtle,Chelonia mydas,random_forest
963:2822,6.35,102.25,0.17142328412063876,green_sea_turtle,Chelonia mydas,random_forest
963:2823,6.35,102.35,0.17437322424039925,green_sea_turtle,Chelonia mydas,random_forest
963:2824,6.35,102.45,0.17601382791095896,green_sea_turtle,Chelonia mydas,random_forest
963:2825,6.35,102.55,0.27378104325069313,green_sea_turtle,Chelonia mydas,random_forest
963:2826,6.35,102.65,0.5046394000477954,green_sea_turtle,Chelonia mydas,random_forest
963:2827,6.35,102.75,0.5260408168933864,green_sea_turtle,Chelonia mydas,random_forest
963:2828,6.35,102.85,0.6393882424913445,green_sea_turtle,Chelonia mydas,random_forest
963:2829,6.35,102.95,0.7171671227679174,green_sea_turtle,Chelonia mydas,random_forest
963:2830,6.35,103.05,0.7415969463053386,green_sea_turtle,Chelonia mydas,random_forest
963:2831,6.35,103.15,0.7570767430367116,green_sea_turtle,Chelonia mydas,random_forest
963:2832,6.35,103.25,0.7628464796379475,green_sea_turtle,Chelonia mydas,random_forest
963:2833,6.35,103.35,0.7400727483266254,green_sea_turtle,Chelonia mydas,random_forest
963:2834,6.35,103.45,0.7453095250543446,green_sea_turtle,Chelonia mydas,random_forest
963:2835,6.35,103.55,0.7585820245157423,green_sea_turtle,Chelonia mydas,random_forest
963:2836,6.35,103.65,0.8065587559644875,green_sea_turtle,Chelonia mydas,random_forest
963:2837,6.35,103.75,0.8426909700070704,green_sea_turtle,Chelonia mydas,random_forest
963:2838,6.35,103.85,0.8628932941788512,green_sea_turtle,Chelonia mydas,random_forest
963:2839,6.35,103.95,0.8773835312934898,green_sea_turtle,Chelonia mydas,random_forest
963:2840,6.35,104.05,0.7979054430466015,green_sea_turtle,Chelonia mydas,random_forest
963:2841,6.35,104.15,0.7880044172923002,green_sea_turtle,Chelonia mydas,random_forest
963:2842,6.35,104.25,0.8360352808600449,green_sea_turtle,Chelonia mydas,random_forest
963:2843,6.35,104.35,0.8676556030816671,green_sea_turtle,Chelonia mydas,random_forest
963:2844,6.35,104.45,0.8564327202291483,green_sea_turtle,Chelonia mydas,random_forest
963:2845,6.35,104.55,0.8604861541365398,green_sea_turtle,Chelonia mydas,random_forest
963:2846,6.35,104.65,0.8574527407343969,green_sea_turtle,Chelonia mydas,random_forest
963:2847,6.35,104.75,0.880771071697685,green_sea_turtle,Chelonia mydas,random_forest
963:2848,6.35,104.85,0.8811815854803376,green_sea_turtle,Chelonia mydas,random_forest
963:2849,6.35,104.95,0.87897208137525,green_sea_turtle,Chelonia mydas,random_forest
963:2850,6.35,105.05,0.881710483751743,green_sea_turtle,Chelonia mydas,random_forest
963:2909,6.35,110.95,0.0391755010737761,green_sea_turtle,Chelonia mydas,random_forest
963:2910,6.35,111.05,0.037697558216633245,green_sea_turtle,Chelonia mydas,random_forest
963:2911,6.35,111.15,0.03816781317414033,green_sea_turtle,Chelonia mydas,random_forest
963:2912,6.35,111.25,0.03816781317414033,green_sea_turtle,Chelonia mydas,random_forest
963:2913,6.35,111.35,0.03816781317414033,green_sea_turtle,Chelonia mydas,random_forest
963:2914,6.35,111.45,0.041073736241503386,green_sea_turtle,Chelonia mydas,random_forest
963:2915,6.35,111.55,0.08651275888325179,green_sea_turtle,Chelonia mydas,random_forest
963:2916,6.35,111.65,0.09022254382708955,green_sea_turtle,Chelonia mydas,random_forest
963:2917,6.35,111.75,0.08764510991669282,green_sea_turtle,Chelonia mydas,random_forest
963:2918,6.35,111.85,0.09464318053679688,green_sea_turtle,Chelonia mydas,random_forest
963:2919,6.35,111.95,0.09631844620107127,green_sea_turtle,Chelonia mydas,random_forest
963:2920,6.35,112.05,0.09225737612182419,green_sea_turtle,Chelonia mydas,random_forest
963:2921,6.35,112.15,0.08504314744078285,green_sea_turtle,Chelonia mydas,random_forest
963:2922,6.35,112.25,0.0674870109142578,green_sea_turtle,Chelonia mydas,random_forest
963:2923,6.35,112.35,0.0681870732720049,green_sea_turtle,Chelonia mydas,random_forest
963:2938,6.35,113.85,0.07382347407801339,green_sea_turtle,Chelonia mydas,random_forest
963:2939,6.35,113.95,0.07233674841429658,green_sea_turtle,Chelonia mydas,random_forest
963:2940,6.35,114.05,0.061643347955077324,green_sea_turtle,Chelonia mydas,random_forest
963:2941,6.35,114.15,0.04980421977172508,green_sea_turtle,Chelonia mydas,random_forest
963:2942,6.35,114.25,0.029687114758505436,green_sea_turtle,Chelonia mydas,random_forest
963:2943,6.35,114.35,0.025062022525494422,green_sea_turtle,Chelonia mydas,random_forest
963:2944,6.35,114.45,0.023844940674960617,green_sea_turtle,Chelonia mydas,random_forest
963:2945,6.35,114.55,0.023009435788967133,green_sea_turtle,Chelonia mydas,random_forest
963:2946,6.35,114.65,0.023009435788967133,green_sea_turtle,Chelonia mydas,random_forest
963:2947,6.35,114.75,0.023009435788967133,green_sea_turtle,Chelonia mydas,random_forest
963:2948,6.35,114.85,0.024840702327696806,green_sea_turtle,Chelonia mydas,random_forest
963:2949,6.35,114.95,0.05698417508856596,green_sea_turtle,Chelonia mydas,random_forest
963:2950,6.35,115.05,0.05691361880118835,green_sea_turtle,Chelonia mydas,random_forest
963:2951,6.35,115.15,0.057525633700009834,green_sea_turtle,Chelonia mydas,random_forest
963:2952,6.35,115.25,0.05015790436812091,green_sea_turtle,Chelonia mydas,random_forest
963:2953,6.35,115.35,0.05615984916754742,green_sea_turtle,Chelonia mydas,random_forest
963:2954,6.35,115.45,0.086399919027003,green_sea_turtle,Chelonia mydas,random_forest
963:2955,6.35,115.55,0.10136969020969439,green_sea_turtle,Chelonia mydas,random_forest
963:2956,6.35,115.65,0.07375207851774192,green_sea_turtle,Chelonia mydas,random_forest
963:2957,6.35,115.75,0.03600277903756083,green_sea_turtle,Chelonia mydas,random_forest
963:2958,6.35,115.85,0.027424453295373935,green_sea_turtle,Chelonia mydas,random_forest
963:2959,6.35,115.95,0.026674954297377942,green_sea_turtle,Chelonia mydas,random_forest
963:2960,6.35,116.05,0.02785955777678524,green_sea_turtle,Chelonia mydas,random_forest
963:2961,6.35,116.15,0.03178656083028695,green_sea_turtle,Chelonia mydas,random_forest
963:2962,6.35,116.25,0.04287076085790066,green_sea_turtle,Chelonia mydas,random_forest
963:2977,6.35,117.75,0.08506944581971566,green_sea_turtle,Chelonia mydas,random_forest
963:2978,6.35,117.85,0.08506944581971566,green_sea_turtle,Chelonia mydas,random_forest
963:2979,6.35,117.95,0.08506944581971566,green_sea_turtle,Chelonia mydas,random_forest
964:2795,6.45,99.55,0.15461941594569237,green_sea_turtle,Chelonia mydas,random_forest
964:2796,6.45,99.65,0.15461941594569237,green_sea_turtle,Chelonia mydas,random_forest
964:2797,6.45,99.75,0.15461941594569237,green_sea_turtle,Chelonia mydas,random_forest
964:2799,6.45,99.95,0.15461941594569237,green_sea_turtle,Chelonia mydas,random_forest
964:2822,6.45,102.25,0.1743027160013523,green_sea_turtle,Chelonia mydas,random_forest
964:2823,6.45,102.35,0.17671727150572822,green_sea_turtle,Chelonia mydas,random_forest
964:2824,6.45,102.45,0.1783578751762879,green_sea_turtle,Chelonia mydas,random_forest
964:2825,6.45,102.55,0.26614679191428553,green_sea_turtle,Chelonia mydas,random_forest
964:2826,6.45,102.65,0.47038032898132576,green_sea_turtle,Chelonia mydas,random_forest
964:2827,6.45,102.75,0.4861570297797245,green_sea_turtle,Chelonia mydas,random_forest
964:2828,6.45,102.85,0.5917315366497473,green_sea_turtle,Chelonia mydas,random_forest
964:2829,6.45,102.95,0.6610011073510345,green_sea_turtle,Chelonia mydas,random_forest
964:2830,6.45,103.05,0.6819861270131298,green_sea_turtle,Chelonia mydas,random_forest
964:2831,6.45,103.15,0.6949992547153039,green_sea_turtle,Chelonia mydas,random_forest
964:2832,6.45,103.25,0.7015860144366711,green_sea_turtle,Chelonia mydas,random_forest
964:2833,6.45,103.35,0.6799404859811103,green_sea_turtle,Chelonia mydas,random_forest
964:2834,6.45,103.45,0.6896859863297549,green_sea_turtle,Chelonia mydas,random_forest
964:2835,6.45,103.55,0.7094043147930751,green_sea_turtle,Chelonia mydas,random_forest
964:2836,6.45,103.65,0.7672122955989087,green_sea_turtle,Chelonia mydas,random_forest
964:2837,6.45,103.75,0.8022958865164067,green_sea_turtle,Chelonia mydas,random_forest
964:2838,6.45,103.85,0.8267031376145383,green_sea_turtle,Chelonia mydas,random_forest
964:2839,6.45,103.95,0.8473272278433357,green_sea_turtle,Chelonia mydas,random_forest
964:2840,6.45,104.05,0.7780632073777942,green_sea_turtle,Chelonia mydas,random_forest
964:2841,6.45,104.15,0.768162181623493,green_sea_turtle,Chelonia mydas,random_forest
964:2842,6.45,104.25,0.8166461227990094,green_sea_turtle,Chelonia mydas,random_forest
964:2843,6.45,104.35,0.8481658451129253,green_sea_turtle,Chelonia mydas,random_forest
964:2844,6.45,104.45,0.8343886366824731,green_sea_turtle,Chelonia mydas,random_forest
964:2845,6.45,104.55,0.836268307301201,green_sea_turtle,Chelonia mydas,random_forest
964:2846,6.45,104.65,0.8332348938990579,green_sea_turtle,Chelonia mydas,random_forest
964:2847,6.45,104.75,0.8517912268194145,green_sea_turtle,Chelonia mydas,random_forest
964:2848,6.45,104.85,0.8517912268194145,green_sea_turtle,Chelonia mydas,random_forest
964:2912,6.45,111.25,0.03079431238345658,green_sea_turtle,Chelonia mydas,random_forest
964:2913,6.45,111.35,0.03079431238345658,green_sea_turtle,Chelonia mydas,random_forest
964:2914,6.45,111.45,0.03370023545081964,green_sea_turtle,Chelonia mydas,random_forest
964:2915,6.45,111.55,0.07711278099749708,green_sea_turtle,Chelonia mydas,random_forest
964:2916,6.45,111.65,0.08082256594133483,green_sea_turtle,Chelonia mydas,random_forest
964:2917,6.45,111.75,0.07824513203093811,green_sea_turtle,Chelonia mydas,random_forest
964:2918,6.45,111.85,0.08524320265104217,green_sea_turtle,Chelonia mydas,random_forest
964:2919,6.45,111.95,0.08676559815986201,green_sea_turtle,Chelonia mydas,random_forest
964:2920,6.45,112.05,0.0827045280806149,green_sea_turtle,Chelonia mydas,random_forest
964:2921,6.45,112.15,0.0754902993995736,green_sea_turtle,Chelonia mydas,random_forest
964:2922,6.45,112.25,0.05796347458814425,green_sea_turtle,Chelonia mydas,random_forest
964:2937,6.45,113.75,0.06015487886224037,green_sea_turtle,Chelonia mydas,random_forest
964:2938,6.45,113.85,0.06475389881780613,green_sea_turtle,Chelonia mydas,random_forest
964:2939,6.45,113.95,0.06326717315408933,green_sea_turtle,Chelonia mydas,random_forest
964:2940,6.45,114.05,0.0561251022189152,green_sea_turtle,Chelonia mydas,random_forest
964:2941,6.45,114.15,0.044285974035562954,green_sea_turtle,Chelonia mydas,random_forest
964:2942,6.45,114.25,0.024168869022343307,green_sea_turtle,Chelonia mydas,random_forest
964:2943,6.45,114.35,0.019543776789332296,green_sea_turtle,Chelonia mydas,random_forest
964:2944,6.45,114.45,0.01832669493879848,green_sea_turtle,Chelonia mydas,random_forest
964:2945,6.45,114.55,0.01832669493879848,green_sea_turtle,Chelonia mydas,random_forest
964:2946,6.45,114.65,0.019746667579017357,green_sea_turtle,Chelonia mydas,random_forest
964:2947,6.45,114.75,0.02061959575581294,green_sea_turtle,Chelonia mydas,random_forest
964:2948,6.45,114.85,0.02245086229454262,green_sea_turtle,Chelonia mydas,random_forest
964:2949,6.45,114.95,0.05459433505541179,green_sea_turtle,Chelonia mydas,random_forest
964:2950,6.45,115.05,0.05317594119294132,green_sea_turtle,Chelonia mydas,random_forest
964:2951,6.45,115.15,0.04975529688437976,green_sea_turtle,Chelonia mydas,random_forest
964:2952,6.45,115.25,0.04238756755249084,green_sea_turtle,Chelonia mydas,random_forest
964:2953,6.45,115.35,0.04838951235191733,green_sea_turtle,Chelonia mydas,random_forest
964:2954,6.45,115.45,0.07791281920559257,green_sea_turtle,Chelonia mydas,random_forest
964:2955,6.45,115.55,0.09288259038828392,green_sea_turtle,Chelonia mydas,random_forest
964:2956,6.45,115.65,0.06612906616996456,green_sea_turtle,Chelonia mydas,random_forest
964:2957,6.45,115.75,0.028379766689783453,green_sea_turtle,Chelonia mydas,random_forest
964:2958,6.45,115.85,0.01980144094759656,green_sea_turtle,Chelonia mydas,random_forest
964:2959,6.45,115.95,0.019051941949600568,green_sea_turtle,Chelonia mydas,random_forest
964:2960,6.45,116.05,0.020438447184185072,green_sea_turtle,Chelonia mydas,random_forest
964:2961,6.45,116.15,0.024365450237686787,green_sea_turtle,Chelonia mydas,random_forest
964:2962,6.45,116.25,0.036059668154388165,green_sea_turtle,Chelonia mydas,random_forest
964:2963,6.45,116.35,0.03661459085577141,green_sea_turtle,Chelonia mydas,random_forest
964:2977,6.45,117.75,0.08007064819817038,green_sea_turtle,Chelonia mydas,random_forest
964:2978,6.45,117.85,0.08007064819817038,green_sea_turtle,Chelonia mydas,random_forest
964:2979,6.45,117.95,0.08007064819817038,green_sea_turtle,Chelonia mydas,random_forest
965:2822,6.55,102.25,0.18125832546495893,green_sea_turtle,Chelonia mydas,random_forest
965:2823,6.55,102.35,0.18264294084957433,green_sea_turtle,Chelonia mydas,random_forest
965:2824,6.55,102.45,0.18428354452013404,green_sea_turtle,Chelonia mydas,random_forest
965:2825,6.55,102.55,0.2584451389232746,green_sea_turtle,Chelonia mydas,random_forest
965:2826,6.55,102.65,0.4349561050115158,green_sea_turtle,Chelonia mydas,random_forest
965:2827,6.55,102.75,0.45036495674805643,green_sea_turtle,Chelonia mydas,random_forest
965:2828,6.55,102.85,0.5500802903187021,green_sea_turtle,Chelonia mydas,random_forest
965:2829,6.55,102.95,0.6157132339257455,green_sea_turtle,Chelonia mydas,random_forest
965:2830,6.55,103.05,0.6366982535878413,green_sea_turtle,Chelonia mydas,random_forest
965:2831,6.55,103.15,0.6509327170397995,green_sea_turtle,Chelonia mydas,random_forest
965:2832,6.55,103.25,0.6597316432762784,green_sea_turtle,Chelonia mydas,random_forest
965:2833,6.55,103.35,0.6400337984483104,green_sea_turtle,Chelonia mydas,random_forest
965:2834,6.55,103.45,0.6505193582704974,green_sea_turtle,Chelonia mydas,random_forest
965:2835,6.55,103.55,0.6688959029551365,green_sea_turtle,Chelonia mydas,random_forest
965:2836,6.55,103.65,0.722566716874148,green_sea_turtle,Chelonia mydas,random_forest
965:2837,6.55,103.75,0.7573832132436822,green_sea_turtle,Chelonia mydas,random_forest
965:2838,6.55,103.85,0.7825272075593104,green_sea_turtle,Chelonia mydas,random_forest
965:2839,6.55,103.95,0.804093517971746,green_sea_turtle,Chelonia mydas,random_forest
965:2840,6.55,104.05,0.7444031661315721,green_sea_turtle,Chelonia mydas,random_forest
965:2841,6.55,104.15,0.7345021403772708,green_sea_turtle,Chelonia mydas,random_forest
965:2842,6.55,104.25,0.7829860815527873,green_sea_turtle,Chelonia mydas,random_forest
965:2843,6.55,104.35,0.8136643157198677,green_sea_turtle,Chelonia mydas,random_forest
965:2844,6.55,104.45,0.800892274092849,green_sea_turtle,Chelonia mydas,random_forest
965:2845,6.55,104.55,0.8031504339207478,green_sea_turtle,Chelonia mydas,random_forest
965:2846,6.55,104.65,0.7995521305000676,green_sea_turtle,Chelonia mydas,random_forest
965:2847,6.55,104.75,0.8153029745454441,green_sea_turtle,Chelonia mydas,random_forest
965:2912,6.55,111.25,0.043519374076920844,green_sea_turtle,Chelonia mydas,random_forest
965:2913,6.55,111.35,0.043519374076920844,green_sea_turtle,Chelonia mydas,random_forest
965:2914,6.55,111.45,0.04420138244512168,green_sea_turtle,Chelonia mydas,random_forest
965:2915,6.55,111.55,0.08695062086742462,green_sea_turtle,Chelonia mydas,random_forest
965:2916,6.55,111.65,0.09066040581126238,green_sea_turtle,Chelonia mydas,random_forest
965:2917,6.55,111.75,0.08808297190086564,green_sea_turtle,Chelonia mydas,random_forest
965:2918,6.55,111.85,0.09346931121096197,green_sea_turtle,Chelonia mydas,random_forest
965:2919,6.55,111.95,0.09441485601065522,green_sea_turtle,Chelonia mydas,random_forest
965:2920,6.55,112.05,0.09204389582151803,green_sea_turtle,Chelonia mydas,random_forest
965:2921,6.55,112.15,0.08445191691931322,green_sea_turtle,Chelonia mydas,random_forest
965:2936,6.55,113.65,0.0658026788236791,green_sea_turtle,Chelonia mydas,random_forest
965:2937,6.55,113.75,0.06605559872686496,green_sea_turtle,Chelonia mydas,random_forest
965:2938,6.55,113.85,0.0687674169470728,green_sea_turtle,Chelonia mydas,random_forest
965:2939,6.55,113.95,0.067280691283356,green_sea_turtle,Chelonia mydas,random_forest
965:2940,6.55,114.05,0.06013862034818186,green_sea_turtle,Chelonia mydas,random_forest
965:2941,6.55,114.15,0.04836924519539905,green_sea_turtle,Chelonia mydas,random_forest
965:2942,6.55,114.25,0.03118621422634899,green_sea_turtle,Chelonia mydas,random_forest
965:2943,6.55,114.35,0.02847560276947883,green_sea_turtle,Chelonia mydas,random_forest
965:2944,6.55,114.45,0.027751165681527787,green_sea_turtle,Chelonia mydas,random_forest
965:2945,6.55,114.55,0.027550631803368433,green_sea_turtle,Chelonia mydas,random_forest
965:2946,6.55,114.65,0.027694950520046065,green_sea_turtle,Chelonia mydas,random_forest
965:2947,6.55,114.75,0.028567878696841638,green_sea_turtle,Chelonia mydas,random_forest
965:2948,6.55,114.85,0.031293388876802906,green_sea_turtle,Chelonia mydas,random_forest
965:2949,6.55,114.95,0.062074769511545155,green_sea_turtle,Chelonia mydas,random_forest
965:2950,6.55,115.05,0.056424661037740464,green_sea_turtle,Chelonia mydas,random_forest
965:2951,6.55,115.15,0.05130241810573659,green_sea_turtle,Chelonia mydas,random_forest
965:2952,6.55,115.25,0.043934688773847666,green_sea_turtle,Chelonia mydas,random_forest
965:2953,6.55,115.35,0.04818259630619342,green_sea_turtle,Chelonia mydas,random_forest
965:2954,6.55,115.45,0.07399729925022248,green_sea_turtle,Chelonia mydas,random_forest
965:2955,6.55,115.55,0.08608017466297159,green_sea_turtle,Chelonia mydas,random_forest
965:2956,6.55,115.65,0.06333753459289909,green_sea_turtle,Chelonia mydas,random_forest
965:2957,6.55,115.75,0.02636651565570439,green_sea_turtle,Chelonia mydas,random_forest
965:2958,6.55,115.85,0.019221818232101572,green_sea_turtle,Chelonia mydas,random_forest
965:2959,6.55,115.95,0.017578075592873988,green_sea_turtle,Chelonia mydas,random_forest
965:2960,6.55,116.05,0.018964580827458496,green_sea_turtle,Chelonia mydas,random_forest
965:2961,6.55,116.15,0.023958281483682727,green_sea_turtle,Chelonia mydas,random_forest
965:2962,6.55,116.25,0.038564617468811103,green_sea_turtle,Chelonia mydas,random_forest
965:2963,6.55,116.35,0.03911954017019434,green_sea_turtle,Chelonia mydas,random_forest
965:2964,6.55,116.45,0.0616156296996993,green_sea_turtle,Chelonia mydas,random_forest
965:2976,6.55,117.65,0.08899398508883992,green_sea_turtle,Chelonia mydas,random_forest
965:2977,6.55,117.75,0.08899398508883992,green_sea_turtle,Chelonia mydas,random_forest
965:2978,6.55,117.85,0.08899398508883992,green_sea_turtle,Chelonia mydas,random_forest
965:2979,6.55,117.95,0.08899398508883992,green_sea_turtle,Chelonia mydas,random_forest
966:2823,6.65,102.35,0.1675549407158679,green_sea_turtle,Chelonia mydas,random_forest
966:2824,6.65,102.45,0.16853764964958548,green_sea_turtle,Chelonia mydas,random_forest
966:2825,6.65,102.55,0.2302659710455505,green_sea_turtle,Chelonia mydas,random_forest
966:2826,6.65,102.65,0.3756940498880058,green_sea_turtle,Chelonia mydas,random_forest
966:2827,6.65,102.75,0.3889418079445824,green_sea_turtle,Chelonia mydas,random_forest
966:2828,6.65,102.85,0.47907095450702797,green_sea_turtle,Chelonia mydas,random_forest
966:2829,6.65,102.95,0.5311640556935769,green_sea_turtle,Chelonia mydas,random_forest
966:2830,6.65,103.05,0.5511717148814518,green_sea_turtle,Chelonia mydas,random_forest
966:2831,6.65,103.15,0.56235250452139,green_sea_turtle,Chelonia mydas,random_forest
966:2832,6.65,103.25,0.5692848696875319,green_sea_turtle,Chelonia mydas,random_forest
966:2833,6.65,103.35,0.5532819212784573,green_sea_turtle,Chelonia mydas,random_forest
966:2834,6.65,103.45,0.5647993493784028,green_sea_turtle,Chelonia mydas,random_forest
966:2835,6.65,103.55,0.5790191046493386,green_sea_turtle,Chelonia mydas,random_forest
966:2836,6.65,103.65,0.6267958831559455,green_sea_turtle,Chelonia mydas,random_forest
966:2837,6.65,103.75,0.6579772970402988,green_sea_turtle,Chelonia mydas,random_forest
966:2838,6.65,103.85,0.679670530134931,green_sea_turtle,Chelonia mydas,random_forest
966:2839,6.65,103.95,0.6989754009842226,green_sea_turtle,Chelonia mydas,random_forest
966:2840,6.65,104.05,0.6636436976989116,green_sea_turtle,Chelonia mydas,random_forest
966:2841,6.65,104.15,0.6552703252868817,green_sea_turtle,Chelonia mydas,random_forest
966:2842,6.65,104.25,0.7022569982048366,green_sea_turtle,Chelonia mydas,random_forest
966:2843,6.65,104.35,0.7292597619649472,green_sea_turtle,Chelonia mydas,random_forest
966:2844,6.65,104.45,0.7196283047134889,green_sea_turtle,Chelonia mydas,random_forest
966:2845,6.65,104.55,0.7251974456830556,green_sea_turtle,Chelonia mydas,random_forest
966:2913,6.65,111.35,0.0479631139065975,green_sea_turtle,Chelonia mydas,random_forest
966:2914,6.65,111.45,0.04864512227479834,green_sea_turtle,Chelonia mydas,random_forest
966:2915,6.65,111.55,0.08841665853242366,green_sea_turtle,Chelonia mydas,random_forest
966:2916,6.65,111.65,0.09332603549329732,green_sea_turtle,Chelonia mydas,random_forest
966:2917,6.65,111.75,0.09074860158290059,green_sea_turtle,Chelonia mydas,random_forest
966:2918,6.65,111.85,0.09877939746929586,green_sea_turtle,Chelonia mydas,random_forest
966:2919,6.65,111.95,0.09939334353261295,green_sea_turtle,Chelonia mydas,random_forest
966:2920,6.65,112.05,0.09702238334347574,green_sea_turtle,Chelonia mydas,random_forest
966:2935,6.65,113.55,0.0618498804558783,green_sea_turtle,Chelonia mydas,random_forest
966:2936,6.65,113.65,0.0675677591960887,green_sea_turtle,Chelonia mydas,random_forest
966:2937,6.65,113.75,0.06782067909927456,green_sea_turtle,Chelonia mydas,random_forest
966:2938,6.65,113.85,0.0697185438311103,green_sea_turtle,Chelonia mydas,random_forest
966:2939,6.65,113.95,0.0682318181673935,green_sea_turtle,Chelonia mydas,random_forest
966:2940,6.65,114.05,0.06127009944526141,green_sea_turtle,Chelonia mydas,random_forest
966:2941,6.65,114.15,0.05118911856910818,green_sea_turtle,Chelonia mydas,random_forest
966:2942,6.65,114.25,0.036006087600058106,green_sea_turtle,Chelonia mydas,random_forest
966:2943,6.65,114.35,0.03519055108965476,green_sea_turtle,Chelonia mydas,random_forest
966:2944,6.65,114.45,0.03398760397305042,green_sea_turtle,Chelonia mydas,random_forest
966:2945,6.65,114.55,0.03378707009489107,green_sea_turtle,Chelonia mydas,random_forest
966:2946,6.65,114.65,0.033966899365934326,green_sea_turtle,Chelonia mydas,random_forest
966:2947,6.65,114.75,0.0348398275427299,green_sea_turtle,Chelonia mydas,random_forest
966:2948,6.65,114.85,0.039228792617559745,green_sea_turtle,Chelonia mydas,random_forest
966:2949,6.65,114.95,0.072696235888922,green_sea_turtle,Chelonia mydas,random_forest
966:2950,6.65,115.05,0.06583036847807065,green_sea_turtle,Chelonia mydas,random_forest
966:2951,6.65,115.15,0.058878059828767114,green_sea_turtle,Chelonia mydas,random_forest
966:2952,6.65,115.25,0.05151033049687819,green_sea_turtle,Chelonia mydas,random_forest
966:2953,6.65,115.35,0.05575823802922395,green_sea_turtle,Chelonia mydas,random_forest
966:2954,6.65,115.45,0.07877101384685797,green_sea_turtle,Chelonia mydas,random_forest
966:2955,6.65,115.55,0.09057792515116875,green_sea_turtle,Chelonia mydas,random_forest
966:2956,6.65,115.65,0.06877394071505454,green_sea_turtle,Chelonia mydas,random_forest
966:2957,6.65,115.75,0.03089149513823846,green_sea_turtle,Chelonia mydas,random_forest
966:2958,6.65,115.85,0.025115354415666577,green_sea_turtle,Chelonia mydas,random_forest
966:2959,6.65,115.95,0.023279271528135276,green_sea_turtle,Chelonia mydas,random_forest
966:2960,6.65,116.05,0.02466577676271978,green_sea_turtle,Chelonia mydas,random_forest
966:2961,6.65,116.15,0.029397564266880897,green_sea_turtle,Chelonia mydas,random_forest
966:2962,6.65,116.25,0.0448024173570931,green_sea_turtle,Chelonia mydas,random_forest
966:2963,6.65,116.35,0.045357340058476345,green_sea_turtle,Chelonia mydas,random_forest
966:2964,6.65,116.45,0.06901045438136974,green_sea_turtle,Chelonia mydas,random_forest
966:2965,6.65,116.55,0.08126674303152417,green_sea_turtle,Chelonia mydas,random_forest
966:2968,6.65,116.85,0.09787665141081599,green_sea_turtle,Chelonia mydas,random_forest
966:2975,6.65,117.55,0.09787665141081599,green_sea_turtle,Chelonia mydas,random_forest
966:2976,6.65,117.65,0.09787665141081599,green_sea_turtle,Chelonia mydas,random_forest
966:2977,6.65,117.75,0.09787665141081599,green_sea_turtle,Chelonia mydas,random_forest
966:2978,6.65,117.85,0.09787665141081599,green_sea_turtle,Chelonia mydas,random_forest
966:2979,6.65,117.95,0.09787665141081599,green_sea_turtle,Chelonia mydas,random_forest
967:2823,6.75,102.35,0.0514166842868908,green_sea_turtle,Chelonia mydas,random_forest
967:2824,6.75,102.45,0.052399393220608374,green_sea_turtle,Chelonia mydas,random_forest
967:2825,6.75,102.55,0.07569405851010437,green_sea_turtle,Chelonia mydas,random_forest
967:2826,6.75,102.65,0.12402025416482437,green_sea_turtle,Chelonia mydas,random_forest
967:2827,6.75,102.75,0.12592223782876838,green_sea_turtle,Chelonia mydas,random_forest
967:2828,6.75,102.85,0.16162363710295177,green_sea_turtle,Chelonia mydas,random_forest
967:2829,6.75,102.95,0.1670644553156954,green_sea_turtle,Chelonia mydas,random_forest
967:2830,6.75,103.05,0.1678047527956251,green_sea_turtle,Chelonia mydas,random_forest
967:2831,6.75,103.15,0.17357872118509296,green_sea_turtle,Chelonia mydas,random_forest
967:2832,6.75,103.25,0.17604109159290718,green_sea_turtle,Chelonia mydas,random_forest
967:2833,6.75,103.35,0.17380106964256223,green_sea_turtle,Chelonia mydas,random_forest
967:2834,6.75,103.45,0.17905307887461386,green_sea_turtle,Chelonia mydas,random_forest
967:2835,6.75,103.55,0.18024625111990536,green_sea_turtle,Chelonia mydas,random_forest
967:2836,6.75,103.65,0.2069050984701,green_sea_turtle,Chelonia mydas,random_forest
967:2837,6.75,103.75,0.21713966758895625,green_sea_turtle,Chelonia mydas,random_forest
967:2838,6.75,103.85,0.22954690321694163,green_sea_turtle,Chelonia mydas,random_forest
967:2839,6.75,103.95,0.24147716500405625,green_sea_turtle,Chelonia mydas,random_forest
967:2840,6.75,104.05,0.2404513810394568,green_sea_turtle,Chelonia mydas,random_forest
967:2841,6.75,104.15,0.23883081036516593,green_sea_turtle,Chelonia mydas,random_forest
967:2842,6.75,104.25,0.2644426258053829,green_sea_turtle,Chelonia mydas,random_forest
967:2843,6.75,104.35,0.27843179102668186,green_sea_turtle,Chelonia mydas,random_forest
967:2914,6.75,111.45,0.018670978263282418,green_sea_turtle,Chelonia mydas,random_forest
967:2915,6.75,111.55,0.0502163306943272,green_sea_turtle,Chelonia mydas,random_forest
967:2916,6.75,111.65,0.05267669197272156,green_sea_turtle,Chelonia mydas,random_forest
967:2917,6.75,111.75,0.05091646236340011,green_sea_turtle,Chelonia mydas,random_forest
967:2918,6.75,111.85,0.05620850349138868,green_sea_turtle,Chelonia mydas,random_forest
967:2919,6.75,111.95,0.05867524143287836,green_sea_turtle,Chelonia mydas,random_forest
967:2934,6.75,113.45,0.024800310590691283,green_sea_turtle,Chelonia mydas,random_forest
967:2935,6.75,113.55,0.02335783271458509,green_sea_turtle,Chelonia mydas,random_forest
967:2936,6.75,113.65,0.028011425617545747,green_sea_turtle,Chelonia mydas,random_forest
967:2937,6.75,113.75,0.028264345520731607,green_sea_turtle,Chelonia mydas,random_forest
967:2938,6.75,113.85,0.03204941198792529,green_sea_turtle,Chelonia mydas,random_forest
967:2939,6.75,113.95,0.032498609848887854,green_sea_turtle,Chelonia mydas,random_forest
967:2940,6.75,114.05,0.02933007748581964,green_sea_turtle,Chelonia mydas,random_forest
967:2941,6.75,114.15,0.022570505157693457,green_sea_turtle,Chelonia mydas,random_forest
967:2942,6.75,114.25,0.019581023074420573,green_sea_turtle,Chelonia mydas,random_forest
967:2943,6.75,114.35,0.020458425327568353,green_sea_turtle,Chelonia mydas,random_forest
967:2944,6.75,114.45,0.021065866724477533,green_sea_turtle,Chelonia mydas,random_forest
967:2945,6.75,114.55,0.022241054055641973,green_sea_turtle,Chelonia mydas,random_forest
967:2946,6.75,114.65,0.022420883326685227,green_sea_turtle,Chelonia mydas,random_forest
967:2947,6.75,114.75,0.023293811503480803,green_sea_turtle,Chelonia mydas,random_forest
967:2948,6.75,114.85,0.03341353633640287,green_sea_turtle,Chelonia mydas,random_forest
967:2949,6.75,114.95,0.09610673247407212,green_sea_turtle,Chelonia mydas,random_forest
967:2950,6.75,115.05,0.08879631541676862,green_sea_turtle,Chelonia mydas,random_forest
967:2951,6.75,115.15,0.0754603164451442,green_sea_turtle,Chelonia mydas,random_forest
967:2952,6.75,115.25,0.06409900060645404,green_sea_turtle,Chelonia mydas,random_forest
967:2953,6.75,115.35,0.06693756863522388,green_sea_turtle,Chelonia mydas,random_forest
967:2954,6.75,115.45,0.07143433414298798,green_sea_turtle,Chelonia mydas,random_forest
967:2955,6.75,115.55,0.07378420780445316,green_sea_turtle,Chelonia mydas,random_forest
967:2956,6.75,115.65,0.05570841178335774,green_sea_turtle,Chelonia mydas,random_forest
967:2957,6.75,115.75,0.0361746896377405,green_sea_turtle,Chelonia mydas,random_forest
967:2958,6.75,115.85,0.03545158546202657,green_sea_turtle,Chelonia mydas,random_forest
967:2959,6.75,115.95,0.037280241391241864,green_sea_turtle,Chelonia mydas,random_forest
967:2960,6.75,116.05,0.046657574053021136,green_sea_turtle,Chelonia mydas,random_forest
967:2961,6.75,116.15,0.057289788245869604,green_sea_turtle,Chelonia mydas,random_forest
967:2962,6.75,116.25,0.0766499822748957,green_sea_turtle,Chelonia mydas,random_forest
967:2963,6.75,116.35,0.07809914861751051,green_sea_turtle,Chelonia mydas,random_forest
967:2964,6.75,116.45,0.1026448890723573,green_sea_turtle,Chelonia mydas,random_forest
967:2965,6.75,116.55,0.11769284743371745,green_sea_turtle,Chelonia mydas,random_forest
967:2968,6.75,116.85,0.13430275581300924,green_sea_turtle,Chelonia mydas,random_forest
967:2969,6.75,116.95,0.13430275581300924,green_sea_turtle,Chelonia mydas,random_forest
967:2973,6.75,117.35,0.13430275581300924,green_sea_turtle,Chelonia mydas,random_forest
967:2974,6.75,117.45,0.13430275581300924,green_sea_turtle,Chelonia mydas,random_forest
967:2975,6.75,117.55,0.13430275581300924,green_sea_turtle,Chelonia mydas,random_forest
967:2976,6.75,117.65,0.13430275581300924,green_sea_turtle,Chelonia mydas,random_forest
967:2977,6.75,117.75,0.13430275581300924,green_sea_turtle,Chelonia mydas,random_forest
967:2978,6.75,117.85,0.13430275581300924,green_sea_turtle,Chelonia mydas,random_forest
967:2979,6.75,117.95,0.13430275581300924,green_sea_turtle,Chelonia mydas,random_forest
968:2824,6.85,102.45,0.03330519643612141,green_sea_turtle,Chelonia mydas,random_forest
968:2825,6.85,102.55,0.0505110630831456,green_sea_turtle,Chelonia mydas,random_forest
968:2826,6.85,102.65,0.06594321692461434,green_sea_turtle,Chelonia mydas,random_forest
968:2827,6.85,102.75,0.06594321692461434,green_sea_turtle,Chelonia mydas,random_forest
968:2828,6.85,102.85,0.08343708303150035,green_sea_turtle,Chelonia mydas,random_forest
968:2829,6.85,102.95,0.08636530651479961,green_sea_turtle,Chelonia mydas,random_forest
968:2830,6.85,103.05,0.08647680255915706,green_sea_turtle,Chelonia mydas,random_forest
968:2831,6.85,103.15,0.09144793519095425,green_sea_turtle,Chelonia mydas,random_forest
968:2832,6.85,103.25,0.09391030559876842,green_sea_turtle,Chelonia mydas,random_forest
968:2833,6.85,103.35,0.09407387449960977,green_sea_turtle,Chelonia mydas,random_forest
968:2834,6.85,103.45,0.10002624349220016,green_sea_turtle,Chelonia mydas,random_forest
968:2835,6.85,103.55,0.10043018062343138,green_sea_turtle,Chelonia mydas,random_forest
968:2836,6.85,103.65,0.12012224396786395,green_sea_turtle,Chelonia mydas,random_forest
968:2837,6.85,103.75,0.12942088848797687,green_sea_turtle,Chelonia mydas,random_forest
968:2838,6.85,103.85,0.13982136218660776,green_sea_turtle,Chelonia mydas,random_forest
968:2839,6.85,103.95,0.15069906251885679,green_sea_turtle,Chelonia mydas,random_forest
968:2840,6.85,104.05,0.1534266356855113,green_sea_turtle,Chelonia mydas,random_forest
968:2841,6.85,104.15,0.1527184485033469,green_sea_turtle,Chelonia mydas,random_forest
968:2842,6.85,104.25,0.1731325863053247,green_sea_turtle,Chelonia mydas,random_forest
968:2915,6.85,111.55,0.050048020441856224,green_sea_turtle,Chelonia mydas,random_forest
968:2916,6.85,111.65,0.05250838172025059,green_sea_turtle,Chelonia mydas,random_forest
968:2917,6.85,111.75,0.05074815211092913,green_sea_turtle,Chelonia mydas,random_forest
968:2918,6.85,111.85,0.05604019323891771,green_sea_turtle,Chelonia mydas,random_forest
968:2933,6.85,113.35,0.025304887350659437,green_sea_turtle,Chelonia mydas,random_forest
968:2934,6.85,113.45,0.025981593834155266,green_sea_turtle,Chelonia mydas,random_forest
968:2935,6.85,113.55,0.02453911595804907,green_sea_turtle,Chelonia mydas,random_forest
968:2936,6.85,113.65,0.029192708861009723,green_sea_turtle,Chelonia mydas,random_forest
968:2937,6.85,113.75,0.029445628764195587,green_sea_turtle,Chelonia mydas,random_forest
968:2938,6.85,113.85,0.033230695231389266,green_sea_turtle,Chelonia mydas,random_forest
968:2939,6.85,113.95,0.03367989309235184,green_sea_turtle,Chelonia mydas,random_forest
968:2940,6.85,114.05,0.03051136072928362,green_sea_turtle,Chelonia mydas,random_forest
968:2941,6.85,114.15,0.023751788401157443,green_sea_turtle,Chelonia mydas,random_forest
968:2942,6.85,114.25,0.020762306317884553,green_sea_turtle,Chelonia mydas,random_forest
968:2943,6.85,114.35,0.021639708571032333,green_sea_turtle,Chelonia mydas,random_forest
968:2944,6.85,114.45,0.022247149967941512,green_sea_turtle,Chelonia mydas,random_forest
968:2945,6.85,114.55,0.023422337299105957,green_sea_turtle,Chelonia mydas,random_forest
968:2946,6.85,114.65,0.02360216657014921,green_sea_turtle,Chelonia mydas,random_forest
968:2947,6.85,114.75,0.024475094746944783,green_sea_turtle,Chelonia mydas,random_forest
968:2948,6.85,114.85,0.034594819579866855,green_sea_turtle,Chelonia mydas,random_forest
968:2949,6.85,114.95,0.1018345703149426,green_sea_turtle,Chelonia mydas,random_forest
968:2950,6.85,115.05,0.09478351382797084,green_sea_turtle,Chelonia mydas,random_forest
968:2951,6.85,115.15,0.08144751485634641,green_sea_turtle,Chelonia mydas,random_forest
968:2952,6.85,115.25,0.07008619901765628,green_sea_turtle,Chelonia mydas,random_forest
968:2953,6.85,115.35,0.07292476704642611,green_sea_turtle,Chelonia mydas,random_forest
968:2954,6.85,115.45,0.07804367666666823,green_sea_turtle,Chelonia mydas,random_forest
968:2955,6.85,115.55,0.08039355032813342,green_sea_turtle,Chelonia mydas,random_forest
968:2956,6.85,115.65,0.062317754307038,green_sea_turtle,Chelonia mydas,random_forest
968:2957,6.85,115.75,0.04355425869863759,green_sea_turtle,Chelonia mydas,random_forest
968:2958,6.85,115.85,0.042831154522923666,green_sea_turtle,Chelonia mydas,random_forest
968:2959,6.85,115.95,0.044659810452138946,green_sea_turtle,Chelonia mydas,random_forest
968:2960,6.85,116.05,0.05403714311391822,green_sea_turtle,Chelonia mydas,random_forest
968:2961,6.85,116.15,0.06466935730676669,green_sea_turtle,Chelonia mydas,random_forest
968:2962,6.85,116.25,0.08402955133579278,green_sea_turtle,Chelonia mydas,random_forest
968:2963,6.85,116.35,0.08547871767840759,green_sea_turtle,Chelonia mydas,random_forest
968:2964,6.85,116.45,0.10824338473351151,green_sea_turtle,Chelonia mydas,random_forest
968:2965,6.85,116.55,0.12329134309487169,green_sea_turtle,Chelonia mydas,random_forest
968:2969,6.85,116.95,0.13874041231332435,green_sea_turtle,Chelonia mydas,random_forest
968:2970,6.85,117.05,0.13874041231332435,green_sea_turtle,Chelonia mydas,random_forest
968:2972,6.85,117.25,0.13874041231332435,green_sea_turtle,Chelonia mydas,random_forest
968:2973,6.85,117.35,0.13874041231332435,green_sea_turtle,Chelonia mydas,random_forest
968:2974,6.85,117.45,0.13874041231332435,green_sea_turtle,Chelonia mydas,random_forest
968:2975,6.85,117.55,0.13874041231332435,green_sea_turtle,Chelonia mydas,random_forest
968:2976,6.85,117.65,0.13874041231332435,green_sea_turtle,Chelonia mydas,random_forest
968:2977,6.85,117.75,0.13874041231332435,green_sea_turtle,Chelonia mydas,random_forest
968:2978,6.85,117.85,0.13874041231332435,green_sea_turtle,Chelonia mydas,random_forest
968:2979,6.85,117.95,0.13874041231332435,green_sea_turtle,Chelonia mydas,random_forest
969:2824,6.95,102.45,0.03245870790963161,green_sea_turtle,Chelonia mydas,random_forest
969:2825,6.95,102.55,0.049664574556655794,green_sea_turtle,Chelonia mydas,random_forest
969:2826,6.95,102.65,0.06509672839812454,green_sea_turtle,Chelonia mydas,random_forest
969:2827,6.95,102.75,0.06509672839812454,green_sea_turtle,Chelonia mydas,random_forest
969:2828,6.95,102.85,0.08259059450501054,green_sea_turtle,Chelonia mydas,random_forest
969:2829,6.95,102.95,0.0855188179883098,green_sea_turtle,Chelonia mydas,random_forest
969:2830,6.95,103.05,0.08563031403266726,green_sea_turtle,Chelonia mydas,random_forest
969:2831,6.95,103.15,0.09060144666446443,green_sea_turtle,Chelonia mydas,random_forest
969:2832,6.95,103.25,0.0930638170722786,green_sea_turtle,Chelonia mydas,random_forest
969:2833,6.95,103.35,0.09322738597311997,green_sea_turtle,Chelonia mydas,random_forest
969:2834,6.95,103.45,0.09917975496571034,green_sea_turtle,Chelonia mydas,random_forest
969:2835,6.95,103.55,0.09958369209694157,green_sea_turtle,Chelonia mydas,random_forest
969:2836,6.95,103.65,0.11927575544137414,green_sea_turtle,Chelonia mydas,random_forest
969:2837,6.95,103.75,0.12857439996148706,green_sea_turtle,Chelonia mydas,random_forest
969:2838,6.95,103.85,0.13897487366011793,green_sea_turtle,Chelonia mydas,random_forest
969:2839,6.95,103.95,0.14985257399236698,green_sea_turtle,Chelonia mydas,random_forest
969:2840,6.95,104.05,0.1525801471590215,green_sea_turtle,Chelonia mydas,random_forest
969:2841,6.95,104.15,0.15187195997685715,green_sea_turtle,Chelonia mydas,random_forest
969:2916,6.95,111.65,0.054267864961669444,green_sea_turtle,Chelonia mydas,random_forest
969:2917,6.95,111.75,0.052507635352347995,green_sea_turtle,Chelonia mydas,random_forest
969:2932,6.95,113.25,0.03463805887529439,green_sea_turtle,Chelonia mydas,random_forest
969:2933,6.95,113.35,0.02992828575884442,green_sea_turtle,Chelonia mydas,random_forest
969:2934,6.95,113.45,0.030604992242340243,green_sea_turtle,Chelonia mydas,random_forest
969:2935,6.95,113.55,0.030482352422914215,green_sea_turtle,Chelonia mydas,random_forest
969:2936,6.95,113.65,0.035135945325874864,green_sea_turtle,Chelonia mydas,random_forest
969:2937,6.95,113.75,0.03538886522906073,green_sea_turtle,Chelonia mydas,random_forest
969:2938,6.95,113.85,0.039173931696254424,green_sea_turtle,Chelonia mydas,random_forest
969:2939,6.95,113.95,0.03962312955721698,green_sea_turtle,Chelonia mydas,random_forest
969:2940,6.95,114.05,0.03645459719414876,green_sea_turtle,Chelonia mydas,random_forest
969:2941,6.95,114.15,0.02969502486602258,green_sea_turtle,Chelonia mydas,random_forest
969:2942,6.95,114.25,0.0267055427827497,green_sea_turtle,Chelonia mydas,random_forest
969:2943,6.95,114.35,0.027582945035897484,green_sea_turtle,Chelonia mydas,random_forest
969:2944,6.95,114.45,0.02819038643280666,green_sea_turtle,Chelonia mydas,random_forest
969:2945,6.95,114.55,0.029365573763971097,green_sea_turtle,Chelonia mydas,random_forest
969:2946,6.95,114.65,0.029545403035014347,green_sea_turtle,Chelonia mydas,random_forest
969:2947,6.95,114.75,0.03041833121180992,green_sea_turtle,Chelonia mydas,random_forest
969:2948,6.95,114.85,0.04053805604473202,green_sea_turtle,Chelonia mydas,random_forest
969:2949,6.95,114.95,0.10949236164043627,green_sea_turtle,Chelonia mydas,random_forest
969:2950,6.95,115.05,0.1008136033545362,green_sea_turtle,Chelonia mydas,random_forest
969:2951,6.95,115.15,0.08747760438291174,green_sea_turtle,Chelonia mydas,random_forest
969:2952,6.95,115.25,0.0761162885442216,green_sea_turtle,Chelonia mydas,random_forest
969:2953,6.95,115.35,0.07895485657299142,green_sea_turtle,Chelonia mydas,random_forest
969:2954,6.95,115.45,0.0832449373644047,green_sea_turtle,Chelonia mydas,random_forest
969:2955,6.95,115.55,0.0855948110258699,green_sea_turtle,Chelonia mydas,random_forest
969:2956,6.95,115.65,0.06834779912388118,green_sea_turtle,Chelonia mydas,random_forest
969:2957,6.95,115.75,0.049584303515480786,green_sea_turtle,Chelonia mydas,random_forest
969:2958,6.95,115.85,0.048861199339766855,green_sea_turtle,Chelonia mydas,random_forest
969:2959,6.95,115.95,0.050689855268982134,green_sea_turtle,Chelonia mydas,random_forest
969:2960,6.95,116.05,0.060067187930761407,green_sea_turtle,Chelonia mydas,random_forest
969:2961,6.95,116.15,0.0706994021236099,green_sea_turtle,Chelonia mydas,random_forest
969:2962,6.95,116.25,0.08959685105459672,green_sea_turtle,Chelonia mydas,random_forest
969:2963,6.95,116.35,0.09104601739721156,green_sea_turtle,Chelonia mydas,random_forest
969:2964,6.95,116.45,0.1138106844523155,green_sea_turtle,Chelonia mydas,random_forest
969:2965,6.95,116.55,0.12885864281367565,green_sea_turtle,Chelonia mydas,random_forest
969:2966,6.95,116.65,0.1354840687487539,green_sea_turtle,Chelonia mydas,random_forest
969:2968,6.95,116.85,0.14430771203212833,green_sea_turtle,Chelonia mydas,random_forest
969:2969,6.95,116.95,0.14430771203212833,green_sea_turtle,Chelonia mydas,random_forest
969:2970,6.95,117.05,0.14430771203212833,green_sea_turtle,Chelonia mydas,random_forest
969:2972,6.95,117.25,0.14430771203212833,green_sea_turtle,Chelonia mydas,random_forest
969:2973,6.95,117.35,0.14430771203212833,green_sea_turtle,Chelonia mydas,random_forest
969:2974,6.95,117.45,0.14430771203212833,green_sea_turtle,Chelonia mydas,random_forest
969:2975,6.95,117.55,0.14430771203212833,green_sea_turtle,Chelonia mydas,random_forest
969:2976,6.95,117.65,0.14430771203212833,green_sea_turtle,Chelonia mydas,random_forest
969:2977,6.95,117.75,0.14430771203212833,green_sea_turtle,Chelonia mydas,random_forest
969:2978,6.95,117.85,0.14430771203212833,green_sea_turtle,Chelonia mydas,random_forest
970:2825,7.05,102.55,0.06558970426937621,green_sea_turtle,Chelonia mydas,random_forest
970:2826,7.05,102.65,0.08102185811084495,green_sea_turtle,Chelonia mydas,random_forest
970:2827,7.05,102.75,0.08102185811084495,green_sea_turtle,Chelonia mydas,random_forest
970:2828,7.05,102.85,0.09851572421773094,green_sea_turtle,Chelonia mydas,random_forest
970:2829,7.05,102.95,0.1014439477010302,green_sea_turtle,Chelonia mydas,random_forest
970:2830,7.05,103.05,0.10155544374538765,green_sea_turtle,Chelonia mydas,random_forest
970:2831,7.05,103.15,0.10652657637718482,green_sea_turtle,Chelonia mydas,random_forest
970:2832,7.05,103.25,0.10898894678499901,green_sea_turtle,Chelonia mydas,random_forest
970:2833,7.05,103.35,0.10915251568584038,green_sea_turtle,Chelonia mydas,random_forest
970:2834,7.05,103.45,0.11510488467843076,green_sea_turtle,Chelonia mydas,random_forest
970:2835,7.05,103.55,0.11550882180966199,green_sea_turtle,Chelonia mydas,random_forest
970:2836,7.05,103.65,0.13520088515409456,green_sea_turtle,Chelonia mydas,random_forest
970:2837,7.05,103.75,0.1444995296742075,green_sea_turtle,Chelonia mydas,random_forest
970:2838,7.05,103.85,0.15490000337283835,green_sea_turtle,Chelonia mydas,random_forest
970:2839,7.05,103.95,0.16677770370508743,green_sea_turtle,Chelonia mydas,random_forest
970:2931,7.05,113.15,0.0784460237041336,green_sea_turtle,Chelonia mydas,random_forest
970:2932,7.05,113.25,0.07490009969480485,green_sea_turtle,Chelonia mydas,random_forest
970:2933,7.05,113.35,0.07337840699569514,green_sea_turtle,Chelonia mydas,random_forest
970:2934,7.05,113.45,0.07405511347919097,green_sea_turtle,Chelonia mydas,random_forest
970:2935,7.05,113.55,0.07393247365976492,green_sea_turtle,Chelonia mydas,random_forest
970:2936,7.05,113.65,0.07858606656272556,green_sea_turtle,Chelonia mydas,random_forest
970:2937,7.05,113.75,0.07883898646591143,green_sea_turtle,Chelonia mydas,random_forest
970:2938,7.05,113.85,0.08376659190860622,green_sea_turtle,Chelonia mydas,random_forest
970:2939,7.05,113.95,0.08421578976956877,green_sea_turtle,Chelonia mydas,random_forest
970:2940,7.05,114.05,0.08104725740650057,green_sea_turtle,Chelonia mydas,random_forest
970:2941,7.05,114.15,0.07693222738387565,green_sea_turtle,Chelonia mydas,random_forest
970:2942,7.05,114.25,0.07394274530060276,green_sea_turtle,Chelonia mydas,random_forest
970:2943,7.05,114.35,0.07482014755375056,green_sea_turtle,Chelonia mydas,random_forest
970:2944,7.05,114.45,0.07590609897931301,green_sea_turtle,Chelonia mydas,random_forest
970:2945,7.05,114.55,0.07708128631047745,green_sea_turtle,Chelonia mydas,random_forest
970:2946,7.05,114.65,0.0772611155815207,green_sea_turtle,Chelonia mydas,random_forest
970:2947,7.05,114.75,0.07813404375831627,green_sea_turtle,Chelonia mydas,random_forest
970:2948,7.05,114.85,0.0912769663164147,green_sea_turtle,Chelonia mydas,random_forest
970:2949,7.05,114.95,0.2203340755279471,green_sea_turtle,Chelonia mydas,random_forest
970:2950,7.05,115.05,0.208617086017566,green_sea_turtle,Chelonia mydas,random_forest
970:2951,7.05,115.15,0.19566636594185877,green_sea_turtle,Chelonia mydas,random_forest
970:2952,7.05,115.25,0.18349777572450626,green_sea_turtle,Chelonia mydas,random_forest
970:2953,7.05,115.35,0.18658031582951737,green_sea_turtle,Chelonia mydas,random_forest
970:2954,7.05,115.45,0.18849794151801352,green_sea_turtle,Chelonia mydas,random_forest
970:2955,7.05,115.55,0.1883644517524978,green_sea_turtle,Chelonia mydas,random_forest
970:2956,7.05,115.65,0.1702060132108877,green_sea_turtle,Chelonia mydas,random_forest
970:2957,7.05,115.75,0.1521722703357414,green_sea_turtle,Chelonia mydas,random_forest
970:2958,7.05,115.85,0.1538944624651806,green_sea_turtle,Chelonia mydas,random_forest
970:2959,7.05,115.95,0.15726628357609293,green_sea_turtle,Chelonia mydas,random_forest
970:2960,7.05,116.05,0.16734609607536163,green_sea_turtle,Chelonia mydas,random_forest
970:2961,7.05,116.15,0.17797831026821007,green_sea_turtle,Chelonia mydas,random_forest
970:2962,7.05,116.25,0.19383640477775185,green_sea_turtle,Chelonia mydas,random_forest
970:2963,7.05,116.35,0.19528557112036668,green_sea_turtle,Chelonia mydas,random_forest
970:2964,7.05,116.45,0.214841060765806,green_sea_turtle,Chelonia mydas,random_forest
970:2965,7.05,116.55,0.22587580484332923,green_sea_turtle,Chelonia mydas,random_forest
970:2966,7.05,116.65,0.2316859401938717,green_sea_turtle,Chelonia mydas,random_forest
970:2967,7.05,116.75,0.2316859401938717,green_sea_turtle,Chelonia mydas,random_forest
970:2968,7.05,116.85,0.2405095834772461,green_sea_turtle,Chelonia mydas,random_forest
970:2969,7.05,116.95,0.23823618898183327,green_sea_turtle,Chelonia mydas,random_forest
970:2970,7.05,117.05,0.23823618898183327,green_sea_turtle,Chelonia mydas,random_forest
970:2971,7.05,117.15,0.23823618898183327,green_sea_turtle,Chelonia mydas,random_forest
970:2972,7.05,117.25,0.23823618898183327,green_sea_turtle,Chelonia mydas,random_forest
970:2973,7.05,117.35,0.23823618898183327,green_sea_turtle,Chelonia mydas,random_forest
970:2974,7.05,117.45,0.23823618898183327,green_sea_turtle,Chelonia mydas,random_forest
970:2975,7.05,117.55,0.23823618898183327,green_sea_turtle,Chelonia mydas,random_forest
970:2976,7.05,117.65,0.23823618898183327,green_sea_turtle,Chelonia mydas,random_forest
970:2977,7.05,117.75,0.23823618898183327,green_sea_turtle,Chelonia mydas,random_forest
971:2825,7.15,102.55,0.04624247938840153,green_sea_turtle,Chelonia mydas,random_forest
971:2826,7.15,102.65,0.061674633229870275,green_sea_turtle,Chelonia mydas,random_forest
971:2827,7.15,102.75,0.061674633229870275,green_sea_turtle,Chelonia mydas,random_forest
971:2828,7.15,102.85,0.07916849933675624,green_sea_turtle,Chelonia mydas,random_forest
971:2829,7.15,102.95,0.08209672282005553,green_sea_turtle,Chelonia mydas,random_forest
971:2830,7.15,103.05,0.08220821886441297,green_sea_turtle,Chelonia mydas,random_forest
971:2831,7.15,103.15,0.08717935149621014,green_sea_turtle,Chelonia mydas,random_forest
971:2832,7.15,103.25,0.08964172190402434,green_sea_turtle,Chelonia mydas,random_forest
971:2833,7.15,103.35,0.08980529080486568,green_sea_turtle,Chelonia mydas,random_forest
971:2834,7.15,103.45,0.09575765979745604,green_sea_turtle,Chelonia mydas,random_forest
971:2835,7.15,103.55,0.09616159692868724,green_sea_turtle,Chelonia mydas,random_forest
971:2836,7.15,103.65,0.11439911012702811,green_sea_turtle,Chelonia mydas,random_forest
971:2837,7.15,103.75,0.12369775464714101,green_sea_turtle,Chelonia mydas,random_forest
971:2838,7.15,103.85,0.13409822834577187,green_sea_turtle,Chelonia mydas,random_forest
971:2930,7.15,113.05,0.03888565159733391,green_sea_turtle,Chelonia mydas,random_forest
971:2931,7.15,113.15,0.03888565159733391,green_sea_turtle,Chelonia mydas,random_forest
971:2932,7.15,113.25,0.03369862882052602,green_sea_turtle,Chelonia mydas,random_forest
971:2933,7.15,113.35,0.02991399575885461,green_sea_turtle,Chelonia mydas,random_forest
971:2934,7.15,113.45,0.030590702242350432,green_sea_turtle,Chelonia mydas,random_forest
971:2935,7.15,113.55,0.030590702242350432,green_sea_turtle,Chelonia mydas,random_forest
971:2936,7.15,113.65,0.03524429514531108,green_sea_turtle,Chelonia mydas,random_forest
971:2937,7.15,113.75,0.03549721504849694,green_sea_turtle,Chelonia mydas,random_forest
971:2938,7.15,113.85,0.04042482049119174,green_sea_turtle,Chelonia mydas,random_forest
971:2939,7.15,113.95,0.04042482049119174,green_sea_turtle,Chelonia mydas,random_forest
971:2940,7.15,114.05,0.03707593591508148,green_sea_turtle,Chelonia mydas,random_forest
971:2941,7.15,114.15,0.032960905892456545,green_sea_turtle,Chelonia mydas,random_forest
971:2942,7.15,114.25,0.031381259874757435,green_sea_turtle,Chelonia mydas,random_forest
971:2943,7.15,114.35,0.031381259874757435,green_sea_turtle,Chelonia mydas,random_forest
971:2944,7.15,114.45,0.031381259874757435,green_sea_turtle,Chelonia mydas,random_forest
971:2945,7.15,114.55,0.031381259874757435,green_sea_turtle,Chelonia mydas,random_forest
971:2946,7.15,114.65,0.031381259874757435,green_sea_turtle,Chelonia mydas,random_forest
971:2947,7.15,114.75,0.031381259874757435,green_sea_turtle,Chelonia mydas,random_forest
971:2948,7.15,114.85,0.03510149149823888,green_sea_turtle,Chelonia mydas,random_forest
971:2949,7.15,114.95,0.14524586202597498,green_sea_turtle,Chelonia mydas,random_forest
971:2950,7.15,115.05,0.14275942583893964,green_sea_turtle,Chelonia mydas,random_forest
971:2951,7.15,115.15,0.1359412912497207,green_sea_turtle,Chelonia mydas,random_forest
971:2952,7.15,115.25,0.12504662823670348,green_sea_turtle,Chelonia mydas,random_forest
971:2953,7.15,115.35,0.12852390518381984,green_sea_turtle,Chelonia mydas,random_forest
971:2954,7.15,115.45,0.13522121026617295,green_sea_turtle,Chelonia mydas,random_forest
971:2955,7.15,115.55,0.13707255476456898,green_sea_turtle,Chelonia mydas,random_forest
971:2956,7.15,115.65,0.1260599589584856,green_sea_turtle,Chelonia mydas,random_forest
971:2957,7.15,115.75,0.11135505665248721,green_sea_turtle,Chelonia mydas,random_forest
971:2958,7.15,115.85,0.11307724878192642,green_sea_turtle,Chelonia mydas,random_forest
971:2959,7.15,115.95,0.11792770554858933,green_sea_turtle,Chelonia mydas,random_forest
971:2960,7.15,116.05,0.1298431575991297,green_sea_turtle,Chelonia mydas,random_forest
971:2961,7.15,116.15,0.14276537421032576,green_sea_turtle,Chelonia mydas,random_forest
971:2962,7.15,116.25,0.1624612057034542,green_sea_turtle,Chelonia mydas,random_forest
971:2963,7.15,116.35,0.16391037204606906,green_sea_turtle,Chelonia mydas,random_forest
971:2964,7.15,116.45,0.18581154414474915,green_sea_turtle,Chelonia mydas,random_forest
971:2965,7.15,116.55,0.1975692319452161,green_sea_turtle,Chelonia mydas,random_forest
971:2966,7.15,116.65,0.20337936729575853,green_sea_turtle,Chelonia mydas,random_forest
971:2967,7.15,116.75,0.20337936729575853,green_sea_turtle,Chelonia mydas,random_forest
971:2968,7.15,116.85,0.21336384973997208,green_sea_turtle,Chelonia mydas,random_forest
971:2969,7.15,116.95,0.21109045524455922,green_sea_turtle,Chelonia mydas,random_forest
971:2970,7.15,117.05,0.21109045524455922,green_sea_turtle,Chelonia mydas,random_forest
971:2971,7.15,117.15,0.21109045524455922,green_sea_turtle,Chelonia mydas,random_forest
971:2972,7.15,117.25,0.21109045524455922,green_sea_turtle,Chelonia mydas,random_forest
971:2973,7.15,117.35,0.21109045524455922,green_sea_turtle,Chelonia mydas,random_forest
971:2974,7.15,117.45,0.21109045524455922,green_sea_turtle,Chelonia mydas,random_forest
971:2975,7.15,117.55,0.21109045524455922,green_sea_turtle,Chelonia mydas,random_forest
971:2976,7.15,117.65,0.21109045524455922,green_sea_turtle,Chelonia mydas,random_forest
972:2826,7.25,102.65,0.06988284075400017,green_sea_turtle,Chelonia mydas,random_forest
972:2827,7.25,102.75,0.06988284075400017,green_sea_turtle,Chelonia mydas,random_forest
972:2828,7.25,102.85,0.08737670686088618,green_sea_turtle,Chelonia mydas,random_forest
972:2829,7.25,102.95,0.09030493034418546,green_sea_turtle,Chelonia mydas,random_forest
972:2830,7.25,103.05,0.0904164263885429,green_sea_turtle,Chelonia mydas,random_forest
972:2831,7.25,103.15,0.09538755902034009,green_sea_turtle,Chelonia mydas,random_forest
972:2832,7.25,103.25,0.09784992942815425,green_sea_turtle,Chelonia mydas,random_forest
972:2833,7.25,103.35,0.09801349832899563,green_sea_turtle,Chelonia mydas,random_forest
972:2834,7.25,103.45,0.10396586732158597,green_sea_turtle,Chelonia mydas,random_forest
972:2835,7.25,103.55,0.10436980445281722,green_sea_turtle,Chelonia mydas,random_forest
972:2836,7.25,103.65,0.12260731765115804,green_sea_turtle,Chelonia mydas,random_forest
972:2929,7.25,112.95,0.042918023183478975,green_sea_turtle,Chelonia mydas,random_forest
972:2930,7.25,113.05,0.044615536926027315,green_sea_turtle,Chelonia mydas,random_forest
972:2931,7.25,113.15,0.044615536926027315,green_sea_turtle,Chelonia mydas,random_forest
972:2932,7.25,113.25,0.03942851414921942,green_sea_turtle,Chelonia mydas,random_forest
972:2933,7.25,113.35,0.035643881087548006,green_sea_turtle,Chelonia mydas,random_forest
972:2934,7.25,113.45,0.03632058757104383,green_sea_turtle,Chelonia mydas,random_forest
972:2935,7.25,113.55,0.03632058757104383,green_sea_turtle,Chelonia mydas,random_forest
972:2936,7.25,113.65,0.04097418047400448,green_sea_turtle,Chelonia mydas,random_forest
972:2937,7.25,113.75,0.041227100377190344,green_sea_turtle,Chelonia mydas,random_forest
972:2938,7.25,113.85,0.04615470581988514,green_sea_turtle,Chelonia mydas,random_forest
972:2939,7.25,113.95,0.04615470581988514,green_sea_turtle,Chelonia mydas,random_forest
972:2940,7.25,114.05,0.042805821243774876,green_sea_turtle,Chelonia mydas,random_forest
972:2941,7.25,114.15,0.038690791221149934,green_sea_turtle,Chelonia mydas,random_forest
972:2942,7.25,114.25,0.037111145203450824,green_sea_turtle,Chelonia mydas,random_forest
972:2943,7.25,114.35,0.037111145203450824,green_sea_turtle,Chelonia mydas,random_forest
972:2944,7.25,114.45,0.037111145203450824,green_sea_turtle,Chelonia mydas,random_forest
972:2945,7.25,114.55,0.037111145203450824,green_sea_turtle,Chelonia mydas,random_forest
972:2946,7.25,114.65,0.037111145203450824,green_sea_turtle,Chelonia mydas,random_forest
972:2947,7.25,114.75,0.037111145203450824,green_sea_turtle,Chelonia mydas,random_forest
972:2948,7.25,114.85,0.03974076547322048,green_sea_turtle,Chelonia mydas,random_forest
972:2949,7.25,114.95,0.1443467755668277,green_sea_turtle,Chelonia mydas,random_forest
972:2950,7.25,115.05,0.14481621322007784,green_sea_turtle,Chelonia mydas,random_forest
972:2951,7.25,115.15,0.1379980786308589,green_sea_turtle,Chelonia mydas,random_forest
972:2952,7.25,115.25,0.12767927768680717,green_sea_turtle,Chelonia mydas,random_forest
972:2953,7.25,115.35,0.13115655463392356,green_sea_turtle,Chelonia mydas,random_forest
972:2954,7.25,115.45,0.13785385971627667,green_sea_turtle,Chelonia mydas,random_forest
972:2955,7.25,115.55,0.140247260289439,green_sea_turtle,Chelonia mydas,random_forest
972:2956,7.25,115.65,0.1306838308259705,green_sea_turtle,Chelonia mydas,random_forest
972:2957,7.25,115.75,0.11597892851997207,green_sea_turtle,Chelonia mydas,random_forest
972:2958,7.25,115.85,0.11807181030458369,green_sea_turtle,Chelonia mydas,random_forest
972:2959,7.25,115.95,0.12292226707124661,green_sea_turtle,Chelonia mydas,random_forest
972:2960,7.25,116.05,0.13483771912178702,green_sea_turtle,Chelonia mydas,random_forest
972:2961,7.25,116.15,0.14775993573298304,green_sea_turtle,Chelonia mydas,random_forest
972:2962,7.25,116.25,0.16839291008325433,green_sea_turtle,Chelonia mydas,random_forest
972:2963,7.25,116.35,0.16984207642586915,green_sea_turtle,Chelonia mydas,random_forest
972:2964,7.25,116.45,0.19174324852454927,green_sea_turtle,Chelonia mydas,random_forest
972:2965,7.25,116.55,0.20553861981946395,green_sea_turtle,Chelonia mydas,random_forest
972:2966,7.25,116.65,0.21169402507914595,green_sea_turtle,Chelonia mydas,random_forest
972:2967,7.25,116.75,0.21169402507914595,green_sea_turtle,Chelonia mydas,random_forest
972:2968,7.25,116.85,0.22167850752335952,green_sea_turtle,Chelonia mydas,random_forest
972:2970,7.25,117.05,0.21940511302794666,green_sea_turtle,Chelonia mydas,random_forest
972:2973,7.25,117.35,0.21940511302794666,green_sea_turtle,Chelonia mydas,random_forest
972:2974,7.25,117.45,0.21940511302794666,green_sea_turtle,Chelonia mydas,random_forest
972:2975,7.25,117.55,0.21940511302794666,green_sea_turtle,Chelonia mydas,random_forest
973:2827,7.35,102.75,0.07813231254943043,green_sea_turtle,Chelonia mydas,random_forest
973:2828,7.35,102.85,0.09562617865631647,green_sea_turtle,Chelonia mydas,random_forest
973:2829,7.35,102.95,0.09855440213961573,green_sea_turtle,Chelonia mydas,random_forest
973:2830,7.35,103.05,0.09866589818397317,green_sea_turtle,Chelonia mydas,random_forest
973:2831,7.35,103.15,0.10363703081577033,green_sea_turtle,Chelonia mydas,random_forest
973:2832,7.35,103.25,0.10609940122358452,green_sea_turtle,Chelonia mydas,random_forest
973:2833,7.35,103.35,0.10626297012442586,green_sea_turtle,Chelonia mydas,random_forest
973:2834,7.35,103.45,0.11221533911701626,green_sea_turtle,Chelonia mydas,random_forest
973:2928,7.35,112.85,0.06043553905566709,green_sea_turtle,Chelonia mydas,random_forest
973:2929,7.35,112.95,0.05798235022382344,green_sea_turtle,Chelonia mydas,random_forest
973:2930,7.35,113.05,0.06027986396637179,green_sea_turtle,Chelonia mydas,random_forest
973:2931,7.35,113.15,0.06027986396637179,green_sea_turtle,Chelonia mydas,random_forest
973:2932,7.35,113.25,0.05509284118956389,green_sea_turtle,Chelonia mydas,random_forest
973:2933,7.35,113.35,0.051308208127892475,green_sea_turtle,Chelonia mydas,random_forest
973:2934,7.35,113.45,0.05198491461138831,green_sea_turtle,Chelonia mydas,random_forest
973:2935,7.35,113.55,0.05198491461138831,green_sea_turtle,Chelonia mydas,random_forest
973:2936,7.35,113.65,0.05663850751434895,green_sea_turtle,Chelonia mydas,random_forest
973:2937,7.35,113.75,0.056891427417534814,green_sea_turtle,Chelonia mydas,random_forest
973:2938,7.35,113.85,0.061819032860229606,green_sea_turtle,Chelonia mydas,random_forest
973:2939,7.35,113.95,0.061819032860229606,green_sea_turtle,Chelonia mydas,random_forest
973:2940,7.35,114.05,0.05945260442447022,green_sea_turtle,Chelonia mydas,random_forest
973:2941,7.35,114.15,0.05430153836580925,green_sea_turtle,Chelonia mydas,random_forest
973:2942,7.35,114.25,0.05272189234811013,green_sea_turtle,Chelonia mydas,random_forest
973:2943,7.35,114.35,0.05272189234811013,green_sea_turtle,Chelonia mydas,random_forest
973:2944,7.35,114.45,0.05272189234811013,green_sea_turtle,Chelonia mydas,random_forest
973:2945,7.35,114.55,0.05272189234811013,green_sea_turtle,Chelonia mydas,random_forest
973:2946,7.35,114.65,0.05272189234811013,green_sea_turtle,Chelonia mydas,random_forest
973:2947,7.35,114.75,0.05332448014847981,green_sea_turtle,Chelonia mydas,random_forest
973:2948,7.35,114.85,0.05746924075736241,green_sea_turtle,Chelonia mydas,random_forest
973:2949,7.35,114.95,0.16092547022081508,green_sea_turtle,Chelonia mydas,random_forest
973:2950,7.35,115.05,0.16380324916880298,green_sea_turtle,Chelonia mydas,random_forest
973:2951,7.35,115.15,0.15819343626442234,green_sea_turtle,Chelonia mydas,random_forest
973:2952,7.35,115.25,0.15283598369335388,green_sea_turtle,Chelonia mydas,random_forest
973:2953,7.35,115.35,0.15631326064047021,green_sea_turtle,Chelonia mydas,random_forest
973:2954,7.35,115.45,0.16301056572282335,green_sea_turtle,Chelonia mydas,random_forest
973:2955,7.35,115.55,0.1654039662959857,green_sea_turtle,Chelonia mydas,random_forest
973:2956,7.35,115.65,0.15584053683251717,green_sea_turtle,Chelonia mydas,random_forest
973:2957,7.35,115.75,0.14217167056255495,green_sea_turtle,Chelonia mydas,random_forest
973:2958,7.35,115.85,0.14490595715308152,green_sea_turtle,Chelonia mydas,random_forest
973:2959,7.35,115.95,0.14975641391974437,green_sea_turtle,Chelonia mydas,random_forest
973:2960,7.35,116.05,0.16167186597028474,green_sea_turtle,Chelonia mydas,random_forest
973:2961,7.35,116.15,0.1745940825814807,green_sea_turtle,Chelonia mydas,random_forest
973:2962,7.35,116.25,0.19522705693175205,green_sea_turtle,Chelonia mydas,random_forest
973:2963,7.35,116.35,0.1966762232743669,green_sea_turtle,Chelonia mydas,random_forest
973:2964,7.35,116.45,0.21857739537304702,green_sea_turtle,Chelonia mydas,random_forest
973:2965,7.35,116.55,0.23237276666796172,green_sea_turtle,Chelonia mydas,random_forest
973:2966,7.35,116.65,0.23852817192764364,green_sea_turtle,Chelonia mydas,random_forest
973:2967,7.35,116.75,0.23852817192764364,green_sea_turtle,Chelonia mydas,random_forest
973:2968,7.35,116.85,0.24851265437185724,green_sea_turtle,Chelonia mydas,random_forest
973:2969,7.35,116.95,0.2462392598764444,green_sea_turtle,Chelonia mydas,random_forest
973:2970,7.35,117.05,0.2462392598764444,green_sea_turtle,Chelonia mydas,random_forest
973:2973,7.35,117.35,0.2462392598764444,green_sea_turtle,Chelonia mydas,random_forest
973:2974,7.35,117.45,0.2462392598764444,green_sea_turtle,Chelonia mydas,random_forest
974:2828,7.45,102.85,0.07728773326528823,green_sea_turtle,Chelonia mydas,random_forest
974:2829,7.45,102.95,0.08021595674858752,green_sea_turtle,Chelonia mydas,random_forest
974:2830,7.45,103.05,0.08032745279294495,green_sea_turtle,Chelonia mydas,random_forest
974:2831,7.45,103.15,0.08529858542474214,green_sea_turtle,Chelonia mydas,random_forest
974:2832,7.45,103.25,0.08776095583255632,green_sea_turtle,Chelonia mydas,random_forest
974:2927,7.45,112.75,0.03905766363856211,green_sea_turtle,Chelonia mydas,random_forest
974:2928,7.45,112.85,0.038666407087214034,green_sea_turtle,Chelonia mydas,random_forest
974:2929,7.45,112.95,0.03621321825537039,green_sea_turtle,Chelonia mydas,random_forest
974:2930,7.45,113.05,0.038510731997918726,green_sea_turtle,Chelonia mydas,random_forest
974:2931,7.45,113.15,0.038510731997918726,green_sea_turtle,Chelonia mydas,random_forest
974:2932,7.45,113.25,0.03332370922111084,green_sea_turtle,Chelonia mydas,random_forest
974:2933,7.45,113.35,0.026521759195141985,green_sea_turtle,Chelonia mydas,random_forest
974:2934,7.45,113.45,0.02719846567863781,green_sea_turtle,Chelonia mydas,random_forest
974:2935,7.45,113.55,0.02719846567863781,green_sea_turtle,Chelonia mydas,random_forest
974:2936,7.45,113.65,0.031852058581598466,green_sea_turtle,Chelonia mydas,random_forest
974:2937,7.45,113.75,0.03210497848478433,green_sea_turtle,Chelonia mydas,random_forest
974:2938,7.45,113.85,0.037032583927479115,green_sea_turtle,Chelonia mydas,random_forest
974:2939,7.45,113.95,0.037032583927479115,green_sea_turtle,Chelonia mydas,random_forest
974:2940,7.45,114.05,0.034666155491719745,green_sea_turtle,Chelonia mydas,random_forest
974:2941,7.45,114.15,0.029515089433058764,green_sea_turtle,Chelonia mydas,random_forest
974:2942,7.45,114.25,0.02793544341535965,green_sea_turtle,Chelonia mydas,random_forest
974:2943,7.45,114.35,0.02793544341535965,green_sea_turtle,Chelonia mydas,random_forest
974:2944,7.45,114.45,0.02793544341535965,green_sea_turtle,Chelonia mydas,random_forest
974:2945,7.45,114.55,0.02793544341535965,green_sea_turtle,Chelonia mydas,random_forest
974:2946,7.45,114.65,0.02793544341535965,green_sea_turtle,Chelonia mydas,random_forest
974:2947,7.45,114.75,0.028538031215729336,green_sea_turtle,Chelonia mydas,random_forest
974:2948,7.45,114.85,0.03268279182461194,green_sea_turtle,Chelonia mydas,random_forest
974:2949,7.45,114.95,0.11691683927303803,green_sea_turtle,Chelonia mydas,random_forest
974:2950,7.45,115.05,0.11841197262147438,green_sea_turtle,Chelonia mydas,random_forest
974:2951,7.45,115.15,0.11280215971709372,green_sea_turtle,Chelonia mydas,random_forest
974:2952,7.45,115.25,0.10731312207294344,green_sea_turtle,Chelonia mydas,random_forest
974:2953,7.45,115.35,0.1107903990200598,green_sea_turtle,Chelonia mydas,random_forest
974:2954,7.45,115.45,0.1173476541088934,green_sea_turtle,Chelonia mydas,random_forest
974:2955,7.45,115.55,0.11936839621469532,green_sea_turtle,Chelonia mydas,random_forest
974:2956,7.45,115.65,0.10926975243787183,green_sea_turtle,Chelonia mydas,random_forest
974:2957,7.45,115.75,0.0937484321779874,green_sea_turtle,Chelonia mydas,random_forest
974:2958,7.45,115.85,0.09648271876851398,green_sea_turtle,Chelonia mydas,random_forest
974:2959,7.45,115.95,0.10142285759060965,green_sea_turtle,Chelonia mydas,random_forest
974:2960,7.45,116.05,0.11173530628195114,green_sea_turtle,Chelonia mydas,random_forest
974:2961,7.45,116.15,0.12491943604521034,green_sea_turtle,Chelonia mydas,random_forest
974:2962,7.45,116.25,0.14373462232277714,green_sea_turtle,Chelonia mydas,random_forest
974:2963,7.45,116.35,0.14518378866539197,green_sea_turtle,Chelonia mydas,random_forest
974:2964,7.45,116.45,0.16656672421432153,green_sea_turtle,Chelonia mydas,random_forest
974:2965,7.45,116.55,0.1798233155311289,green_sea_turtle,Chelonia mydas,random_forest
974:2966,7.45,116.65,0.18597872079081088,green_sea_turtle,Chelonia mydas,random_forest
974:2967,7.45,116.75,0.18597872079081088,green_sea_turtle,Chelonia mydas,random_forest
974:2968,7.45,116.85,0.1959632032350244,green_sea_turtle,Chelonia mydas,random_forest
974:2969,7.45,116.95,0.1936898087396116,green_sea_turtle,Chelonia mydas,random_forest
974:2970,7.45,117.05,0.1936898087396116,green_sea_turtle,Chelonia mydas,random_forest
974:2971,7.45,117.15,0.1936898087396116,green_sea_turtle,Chelonia mydas,random_forest
974:2972,7.45,117.25,0.1936898087396116,green_sea_turtle,Chelonia mydas,random_forest
974:2973,7.45,117.35,0.1936898087396116,green_sea_turtle,Chelonia mydas,random_forest
975:2828,7.55,102.85,0.06930128442644425,green_sea_turtle,Chelonia mydas,random_forest
975:2829,7.55,102.95,0.07222950790974347,green_sea_turtle,Chelonia mydas,random_forest
975:2830,7.55,103.05,0.07234100395410092,green_sea_turtle,Chelonia mydas,random_forest
975:2831,7.55,103.15,0.0773121365858981,green_sea_turtle,Chelonia mydas,random_forest
975:2926,7.55,112.65,0.02029423253868753,green_sea_turtle,Chelonia mydas,random_forest
975:2927,7.55,112.75,0.025211413204031037,green_sea_turtle,Chelonia mydas,random_forest
975:2928,7.55,112.85,0.024820156652682952,green_sea_turtle,Chelonia mydas,random_forest
975:2929,7.55,112.95,0.02236696782083931,green_sea_turtle,Chelonia mydas,random_forest
975:2930,7.55,113.05,0.024664481563387665,green_sea_turtle,Chelonia mydas,random_forest
975:2931,7.55,113.15,0.024664481563387665,green_sea_turtle,Chelonia mydas,random_forest
975:2932,7.55,113.25,0.01947745878657976,green_sea_turtle,Chelonia mydas,random_forest
975:2933,7.55,113.35,0.011828218120216814,green_sea_turtle,Chelonia mydas,random_forest
975:2934,7.55,113.45,0.012504924603712638,green_sea_turtle,Chelonia mydas,random_forest
975:2935,7.55,113.55,0.012504924603712638,green_sea_turtle,Chelonia mydas,random_forest
975:2936,7.55,113.65,0.017158517506673295,green_sea_turtle,Chelonia mydas,random_forest
975:2937,7.55,113.75,0.017411437409859155,green_sea_turtle,Chelonia mydas,random_forest
975:2938,7.55,113.85,0.022010457365424934,green_sea_turtle,Chelonia mydas,random_forest
975:2939,7.55,113.95,0.022010457365424934,green_sea_turtle,Chelonia mydas,random_forest
975:2940,7.55,114.05,0.01964402892966555,green_sea_turtle,Chelonia mydas,random_forest
975:2941,7.55,114.15,0.012884456601539364,green_sea_turtle,Chelonia mydas,random_forest
975:2942,7.55,114.25,0.011304810583840249,green_sea_turtle,Chelonia mydas,random_forest
975:2943,7.55,114.35,0.011304810583840249,green_sea_turtle,Chelonia mydas,random_forest
975:2944,7.55,114.45,0.011304810583840249,green_sea_turtle,Chelonia mydas,random_forest
975:2945,7.55,114.55,0.011304810583840249,green_sea_turtle,Chelonia mydas,random_forest
975:2946,7.55,114.65,0.011304810583840249,green_sea_turtle,Chelonia mydas,random_forest
975:2947,7.55,114.75,0.011907398384209934,green_sea_turtle,Chelonia mydas,random_forest
975:2948,7.55,114.85,0.014576947452480464,green_sea_turtle,Chelonia mydas,random_forest
975:2949,7.55,114.95,0.08856607083368477,green_sea_turtle,Chelonia mydas,random_forest
975:2950,7.55,115.05,0.09097441212842255,green_sea_turtle,Chelonia mydas,random_forest
975:2951,7.55,115.15,0.08536459922404188,green_sea_turtle,Chelonia mydas,random_forest
975:2952,7.55,115.25,0.08033546582485379,green_sea_turtle,Chelonia mydas,random_forest
975:2953,7.55,115.35,0.08302498715854022,green_sea_turtle,Chelonia mydas,random_forest
975:2954,7.55,115.45,0.08863965212721363,green_sea_turtle,Chelonia mydas,random_forest
975:2955,7.55,115.55,0.09177675368002017,green_sea_turtle,Chelonia mydas,random_forest
975:2956,7.55,115.65,0.08332261489141594,green_sea_turtle,Chelonia mydas,random_forest
975:2957,7.55,115.75,0.0678012946315315,green_sea_turtle,Chelonia mydas,random_forest
975:2958,7.55,115.85,0.07053558122205811,green_sea_turtle,Chelonia mydas,random_forest
975:2959,7.55,115.95,0.0754757200441538,green_sea_turtle,Chelonia mydas,random_forest
975:2960,7.55,116.05,0.08443748273407431,green_sea_turtle,Chelonia mydas,random_forest
975:2961,7.55,116.15,0.09672245283346795,green_sea_turtle,Chelonia mydas,random_forest
975:2962,7.55,116.25,0.11450386063499392,green_sea_turtle,Chelonia mydas,random_forest
975:2963,7.55,116.35,0.11505878333637715,green_sea_turtle,Chelonia mydas,random_forest
975:2964,7.55,116.45,0.1343727322253245,green_sea_turtle,Chelonia mydas,random_forest
975:2965,7.55,116.55,0.14632918649207816,green_sea_turtle,Chelonia mydas,random_forest
975:2966,7.55,116.65,0.1524845917517601,green_sea_turtle,Chelonia mydas,random_forest
975:2967,7.55,116.75,0.1524845917517601,green_sea_turtle,Chelonia mydas,random_forest
975:2968,7.55,116.85,0.16246907419597365,green_sea_turtle,Chelonia mydas,random_forest
975:2969,7.55,116.95,0.1601956797005608,green_sea_turtle,Chelonia mydas,random_forest
975:2970,7.55,117.05,0.1601956797005608,green_sea_turtle,Chelonia mydas,random_forest
976:2829,7.65,102.95,0.07105382098218312,green_sea_turtle,Chelonia mydas,random_forest
976:2925,7.65,112.55,0.018306275672476856,green_sea_turtle,Chelonia mydas,random_forest
976:2926,7.65,112.65,0.018306275672476856,green_sea_turtle,Chelonia mydas,random_forest
976:2927,7.65,112.75,0.023223456337820362,green_sea_turtle,Chelonia mydas,random_forest
976:2928,7.65,112.85,0.02283219978647228,green_sea_turtle,Chelonia mydas,random_forest
976:2929,7.65,112.95,0.020379010954628636,green_sea_turtle,Chelonia mydas,random_forest
976:2930,7.65,113.05,0.02267652469717699,green_sea_turtle,Chelonia mydas,random_forest
976:2931,7.65,113.15,0.02267652469717699,green_sea_turtle,Chelonia mydas,random_forest
976:2932,7.65,113.25,0.01748950192036908,green_sea_turtle,Chelonia mydas,random_forest
976:2933,7.65,113.35,0.00984026125400614,green_sea_turtle,Chelonia mydas,random_forest
976:2934,7.65,113.45,0.010516967737501964,green_sea_turtle,Chelonia mydas,random_forest
976:2935,7.65,113.55,0.010516967737501964,green_sea_turtle,Chelonia mydas,random_forest
976:2936,7.65,113.65,0.015170560640462622,green_sea_turtle,Chelonia mydas,random_forest
976:2937,7.65,113.75,0.01542348054364848,green_sea_turtle,Chelonia mydas,random_forest
976:2938,7.65,113.85,0.02002250049921426,green_sea_turtle,Chelonia mydas,random_forest
976:2939,7.65,113.95,0.02002250049921426,green_sea_turtle,Chelonia mydas,random_forest
976:2940,7.65,114.05,0.017656072063454875,green_sea_turtle,Chelonia mydas,random_forest
976:2941,7.65,114.15,0.010896499735328689,green_sea_turtle,Chelonia mydas,random_forest
976:2942,7.65,114.25,0.009316853717629574,green_sea_turtle,Chelonia mydas,random_forest
976:2943,7.65,114.35,0.009316853717629574,green_sea_turtle,Chelonia mydas,random_forest
976:2944,7.65,114.45,0.009316853717629574,green_sea_turtle,Chelonia mydas,random_forest
976:2945,7.65,114.55,0.009316853717629574,green_sea_turtle,Chelonia mydas,random_forest
976:2946,7.65,114.65,0.009316853717629574,green_sea_turtle,Chelonia mydas,random_forest
976:2947,7.65,114.75,0.009919441517999261,green_sea_turtle,Chelonia mydas,random_forest
976:2948,7.65,114.85,0.012588990586269791,green_sea_turtle,Chelonia mydas,random_forest
976:2949,7.65,114.95,0.0865781139674741,green_sea_turtle,Chelonia mydas,random_forest
976:2950,7.65,115.05,0.08898645526221188,green_sea_turtle,Chelonia mydas,random_forest
976:2951,7.65,115.15,0.0833766423578312,green_sea_turtle,Chelonia mydas,random_forest
976:2952,7.65,115.25,0.07834750895864312,green_sea_turtle,Chelonia mydas,random_forest
976:2953,7.65,115.35,0.08103703029232953,green_sea_turtle,Chelonia mydas,random_forest
976:2954,7.65,115.45,0.08665169526100296,green_sea_turtle,Chelonia mydas,random_forest
976:2955,7.65,115.55,0.0897887968138095,green_sea_turtle,Chelonia mydas,random_forest
976:2956,7.65,115.65,0.08133465802520527,green_sea_turtle,Chelonia mydas,random_forest
976:2957,7.65,115.75,0.06581333776532083,green_sea_turtle,Chelonia mydas,random_forest
976:2958,7.65,115.85,0.06854762435584744,green_sea_turtle,Chelonia mydas,random_forest
976:2959,7.65,115.95,0.0734877631779431,green_sea_turtle,Chelonia mydas,random_forest
976:2960,7.65,116.05,0.08244952586786364,green_sea_turtle,Chelonia mydas,random_forest
976:2961,7.65,116.15,0.09473449596725729,green_sea_turtle,Chelonia mydas,random_forest
977:2926,7.75,112.65,0.014698008566626777,green_sea_turtle,Chelonia mydas,random_forest
977:2927,7.75,112.75,0.019615189231970285,green_sea_turtle,Chelonia mydas,random_forest
977:2928,7.75,112.85,0.019223932680622204,green_sea_turtle,Chelonia mydas,random_forest
977:2929,7.75,112.95,0.01677074384877856,green_sea_turtle,Chelonia mydas,random_forest
977:2930,7.75,113.05,0.01906825759132691,green_sea_turtle,Chelonia mydas,random_forest
977:2931,7.75,113.15,0.01906825759132691,green_sea_turtle,Chelonia mydas,random_forest
977:2932,7.75,113.25,0.013881234814519007,green_sea_turtle,Chelonia mydas,random_forest
977:2933,7.75,113.35,0.006231994148156065,green_sea_turtle,Chelonia mydas,random_forest
977:2934,7.75,113.45,0.006908700631651889,green_sea_turtle,Chelonia mydas,random_forest
977:2935,7.75,113.55,0.006908700631651889,green_sea_turtle,Chelonia mydas,random_forest
977:2936,7.75,113.65,0.011562293534612545,green_sea_turtle,Chelonia mydas,random_forest
977:2937,7.75,113.75,0.011815213437798403,green_sea_turtle,Chelonia mydas,random_forest
977:2938,7.75,113.85,0.016414233393364182,green_sea_turtle,Chelonia mydas,random_forest
977:2939,7.75,113.95,0.016414233393364182,green_sea_turtle,Chelonia mydas,random_forest
977:2940,7.75,114.05,0.014047804957604798,green_sea_turtle,Chelonia mydas,random_forest
977:2941,7.75,114.15,0.007288232629478614,green_sea_turtle,Chelonia mydas,random_forest
977:2942,7.75,114.25,0.0057085866117794985,green_sea_turtle,Chelonia mydas,random_forest
977:2943,7.75,114.35,0.0057085866117794985,green_sea_turtle,Chelonia mydas,random_forest
977:2944,7.75,114.45,0.0057085866117794985,green_sea_turtle,Chelonia mydas,random_forest
977:2945,7.75,114.55,0.0057085866117794985,green_sea_turtle,Chelonia mydas,random_forest
977:2946,7.75,114.65,0.0057085866117794985,green_sea_turtle,Chelonia mydas,random_forest
977:2947,7.75,114.75,0.006311174412149185,green_sea_turtle,Chelonia mydas,random_forest
977:2948,7.75,114.85,0.008980723480419716,green_sea_turtle,Chelonia mydas,random_forest
977:2949,7.75,114.95,0.08296984686162402,green_sea_turtle,Chelonia mydas,random_forest
977:2950,7.75,115.05,0.0853781881563618,green_sea_turtle,Chelonia mydas,random_forest
977:2951,7.75,115.15,0.07976837525198112,green_sea_turtle,Chelonia mydas,random_forest
977:2952,7.75,115.25,0.07473924185279303,green_sea_turtle,Chelonia mydas,random_forest
977:2953,7.75,115.35,0.07742876318647944,green_sea_turtle,Chelonia mydas,random_forest
977:2954,7.75,115.45,0.08304342815515287,green_sea_turtle,Chelonia mydas,random_forest
977:2955,7.75,115.55,0.0861805297079594,green_sea_turtle,Chelonia mydas,random_forest
977:2956,7.75,115.65,0.0777263909193552,green_sea_turtle,Chelonia mydas,random_forest
977:2957,7.75,115.75,0.062205070659470764,green_sea_turtle,Chelonia mydas,random_forest
977:2958,7.75,115.85,0.06493935724999736,green_sea_turtle,Chelonia mydas,random_forest
978:2927,7.85,112.75,0.015489058760541661,green_sea_turtle,Chelonia mydas,random_forest
978:2928,7.85,112.85,0.01509780220919358,green_sea_turtle,Chelonia mydas,random_forest
978:2929,7.85,112.95,0.012644613377349932,green_sea_turtle,Chelonia mydas,random_forest
978:2930,7.85,113.05,0.014342127119898284,green_sea_turtle,Chelonia mydas,random_forest
978:2931,7.85,113.15,0.014342127119898284,green_sea_turtle,Chelonia mydas,random_forest
978:2932,7.85,113.25,0.009155104343090383,green_sea_turtle,Chelonia mydas,random_forest
978:2933,7.85,113.35,0.0015058636767274437,green_sea_turtle,Chelonia mydas,random_forest
978:2934,7.85,113.45,0.0021825701602232674,green_sea_turtle,Chelonia mydas,random_forest
978:2935,7.85,113.55,0.0021825701602232674,green_sea_turtle,Chelonia mydas,random_forest
978:2936,7.85,113.65,0.006836163063183922,green_sea_turtle,Chelonia mydas,random_forest
978:2937,7.85,113.75,0.007089082966369782,green_sea_turtle,Chelonia mydas,random_forest
978:2938,7.85,113.85,0.01168810292193556,green_sea_turtle,Chelonia mydas,random_forest
978:2939,7.85,113.95,0.01168810292193556,green_sea_turtle,Chelonia mydas,random_forest
978:2940,7.85,114.05,0.008339218345825298,green_sea_turtle,Chelonia mydas,random_forest
978:2941,7.85,114.15,0.001579646017699115,green_sea_turtle,Chelonia mydas,random_forest
978:2942,7.85,114.25,0.0,green_sea_turtle,Chelonia mydas,random_forest
978:2943,7.85,114.35,0.0,green_sea_turtle,Chelonia mydas,random_forest
978:2944,7.85,114.45,0.0,green_sea_turtle,Chelonia mydas,random_forest
978:2945,7.85,114.55,0.0,green_sea_turtle,Chelonia mydas,random_forest
978:2946,7.85,114.65,0.0,green_sea_turtle,Chelonia mydas,random_forest
978:2947,7.85,114.75,0.0006025878003696858,green_sea_turtle,Chelonia mydas,random_forest
978:2948,7.85,114.85,0.003272136868640216,green_sea_turtle,Chelonia mydas,random_forest
978:2949,7.85,114.95,0.0772612602498445,green_sea_turtle,Chelonia mydas,random_forest
978:2950,7.85,115.05,0.07966960154458229,green_sea_turtle,Chelonia mydas,random_forest
978:2951,7.85,115.15,0.0740597886402016,green_sea_turtle,Chelonia mydas,random_forest
978:2952,7.85,115.25,0.06903065524101352,green_sea_turtle,Chelonia mydas,random_forest
978:2953,7.85,115.35,0.07172017657469994,green_sea_turtle,Chelonia mydas,random_forest
978:2954,7.85,115.45,0.07733484154337336,green_sea_turtle,Chelonia mydas,random_forest
978:2955,7.85,115.55,0.08047194309617992,green_sea_turtle,Chelonia mydas,random_forest
978:2956,7.85,115.65,0.07201780430757569,green_sea_turtle,Chelonia mydas,random_forest
979:2927,7.95,112.75,0.015489058760541661,green_sea_turtle,Chelonia mydas,random_forest
979:2928,7.95,112.85,0.01509780220919358,green_sea_turtle,Chelonia mydas,random_forest
979:2929,7.95,112.95,0.012644613377349932,green_sea_turtle,Chelonia mydas,random_forest
979:2930,7.95,113.05,0.014342127119898284,green_sea_turtle,Chelonia mydas,random_forest
979:2931,7.95,113.15,0.014342127119898284,green_sea_turtle,Chelonia mydas,random_forest
979:2932,7.95,113.25,0.009155104343090383,green_sea_turtle,Chelonia mydas,random_forest
979:2933,7.95,113.35,0.0015058636767274437,green_sea_turtle,Chelonia mydas,random_forest
979:2934,7.95,113.45,0.0021825701602232674,green_sea_turtle,Chelonia mydas,random_forest
979:2935,7.95,113.55,0.0021825701602232674,green_sea_turtle,Chelonia mydas,random_forest
979:2936,7.95,113.65,0.006836163063183922,green_sea_turtle,Chelonia mydas,random_forest
979:2937,7.95,113.75,0.007089082966369782,green_sea_turtle,Chelonia mydas,random_forest
979:2938,7.95,113.85,0.01168810292193556,green_sea_turtle,Chelonia mydas,random_forest
979:2939,7.95,113.95,0.01168810292193556,green_sea_turtle,Chelonia mydas,random_forest
979:2940,7.95,114.05,0.008339218345825298,green_sea_turtle,Chelonia mydas,random_forest
979:2941,7.95,114.15,0.001579646017699115,green_sea_turtle,Chelonia mydas,random_forest
979:2942,7.95,114.25,0.0,green_sea_turtle,Chelonia mydas,random_forest
979:2943,7.95,114.35,0.0,green_sea_turtle,Chelonia mydas,random_forest
979:2944,7.95,114.45,0.0,green_sea_turtle,Chelonia mydas,random_forest
979:2945,7.95,114.55,0.0,green_sea_turtle,Chelonia mydas,random_forest
979:2946,7.95,114.65,0.0,green_sea_turtle,Chelonia mydas,random_forest
979:2947,7.95,114.75,0.0006025878003696858,green_sea_turtle,Chelonia mydas,random_forest
979:2948,7.95,114.85,0.003272136868640216,green_sea_turtle,Chelonia mydas,random_forest
979:2949,7.95,114.95,0.0772612602498445,green_sea_turtle,Chelonia mydas,random_forest
979:2950,7.95,115.05,0.07966960154458229,green_sea_turtle,Chelonia mydas,random_forest
979:2951,7.95,115.15,0.0740597886402016,green_sea_turtle,Chelonia mydas,random_forest
979:2952,7.95,115.25,0.06903065524101352,green_sea_turtle,Chelonia mydas,random_forest
979:2953,7.95,115.35,0.07172017657469994,green_sea_turtle,Chelonia mydas,random_forest
979:2954,7.95,115.45,0.07733484154337336,green_sea_turtle,Chelonia mydas,random_forest
980:2928,8.05,112.85,0.01509780220919358,green_sea_turtle,Chelonia mydas,random_forest
980:2929,8.05,112.95,0.012644613377349932,green_sea_turtle,Chelonia mydas,random_forest
980:2930,8.05,113.05,0.014342127119898284,green_sea_turtle,Chelonia mydas,random_forest
980:2931,8.05,113.15,0.014342127119898284,green_sea_turtle,Chelonia mydas,random_forest
980:2932,8.05,113.25,0.009155104343090383,green_sea_turtle,Chelonia mydas,random_forest
980:2933,8.05,113.35,0.0015058636767274437,green_sea_turtle,Chelonia mydas,random_forest
980:2934,8.05,113.45,0.0021825701602232674,green_sea_turtle,Chelonia mydas,random_forest
980:2935,8.05,113.55,0.0021825701602232674,green_sea_turtle,Chelonia mydas,random_forest
980:2936,8.05,113.65,0.006836163063183922,green_sea_turtle,Chelonia mydas,random_forest
980:2937,8.05,113.75,0.007089082966369782,green_sea_turtle,Chelonia mydas,random_forest
980:2938,8.05,113.85,0.01168810292193556,green_sea_turtle,Chelonia mydas,random_forest
980:2939,8.05,113.95,0.01168810292193556,green_sea_turtle,Chelonia mydas,random_forest
980:2940,8.05,114.05,0.008339218345825298,green_sea_turtle,Chelonia mydas,random_forest
980:2941,8.05,114.15,0.001579646017699115,green_sea_turtle,Chelonia mydas,random_forest
980:2942,8.05,114.25,0.0,green_sea_turtle,Chelonia mydas,random_forest
980:2943,8.05,114.35,0.0,green_sea_turtle,Chelonia mydas,random_forest
980:2944,8.05,114.45,0.0,green_sea_turtle,Chelonia mydas,random_forest
980:2945,8.05,114.55,0.0,green_sea_turtle,Chelonia mydas,random_forest
980:2946,8.05,114.65,0.0,green_sea_turtle,Chelonia mydas,random_forest
980:2947,8.05,114.75,0.0006025878003696858,green_sea_turtle,Chelonia mydas,random_forest
980:2948,8.05,114.85,0.003272136868640216,green_sea_turtle,Chelonia mydas,random_forest
980:2949,8.05,114.95,0.0772612602498445,green_sea_turtle,Chelonia mydas,random_forest
980:2950,8.05,115.05,0.07966960154458229,green_sea_turtle,Chelonia mydas,random_forest
980:2951,8.05,115.15,0.0740597886402016,green_sea_turtle,Chelonia mydas,random_forest
980:2952,8.05,115.25,0.06903065524101352,green_sea_turtle,Chelonia mydas,random_forest
981:2928,8.15,112.85,0.01509780220919358,green_sea_turtle,Chelonia mydas,random_forest
981:2929,8.15,112.95,0.012644613377349932,green_sea_turtle,Chelonia mydas,random_forest
981:2930,8.15,113.05,0.014342127119898284,green_sea_turtle,Chelonia mydas,random_forest
981:2931,8.15,113.15,0.014342127119898284,green_sea_turtle,Chelonia mydas,random_forest
981:2932,8.15,113.25,0.009155104343090383,green_sea_turtle,Chelonia mydas,random_forest
981:2933,8.15,113.35,0.0015058636767274437,green_sea_turtle,Chelonia mydas,random_forest
981:2934,8.15,113.45,0.0021825701602232674,green_sea_turtle,Chelonia mydas,random_forest
981:2935,8.15,113.55,0.0021825701602232674,green_sea_turtle,Chelonia mydas,random_forest
981:2936,8.15,113.65,0.006836163063183922,green_sea_turtle,Chelonia mydas,random_forest
981:2937,8.15,113.75,0.007089082966369782,green_sea_turtle,Chelonia mydas,random_forest
981:2938,8.15,113.85,0.01168810292193556,green_sea_turtle,Chelonia mydas,random_forest
981:2939,8.15,113.95,0.01168810292193556,green_sea_turtle,Chelonia mydas,random_forest
981:2940,8.15,114.05,0.008339218345825298,green_sea_turtle,Chelonia mydas,random_forest
981:2941,8.15,114.15,0.001579646017699115,green_sea_turtle,Chelonia mydas,random_forest
981:2942,8.15,114.25,0.0,green_sea_turtle,Chelonia mydas,random_forest
981:2943,8.15,114.35,0.0,green_sea_turtle,Chelonia mydas,random_forest
981:2944,8.15,114.45,0.0,green_sea_turtle,Chelonia mydas,random_forest
981:2945,8.15,114.55,0.0,green_sea_turtle,Chelonia mydas,random_forest
981:2946,8.15,114.65,0.0,green_sea_turtle,Chelonia mydas,random_forest
981:2947,8.15,114.75,0.0006025878003696858,green_sea_turtle,Chelonia mydas,random_forest
981:2948,8.15,114.85,0.003272136868640216,green_sea_turtle,Chelonia mydas,random_forest
981:2949,8.15,114.95,0.0772612602498445,green_sea_turtle,Chelonia mydas,random_forest
981:2950,8.15,115.05,0.07966960154458229,green_sea_turtle,Chelonia mydas,random_forest
982:2929,8.25,112.95,0.012644613377349932,green_sea_turtle,Chelonia mydas,random_forest
982:2930,8.25,113.05,0.014342127119898284,green_sea_turtle,Chelonia mydas,random_forest
982:2931,8.25,113.15,0.014342127119898284,green_sea_turtle,Chelonia mydas,random_forest
982:2932,8.25,113.25,0.009155104343090383,green_sea_turtle,Chelonia mydas,random_forest
982:2933,8.25,113.35,0.0015058636767274437,green_sea_turtle,Chelonia mydas,random_forest
982:2934,8.25,113.45,0.0021825701602232674,green_sea_turtle,Chelonia mydas,random_forest
982:2935,8.25,113.55,0.0021825701602232674,green_sea_turtle,Chelonia mydas,random_forest
982:2936,8.25,113.65,0.006836163063183922,green_sea_turtle,Chelonia mydas,random_forest
982:2937,8.25,113.75,0.007089082966369782,green_sea_turtle,Chelonia mydas,random_forest
982:2938,8.25,113.85,0.01168810292193556,green_sea_turtle,Chelonia mydas,random_forest
982:2939,8.25,113.95,0.01168810292193556,green_sea_turtle,Chelonia mydas,random_forest
982:2940,8.25,114.05,0.008339218345825298,green_sea_turtle,Chelonia mydas,random_forest
982:2941,8.25,114.15,0.001579646017699115,green_sea_turtle,Chelonia mydas,random_forest
982:2942,8.25,114.25,0.0,green_sea_turtle,Chelonia mydas,random_forest
982:2943,8.25,114.35,0.0,green_sea_turtle,Chelonia mydas,random_forest
982:2944,8.25,114.45,0.0,green_sea_turtle,Chelonia mydas,random_forest
982:2945,8.25,114.55,0.0,green_sea_turtle,Chelonia mydas,random_forest
982:2946,8.25,114.65,0.0,green_sea_turtle,Chelonia mydas,random_forest
982:2947,8.25,114.75,0.0006025878003696858,green_sea_turtle,Chelonia mydas,random_forest
982:2948,8.25,114.85,0.003272136868640216,green_sea_turtle,Chelonia mydas,random_forest
983:2930,8.35,113.05,0.014342127119898284,green_sea_turtle,Chelonia mydas,random_forest
983:2931,8.35,113.15,0.014342127119898284,green_sea_turtle,Chelonia mydas,random_forest
983:2932,8.35,113.25,0.009155104343090383,green_sea_turtle,Chelonia mydas,random_forest
983:2933,8.35,113.35,0.0015058636767274437,green_sea_turtle,Chelonia mydas,random_forest
983:2934,8.35,113.45,0.0021825701602232674,green_sea_turtle,Chelonia mydas,random_forest
983:2935,8.35,113.55,0.0021825701602232674,green_sea_turtle,Chelonia mydas,random_forest
983:2936,8.35,113.65,0.006836163063183922,green_sea_turtle,Chelonia mydas,random_forest
983:2937,8.35,113.75,0.007089082966369782,green_sea_turtle,Chelonia mydas,random_forest
983:2938,8.35,113.85,0.01168810292193556,green_sea_turtle,Chelonia mydas,random_forest
983:2939,8.35,113.95,0.01168810292193556,green_sea_turtle,Chelonia mydas,random_forest
983:2940,8.35,114.05,0.008339218345825298,green_sea_turtle,Chelonia mydas,random_forest
983:2941,8.35,114.15,0.001579646017699115,green_sea_turtle,Chelonia mydas,random_forest
983:2942,8.35,114.25,0.0,green_sea_turtle,Chelonia mydas,random_forest
983:2943,8.35,114.35,0.0,green_sea_turtle,Chelonia mydas,random_forest
983:2944,8.35,114.45,0.0,green_sea_turtle,Chelonia mydas,random_forest
983:2945,8.35,114.55,0.0,green_sea_turtle,Chelonia mydas,random_forest
983:2946,8.35,114.65,0.0,green_sea_turtle,Chelonia mydas,random_forest
984:2931,8.45,113.15,0.014342127119898284,green_sea_turtle,Chelonia mydas,random_forest
984:2932,8.45,113.25,0.009155104343090383,green_sea_turtle,Chelonia mydas,random_forest
984:2933,8.45,113.35,0.0015058636767274437,green_sea_turtle,Chelonia mydas,random_forest
984:2934,8.45,113.45,0.0021825701602232674,green_sea_turtle,Chelonia mydas,random_forest
984:2935,8.45,113.55,0.0021825701602232674,green_sea_turtle,Chelonia mydas,random_forest
984:2936,8.45,113.65,0.006836163063183922,green_sea_turtle,Chelonia mydas,random_forest
984:2937,8.45,113.75,0.007089082966369782,green_sea_turtle,Chelonia mydas,random_forest
984:2938,8.45,113.85,0.01168810292193556,green_sea_turtle,Chelonia mydas,random_forest
984:2939,8.45,113.95,0.01168810292193556,green_sea_turtle,Chelonia mydas,random_forest
984:2940,8.45,114.05,0.008339218345825298,green_sea_turtle,Chelonia mydas,random_forest
984:2941,8.45,114.15,0.001579646017699115,green_sea_turtle,Chelonia mydas,random_forest
984:2942,8.45,114.25,0.0,green_sea_turtle,Chelonia mydas,random_forest
984:2943,8.45,114.35,0.0,green_sea_turtle,Chelonia mydas,random_forest
984:2944,8.45,114.45,0.0,green_sea_turtle,Chelonia mydas,random_forest
984:2945,8.45,114.55,0.0,green_sea_turtle,Chelonia mydas,random_forest
985:2932,8.55,113.25,0.009155104343090383,green_sea_turtle,Chelonia mydas,random_forest
985:2933,8.55,113.35,0.0015058636767274437,green_sea_turtle,Chelonia mydas,random_forest
985:2934,8.55,113.45,0.0021825701602232674,green_sea_turtle,Chelonia mydas,random_forest
985:2935,8.55,113.55,0.0021825701602232674,green_sea_turtle,Chelonia mydas,random_forest
985:2936,8.55,113.65,0.006836163063183922,green_sea_turtle,Chelonia mydas,random_forest
985:2937,8.55,113.75,0.007089082966369782,green_sea_turtle,Chelonia mydas,random_forest
985:2938,8.55,113.85,0.01168810292193556,green_sea_turtle,Chelonia mydas,random_forest
985:2939,8.55,113.95,0.01168810292193556,green_sea_turtle,Chelonia mydas,random_forest
985:2940,8.55,114.05,0.008339218345825298,green_sea_turtle,Chelonia mydas,random_forest
985:2941,8.55,114.15,0.001579646017699115,green_sea_turtle,Chelonia mydas,random_forest
985:2942,8.55,114.25,0.0,green_sea_turtle,Chelonia mydas,random_forest
985:2943,8.55,114.35,0.0,green_sea_turtle,Chelonia mydas,random_forest
986:2933,8.65,113.35,0.0015058636767274437,green_sea_turtle,Chelonia mydas,random_forest
986:2934,8.65,113.45,0.0021825701602232674,green_sea_turtle,Chelonia mydas,random_forest
986:2935,8.65,113.55,0.0021825701602232674,green_sea_turtle,Chelonia mydas,random_forest
986:2936,8.65,113.65,0.006836163063183922,green_sea_turtle,Chelonia mydas,random_forest
986:2937,8.65,113.75,0.007089082966369782,green_sea_turtle,Chelonia mydas,random_forest
986:2938,8.65,113.85,0.01168810292193556,green_sea_turtle,Chelonia mydas,random_forest
986:2939,8.65,113.95,0.01168810292193556,green_sea_turtle,Chelonia mydas,random_forest
986:2940,8.65,114.05,0.008339218345825298,green_sea_turtle,Chelonia mydas,random_forest
986:2941,8.65,114.15,0.001579646017699115,green_sea_turtle,Chelonia mydas,random_forest
987:2934,8.75,113.45,0.0021825701602232674,green_sea_turtle,Chelonia mydas,random_forest
987:2935,8.75,113.55,0.0021825701602232674,green_sea_turtle,Chelonia mydas,random_forest
987:2936,8.75,113.65,0.006836163063183922,green_sea_turtle,Chelonia mydas,random_forest
987:2937,8.75,113.75,0.007089082966369782,green_sea_turtle,Chelonia mydas,random_forest
987:2938,8.75,113.85,0.01168810292193556,green_sea_turtle,Chelonia mydas,random_forest
987:2939,8.75,113.95,0.01168810292193556,green_sea_turtle,Chelonia mydas,random_forest
987:2940,8.75,114.05,0.008339218345825298,green_sea_turtle,Chelonia mydas,random_forest
988:2935,8.85,113.55,0.0021825701602232674,green_sea_turtle,Chelonia mydas,random_forest
988:2936,8.85,113.65,0.006836163063183922,green_sea_turtle,Chelonia mydas,random_forest
988:2937,8.85,113.75,0.007089082966369782,green_sea_turtle,Chelonia mydas,random_forest
988:2938,8.85,113.85,0.01168810292193556,green_sea_turtle,Chelonia mydas,random_forest
989:2936,8.95,113.65,0.006836163063183922,green_sea_turtle,Chelonia mydas,random_forest
989:2937,8.95,113.75,0.007089082966369782,green_sea_turtle,Chelonia mydas,random_forest
