cell_id,latitude,longitude,relative_occurrence_score,species_slug,scientific_name,selected_model
912:2834,1.25,103.45,0.5528146179945216,irrawaddy_dolphin,Orcaella brevirostris,logistic_regression
912:2835,1.25,103.55,0.5583012066672812,irrawaddy_dolphin,Orcaella brevirostris,logistic_regression
913:2830,1.35,103.05,0.5095966860654845,irrawaddy_dolphin,Orcaella brevirostris,logistic_regression
913:2831,1.35,103.15,0.5151484634394086,irrawaddy_dolphin,Orcaella brevirostris,logistic_regression
913:2832,1.35,103.25,0.5206965046219661,irrawaddy_dolphin,Orcaella brevirostris,logistic_regression
913:2833,1.35,103.35,0.5262394453174627,irrawaddy_dolphin,Orcaella brevirostris,logistic_regression
913:2842,1.35,104.25,0.5756748049696951,irrawaddy_dolphin,Orcaella brevirostris,logistic_regression
913:2843,1.35,104.35,0.5810934542245483,irrawaddy_dolphin,Orcaella brevirostris,logistic_regression
913:2913,1.35,111.35,0.8679243706789324,irrawaddy_dolphin,Orcaella brevirostris,logistic_regression
914:2829,1.45,102.95,0.48285579105151655,irrawaddy_dolphin,Orcaella brevirostris,logistic_regression
914:2830,1.45,103.05,0.48840638213447385,irrawaddy_dolphin,Orcaella brevirostris,logistic_regression
914:2831,1.45,103.15,0.4939598337358861,irrawaddy_dolphin,Orcaella brevirostris,logistic_regression
914:2832,1.45,103.25,0.4995147762246198,irrawaddy_dolphin,Orcaella brevirostris,logistic_regression
914:2833,1.45,103.35,0.5050698384979481,irrawaddy_dolphin,Orcaella brevirostris,logistic_regression
914:2837,1.45,103.75,0.52726388764784,irrawaddy_dolphin,Orcaella brevirostris,logistic_regression
914:2840,1.45,104.05,0.5438437711367314,irrawaddy_dolphin,Orcaella brevirostris,logistic_regression
914:2843,1.45,104.35,0.5603270550224991,irrawaddy_dolphin,Orcaella brevirostris,logistic_regression
914:2910,1.45,111.05,0.8495777080867268,irrawaddy_dolphin,Orcaella brevirostris,logistic_regression
915:2828,1.55,102.85,0.45621272747543484,irrawaddy_dolphin,Orcaella brevirostris,logistic_regression
915:2829,1.55,102.95,0.46173050060460336,irrawaddy_dolphin,Orcaella brevirostris,logistic_regression
915:2830,1.55,103.05,0.4672576657909023,irrawaddy_dolphin,Orcaella brevirostris,logistic_regression
915:2831,1.55,103.15,0.47279287925218616,irrawaddy_dolphin,Orcaella brevirostris,logistic_regression
915:2832,1.55,103.25,0.47833478931152335,irrawaddy_dolphin,Orcaella brevirostris,logistic_regression
915:2843,1.55,104.35,0.5393472861514986,irrawaddy_dolphin,Orcaella brevirostris,logistic_regression
915:2844,1.55,104.45,0.544863070075626,irrawaddy_dolphin,Orcaella brevirostris,logistic_regression
915:2845,1.55,104.55,0.5503678680359069,irrawaddy_dolphin,Orcaella brevirostris,logistic_regression
915:2846,1.55,104.65,0.5558603581001903,irrawaddy_dolphin,Orcaella brevirostris,logistic_regression
915:2907,1.55,110.75,0.8291840828111595,irrawaddy_dolphin,Orcaella brevirostris,logistic_regression
915:2909,1.55,110.95,0.8353869696046412,irrawaddy_dolphin,Orcaella brevirostris,logistic_regression
916:2826,1.65,102.65,0.4243808276104169,irrawaddy_dolphin,Orcaella brevirostris,logistic_regression
916:2827,1.65,102.75,0.42981791104358147,irrawaddy_dolphin,Orcaella brevirostris,logistic_regression
916:2828,1.65,102.85,0.4352719786621431,irrawaddy_dolphin,Orcaella brevirostris,logistic_regression
916:2829,1.65,102.95,0.44074175759701023,irrawaddy_dolphin,Orcaella brevirostris,logistic_regression
916:2830,1.65,103.05,0.4462259598574533,irrawaddy_dolphin,Orcaella brevirostris,logistic_regression
916:2839,1.65,103.95,0.4960143916847626,irrawaddy_dolphin,Orcaella brevirostris,logistic_regression
916:2842,1.65,104.25,0.5126772982151281,irrawaddy_dolphin,Orcaella brevirostris,logistic_regression
916:2843,1.65,104.35,0.5182271714159968,irrawaddy_dolphin,Orcaella brevirostris,logistic_regression
916:2844,1.65,104.45,0.5237725509473767,irrawaddy_dolphin,Orcaella brevirostris,logistic_regression
916:2845,1.65,104.55,0.5293120751354707,irrawaddy_dolphin,Orcaella brevirostris,logistic_regression
916:2846,1.65,104.65,0.5348443880677349,irrawaddy_dolphin,Orcaella brevirostris,logistic_regression
916:2847,1.65,104.75,0.5403681409144394,irrawaddy_dolphin,Orcaella brevirostris,logistic_regression
916:2848,1.65,104.85,0.5458819932354882,irrawaddy_dolphin,Orcaella brevirostris,logistic_regression
916:2902,1.65,110.25,0.7996289240086639,irrawaddy_dolphin,Orcaella brevirostris,logistic_regression
916:2903,1.65,110.35,0.8031655271441638,irrawaddy_dolphin,Orcaella brevirostris,logistic_regression
916:2905,1.65,110.55,0.8100968467405983,irrawaddy_dolphin,Orcaella brevirostris,logistic_regression
916:2906,1.65,110.65,0.8134917826813397,irrawaddy_dolphin,Orcaella brevirostris,logistic_regression
916:2907,1.65,110.75,0.816839748934502,irrawaddy_dolphin,Orcaella brevirostris,logistic_regression
916:2908,1.65,110.85,0.8201409041169488,irrawaddy_dolphin,Orcaella brevirostris,logistic_regression
916:2909,1.65,110.95,0.8233954252296675,irrawaddy_dolphin,Orcaella brevirostris,logistic_regression
916:2911,1.65,111.15,0.8297653612682739,irrawaddy_dolphin,Orcaella brevirostris,logistic_regression
917:2825,1.75,102.55,0.39847813873531207,irrawaddy_dolphin,Orcaella brevirostris,logistic_regression
917:2826,1.75,102.65,0.40381617305750045,irrawaddy_dolphin,Orcaella brevirostris,logistic_regression
917:2827,1.75,102.75,0.4091770732233944,irrawaddy_dolphin,Orcaella brevirostris,logistic_regression
917:2828,1.75,102.85,0.4145596546827653,irrawaddy_dolphin,Orcaella brevirostris,logistic_regression
917:2842,1.75,104.25,0.4914872774291029,irrawaddy_dolphin,Orcaella brevirostris,logistic_regression
917:2843,1.75,104.35,0.497041725474652,irrawaddy_dolphin,Orcaella brevirostris,logistic_regression
917:2844,1.75,104.45,0.5025969037887158,irrawaddy_dolphin,Orcaella brevirostris,logistic_regression
917:2845,1.75,104.55,0.5081514410357373,irrawaddy_dolphin,Orcaella brevirostris,logistic_regression
917:2846,1.75,104.65,0.5137039665130468,irrawaddy_dolphin,Orcaella brevirostris,logistic_regression
917:2847,1.75,104.75,0.5192531115033536,irrawaddy_dolphin,Orcaella brevirostris,logistic_regression
917:2848,1.75,104.85,0.5247975106230864,irrawaddy_dolphin,Orcaella brevirostris,logistic_regression
917:2849,1.75,104.95,0.5303358031637442,irrawaddy_dolphin,Orcaella brevirostris,logistic_regression
917:2899,1.75,109.95,0.7742627666506005,irrawaddy_dolphin,Orcaella brevirostris,logistic_regression
917:2900,1.75,110.05,0.778122858235695,irrawaddy_dolphin,Orcaella brevirostris,logistic_regression
917:2901,1.75,110.15,0.781935532905058,irrawaddy_dolphin,Orcaella brevirostris,logistic_regression
917:2902,1.75,110.25,0.7857007350849143,irrawaddy_dolphin,Orcaella brevirostris,logistic_regression
917:2904,1.75,110.45,0.7930886217002763,irrawaddy_dolphin,Orcaella brevirostris,logistic_regression
917:2905,1.75,110.55,0.796711315238711,irrawaddy_dolphin,Orcaella brevirostris,logistic_regression
917:2906,1.75,110.65,0.8002865532859631,irrawaddy_dolphin,Orcaella brevirostris,logistic_regression
917:2907,1.75,110.75,0.803814396899082,irrawaddy_dolphin,Orcaella brevirostris,logistic_regression
917:2908,1.75,110.85,0.8072949286162662,irrawaddy_dolphin,Orcaella brevirostris,logistic_regression
917:2909,1.75,110.95,0.8107282518221884,irrawaddy_dolphin,Orcaella brevirostris,logistic_regression
917:2910,1.75,111.05,0.8141144901076495,irrawaddy_dolphin,Orcaella brevirostris,logistic_regression
918:2823,1.85,102.35,0.3679488535586418,irrawaddy_dolphin,Orcaella brevirostris,logistic_regression
918:2824,1.85,102.45,0.37313160640469323,irrawaddy_dolphin,Orcaella brevirostris,logistic_regression
918:2825,1.85,102.55,0.37834366242033607,irrawaddy_dolphin,Orcaella brevirostris,logistic_regression
918:2826,1.85,102.65,0.3835839733529703,irrawaddy_dolphin,Orcaella brevirostris,logistic_regression
918:2827,1.85,102.75,0.3888514655308327,irrawaddy_dolphin,Orcaella brevirostris,logistic_regression
918:2841,1.85,104.15,0.46479600326367165,irrawaddy_dolphin,Orcaella brevirostris,logistic_regression
918:2842,1.85,104.25,0.4703278002756882,irrawaddy_dolphin,Orcaella brevirostris,logistic_regression
918:2843,1.85,104.35,0.4758668965178401,irrawaddy_dolphin,Orcaella brevirostris,logistic_regression
918:2844,1.85,104.45,0.48141193649829284,irrawaddy_dolphin,Orcaella brevirostris,logistic_regression
918:2845,1.85,104.55,0.4869615588775941,irrawaddy_dolphin,Orcaella brevirostris,logistic_regression
918:2846,1.85,104.65,0.49251439780157324,irrawaddy_dolphin,Orcaella brevirostris,logistic_regression
918:2847,1.85,104.75,0.49806908424367546,irrawaddy_dolphin,Orcaella brevirostris,logistic_regression
918:2848,1.85,104.85,0.5036242473539494,irrawaddy_dolphin,Orcaella brevirostris,logistic_regression
918:2849,1.85,104.95,0.5091785158118508,irrawaddy_dolphin,Orcaella brevirostris,logistic_regression
918:2897,1.85,109.75,0.750882317955069,irrawaddy_dolphin,Orcaella brevirostris,logistic_regression
918:2898,1.85,109.85,0.7550157117305176,irrawaddy_dolphin,Orcaella brevirostris,logistic_regression
918:2899,1.85,109.95,0.7591025260512512,irrawaddy_dolphin,Orcaella brevirostris,logistic_regression
918:2900,1.85,110.05,0.7631425519907209,irrawaddy_dolphin,Orcaella brevirostris,logistic_regression
918:2901,1.85,110.15,0.7671356082134754,irrawaddy_dolphin,Orcaella brevirostris,logistic_regression
918:2902,1.85,110.25,0.7710815404951211,irrawaddy_dolphin,Orcaella brevirostris,logistic_regression
918:2903,1.85,110.35,0.7749802212203412,irrawaddy_dolphin,Orcaella brevirostris,logistic_regression
918:2904,1.85,110.45,0.778831548860566,irrawaddy_dolphin,Orcaella brevirostris,logistic_regression
918:2905,1.85,110.55,0.7826354474329134,irrawaddy_dolphin,Orcaella brevirostris,logistic_regression
918:2906,1.85,110.65,0.786391865941985,irrawaddy_dolphin,Orcaella brevirostris,logistic_regression
918:2907,1.85,110.75,0.7901007778060819,irrawaddy_dolphin,Orcaella brevirostris,logistic_regression
918:2908,1.85,110.85,0.7937621802693962,irrawaddy_dolphin,Orcaella brevirostris,logistic_regression
918:2909,1.85,110.95,0.7973760938016878,irrawaddy_dolphin,Orcaella brevirostris,logistic_regression
918:2910,1.85,111.05,0.8009425614869403,irrawaddy_dolphin,Orcaella brevirostris,logistic_regression
919:2822,1.95,102.25,0.3434355117222271,irrawaddy_dolphin,Orcaella brevirostris,logistic_regression
919:2823,1.95,102.35,0.34846334335449525,irrawaddy_dolphin,Orcaella brevirostris,logistic_regression
919:2824,1.95,102.45,0.35352514829772685,irrawaddy_dolphin,Orcaella brevirostris,logistic_regression
919:2825,1.95,102.55,0.35862000989638554,irrawaddy_dolphin,Orcaella brevirostris,logistic_regression
919:2841,1.95,104.15,0.4437827994664387,irrawaddy_dolphin,Orcaella brevirostris,logistic_regression
919:2842,1.95,104.25,0.4492744433554136,irrawaddy_dolphin,Orcaella brevirostris,logistic_regression
919:2843,1.95,104.35,0.4547784807341886,irrawaddy_dolphin,Orcaella brevirostris,logistic_regression
919:2844,1.95,104.45,0.46029359041126133,irrawaddy_dolphin,Orcaella brevirostris,logistic_regression
919:2845,1.95,104.55,0.46581844039778103,irrawaddy_dolphin,Orcaella brevirostris,logistic_regression
919:2846,1.95,104.65,0.47135168917945075,irrawaddy_dolphin,Orcaella brevirostris,logistic_regression
919:2847,1.95,104.75,0.4768919870081419,irrawaddy_dolphin,Orcaella brevirostris,logistic_regression
919:2848,1.95,104.85,0.4824379772106253,irrawaddy_dolphin,Orcaella brevirostris,logistic_regression
919:2849,1.95,104.95,0.48798829751172257,irrawaddy_dolphin,Orcaella brevirostris,logistic_regression
919:2850,1.95,105.05,0.49354158136915494,irrawaddy_dolphin,Orcaella brevirostris,logistic_regression
919:2896,1.95,109.65,0.7303360756238122,irrawaddy_dolphin,Orcaella brevirostris,logistic_regression
919:2897,1.95,109.75,0.7346899227002984,irrawaddy_dolphin,Orcaella brevirostris,logistic_regression
919:2898,1.95,109.85,0.7389985963146467,irrawaddy_dolphin,Orcaella brevirostris,logistic_regression
919:2899,1.95,109.95,0.7432617487659058,irrawaddy_dolphin,Orcaella brevirostris,logistic_regression
919:2900,1.95,110.05,0.7474790618967833,irrawaddy_dolphin,Orcaella brevirostris,logistic_regression
919:2901,1.95,110.15,0.751650246741962,irrawaddy_dolphin,Orcaella brevirostris,logistic_regression
919:2902,1.95,110.25,0.7557750431466876,irrawaddy_dolphin,Orcaella brevirostris,logistic_regression
919:2903,1.95,110.35,0.7598532193572409,irrawaddy_dolphin,Orcaella brevirostris,logistic_regression
919:2904,1.95,110.45,0.76388457158489,irrawaddy_dolphin,Orcaella brevirostris,logistic_regression
919:2905,1.95,110.55,0.7678689235449467,irrawaddy_dolphin,Orcaella brevirostris,logistic_regression
919:2906,1.95,110.65,0.7718061259725562,irrawaddy_dolphin,Orcaella brevirostris,logistic_regression
919:2907,1.95,110.75,0.7756960561168204,irrawaddy_dolphin,Orcaella brevirostris,logistic_regression
919:2908,1.95,110.85,0.7795386172148927,irrawaddy_dolphin,Orcaella brevirostris,logistic_regression
919:2909,1.95,110.95,0.7833337379476255,irrawaddy_dolphin,Orcaella brevirostris,logistic_regression
919:2910,1.95,111.05,0.7870813718783644,irrawaddy_dolphin,Orcaella brevirostris,logistic_regression
919:2911,1.95,111.15,0.7907814968764605,irrawaddy_dolphin,Orcaella brevirostris,logistic_regression
920:2821,2.05,102.15,0.3197291594607955,irrawaddy_dolphin,Orcaella brevirostris,logistic_regression
920:2822,2.05,102.25,0.32458150662179264,irrawaddy_dolphin,Orcaella brevirostris,logistic_regression
920:2823,2.05,102.35,0.32947182880088577,irrawaddy_dolphin,Orcaella brevirostris,logistic_regression
920:2824,2.05,102.45,0.3343993521826598,irrawaddy_dolphin,Orcaella brevirostris,logistic_regression
920:2825,2.05,102.55,0.33936327262992927,irrawaddy_dolphin,Orcaella brevirostris,logistic_regression
920:2841,2.05,104.15,0.4229688151600146,irrawaddy_dolphin,Orcaella brevirostris,logistic_regression
920:2842,2.05,104.25,0.42840127186338134,irrawaddy_dolphin,Orcaella brevirostris,logistic_regression
920:2843,2.05,104.35,0.4338510413825043,irrawaddy_dolphin,Orcaella brevirostris,logistic_regression
920:2844,2.05,104.45,0.43931685497361284,irrawaddy_dolphin,Orcaella brevirostris,logistic_regression
920:2845,2.05,104.55,0.44479742846870013,irrawaddy_dolphin,Orcaella brevirostris,logistic_regression
920:2846,2.05,104.65,0.4502914634494955,irrawaddy_dolphin,Orcaella brevirostris,logistic_regression
920:2847,2.05,104.75,0.45579764845041765,irrawaddy_dolphin,Orcaella brevirostris,logistic_regression
920:2848,2.05,104.85,0.46131466018822725,irrawaddy_dolphin,Orcaella brevirostris,logistic_regression
920:2849,2.05,104.95,0.4668411648159587,irrawaddy_dolphin,Orcaella brevirostris,logistic_regression
920:2850,2.05,105.05,0.47237581919865823,irrawaddy_dolphin,Orcaella brevirostris,logistic_regression
920:2896,2.05,109.65,0.7133180748751091,irrawaddy_dolphin,Orcaella brevirostris,logistic_regression
920:2897,2.05,109.75,0.7178405327135668,irrawaddy_dolphin,Orcaella brevirostris,logistic_regression
920:2898,2.05,109.85,0.7223194202305085,irrawaddy_dolphin,Orcaella brevirostris,logistic_regression
920:2899,2.05,109.95,0.7267542743603304,irrawaddy_dolphin,Orcaella brevirostris,logistic_regression
920:2900,2.05,110.05,0.7311446626221446,irrawaddy_dolphin,Orcaella brevirostris,logistic_regression
920:2901,2.05,110.15,0.7354901828956948,irrawaddy_dolphin,Orcaella brevirostris,logistic_regression
920:2902,2.05,110.25,0.7397904631616922,irrawaddy_dolphin,Orcaella brevirostris,logistic_regression
920:2903,2.05,110.35,0.7440451612080816,irrawaddy_dolphin,Orcaella brevirostris,logistic_regression
920:2904,2.05,110.45,0.7482539643037395,irrawaddy_dolphin,Orcaella brevirostris,logistic_regression
920:2905,2.05,110.55,0.7524165888411685,irrawaddy_dolphin,Orcaella brevirostris,logistic_regression
920:2906,2.05,110.65,0.7565327799497716,irrawaddy_dolphin,Orcaella brevirostris,logistic_regression
920:2907,2.05,110.75,0.7606023110812915,irrawaddy_dolphin,Orcaella brevirostris,logistic_regression
920:2908,2.05,110.85,0.7646249835690413,irrawaddy_dolphin,Orcaella brevirostris,logistic_regression
920:2909,2.05,110.95,0.7686006261625353,irrawaddy_dolphin,Orcaella brevirostris,logistic_regression
920:2910,2.05,111.05,0.7725290945391444,irrawaddy_dolphin,Orcaella brevirostris,logistic_regression
920:2911,2.05,111.15,0.7764102707944026,irrawaddy_dolphin,Orcaella brevirostris,logistic_regression
921:2819,2.15,101.95,0.2923013893263981,irrawaddy_dolphin,Orcaella brevirostris,logistic_regression
921:2820,2.15,102.05,0.29691916477917557,irrawaddy_dolphin,Orcaella brevirostris,logistic_regression
921:2821,2.15,102.15,0.3015788042172794,irrawaddy_dolphin,Orcaella brevirostris,logistic_regression
921:2822,2.15,102.25,0.30627971361326095,irrawaddy_dolphin,Orcaella brevirostris,logistic_regression
921:2840,2.15,104.05,0.39709285601744804,irrawaddy_dolphin,Orcaella brevirostris,logistic_regression
921:2841,2.15,104.15,0.40242474807073714,irrawaddy_dolphin,Orcaella brevirostris,logistic_regression
921:2842,2.15,104.25,0.4077798107785522,irrawaddy_dolphin,Orcaella brevirostris,logistic_regression
921:2843,2.15,104.35,0.4131568650473139,irrawaddy_dolphin,Orcaella brevirostris,logistic_regression
921:2844,2.15,104.45,0.4185547111791665,irrawaddy_dolphin,Orcaella brevirostris,logistic_regression
921:2845,2.15,104.55,0.42397212987745014,irrawaddy_dolphin,Orcaella brevirostris,logistic_regression
921:2846,2.15,104.65,0.42940788329075497,irrawaddy_dolphin,Orcaella brevirostris,logistic_regression
921:2847,2.15,104.75,0.434860716093777,irrawaddy_dolphin,Orcaella brevirostris,logistic_regression
921:2848,2.15,104.85,0.4403293566031061,irrawaddy_dolphin,Orcaella brevirostris,logistic_regression
921:2849,2.15,104.95,0.4458125179259241,irrawaddy_dolphin,Orcaella brevirostris,logistic_regression
921:2850,2.15,105.05,0.45130889913950056,irrawaddy_dolphin,Orcaella brevirostris,logistic_regression
921:2897,2.15,109.75,0.7003574960932922,irrawaddy_dolphin,Orcaella brevirostris,logistic_regression
921:2898,2.15,109.85,0.7049998546711648,irrawaddy_dolphin,Orcaella brevirostris,logistic_regression
921:2899,2.15,109.95,0.7096001121806547,irrawaddy_dolphin,Orcaella brevirostris,logistic_regression
921:2900,2.15,110.05,0.7141577185793982,irrawaddy_dolphin,Orcaella brevirostris,logistic_regression
921:2901,2.15,110.15,0.7186721548373558,irrawaddy_dolphin,Orcaella brevirostris,logistic_regression
921:2902,2.15,110.25,0.7231429328204189,irrawaddy_dolphin,Orcaella brevirostris,logistic_regression
921:2903,2.15,110.35,0.7275695951345329,irrawaddy_dolphin,Orcaella brevirostris,logistic_regression
921:2904,2.15,110.45,0.7319517149316654,irrawaddy_dolphin,Orcaella brevirostris,logistic_regression
921:2905,2.15,110.55,0.7362888956790266,irrawaddy_dolphin,Orcaella brevirostris,logistic_regression
921:2906,2.15,110.65,0.7405807708929995,irrawaddy_dolphin,Orcaella brevirostris,logistic_regression
921:2907,2.15,110.75,0.7448270038392579,irrawaddy_dolphin,Orcaella brevirostris,logistic_regression
921:2908,2.15,110.85,0.7490272872006206,irrawaddy_dolphin,Orcaella brevirostris,logistic_regression
921:2909,2.15,110.95,0.7531813427141824,irrawaddy_dolphin,Orcaella brevirostris,logistic_regression
921:2910,2.15,111.05,0.7572889207793156,irrawaddy_dolphin,Orcaella brevirostris,logistic_regression
921:2911,2.15,111.15,0.7613498000381492,irrawaddy_dolphin,Orcaella brevirostris,logistic_regression
921:2912,2.15,111.25,0.7653637869301181,irrawaddy_dolphin,Orcaella brevirostris,logistic_regression
921:2913,2.15,111.35,0.7693307152222292,irrawaddy_dolphin,Orcaella brevirostris,logistic_regression
921:2920,2.15,112.05,0.7957731109948325,irrawaddy_dolphin,Orcaella brevirostris,logistic_regression
922:2818,2.25,101.85,0.27066957796557833,irrawaddy_dolphin,Orcaella brevirostris,logistic_regression
922:2819,2.25,101.95,0.2750784463025502,irrawaddy_dolphin,Orcaella brevirostris,logistic_regression
922:2820,2.25,102.05,0.27953160495696106,irrawaddy_dolphin,Orcaella brevirostris,logistic_regression
922:2840,2.25,104.05,0.3769845080195527,irrawaddy_dolphin,Orcaella brevirostris,logistic_regression
922:2841,2.25,104.15,0.3822175681927773,irrawaddy_dolphin,Orcaella brevirostris,logistic_regression
922:2842,2.25,104.25,0.38747809142977657,irrawaddy_dolphin,Orcaella brevirostris,logistic_regression
922:2843,2.25,104.35,0.3927649857445083,irrawaddy_dolphin,Orcaella brevirostris,logistic_regression
922:2844,2.25,104.45,0.39807713509250076,irrawaddy_dolphin,Orcaella brevirostris,logistic_regression
922:2845,2.25,104.55,0.4034134002152688,irrawaddy_dolphin,Orcaella brevirostris,logistic_regression
922:2846,2.25,104.65,0.4087726195288402,irrawaddy_dolphin,Orcaella brevirostris,logistic_regression
922:2847,2.25,104.75,0.41415361005511653,irrawaddy_dolphin,Orcaella brevirostris,logistic_regression
922:2848,2.25,104.85,0.4195551683946931,irrawaddy_dolphin,Orcaella brevirostris,logistic_regression
922:2849,2.25,104.95,0.42497607173959306,irrawaddy_dolphin,Orcaella brevirostris,logistic_regression
922:2897,2.25,109.75,0.6822706612471476,irrawaddy_dolphin,Orcaella brevirostris,logistic_regression
922:2898,2.25,109.85,0.6870680321715401,irrawaddy_dolphin,Orcaella brevirostris,logistic_regression
922:2899,2.25,109.95,0.6918256861313219,irrawaddy_dolphin,Orcaella brevirostris,logistic_regression
922:2900,2.25,110.05,0.6965429544421575,irrawaddy_dolphin,Orcaella brevirostris,logistic_regression
922:2901,2.25,110.15,0.7012191994913254,irrawaddy_dolphin,Orcaella brevirostris,logistic_regression
922:2902,2.25,110.25,0.7058538147831814,irrawaddy_dolphin,Orcaella brevirostris,logistic_regression
922:2903,2.25,110.35,0.7104462249406267,irrawaddy_dolphin,Orcaella brevirostris,logistic_regression
922:2904,2.25,110.45,0.7149958856636384,irrawaddy_dolphin,Orcaella brevirostris,logistic_regression
922:2905,2.25,110.55,0.7195022836460239,irrawaddy_dolphin,Orcaella brevirostris,logistic_regression
922:2906,2.25,110.65,0.7239649364516361,irrawaddy_dolphin,Orcaella brevirostris,logistic_regression
922:2907,2.25,110.75,0.7283833923513274,irrawaddy_dolphin,Orcaella brevirostris,logistic_regression
922:2908,2.25,110.85,0.7327572301220217,irrawaddy_dolphin,Orcaella brevirostris,logistic_regression
922:2909,2.25,110.95,0.7370860588092951,irrawaddy_dolphin,Orcaella brevirostris,logistic_regression
922:2910,2.25,111.05,0.7413695174549368,irrawaddy_dolphin,Orcaella brevirostris,logistic_regression
922:2911,2.25,111.15,0.74560727479099,irrawaddy_dolphin,Orcaella brevirostris,logistic_regression
923:2817,2.35,101.75,0.25007294910393385,irrawaddy_dolphin,Orcaella brevirostris,logistic_regression
923:2818,2.35,101.85,0.25426328571983076,irrawaddy_dolphin,Orcaella brevirostris,logistic_regression
923:2819,2.35,101.95,0.25849963437379747,irrawaddy_dolphin,Orcaella brevirostris,logistic_regression
923:2839,2.35,103.95,0.3522046384839128,irrawaddy_dolphin,Orcaella brevirostris,logistic_regression
923:2840,2.35,104.05,0.357290987209993,irrawaddy_dolphin,Orcaella brevirostris,logistic_regression
923:2841,2.35,104.15,0.36240969615977253,irrawaddy_dolphin,Orcaella brevirostris,logistic_regression
923:2842,2.35,104.25,0.3675597995463602,irrawaddy_dolphin,Orcaella brevirostris,logistic_regression
923:2843,2.35,104.35,0.3727403041072414,irrawaddy_dolphin,Orcaella brevirostris,logistic_regression
923:2844,2.35,104.45,0.3779501897231907,irrawaddy_dolphin,Orcaella brevirostris,logistic_regression
923:2845,2.35,104.55,0.3831884100853758,irrawaddy_dolphin,Orcaella brevirostris,logistic_regression
923:2846,2.35,104.65,0.3884538934100801,irrawaddy_dolphin,Orcaella brevirostris,logistic_regression
923:2847,2.35,104.75,0.3937455432003059,irrawaddy_dolphin,Orcaella brevirostris,logistic_regression
923:2848,2.35,104.85,0.39906223905341803,irrawaddy_dolphin,Orcaella brevirostris,logistic_regression
923:2849,2.35,104.95,0.4044028375138044,irrawaddy_dolphin,Orcaella brevirostris,logistic_regression
923:2897,2.35,109.75,0.6636164487267242,irrawaddy_dolphin,Orcaella brevirostris,logistic_regression
923:2898,2.35,109.85,0.6685586508332648,irrawaddy_dolphin,Orcaella brevirostris,logistic_regression
923:2899,2.35,109.95,0.6734639702458702,irrawaddy_dolphin,Orcaella brevirostris,logistic_regression
923:2900,2.35,110.05,0.6783316209696334,irrawaddy_dolphin,Orcaella brevirostris,logistic_regression
923:2901,2.35,110.15,0.6831608474871719,irrawaddy_dolphin,Orcaella brevirostris,logistic_regression
923:2902,2.35,110.25,0.687950924980246,irrawaddy_dolphin,Orcaella brevirostris,logistic_regression
923:2903,2.35,110.35,0.692701159504121,irrawaddy_dolphin,Orcaella brevirostris,logistic_regression
923:2904,2.35,110.45,0.6974108881153719,irrawaddy_dolphin,Orcaella brevirostris,logistic_regression
923:2905,2.35,110.55,0.7020794789539544,irrawaddy_dolphin,Orcaella brevirostris,logistic_regression
923:2906,2.35,110.65,0.7067063312804638,irrawaddy_dolphin,Orcaella brevirostris,logistic_regression
923:2907,2.35,110.75,0.7112908754695693,irrawaddy_dolphin,Orcaella brevirostris,logistic_regression
923:2908,2.35,110.85,0.7158325729607357,irrawaddy_dolphin,Orcaella brevirostris,logistic_regression
923:2909,2.35,110.95,0.7203309161673853,irrawaddy_dolphin,Orcaella brevirostris,logistic_regression
923:2910,2.35,111.05,0.7247854283457466,irrawaddy_dolphin,Orcaella brevirostris,logistic_regression
923:2911,2.35,111.15,0.7291956634247072,irrawaddy_dolphin,Orcaella brevirostris,logistic_regression
923:2912,2.35,111.25,0.7335612057980208,irrawaddy_dolphin,Orcaella brevirostris,logistic_regression
923:2913,2.35,111.35,0.737881670080306,irrawaddy_dolphin,Orcaella brevirostris,logistic_regression
924:2815,2.45,101.55,0.2266299051192988,irrawaddy_dolphin,Orcaella brevirostris,logistic_regression
924:2816,2.45,101.65,0.2305481837648133,irrawaddy_dolphin,Orcaella brevirostris,logistic_regression
924:2817,2.45,101.75,0.23451366427040046,irrawaddy_dolphin,Orcaella brevirostris,logistic_regression
924:2818,2.45,101.85,0.23852620805446362,irrawaddy_dolphin,Orcaella brevirostris,logistic_regression
924:2838,2.45,103.85,0.32819555266971406,irrawaddy_dolphin,Orcaella brevirostris,logistic_regression
924:2839,2.45,103.95,0.3331134709485119,irrawaddy_dolphin,Orcaella brevirostris,logistic_regression
924:2840,2.45,104.05,0.33806799846534635,irrawaddy_dolphin,Orcaella brevirostris,logistic_regression
924:2841,2.45,104.15,0.34305830884157434,irrawaddy_dolphin,Orcaella brevirostris,logistic_regression
924:2842,2.45,104.25,0.3480835459272354,irrawaddy_dolphin,Orcaella brevirostris,logistic_regression
924:2843,2.45,104.35,0.353142824184243,irrawaddy_dolphin,Orcaella brevirostris,logistic_regression
924:2844,2.45,104.45,0.35823522911861083,irrawaddy_dolphin,Orcaella brevirostris,logistic_regression
924:2845,2.45,104.55,0.36335981776180415,irrawaddy_dolphin,Orcaella brevirostris,logistic_regression
924:2846,2.45,104.65,0.36851561920116666,irrawaddy_dolphin,Orcaella brevirostris,logistic_regression
924:2847,2.45,104.75,0.3737016351592217,irrawaddy_dolphin,Orcaella brevirostris,logistic_regression
924:2848,2.45,104.85,0.37891684062154163,irrawaddy_dolphin,Orcaella brevirostris,logistic_regression
924:2849,2.45,104.95,0.3841601845127045,irrawaddy_dolphin,Orcaella brevirostris,logistic_regression
924:2898,2.45,109.85,0.6495129498489975,irrawaddy_dolphin,Orcaella brevirostris,logistic_regression
924:2899,2.45,109.95,0.6545544992394703,irrawaddy_dolphin,Orcaella brevirostris,logistic_regression
924:2900,2.45,110.05,0.6595615397055915,irrawaddy_dolphin,Orcaella brevirostris,logistic_regression
924:2901,2.45,110.15,0.6645332010608967,irrawaddy_dolphin,Orcaella brevirostris,logistic_regression
924:2902,2.45,110.25,0.6694686427139819,irrawaddy_dolphin,Orcaella brevirostris,logistic_regression
924:2903,2.45,110.35,0.6743670540260653,irrawaddy_dolphin,Orcaella brevirostris,logistic_regression
924:2904,2.45,110.45,0.6792276546198667,irrawaddy_dolphin,Orcaella brevirostris,logistic_regression
924:2905,2.45,110.55,0.6840496946402042,irrawaddy_dolphin,Orcaella brevirostris,logistic_regression
924:2906,2.45,110.65,0.6888324549668317,irrawaddy_dolphin,Orcaella brevirostris,logistic_regression
924:2907,2.45,110.75,0.693575247380126,irrawaddy_dolphin,Orcaella brevirostris,logistic_regression
924:2908,2.45,110.85,0.6982774146803746,irrawaddy_dolphin,Orcaella brevirostris,logistic_regression
924:2909,2.45,110.95,0.7029383307614873,irrawaddy_dolphin,Orcaella brevirostris,logistic_regression
924:2910,2.45,111.05,0.7075574006400656,irrawaddy_dolphin,Orcaella brevirostris,logistic_regression
924:2911,2.45,111.15,0.7121340604408628,irrawaddy_dolphin,Orcaella brevirostris,logistic_regression
924:2912,2.45,111.25,0.7166677773397194,irrawaddy_dolphin,Orcaella brevirostris,logistic_regression
925:2814,2.55,101.45,0.20842677854834868,irrawaddy_dolphin,Orcaella brevirostris,logistic_regression
925:2815,2.55,101.55,0.21211665738896032,irrawaddy_dolphin,Orcaella brevirostris,logistic_regression
925:2816,2.55,101.65,0.21585404680564638,irrawaddy_dolphin,Orcaella brevirostris,logistic_regression
925:2817,2.55,101.75,0.21963892983255243,irrawaddy_dolphin,Orcaella brevirostris,logistic_regression
925:2838,2.55,103.85,0.30978344368258726,irrawaddy_dolphin,Orcaella brevirostris,logistic_regression
925:2839,2.55,103.95,0.3145546446783215,irrawaddy_dolphin,Orcaella brevirostris,logistic_regression
925:2840,2.55,104.05,0.3193653288036986,irrawaddy_dolphin,Orcaella brevirostris,logistic_regression
925:2841,2.55,104.15,0.324214785914211,irrawaddy_dolphin,Orcaella brevirostris,logistic_regression
925:2842,2.55,104.25,0.32910227507737366,irrawaddy_dolphin,Orcaella brevirostris,logistic_regression
925:2843,2.55,104.35,0.33402702477177654,irrawaddy_dolphin,Orcaella brevirostris,logistic_regression
925:2844,2.55,104.45,0.3389882331337255,irrawaddy_dolphin,Orcaella brevirostris,logistic_regression
925:2845,2.55,104.55,0.3439850682520273,irrawaddy_dolphin,Orcaella brevirostris,logistic_regression
925:2846,2.55,104.65,0.34901666851135466,irrawaddy_dolphin,Orcaella brevirostris,logistic_regression
925:2847,2.55,104.75,0.35408214298448515,irrawaddy_dolphin,Orcaella brevirostris,logistic_regression
925:2848,2.55,104.85,0.3591805718736177,irrawaddy_dolphin,Orcaella brevirostris,logistic_regression
925:2849,2.55,104.95,0.36431100700080576,irrawaddy_dolphin,Orcaella brevirostris,logistic_regression
925:2898,2.55,109.85,0.6299785445527372,irrawaddy_dolphin,Orcaella brevirostris,logistic_regression
925:2899,2.55,109.95,0.6351432412912191,irrawaddy_dolphin,Orcaella brevirostris,logistic_regression
925:2900,2.55,110.05,0.6402770128936557,irrawaddy_dolphin,Orcaella brevirostris,logistic_regression
925:2901,2.55,110.15,0.6453788804234853,irrawaddy_dolphin,Orcaella brevirostris,logistic_regression
925:2902,2.55,110.25,0.6504478927247458,irrawaddy_dolphin,Orcaella brevirostris,logistic_regression
925:2903,2.55,110.35,0.6554831269667487,irrawaddy_dolphin,Orcaella brevirostris,logistic_regression
925:2904,2.55,110.45,0.6604836891397196,irrawaddy_dolphin,Orcaella brevirostris,logistic_regression
925:2905,2.55,110.55,0.6654487145013152,irrawaddy_dolphin,Orcaella brevirostris,logistic_regression
925:2906,2.55,110.65,0.6703773679740674,irrawaddy_dolphin,Orcaella brevirostris,logistic_regression
925:2907,2.55,110.75,0.6752688444939094,irrawaddy_dolphin,Orcaella brevirostris,logistic_regression
925:2908,2.55,110.85,0.6801223693100971,irrawaddy_dolphin,Orcaella brevirostris,logistic_regression
925:2909,2.55,110.95,0.6849371982369312,irrawaddy_dolphin,Orcaella brevirostris,logistic_regression
925:2910,2.55,111.05,0.6897126178578198,irrawaddy_dolphin,Orcaella brevirostris,logistic_regression
925:2911,2.55,111.15,0.6944479456823328,irrawaddy_dolphin,Orcaella brevirostris,logistic_regression
925:2912,2.55,111.25,0.699142530256987,irrawaddy_dolphin,Orcaella brevirostris,logistic_regression
926:2813,2.65,101.35,0.19132403717158689,irrawaddy_dolphin,Orcaella brevirostris,logistic_regression
926:2814,2.65,101.45,0.19478564382545338,irrawaddy_dolphin,Orcaella brevirostris,logistic_regression
926:2815,2.65,101.55,0.1982945234268829,irrawaddy_dolphin,Orcaella brevirostris,logistic_regression
926:2837,2.65,103.75,0.28738324286022604,irrawaddy_dolphin,Orcaella brevirostris,logistic_regression
926:2838,2.65,103.85,0.29195537467645394,irrawaddy_dolphin,Orcaella brevirostris,logistic_regression
926:2839,2.65,103.95,0.2965699745291644,irrawaddy_dolphin,Orcaella brevirostris,logistic_regression
926:2840,2.65,104.05,0.3012264818384983,irrawaddy_dolphin,Orcaella brevirostris,logistic_regression
926:2841,2.65,104.15,0.3059243049205052,irrawaddy_dolphin,Orcaella brevirostris,logistic_regression
926:2842,2.65,104.25,0.3106628209680313,irrawaddy_dolphin,Orcaella brevirostris,logistic_regression
926:2843,2.65,104.35,0.3154413760751227,irrawaddy_dolphin,Orcaella brevirostris,logistic_regression
926:2844,2.65,104.45,0.32025928530595693,irrawaddy_dolphin,Orcaella brevirostris,logistic_regression
926:2845,2.65,104.55,0.32511583280925355,irrawaddy_dolphin,Orcaella brevirostris,logistic_regression
926:2846,2.65,104.65,0.3300102719790126,irrawaddy_dolphin,Orcaella brevirostris,logistic_regression
926:2847,2.65,104.75,0.3349418256623137,irrawaddy_dolphin,Orcaella brevirostris,logistic_regression
926:2848,2.65,104.85,0.3399096864148292,irrawaddy_dolphin,Orcaella brevirostris,logistic_regression
926:2898,2.65,109.85,0.6100091135877707,irrawaddy_dolphin,Orcaella brevirostris,logistic_regression
926:2899,2.65,109.95,0.6152823244110989,irrawaddy_dolphin,Orcaella brevirostris,logistic_regression
926:2900,2.65,110.05,0.6205285887912335,irrawaddy_dolphin,Orcaella brevirostris,logistic_regression
926:2901,2.65,110.15,0.6257468276733347,irrawaddy_dolphin,Orcaella brevirostris,logistic_regression
926:2902,2.65,110.25,0.6309359872606521,irrawaddy_dolphin,Orcaella brevirostris,logistic_regression
926:2903,2.65,110.35,0.6360950397429727,irrawaddy_dolphin,Orcaella brevirostris,logistic_regression
926:2904,2.65,110.45,0.6412229839776421,irrawaddy_dolphin,Orcaella brevirostris,logistic_regression
926:2905,2.65,110.55,0.6463188461225519,irrawaddy_dolphin,Orcaella brevirostris,logistic_regression
926:2906,2.65,110.65,0.6513816802206155,irrawaddy_dolphin,Orcaella brevirostris,logistic_regression
926:2907,2.65,110.75,0.65641056873538,irrawaddy_dolphin,Orcaella brevirostris,logistic_regression
926:2908,2.65,110.85,0.66140462303759,irrawaddy_dolphin,Orcaella brevirostris,logistic_regression
926:2909,2.65,110.95,0.6663629838426212,irrawaddy_dolphin,Orcaella brevirostris,logistic_regression
926:2910,2.65,111.05,0.6712848215988566,irrawaddy_dolphin,Orcaella brevirostris,logistic_regression
926:2911,2.65,111.15,0.6761693368272045,irrawaddy_dolphin,Orcaella brevirostris,logistic_regression
926:2912,2.65,111.25,0.681015760412064,irrawaddy_dolphin,Orcaella brevirostris,logistic_regression
927:2811,2.75,101.15,0.17212433167128505,irrawaddy_dolphin,Orcaella brevirostris,logistic_regression
927:2812,2.75,101.25,0.17531386856018474,irrawaddy_dolphin,Orcaella brevirostris,logistic_regression
927:2813,2.75,101.35,0.178549761945355,irrawaddy_dolphin,Orcaella brevirostris,logistic_regression
927:2835,2.75,103.55,0.26166294350093855,irrawaddy_dolphin,Orcaella brevirostris,logistic_regression
927:2836,2.75,103.65,0.26597860736390266,irrawaddy_dolphin,Orcaella brevirostris,logistic_regression
927:2837,2.75,103.75,0.2703393884147893,irrawaddy_dolphin,Orcaella brevirostris,logistic_regression
927:2838,2.75,103.85,0.274744904456404,irrawaddy_dolphin,Orcaella brevirostris,logistic_regression
927:2839,2.75,103.95,0.2791947430986203,irrawaddy_dolphin,Orcaella brevirostris,logistic_regression
927:2840,2.75,104.05,0.28368846151061977,irrawaddy_dolphin,Orcaella brevirostris,logistic_regression
927:2842,2.75,104.25,0.2928056128845606,irrawaddy_dolphin,Orcaella brevirostris,logistic_regression
927:2843,2.75,104.35,0.2974280062649636,irrawaddy_dolphin,Orcaella brevirostris,logistic_regression
927:2844,2.75,104.45,0.30209220002155845,irrawaddy_dolphin,Orcaella brevirostris,logistic_regression
927:2845,2.75,104.55,0.3067975967146365,irrawaddy_dolphin,Orcaella brevirostris,logistic_regression
927:2846,2.75,104.65,0.31154356778249237,irrawaddy_dolphin,Orcaella brevirostris,logistic_regression
927:2847,2.75,104.75,0.3163294535739785,irrawaddy_dolphin,Orcaella brevirostris,logistic_regression
927:2848,2.75,104.85,0.32115456342578635,irrawaddy_dolphin,Orcaella brevirostris,logistic_regression
927:2898,2.75,109.85,0.5896639360280576,irrawaddy_dolphin,Orcaella brevirostris,logistic_regression
927:2899,2.75,109.95,0.595029612779469,irrawaddy_dolphin,Orcaella brevirostris,logistic_regression
927:2900,2.75,110.05,0.6003726773714843,irrawaddy_dolphin,Orcaella brevirostris,logistic_regression
927:2901,2.75,110.15,0.6056919618974219,irrawaddy_dolphin,Orcaella brevirostris,logistic_regression
927:2902,2.75,110.25,0.6109863205094598,irrawaddy_dolphin,Orcaella brevirostris,logistic_regression
927:2903,2.75,110.35,0.6162546303197639,irrawaddy_dolphin,Orcaella brevirostris,logistic_regression
927:2904,2.75,110.45,0.6214957922578576,irrawaddy_dolphin,Orcaella brevirostris,logistic_regression
927:2905,2.75,110.55,0.6267087318830815,irrawaddy_dolphin,Orcaella brevirostris,logistic_regression
927:2906,2.75,110.65,0.6318924001511309,irrawaddy_dolphin,Orcaella brevirostris,logistic_regression
927:2907,2.75,110.75,0.6370457741337752,irrawaddy_dolphin,Orcaella brevirostris,logistic_regression
927:2908,2.75,110.85,0.6421678576910465,irrawaddy_dolphin,Orcaella brevirostris,logistic_regression
927:2909,2.75,110.95,0.647257682095285,irrawaddy_dolphin,Orcaella brevirostris,logistic_regression
927:2910,2.75,111.05,0.6523143066065954,irrawaddy_dolphin,Orcaella brevirostris,logistic_regression
927:2911,2.75,111.15,0.6573368189994062,irrawaddy_dolphin,Orcaella brevirostris,logistic_regression
927:2912,2.75,111.25,0.6623243360399402,irrawaddy_dolphin,Orcaella brevirostris,logistic_regression
927:2914,2.75,111.45,0.6721909986091563,irrawaddy_dolphin,Orcaella brevirostris,logistic_regression
928:2810,2.85,101.05,0.15740807900392875,irrawaddy_dolphin,Orcaella brevirostris,logistic_regression
928:2811,2.85,101.15,0.16037774517297826,irrawaddy_dolphin,Orcaella brevirostris,logistic_regression
928:2812,2.85,101.25,0.16339257282701045,irrawaddy_dolphin,Orcaella brevirostris,logistic_regression
928:2835,2.85,103.55,0.24561872396798695,irrawaddy_dolphin,Orcaella brevirostris,logistic_regression
928:2836,2.85,103.65,0.2497592810249838,irrawaddy_dolphin,Orcaella brevirostris,logistic_regression
928:2837,2.85,103.75,0.2539461414912584,irrawaddy_dolphin,Orcaella brevirostris,logistic_regression
928:2838,2.85,103.85,0.25817903548508503,irrawaddy_dolphin,Orcaella brevirostris,logistic_regression
928:2839,2.85,103.95,0.26245766418158173,irrawaddy_dolphin,Orcaella brevirostris,logistic_regression
928:2840,2.85,104.05,0.26678169944120206,irrawaddy_dolphin,Orcaella brevirostris,logistic_regression
928:2841,2.85,104.15,0.27115078346849025,irrawaddy_dolphin,Orcaella brevirostris,logistic_regression
928:2842,2.85,104.25,0.2755645285026489,irrawaddy_dolphin,Orcaella brevirostris,logistic_regression
928:2843,2.85,104.35,0.280022516541479,irrawaddy_dolphin,Orcaella brevirostris,logistic_regression
928:2844,2.85,104.45,0.28452429910017896,irrawaddy_dolphin,Orcaella brevirostris,logistic_regression
928:2845,2.85,104.55,0.2890693970064738,irrawaddy_dolphin,Orcaella brevirostris,logistic_regression
928:2846,2.85,104.65,0.2936573002334968,irrawaddy_dolphin,Orcaella brevirostris,logistic_regression
928:2847,2.85,104.75,0.2982874677717705,irrawaddy_dolphin,Orcaella brevirostris,logistic_regression
928:2848,2.85,104.85,0.3029593275416105,irrawaddy_dolphin,Orcaella brevirostris,logistic_regression
928:2899,2.85,109.95,0.5744481351932986,irrawaddy_dolphin,Orcaella brevirostris,logistic_regression
928:2900,2.85,110.05,0.57987101698759,irrawaddy_dolphin,Orcaella brevirostris,logistic_regression
928:2901,2.85,110.15,0.5852746845104051,irrawaddy_dolphin,Orcaella brevirostris,logistic_regression
928:2902,2.85,110.25,0.5906579129570847,irrawaddy_dolphin,Orcaella brevirostris,logistic_regression
928:2903,2.85,110.35,0.596019496821904,irrawaddy_dolphin,Orcaella brevirostris,logistic_regression
928:2904,2.85,110.45,0.6013582509149425,irrawaddy_dolphin,Orcaella brevirostris,logistic_regression
928:2905,2.85,110.55,0.6066730113392043,irrawaddy_dolphin,Orcaella brevirostris,logistic_regression
928:2906,2.85,110.65,0.6119626364264522,irrawaddy_dolphin,Orcaella brevirostris,logistic_regression
928:2907,2.85,110.75,0.6172260076303282,irrawaddy_dolphin,Orcaella brevirostris,logistic_regression
928:2908,2.85,110.85,0.6224620303755072,irrawaddy_dolphin,Orcaella brevirostris,logistic_regression
928:2909,2.85,110.95,0.6276696348617357,irrawaddy_dolphin,Orcaella brevirostris,logistic_regression
928:2910,2.85,111.05,0.6328477768217667,irrawaddy_dolphin,Orcaella brevirostris,logistic_regression
928:2911,2.85,111.15,0.6379954382323499,irrawaddy_dolphin,Orcaella brevirostris,logistic_regression
928:2912,2.85,111.25,0.6431116279775465,irrawaddy_dolphin,Orcaella brevirostris,logistic_regression
928:2913,2.85,111.35,0.6481953824638271,irrawaddy_dolphin,Orcaella brevirostris,logistic_regression
928:2914,2.85,111.45,0.6532457661865019,irrawaddy_dolphin,Orcaella brevirostris,logistic_regression
928:2915,2.85,111.55,0.6582618722472066,irrawaddy_dolphin,Orcaella brevirostris,logistic_regression
928:2916,2.85,111.65,0.6632428228222979,irrawaddy_dolphin,Orcaella brevirostris,logistic_regression
929:2809,2.95,100.95,0.14373159005258992,irrawaddy_dolphin,Orcaella brevirostris,logistic_regression
929:2810,2.95,101.05,0.14648809315338837,irrawaddy_dolphin,Orcaella brevirostris,logistic_regression
929:2811,2.95,101.15,0.14928824402302898,irrawaddy_dolphin,Orcaella brevirostris,logistic_regression
929:2834,2.95,103.45,0.2263367670980539,irrawaddy_dolphin,Orcaella brevirostris,logistic_regression
929:2835,2.95,103.55,0.23025148650121488,irrawaddy_dolphin,Orcaella brevirostris,logistic_regression
929:2836,2.95,103.65,0.2342134171283034,irrawaddy_dolphin,Orcaella brevirostris,logistic_regression
929:2837,2.95,103.75,0.2382224223967229,irrawaddy_dolphin,Orcaella brevirostris,logistic_regression
929:2838,2.95,103.85,0.24227833894218906,irrawaddy_dolphin,Orcaella brevirostris,logistic_regression
929:2839,2.95,103.95,0.24638097612400556,irrawaddy_dolphin,Orcaella brevirostris,logistic_regression
929:2840,2.95,104.05,0.25053011555284216,irrawaddy_dolphin,Orcaella brevirostris,logistic_regression
929:2841,2.95,104.15,0.2547255106426432,irrawaddy_dolphin,Orcaella brevirostris,logistic_regression
929:2842,2.95,104.25,0.2589668861882712,irrawaddy_dolphin,Orcaella brevirostris,logistic_regression
929:2843,2.95,104.35,0.26325393797052,irrawaddy_dolphin,Orcaella brevirostris,logistic_regression
929:2844,2.95,104.45,0.2675863323900827,irrawaddy_dolphin,Orcaella brevirostris,logistic_regression
929:2845,2.95,104.55,0.27196370613206894,irrawaddy_dolphin,Orcaella brevirostris,logistic_regression
929:2846,2.95,104.65,0.27638566586263663,irrawaddy_dolphin,Orcaella brevirostris,logistic_regression
929:2847,2.95,104.75,0.2808517879592584,irrawaddy_dolphin,Orcaella brevirostris,logistic_regression
929:2848,2.95,104.85,0.28536161827613693,irrawaddy_dolphin,Orcaella brevirostris,logistic_regression
929:2899,2.95,109.95,0.5536053739161768,irrawaddy_dolphin,Orcaella brevirostris,logistic_regression
929:2900,2.95,110.05,0.5590899986601213,irrawaddy_dolphin,Orcaella brevirostris,logistic_regression
929:2901,2.95,110.15,0.5645602398669782,irrawaddy_dolphin,Orcaella brevirostris,logistic_regression
929:2902,2.95,110.25,0.5700148091001,irrawaddy_dolphin,Orcaella brevirostris,logistic_regression
929:2903,2.95,110.35,0.5754524330086239,irrawaddy_dolphin,Orcaella brevirostris,logistic_regression
929:2904,2.95,110.45,0.5808718544795369,irrawaddy_dolphin,Orcaella brevirostris,logistic_regression
929:2905,2.95,110.55,0.586271833757044,irrawaddy_dolphin,Orcaella brevirostris,logistic_regression
929:2906,2.95,110.65,0.5916511495272276,irrawaddy_dolphin,Orcaella brevirostris,logistic_regression
929:2907,2.95,110.75,0.5970085999660807,irrawaddy_dolphin,Orcaella brevirostris,logistic_regression
929:2908,2.95,110.85,0.6023430037491551,irrawaddy_dolphin,Orcaella brevirostris,logistic_regression
929:2909,2.95,110.95,0.6076532010211573,irrawaddy_dolphin,Orcaella brevirostris,logistic_regression
929:2910,2.95,111.05,0.6129380543239804,irrawaddy_dolphin,Orcaella brevirostris,logistic_regression
929:2911,2.95,111.15,0.6181964494817935,irrawaddy_dolphin,Orcaella brevirostris,logistic_regression
929:2912,2.95,111.25,0.6234272964419243,irrawaddy_dolphin,Orcaella brevirostris,logistic_regression
929:2913,2.95,111.35,0.6286295300704485,irrawaddy_dolphin,Orcaella brevirostris,logistic_regression
929:2914,2.95,111.45,0.633802110901502,irrawaddy_dolphin,Orcaella brevirostris,logistic_regression
929:2915,2.95,111.55,0.6389440258394969,irrawaddy_dolphin,Orcaella brevirostris,logistic_regression
929:2916,2.95,111.65,0.6440542888135687,irrawaddy_dolphin,Orcaella brevirostris,logistic_regression
929:2917,2.95,111.75,0.6491319413836896,irrawaddy_dolphin,Orcaella brevirostris,logistic_regression
929:2918,2.95,111.85,0.6541760532980733,irrawaddy_dolphin,Orcaella brevirostris,logistic_regression
929:2919,2.95,111.95,0.6591857230015881,irrawaddy_dolphin,Orcaella brevirostris,logistic_regression
929:2920,2.95,112.05,0.6641600780950592,irrawaddy_dolphin,Orcaella brevirostris,logistic_regression
929:2921,2.95,112.15,0.6690982757454738,irrawaddy_dolphin,Orcaella brevirostris,logistic_regression
930:2808,3.05,100.85,0.1310585614004968,irrawaddy_dolphin,Orcaella brevirostris,logistic_regression
930:2809,3.05,100.95,0.1336099436335623,irrawaddy_dolphin,Orcaella brevirostris,logistic_regression
930:2810,3.05,101.05,0.136203209466242,irrawaddy_dolphin,Orcaella brevirostris,logistic_regression
930:2811,3.05,101.15,0.1388387426922596,irrawaddy_dolphin,Orcaella brevirostris,logistic_regression
930:2813,3.05,101.35,0.1442381029557264,irrawaddy_dolphin,Orcaella brevirostris,logistic_regression
930:2834,3.05,103.45,0.21183714973034734,irrawaddy_dolphin,Orcaella brevirostris,logistic_regression
930:2835,3.05,103.55,0.21557096182109664,irrawaddy_dolphin,Orcaella brevirostris,logistic_regression
930:2836,3.05,103.65,0.21935226963413335,irrawaddy_dolphin,Orcaella brevirostris,logistic_regression
930:2837,3.05,103.75,0.22318103386491084,irrawaddy_dolphin,Orcaella brevirostris,logistic_regression
930:2838,3.05,103.85,0.2270571904926153,irrawaddy_dolphin,Orcaella brevirostris,logistic_regression
930:2839,3.05,103.95,0.2309806502143516,irrawaddy_dolphin,Orcaella brevirostris,logistic_regression
930:2840,3.05,104.05,0.23495129789572491,irrawaddy_dolphin,Orcaella brevirostris,logistic_regression
930:2841,3.05,104.15,0.23896899203940414,irrawaddy_dolphin,Orcaella brevirostris,logistic_regression
930:2842,3.05,104.25,0.2430335642732504,irrawaddy_dolphin,Orcaella brevirostris,logistic_regression
930:2843,3.05,104.35,0.24714481885963804,irrawaddy_dolphin,Orcaella brevirostris,logistic_regression
930:2844,3.05,104.45,0.2513025322275721,irrawaddy_dolphin,Orcaella brevirostris,logistic_regression
930:2845,3.05,104.55,0.25550645252923,irrawaddy_dolphin,Orcaella brevirostris,logistic_regression
930:2846,3.05,104.65,0.2597562992225526,irrawaddy_dolphin,Orcaella brevirostris,logistic_regression
930:2847,3.05,104.75,0.26405176268148406,irrawaddy_dolphin,Orcaella brevirostris,logistic_regression
930:2899,3.05,109.95,0.5325724284449022,irrawaddy_dolphin,Orcaella brevirostris,logistic_regression
930:2900,3.05,110.05,0.5380998608880985,irrawaddy_dolphin,Orcaella brevirostris,logistic_regression
930:2901,3.05,110.15,0.543617942419313,irrawaddy_dolphin,Orcaella brevirostris,logistic_regression
930:2902,3.05,110.25,0.5491253381460773,irrawaddy_dolphin,Orcaella brevirostris,logistic_regression
930:2903,3.05,110.35,0.5546207236053889,irrawaddy_dolphin,Orcaella brevirostris,logistic_regression
930:2904,3.05,110.45,0.5601027860200761,irrawaddy_dolphin,Orcaella brevirostris,logistic_regression
930:2905,3.05,110.55,0.5655702255311315,irrawaddy_dolphin,Orcaella brevirostris,logistic_regression
930:2906,3.05,110.65,0.5710217564036175,irrawaddy_dolphin,Orcaella brevirostris,logistic_regression
930:2907,3.05,110.75,0.5764561082038079,irrawaddy_dolphin,Orcaella brevirostris,logistic_regression
930:2908,3.05,110.85,0.5818720269453702,irrawaddy_dolphin,Orcaella brevirostris,logistic_regression
930:2909,3.05,110.95,0.5872682762024625,irrawaddy_dolphin,Orcaella brevirostris,logistic_regression
930:2910,3.05,111.05,0.5926436381877536,irrawaddy_dolphin,Orcaella brevirostris,logistic_regression
930:2911,3.05,111.15,0.5979969147934965,irrawaddy_dolphin,Orcaella brevirostris,logistic_regression
930:2912,3.05,111.25,0.60332692859388,irrawaddy_dolphin,Orcaella brevirostris,logistic_regression
930:2913,3.05,111.35,0.6086325238070562,irrawaddy_dolphin,Orcaella brevirostris,logistic_regression
930:2914,3.05,111.45,0.613912567215329,irrawaddy_dolphin,Orcaella brevirostris,logistic_regression
930:2915,3.05,111.55,0.6191659490421529,irrawaddy_dolphin,Orcaella brevirostris,logistic_regression
930:2916,3.05,111.65,0.6243915837847267,irrawaddy_dolphin,Orcaella brevirostris,logistic_regression
930:2917,3.05,111.75,0.6295884110010844,irrawaddy_dolphin,Orcaella brevirostris,logistic_regression
930:2918,3.05,111.85,0.6347553960507616,irrawaddy_dolphin,Orcaella brevirostris,logistic_regression
930:2919,3.05,111.95,0.6398915307882241,irrawaddy_dolphin,Orcaella brevirostris,logistic_regression
930:2920,3.05,112.05,0.6449958342084069,irrawaddy_dolphin,Orcaella brevirostris,logistic_regression
930:2921,3.05,112.15,0.6500673530438548,irrawaddy_dolphin,Orcaella brevirostris,logistic_regression
930:2922,3.05,112.25,0.6551051623130723,irrawaddy_dolphin,Orcaella brevirostris,logistic_regression
930:2923,3.05,112.35,0.6601083658198674,irrawaddy_dolphin,Orcaella brevirostris,logistic_regression
930:2924,3.05,112.45,0.665076096603568,irrawaddy_dolphin,Orcaella brevirostris,logistic_regression
930:2925,3.05,112.55,0.6700075173401502,irrawaddy_dolphin,Orcaella brevirostris,logistic_regression
930:2926,3.05,112.65,0.6749018206944484,irrawaddy_dolphin,Orcaella brevirostris,logistic_regression
931:2807,3.15,100.75,0.11934718874607644,irrawaddy_dolphin,Orcaella brevirostris,logistic_regression
931:2808,3.15,100.85,0.12170251192181716,irrawaddy_dolphin,Orcaella brevirostris,logistic_regression
931:2809,3.15,100.95,0.1240977674248971,irrawaddy_dolphin,Orcaella brevirostris,logistic_regression
931:2810,3.15,101.05,0.12653337298024478,irrawaddy_dolphin,Orcaella brevirostris,logistic_regression
931:2811,3.15,101.15,0.12900974024646766,irrawaddy_dolphin,Orcaella brevirostris,logistic_regression
931:2812,3.15,101.25,0.13152727431318506,irrawaddy_dolphin,Orcaella brevirostris,logistic_regression
931:2834,3.15,103.45,0.1980286514593698,irrawaddy_dolphin,Orcaella brevirostris,logistic_regression
931:2835,3.15,103.55,0.20158132570267692,irrawaddy_dolphin,Orcaella brevirostris,logistic_regression
931:2836,3.15,103.65,0.20518142909916626,irrawaddy_dolphin,Orcaella brevirostris,logistic_regression
931:2837,3.15,103.75,0.20882901119636663,irrawaddy_dolphin,Orcaella brevirostris,logistic_regression
931:2838,3.15,103.85,0.2125240991073185,irrawaddy_dolphin,Orcaella brevirostris,logistic_regression
931:2839,3.15,103.95,0.21626669689629724,irrawaddy_dolphin,Orcaella brevirostris,logistic_regression
931:2840,3.15,104.05,0.22005678497513118,irrawaddy_dolphin,Orcaella brevirostris,logistic_regression
931:2841,3.15,104.15,0.22389431951159852,irrawaddy_dolphin,Orcaella brevirostris,logistic_regression
931:2842,3.15,104.25,0.22777923185140084,irrawaddy_dolphin,Orcaella brevirostris,logistic_regression
931:2843,3.15,104.35,0.2317114279552688,irrawaddy_dolphin,Orcaella brevirostris,logistic_regression
931:2844,3.15,104.45,0.23569078785274813,irrawaddy_dolphin,Orcaella brevirostris,logistic_regression
931:2845,3.15,104.55,0.23971716511425706,irrawaddy_dolphin,Orcaella brevirostris,logistic_regression
931:2846,3.15,104.65,0.24379038634301894,irrawaddy_dolphin,Orcaella brevirostris,logistic_regression
931:2847,3.15,104.75,0.24791025068846992,irrawaddy_dolphin,Orcaella brevirostris,logistic_regression
931:2899,3.15,109.95,0.51142307457117,irrawaddy_dolphin,Orcaella brevirostris,logistic_regression
931:2900,3.15,110.05,0.5169737738817262,irrawaddy_dolphin,Orcaella brevirostris,logistic_regression
931:2901,3.15,110.15,0.5225202877920643,irrawaddy_dolphin,Orcaella brevirostris,logistic_regression
931:2902,3.15,110.25,0.5280612535111807,irrawaddy_dolphin,Orcaella brevirostris,logistic_regression
931:2903,3.15,110.35,0.5335953137090128,irrawaddy_dolphin,Orcaella brevirostris,logistic_regression
931:2904,3.15,110.45,0.5391211178409597,irrawaddy_dolphin,Orcaella brevirostris,logistic_regression
931:2905,3.15,110.55,0.5446373234582638,irrawaddy_dolphin,Orcaella brevirostris,logistic_regression
931:2906,3.15,110.65,0.5501425975015743,irrawaddy_dolphin,Orcaella brevirostris,logistic_regression
931:2907,3.15,110.75,0.555635617575053,irrawaddy_dolphin,Orcaella brevirostris,logistic_regression
931:2908,3.15,110.85,0.561115073198485,irrawaddy_dolphin,Orcaella brevirostris,logistic_regression
931:2909,3.15,110.95,0.5665796670349043,irrawaddy_dolphin,Orcaella brevirostris,logistic_regression
931:2910,3.15,111.05,0.5720281160913451,irrawaddy_dolphin,Orcaella brevirostris,logistic_regression
931:2911,3.15,111.15,0.5774591528904307,irrawaddy_dolphin,Orcaella brevirostris,logistic_regression
931:2912,3.15,111.25,0.5828715266105837,irrawaddy_dolphin,Orcaella brevirostris,logistic_regression
931:2913,3.15,111.35,0.5882640041927895,irrawaddy_dolphin,Orcaella brevirostris,logistic_regression
931:2914,3.15,111.45,0.5936353714119208,irrawaddy_dolphin,Orcaella brevirostris,logistic_regression
931:2915,3.15,111.55,0.598984433910772,irrawaddy_dolphin,Orcaella brevirostris,logistic_regression
931:2916,3.15,111.65,0.6043100181950825,irrawaddy_dolphin,Orcaella brevirostris,logistic_regression
931:2917,3.15,111.75,0.6096109725879241,irrawaddy_dolphin,Orcaella brevirostris,logistic_regression
931:2918,3.15,111.85,0.6148861681420086,irrawaddy_dolphin,Orcaella brevirostris,logistic_regression
931:2919,3.15,111.95,0.6201344995085607,irrawaddy_dolphin,Orcaella brevirostris,logistic_regression
931:2920,3.15,112.05,0.6253548857615681,irrawaddy_dolphin,Orcaella brevirostris,logistic_regression
931:2921,3.15,112.15,0.6305462711763625,irrawaddy_dolphin,Orcaella brevirostris,logistic_regression
931:2922,3.15,112.25,0.6357076259615967,irrawaddy_dolphin,Orcaella brevirostris,logistic_regression
931:2923,3.15,112.35,0.6408379469438685,irrawaddy_dolphin,Orcaella brevirostris,logistic_regression
931:2924,3.15,112.45,0.6459362582043419,irrawaddy_dolphin,Orcaella brevirostris,logistic_regression
931:2925,3.15,112.55,0.6510016116668843,irrawaddy_dolphin,Orcaella brevirostris,logistic_regression
931:2926,3.15,112.65,0.6560330876373756,irrawaddy_dolphin,Orcaella brevirostris,logistic_regression
931:2927,3.15,112.75,0.6610297952939597,irrawaddy_dolphin,Orcaella brevirostris,logistic_regression
931:2928,3.15,112.85,0.6659908731281843,irrawaddy_dolphin,Orcaella brevirostris,logistic_regression
931:2929,3.15,112.95,0.6709154893370649,irrawaddy_dolphin,Orcaella brevirostris,logistic_regression
931:2933,3.15,113.35,0.6902337594126501,irrawaddy_dolphin,Orcaella brevirostris,logistic_regression
931:2997,3.15,119.75,0.9023270896734035,irrawaddy_dolphin,Orcaella brevirostris,logistic_regression
931:2998,3.15,119.85,0.9042680540038166,irrawaddy_dolphin,Orcaella brevirostris,logistic_regression
931:2999,3.15,119.95,0.9061744580074804,irrawaddy_dolphin,Orcaella brevirostris,logistic_regression
932:2805,3.25,100.55,0.10641995603376835,irrawaddy_dolphin,Orcaella brevirostris,logistic_regression
932:2806,3.25,100.65,0.10855160630195795,irrawaddy_dolphin,Orcaella brevirostris,logistic_regression
932:2807,3.25,100.75,0.11072066410845209,irrawaddy_dolphin,Orcaella brevirostris,logistic_regression
932:2808,3.25,100.85,0.11292757314725915,irrawaddy_dolphin,Orcaella brevirostris,logistic_regression
932:2809,3.25,100.95,0.11517277371724786,irrawaddy_dolphin,Orcaella brevirostris,logistic_regression
932:2810,3.25,101.05,0.11745670229394387,irrawaddy_dolphin,Orcaella brevirostris,logistic_regression
932:2811,3.25,101.15,0.11977979108828615,irrawaddy_dolphin,Orcaella brevirostris,logistic_regression
932:2812,3.25,101.25,0.12214246759239479,irrawaddy_dolphin,Orcaella brevirostris,logistic_regression
932:2834,3.25,103.45,0.18490908280879972,irrawaddy_dolphin,Orcaella brevirostris,logistic_regression
932:2835,3.25,103.55,0.18828164743789194,irrawaddy_dolphin,Orcaella brevirostris,logistic_regression
932:2836,3.25,103.65,0.19170125732536258,irrawaddy_dolphin,Orcaella brevirostris,logistic_regression
932:2837,3.25,103.75,0.19516804182020747,irrawaddy_dolphin,Orcaella brevirostris,logistic_regression
932:2838,3.25,103.85,0.1986821102524854,irrawaddy_dolphin,Orcaella brevirostris,logistic_regression
932:2839,3.25,103.95,0.2022435512915673,irrawaddy_dolphin,Orcaella brevirostris,logistic_regression
932:2840,3.25,104.05,0.20585243230967434,irrawaddy_dolphin,Orcaella brevirostris,logistic_regression
932:2841,3.25,104.15,0.20950879875204317,irrawaddy_dolphin,Orcaella brevirostris,logistic_regression
932:2842,3.25,104.25,0.2132126735150823,irrawaddy_dolphin,Orcaella brevirostris,logistic_regression
932:2843,3.25,104.35,0.21696405633395047,irrawaddy_dolphin,Orcaella brevirostris,logistic_regression
932:2844,3.25,104.45,0.22076292318099444,irrawaddy_dolphin,Orcaella brevirostris,logistic_regression
932:2845,3.25,104.55,0.22460922567653888,irrawaddy_dolphin,Orcaella brevirostris,logistic_regression
932:2846,3.25,104.65,0.22850289051354772,irrawaddy_dolphin,Orcaella brevirostris,logistic_regression
932:2847,3.25,104.75,0.23244381889768923,irrawaddy_dolphin,Orcaella brevirostris,logistic_regression
932:2899,3.25,109.95,0.49023274422505886,irrawaddy_dolphin,Orcaella brevirostris,logistic_regression
932:2900,3.25,110.05,0.49578683745969876,irrawaddy_dolphin,Orcaella brevirostris,logistic_regression
932:2901,3.25,110.15,0.5013419707023501,irrawaddy_dolphin,Orcaella brevirostris,logistic_regression
932:2902,3.25,110.25,0.506896772661955,irrawaddy_dolphin,Orcaella brevirostris,logistic_regression
932:2903,3.25,110.35,0.5124498723745226,irrawaddy_dolphin,Orcaella brevirostris,logistic_regression
932:2904,3.25,110.45,0.5179999005561711,irrawaddy_dolphin,Orcaella brevirostris,logistic_regression
932:2905,3.25,110.55,0.5235454909526488,irrawaddy_dolphin,Orcaella brevirostris,logistic_regression
932:2906,3.25,110.65,0.5290852816825146,irrawaddy_dolphin,Orcaella brevirostris,logistic_regression
932:2907,3.25,110.75,0.5346179165711618,irrawaddy_dolphin,Orcaella brevirostris,logistic_regression
932:2908,3.25,110.85,0.5401420464729358,irrawaddy_dolphin,Orcaella brevirostris,logistic_regression
932:2909,3.25,110.95,0.5456563305786054,irrawaddy_dolphin,Orcaella brevirostris,logistic_regression
932:2910,3.25,111.05,0.5511594377055171,irrawaddy_dolphin,Orcaella brevirostris,logistic_regression
932:2911,3.25,111.15,0.5566500475678334,irrawaddy_dolphin,Orcaella brevirostris,logistic_regression
932:2912,3.25,111.25,0.5621268520242892,irrawaddy_dolphin,Orcaella brevirostris,logistic_regression
932:2913,3.25,111.35,0.5675885563010331,irrawaddy_dolphin,Orcaella brevirostris,logistic_regression
932:2914,3.25,111.45,0.5730338801871536,irrawaddy_dolphin,Orcaella brevirostris,logistic_regression
932:2915,3.25,111.55,0.5784615592006218,irrawaddy_dolphin,Orcaella brevirostris,logistic_regression
932:2916,3.25,111.65,0.58387034572248,irrawaddy_dolphin,Orcaella brevirostris,logistic_regression
932:2917,3.25,111.75,0.5892590100971862,irrawaddy_dolphin,Orcaella brevirostris,logistic_regression
932:2918,3.25,111.85,0.5946263416971859,irrawaddy_dolphin,Orcaella brevirostris,logistic_regression
932:2919,3.25,111.95,0.5999711499498577,irrawaddy_dolphin,Orcaella brevirostris,logistic_regression
932:2920,3.25,112.05,0.6052922653251316,irrawaddy_dolphin,Orcaella brevirostris,logistic_regression
932:2921,3.25,112.15,0.6105885402822119,irrawaddy_dolphin,Orcaella brevirostris,logistic_regression
932:2922,3.25,112.25,0.6158588501739369,irrawaddy_dolphin,Orcaella brevirostris,logistic_regression
932:2923,3.25,112.35,0.6211020941074937,irrawaddy_dolphin,Orcaella brevirostris,logistic_regression
932:2924,3.25,112.45,0.6263171957602961,irrawaddy_dolphin,Orcaella brevirostris,logistic_regression
932:2925,3.25,112.55,0.631503104150006,irrawaddy_dolphin,Orcaella brevirostris,logistic_regression
932:2926,3.25,112.65,0.6366587943578155,irrawaddy_dolphin,Orcaella brevirostris,logistic_regression
932:2927,3.25,112.75,0.6417832682042275,irrawaddy_dolphin,Orcaella brevirostris,logistic_regression
932:2928,3.25,112.85,0.6468755548767506,irrawaddy_dolphin,Orcaella brevirostris,logistic_regression
932:2929,3.25,112.95,0.6519347115090257,irrawaddy_dolphin,Orcaella brevirostris,logistic_regression
932:2930,3.25,113.05,0.6569598237110702,irrawaddy_dolphin,Orcaella brevirostris,logistic_regression
932:2994,3.25,119.45,0.8881434232298879,irrawaddy_dolphin,Orcaella brevirostris,logistic_regression
932:2995,3.25,119.55,0.8903319896911616,irrawaddy_dolphin,Orcaella brevirostris,logistic_regression
932:2996,3.25,119.65,0.892482918887751,irrawaddy_dolphin,Orcaella brevirostris,logistic_regression
932:2997,3.25,119.75,0.8945966560044464,irrawaddy_dolphin,Orcaella brevirostris,logistic_regression
932:2998,3.25,119.85,0.8966736490101761,irrawaddy_dolphin,Orcaella brevirostris,logistic_regression
933:2804,3.35,100.45,0.09666535707298357,irrawaddy_dolphin,Orcaella brevirostris,logistic_regression
933:2805,3.35,100.55,0.09862318227713267,irrawaddy_dolphin,Orcaella brevirostris,logistic_regression
933:2806,3.35,100.65,0.1006162438805562,irrawaddy_dolphin,Orcaella brevirostris,logistic_regression
933:2807,3.35,100.75,0.10264499634587405,irrawaddy_dolphin,Orcaella brevirostris,logistic_regression
933:2808,3.35,100.85,0.10470989261952916,irrawaddy_dolphin,Orcaella brevirostris,logistic_regression
933:2809,3.35,100.95,0.10681138376638911,irrawaddy_dolphin,Orcaella brevirostris,logistic_regression
933:2810,3.35,101.05,0.10894991859137944,irrawaddy_dolphin,Orcaella brevirostris,logistic_regression
933:2811,3.35,101.15,0.11112594324809014,irrawaddy_dolphin,Orcaella brevirostris,logistic_regression
933:2834,3.35,103.45,0.17247177064442595,irrawaddy_dolphin,Orcaella brevirostris,logistic_regression
933:2835,3.35,103.55,0.1756663796093708,irrawaddy_dolphin,Orcaella brevirostris,logistic_regression
933:2836,3.35,103.65,0.17890736801266358,irrawaddy_dolphin,Orcaella brevirostris,logistic_regression
933:2837,3.35,103.75,0.18219493562661646,irrawaddy_dolphin,Orcaella brevirostris,logistic_regression
933:2838,3.35,103.85,0.18552926467907033,irrawaddy_dolphin,Orcaella brevirostris,logistic_regression
933:2839,3.35,103.95,0.18891051920293464,irrawaddy_dolphin,Orcaella brevirostris,logistic_regression
933:2840,3.35,104.05,0.19233884438633664,irrawaddy_dolphin,Orcaella brevirostris,logistic_regression
933:2841,3.35,104.15,0.1958143659245448,irrawaddy_dolphin,Orcaella brevirostris,logistic_regression
933:2842,3.35,104.25,0.19933718937486294,irrawaddy_dolphin,Orcaella brevirostris,logistic_regression
933:2843,3.35,104.35,0.20290739951576425,irrawaddy_dolphin,Orcaella brevirostris,logistic_regression
933:2844,3.35,104.45,0.2065250597115517,irrawaddy_dolphin,Orcaella brevirostris,logistic_regression
933:2845,3.35,104.55,0.2101902112838931,irrawaddy_dolphin,Orcaella brevirostris,logistic_regression
933:2846,3.35,104.65,0.21390287289161822,irrawaddy_dolphin,Orcaella brevirostris,logistic_regression
933:2847,3.35,104.75,0.21766303992018832,irrawaddy_dolphin,Orcaella brevirostris,logistic_regression
933:2899,3.35,109.95,0.4690774555644602,irrawaddy_dolphin,Orcaella brevirostris,logistic_regression
933:2900,3.35,110.05,0.47461502116049054,irrawaddy_dolphin,Orcaella brevirostris,logistic_regression
933:2901,3.35,110.15,0.48015883726530706,irrawaddy_dolphin,Orcaella brevirostris,logistic_regression
933:2902,3.35,110.25,0.48570754374430997,irrawaddy_dolphin,Orcaella brevirostris,logistic_regression
933:2903,3.35,110.35,0.4912597756461489,irrawaddy_dolphin,Orcaella brevirostris,logistic_regression
933:2904,3.35,110.45,0.4968141645431701,irrawaddy_dolphin,Orcaella brevirostris,logistic_regression
933:2905,3.35,110.55,0.5023693398791421,irrawaddy_dolphin,Orcaella brevirostris,logistic_regression
933:2906,3.35,110.65,0.5079239303214506,irrawaddy_dolphin,Orcaella brevirostris,logistic_regression
933:2907,3.35,110.75,0.5134765651149107,irrawaddy_dolphin,Orcaella brevirostris,logistic_regression
933:2908,3.35,110.85,0.5190258754343797,irrawaddy_dolphin,Orcaella brevirostris,logistic_regression
933:2909,3.35,110.95,0.524570495733315,irrawaddy_dolphin,Orcaella brevirostris,logistic_regression
933:2910,3.35,111.05,0.5301090650854673,irrawaddy_dolphin,Orcaella brevirostris,logistic_regression
933:2911,3.35,111.15,0.5356402285169182,irrawaddy_dolphin,Orcaella brevirostris,logistic_regression
933:2912,3.35,111.25,0.5411626383256839,irrawaddy_dolphin,Orcaella brevirostris,logistic_regression
933:2913,3.35,111.35,0.546674955386191,irrawaddy_dolphin,Orcaella brevirostris,logistic_regression
933:2914,3.35,111.45,0.5521758504359412,irrawaddy_dolphin,Orcaella brevirostris,logistic_regression
933:2915,3.35,111.55,0.557664005341775,irrawaddy_dolphin,Orcaella brevirostris,logistic_regression
933:2916,3.35,111.65,0.5631381143432137,irrawaddy_dolphin,Orcaella brevirostris,logistic_regression
933:2917,3.35,111.75,0.5685968852704144,irrawaddy_dolphin,Orcaella brevirostris,logistic_regression
933:2918,3.35,111.85,0.5740390407344019,irrawaddy_dolphin,Orcaella brevirostris,logistic_regression
933:2919,3.35,111.95,0.5794633192872989,irrawaddy_dolphin,Orcaella brevirostris,logistic_regression
933:2920,3.35,112.05,0.5848684765504011,irrawaddy_dolphin,Orcaella brevirostris,logistic_regression
933:2921,3.35,112.15,0.5902532863080606,irrawaddy_dolphin,Orcaella brevirostris,logistic_regression
933:2922,3.35,112.25,0.5956165415654228,irrawaddy_dolphin,Orcaella brevirostris,logistic_regression
933:2923,3.35,112.35,0.6009570555682313,irrawaddy_dolphin,Orcaella brevirostris,logistic_regression
933:2924,3.35,112.45,0.6062736627829971,irrawaddy_dolphin,Orcaella brevirostris,logistic_regression
933:2925,3.35,112.55,0.6115652198359854,irrawaddy_dolphin,Orcaella brevirostris,logistic_regression
933:2926,3.35,112.65,0.6168306064096086,irrawaddy_dolphin,Orcaella brevirostris,logistic_regression
933:2927,3.35,112.75,0.622068726094922,irrawaddy_dolphin,Orcaella brevirostris,logistic_regression
933:2928,3.35,112.85,0.6272785071991027,irrawaddy_dolphin,Orcaella brevirostris,logistic_regression
933:2929,3.35,112.95,0.6324589035068875,irrawaddy_dolphin,Orcaella brevirostris,logistic_regression
933:2930,3.35,113.05,0.6376088949951179,irrawaddy_dolphin,Orcaella brevirostris,logistic_regression
933:2931,3.35,113.15,0.6427274884996771,irrawaddy_dolphin,Orcaella brevirostris,logistic_regression
933:2992,3.35,119.25,0.8746484257155969,irrawaddy_dolphin,Orcaella brevirostris,logistic_regression
933:2993,3.35,119.35,0.8770644848268946,irrawaddy_dolphin,Orcaella brevirostris,logistic_regression
933:2994,3.35,119.45,0.8794403949779976,irrawaddy_dolphin,Orcaella brevirostris,logistic_regression
933:2995,3.35,119.55,0.8817765766483034,irrawaddy_dolphin,Orcaella brevirostris,logistic_regression
933:2996,3.35,119.65,0.8840734556610303,irrawaddy_dolphin,Orcaella brevirostris,logistic_regression
933:2997,3.35,119.75,0.8863314627118363,irrawaddy_dolphin,Orcaella brevirostris,logistic_regression
934:2803,3.45,100.35,0.08771710791374716,irrawaddy_dolphin,Orcaella brevirostris,logistic_regression
934:2804,3.45,100.45,0.0895116570961608,irrawaddy_dolphin,Orcaella brevirostris,logistic_regression
934:2805,3.45,100.55,0.09133924401185001,irrawaddy_dolphin,Orcaella brevirostris,logistic_regression
934:2806,3.45,100.65,0.09320032571487905,irrawaddy_dolphin,Orcaella brevirostris,logistic_regression
934:2807,3.45,100.75,0.09509535932414183,irrawaddy_dolphin,Orcaella brevirostris,logistic_regression
934:2808,3.45,100.85,0.09702480171894076,irrawaddy_dolphin,Orcaella brevirostris,logistic_regression
934:2809,3.45,100.95,0.0989891092221537,irrawaddy_dolphin,Orcaella brevirostris,logistic_regression
934:2810,3.45,101.05,0.10098873727084362,irrawaddy_dolphin,Orcaella brevirostris,logistic_regression
934:2834,3.45,103.45,0.16070607597717562,irrawaddy_dolphin,Orcaella brevirostris,logistic_regression
934:2835,3.45,103.55,0.16372587214155082,irrawaddy_dolphin,Orcaella brevirostris,logistic_regression
934:2836,3.45,103.65,0.1667911360044256,irrawaddy_dolphin,Orcaella brevirostris,logistic_regression
934:2837,3.45,103.75,0.1699021283189896,irrawaddy_dolphin,Orcaella brevirostris,logistic_regression
934:2838,3.45,103.85,0.173059094761921,irrawaddy_dolphin,Orcaella brevirostris,logistic_regression
934:2839,3.45,103.95,0.17626226529038708,irrawaddy_dolphin,Orcaella brevirostris,logistic_regression
934:2840,3.45,104.05,0.17951185349567883,irrawaddy_dolphin,Orcaella brevirostris,logistic_regression
934:2841,3.45,104.15,0.18280805595445682,irrawaddy_dolphin,Orcaella brevirostris,logistic_regression
934:2842,3.45,104.25,0.18615105157861667,irrawaddy_dolphin,Orcaella brevirostris,logistic_regression
934:2843,3.45,104.35,0.1895410009648613,irrawaddy_dolphin,Orcaella brevirostris,logistic_regression
934:2844,3.45,104.45,0.19297804574508828,irrawaddy_dolphin,Orcaella brevirostris,logistic_regression
934:2845,3.45,104.55,0.19646230793876723,irrawaddy_dolphin,Orcaella brevirostris,logistic_regression
934:2846,3.45,104.65,0.19999388930852746,irrawaddy_dolphin,Orcaella brevirostris,logistic_regression
934:2847,3.45,104.75,0.20357287072020872,irrawaddy_dolphin,Orcaella brevirostris,logistic_regression
934:2899,3.45,109.95,0.4480327253201535,irrawaddy_dolphin,Orcaella brevirostris,logistic_regression
934:2900,3.45,110.05,0.45353407806170554,irrawaddy_dolphin,Orcaella brevirostris,logistic_regression
934:2901,3.45,110.15,0.4590468025538417,irrawaddy_dolphin,Orcaella brevirostris,logistic_regression
934:2902,3.45,110.25,0.4645695691364273,irrawaddy_dolphin,Orcaella brevirostris,logistic_regression
934:2903,3.45,110.35,0.4701010383347367,irrawaddy_dolphin,Orcaella brevirostris,logistic_regression
934:2904,3.45,110.45,0.4756398621468429,irrawaddy_dolphin,Orcaella brevirostris,logistic_regression
934:2905,3.45,110.55,0.48118468534870823,irrawaddy_dolphin,Orcaella brevirostris,logistic_regression
934:2906,3.45,110.65,0.48673414681432137,irrawaddy_dolphin,Orcaella brevirostris,logistic_regression
934:2907,3.45,110.75,0.49228688084814065,irrawaddy_dolphin,Orcaella brevirostris,logistic_regression
934:2908,3.45,110.85,0.4978415185271073,irrawaddy_dolphin,Orcaella brevirostris,logistic_regression
934:2909,3.45,110.95,0.5033966890494077,irrawaddy_dolphin,Orcaella brevirostris,logistic_regression
934:2910,3.45,111.05,0.5089510210871776,irrawaddy_dolphin,Orcaella brevirostris,logistic_regression
934:2911,3.45,111.15,0.5145031441403145,irrawaddy_dolphin,Orcaella brevirostris,logistic_regression
934:2912,3.45,111.25,0.5200516898885438,irrawaddy_dolphin,Orcaella brevirostris,logistic_regression
934:2913,3.45,111.35,0.5255952935389276,irrawaddy_dolphin,Orcaella brevirostris,logistic_regression
934:2914,3.45,111.45,0.5311325951659799,irrawaddy_dolphin,Orcaella brevirostris,logistic_regression
934:2915,3.45,111.55,0.5366622410416066,irrawaddy_dolphin,Orcaella brevirostris,logistic_regression
934:2916,3.45,111.65,0.5421828849521239,irrawaddy_dolphin,Orcaella brevirostris,logistic_regression
934:2917,3.45,111.75,0.5476931894996281,irrawaddy_dolphin,Orcaella brevirostris,logistic_regression
934:2918,3.45,111.85,0.5531918273850905,irrawaddy_dolphin,Orcaella brevirostris,logistic_regression
934:2919,3.45,111.95,0.5586774826705675,irrawaddy_dolphin,Orcaella brevirostris,logistic_regression
934:2920,3.45,112.05,0.5641488520180246,irrawaddy_dolphin,Orcaella brevirostris,logistic_regression
934:2921,3.45,112.15,0.5696046459023476,irrawaddy_dolphin,Orcaella brevirostris,logistic_regression
934:2922,3.45,112.25,0.5750435897961852,irrawaddy_dolphin,Orcaella brevirostris,logistic_regression
934:2923,3.45,112.35,0.5804644253243969,irrawaddy_dolphin,Orcaella brevirostris,logistic_regression
934:2924,3.45,112.45,0.5858659113859574,irrawaddy_dolphin,Orcaella brevirostris,logistic_regression
934:2925,3.45,112.55,0.5912468252412888,irrawaddy_dolphin,Orcaella brevirostris,logistic_regression
934:2926,3.45,112.65,0.5966059635631263,irrawaddy_dolphin,Orcaella brevirostris,logistic_regression
934:2927,3.45,112.75,0.6019421434491052,irrawaddy_dolphin,Orcaella brevirostris,logistic_regression
934:2928,3.45,112.85,0.6072542033944348,irrawaddy_dolphin,Orcaella brevirostris,logistic_regression
934:2929,3.45,112.95,0.6125410042231092,irrawaddy_dolphin,Orcaella brevirostris,logistic_regression
934:2930,3.45,113.05,0.6178014299762696,irrawaddy_dolphin,Orcaella brevirostris,logistic_regression
934:2931,3.45,113.15,0.6230343887564656,irrawaddy_dolphin,Orcaella brevirostris,logistic_regression
934:2990,3.45,119.05,0.8597823586265155,irrawaddy_dolphin,Orcaella brevirostris,logistic_regression
934:2991,3.45,119.15,0.8624398858890109,irrawaddy_dolphin,Orcaella brevirostris,logistic_regression
934:2992,3.45,119.25,0.8650549507249046,irrawaddy_dolphin,Orcaella brevirostris,logistic_regression
934:2993,3.45,119.35,0.8676279325536372,irrawaddy_dolphin,Orcaella brevirostris,logistic_regression
934:2994,3.45,119.45,0.8701592191254115,irrawaddy_dolphin,Orcaella brevirostris,logistic_regression
934:2995,3.45,119.55,0.8726492059787488,irrawaddy_dolphin,Orcaella brevirostris,logistic_regression
934:2996,3.45,119.65,0.8750982959096549,irrawaddy_dolphin,Orcaella brevirostris,logistic_regression
935:2802,3.55,100.25,0.0795242707327003,irrawaddy_dolphin,Orcaella brevirostris,logistic_regression
935:2803,3.55,100.35,0.08116612031461705,irrawaddy_dolphin,Orcaella brevirostris,logistic_regression
935:2804,3.55,100.45,0.08283881672396964,irrawaddy_dolphin,Orcaella brevirostris,logistic_regression
935:2805,3.55,100.55,0.0845428128246679,irrawaddy_dolphin,Orcaella brevirostris,logistic_regression
935:2806,3.55,100.65,0.08627856284311222,irrawaddy_dolphin,Orcaella brevirostris,logistic_regression
935:2807,3.55,100.75,0.08804652212101423,irrawaddy_dolphin,Orcaella brevirostris,logistic_regression
935:2808,3.55,100.85,0.08984714685670915,irrawaddy_dolphin,Orcaella brevirostris,logistic_regression
935:2809,3.55,100.95,0.09168089383474615,irrawaddy_dolphin,Orcaella brevirostris,logistic_regression
935:2810,3.55,101.05,0.09354822014356144,irrawaddy_dolphin,Orcaella brevirostris,logistic_regression
935:2834,3.55,103.45,0.14959791704562786,irrawaddy_dolphin,Orcaella brevirostris,logistic_regression
935:2835,3.55,103.55,0.15244689531652222,irrawaddy_dolphin,Orcaella brevirostris,logistic_regression
935:2836,3.55,103.65,0.15534021932394673,irrawaddy_dolphin,Orcaella brevirostris,logistic_regression
935:2837,3.55,103.75,0.15827820152002017,irrawaddy_dolphin,Orcaella brevirostris,logistic_regression
935:2838,3.55,103.85,0.16126114168675768,irrawaddy_dolphin,Orcaella brevirostris,logistic_regression
935:2839,3.55,103.95,0.16428932631393123,irrawaddy_dolphin,Orcaella brevirostris,logistic_regression
935:2840,3.55,104.05,0.16736302797032376,irrawaddy_dolphin,Orcaella brevirostris,logistic_regression
935:2841,3.55,104.15,0.17048250466915948,irrawaddy_dolphin,Orcaella brevirostris,logistic_regression
935:2842,3.55,104.25,0.17364799922852833,irrawaddy_dolphin,Orcaella brevirostris,logistic_regression
935:2843,3.55,104.35,0.17685973862769785,irrawaddy_dolphin,Orcaella brevirostris,logistic_regression
935:2844,3.55,104.45,0.18011793336023035,irrawaddy_dolphin,Orcaella brevirostris,logistic_regression
935:2845,3.55,104.55,0.18342277678489174,irrawaddy_dolphin,Orcaella brevirostris,logistic_regression
935:2846,3.55,104.65,0.18677444447538602,irrawaddy_dolphin,Orcaella brevirostris,logistic_regression
935:2847,3.55,104.75,0.19017309356998657,irrawaddy_dolphin,Orcaella brevirostris,logistic_regression
935:2899,3.55,109.95,0.4271724963227077,irrawaddy_dolphin,Orcaella brevirostris,logistic_regression
935:2900,3.55,110.05,0.4326184651573517,irrawaddy_dolphin,Orcaella brevirostris,logistic_regression
935:2901,3.55,110.15,0.4380807660689622,irrawaddy_dolphin,Orcaella brevirostris,logistic_regression
935:2902,3.55,110.25,0.4435581182723711,irrawaddy_dolphin,Orcaella brevirostris,logistic_regression
935:2903,3.55,110.35,0.4490492264643255,irrawaddy_dolphin,Orcaella brevirostris,logistic_regression
935:2904,3.55,110.45,0.45455278202009364,irrawaddy_dolphin,Orcaella brevirostris,logistic_regression
935:2905,3.55,110.55,0.4600674642172874,irrawaddy_dolphin,Orcaella brevirostris,logistic_regression
935:2906,3.55,110.65,0.4655919414845296,irrawaddy_dolphin,Orcaella brevirostris,logistic_regression
935:2907,3.55,110.75,0.4711248726724834,irrawaddy_dolphin,Orcaella brevirostris,logistic_regression
935:2908,3.55,110.85,0.47666490834472003,irrawaddy_dolphin,Orcaella brevirostris,logistic_regression
935:2909,3.55,110.95,0.48221069208579437,irrawaddy_dolphin,Orcaella brevirostris,logistic_regression
935:2910,3.55,111.05,0.48776086182385825,irrawaddy_dolphin,Orcaella brevirostris,logistic_regression
935:2911,3.55,111.15,0.4933140511650925,irrawaddy_dolphin,Orcaella brevirostris,logistic_regression
935:2912,3.55,111.25,0.4988688907371694,irrawaddy_dolphin,Orcaella brevirostris,logistic_regression
935:2913,3.55,111.35,0.504424009538966,irrawaddy_dolphin,Orcaella brevirostris,logistic_regression
935:2914,3.55,111.45,0.5099780362936845,irrawaddy_dolphin,Orcaella brevirostris,logistic_regression
935:2915,3.55,111.55,0.5155296008025506,irrawaddy_dolphin,Orcaella brevirostris,logistic_regression
935:2916,3.55,111.65,0.5210773352962598,irrawaddy_dolphin,Orcaella brevirostris,logistic_regression
935:2917,3.55,111.75,0.5266198757813196,irrawaddy_dolphin,Orcaella brevirostris,logistic_regression
935:2918,3.55,111.85,0.5321558633785004,irrawaddy_dolphin,Orcaella brevirostris,logistic_regression
935:2919,3.55,111.95,0.5376839456505905,irrawaddy_dolphin,Orcaella brevirostris,logistic_regression
935:2920,3.55,112.05,0.5432027779167174,irrawaddy_dolphin,Orcaella brevirostris,logistic_regression
935:2921,3.55,112.15,0.5487110245505454,irrawaddy_dolphin,Orcaella brevirostris,logistic_regression
935:2922,3.55,112.25,0.5542073602596909,irrawaddy_dolphin,Orcaella brevirostris,logistic_regression
935:2923,3.55,112.35,0.5596904713438017,irrawaddy_dolphin,Orcaella brevirostris,logistic_regression
935:2924,3.55,112.45,0.5651590569287871,irrawaddy_dolphin,Orcaella brevirostris,logistic_regression
935:2925,3.55,112.55,0.5706118301747873,irrawaddy_dolphin,Orcaella brevirostris,logistic_regression
935:2926,3.55,112.65,0.5760475194555702,irrawaddy_dolphin,Orcaella brevirostris,logistic_regression
935:2927,3.55,112.75,0.5814648695071089,irrawaddy_dolphin,Orcaella brevirostris,logistic_regression
935:2928,3.55,112.85,0.5868626425432487,irrawaddy_dolphin,Orcaella brevirostris,logistic_regression
935:2929,3.55,112.95,0.5922396193364349,irrawaddy_dolphin,Orcaella brevirostris,logistic_regression
935:2930,3.55,113.05,0.5975946002616241,irrawaddy_dolphin,Orcaella brevirostris,logistic_regression
935:2931,3.55,113.15,0.6029264063016209,irrawaddy_dolphin,Orcaella brevirostris,logistic_regression
935:2932,3.55,113.25,0.6082338800121838,irrawaddy_dolphin,Orcaella brevirostris,logistic_regression
935:2988,3.55,118.85,0.8434687728026725,irrawaddy_dolphin,Orcaella brevirostris,logistic_regression
935:2989,3.55,118.95,0.8463802456628481,irrawaddy_dolphin,Orcaella brevirostris,logistic_regression
935:2990,3.55,119.05,0.849247244059003,irrawaddy_dolphin,Orcaella brevirostris,logistic_regression
935:2991,3.55,119.15,0.8520700876630641,irrawaddy_dolphin,Orcaella brevirostris,logistic_regression
935:2992,3.55,119.25,0.8548491078415603,irrawaddy_dolphin,Orcaella brevirostris,logistic_regression
935:2993,3.55,119.35,0.8575846470538905,irrawaddy_dolphin,Orcaella brevirostris,logistic_regression
935:2994,3.55,119.45,0.8602770582595838,irrawaddy_dolphin,Orcaella brevirostris,logistic_regression
935:2995,3.55,119.55,0.8629267043351153,irrawaddy_dolphin,Orcaella brevirostris,logistic_regression
936:2801,3.65,100.15,0.07203622659840088,irrawaddy_dolphin,Orcaella brevirostris,logistic_regression
936:2802,3.65,100.25,0.07353582944147131,irrawaddy_dolphin,Orcaella brevirostris,logistic_regression
936:2803,3.65,100.35,0.07506412478967331,irrawaddy_dolphin,Orcaella brevirostris,logistic_regression
936:2804,3.65,100.45,0.07662155583832231,irrawaddy_dolphin,Orcaella brevirostris,logistic_regression
936:2805,3.65,100.55,0.07820856818132704,irrawaddy_dolphin,Orcaella brevirostris,logistic_regression
936:2806,3.65,100.65,0.07982560961628889,irrawaddy_dolphin,Orcaella brevirostris,logistic_regression
936:2807,3.65,100.75,0.08147312993919194,irrawaddy_dolphin,Orcaella brevirostris,logistic_regression
936:2808,3.65,100.85,0.08315158072844857,irrawaddy_dolphin,Orcaella brevirostris,logistic_regression
936:2809,3.65,100.95,0.08486141511805904,irrawaddy_dolphin,Orcaella brevirostris,logistic_regression
936:2834,3.65,103.45,0.13913028497504776,irrawaddy_dolphin,Orcaella brevirostris,logistic_regression
936:2835,3.65,103.55,0.1418131584836615,irrawaddy_dolphin,Orcaella brevirostris,logistic_regression
936:2836,3.65,103.65,0.1445390801742164,irrawaddy_dolphin,Orcaella brevirostris,logistic_regression
936:2837,3.65,103.75,0.14730840526067857,irrawaddy_dolphin,Orcaella brevirostris,logistic_regression
936:2838,3.65,103.85,0.15012147858736152,irrawaddy_dolphin,Orcaella brevirostris,logistic_regression
936:2839,3.65,103.95,0.15297863403826412,irrawaddy_dolphin,Orcaella brevirostris,logistic_regression
936:2840,3.65,104.05,0.1558801939372836,irrawaddy_dolphin,Orcaella brevirostris,logistic_regression
936:2841,3.65,104.15,0.1588264684398999,irrawaddy_dolphin,Orcaella brevirostris,logistic_regression
936:2842,3.65,104.25,0.16181775491695974,irrawaddy_dolphin,Orcaella brevirostris,logistic_regression
936:2843,3.65,104.35,0.1648543373312638,irrawaddy_dolphin,Orcaella brevirostris,logistic_regression
936:2844,3.65,104.45,0.16793648560768246,irrawaddy_dolphin,Orcaella brevirostris,logistic_regression
936:2845,3.65,104.55,0.17106445499759337,irrawaddy_dolphin,Orcaella brevirostris,logistic_regression
936:2846,3.65,104.65,0.17423848543848294,irrawaddy_dolphin,Orcaella brevirostris,logistic_regression
936:2847,3.65,104.75,0.17745880090958976,irrawaddy_dolphin,Orcaella brevirostris,logistic_regression
936:2900,3.65,110.05,0.41194030280380717,irrawaddy_dolphin,Orcaella brevirostris,logistic_regression
936:2901,3.65,110.15,0.4173335578851281,irrawaddy_dolphin,Orcaella brevirostris,logistic_regression
936:2902,3.65,110.25,0.42274666263781147,irrawaddy_dolphin,Orcaella brevirostris,logistic_regression
936:2903,3.65,110.35,0.4281783833088304,irrawaddy_dolphin,Orcaella brevirostris,logistic_regression
936:2904,3.65,110.45,0.43362746842397226,irrawaddy_dolphin,Orcaella brevirostris,logistic_regression
936:2905,3.65,110.55,0.4390926498959016,irrawaddy_dolphin,Orcaella brevirostris,logistic_regression
936:2906,3.65,110.65,0.4445726441656112,irrawaddy_dolphin,Orcaella brevirostris,logistic_regression
936:2907,3.65,110.75,0.4500661533751475,irrawaddy_dolphin,Orcaella brevirostris,logistic_regression
936:2908,3.65,110.85,0.45557186656943227,irrawaddy_dolphin,Orcaella brevirostris,logistic_regression
936:2909,3.65,110.95,0.46108846092486083,irrawaddy_dolphin,Orcaella brevirostris,logistic_regression
936:2910,3.65,111.05,0.46661460300228763,irrawaddy_dolphin,Orcaella brevirostris,logistic_regression
936:2911,3.65,111.15,0.4721489500219275,irrawaddy_dolphin,Orcaella brevirostris,logistic_regression
936:2912,3.65,111.25,0.4776901511575951,irrawaddy_dolphin,Orcaella brevirostris,logistic_regression
936:2913,3.65,111.35,0.4832368488476802,irrawaddy_dolphin,Orcaella brevirostris,logistic_regression
936:2914,3.65,111.45,0.4887876801201514,irrawaddy_dolphin,Orcaella brevirostris,logistic_regression
936:2915,3.65,111.55,0.4943412779288639,irrawaddy_dolphin,Orcaella brevirostris,logistic_regression
936:2916,3.65,111.65,0.4998962724983984,irrawaddy_dolphin,Orcaella brevirostris,logistic_regression
936:2917,3.65,111.75,0.505451292674608,irrawaddy_dolphin,Orcaella brevirostris,logistic_regression
936:2918,3.65,111.85,0.511004967278067,irrawaddy_dolphin,Orcaella brevirostris,logistic_regression
936:2919,3.65,111.95,0.5165559264575658,irrawaddy_dolphin,Orcaella brevirostris,logistic_regression
936:2920,3.65,112.05,0.5221028030408199,irrawaddy_dolphin,Orcaella brevirostris,logistic_regression
936:2921,3.65,112.15,0.527644233879574,irrawaddy_dolphin,Orcaella brevirostris,logistic_regression
936:2922,3.65,112.25,0.533178861186273,irrawaddy_dolphin,Orcaella brevirostris,logistic_regression
936:2923,3.65,112.35,0.5387053338595461,irrawaddy_dolphin,Orcaella brevirostris,logistic_regression
936:2924,3.65,112.45,0.5442223087957463,irrawaddy_dolphin,Orcaella brevirostris,logistic_regression
936:2925,3.65,112.55,0.5497284521838668,irrawaddy_dolphin,Orcaella brevirostris,logistic_regression
936:2926,3.65,112.65,0.5552224407812104,irrawaddy_dolphin,Orcaella brevirostris,logistic_regression
936:2927,3.65,112.75,0.560702963167235,irrawaddy_dolphin,Orcaella brevirostris,logistic_regression
936:2928,3.65,112.85,0.5661687209731137,irrawaddy_dolphin,Orcaella brevirostris,logistic_regression
936:2929,3.65,112.95,0.5716184300845908,irrawaddy_dolphin,Orcaella brevirostris,logistic_regression
936:2930,3.65,113.05,0.5770508218158382,irrawaddy_dolphin,Orcaella brevirostris,logistic_regression
936:2931,3.65,113.15,0.5824646440521114,irrawaddy_dolphin,Orcaella brevirostris,logistic_regression
936:2932,3.65,113.25,0.5878586623590938,irrawaddy_dolphin,Orcaella brevirostris,logistic_regression
936:2933,3.65,113.35,0.5932316610569606,irrawaddy_dolphin,Orcaella brevirostris,logistic_regression
936:2987,3.65,118.75,0.8288178432343474,irrawaddy_dolphin,Orcaella brevirostris,logistic_regression
936:2988,3.65,118.85,0.8319475285147561,irrawaddy_dolphin,Orcaella brevirostris,logistic_regression
936:2989,3.65,118.95,0.8350313834421783,irrawaddy_dolphin,Orcaella brevirostris,logistic_regression
936:2990,3.65,119.05,0.8380696627076476,irrawaddy_dolphin,Orcaella brevirostris,logistic_regression
936:2991,3.65,119.15,0.8410626356995236,irrawaddy_dolphin,Orcaella brevirostris,logistic_regression
936:2992,3.65,119.25,0.8440105858677327,irrawaddy_dolphin,Orcaella brevirostris,logistic_regression
936:2993,3.65,119.35,0.8469138100936603,irrawaddy_dolphin,Orcaella brevirostris,logistic_regression
936:2994,3.65,119.45,0.8497726180664791,irrawaddy_dolphin,Orcaella brevirostris,logistic_regression
936:2995,3.65,119.55,0.8525873316666536,irrawaddy_dolphin,Orcaella brevirostris,logistic_regression
937:2800,3.75,100.05,0.06520331507586942,irrawaddy_dolphin,Orcaella brevirostris,logistic_regression
937:2801,3.75,100.15,0.06657087918255954,irrawaddy_dolphin,Orcaella brevirostris,logistic_regression
937:2802,3.75,100.25,0.06796504094153243,irrawaddy_dolphin,Orcaella brevirostris,logistic_regression
937:2803,3.75,100.35,0.0693862295856094,irrawaddy_dolphin,Orcaella brevirostris,logistic_regression
937:2804,3.75,100.45,0.07083487754691356,irrawaddy_dolphin,Orcaella brevirostris,logistic_regression
937:2805,3.75,100.55,0.07231142030857088,irrawaddy_dolphin,Orcaella brevirostris,logistic_regression
937:2806,3.75,100.65,0.07381629624722001,irrawaddy_dolphin,Orcaella brevirostris,logistic_regression
937:2807,3.75,100.75,0.07534994646606932,irrawaddy_dolphin,Orcaella brevirostris,logistic_regression
937:2808,3.75,100.85,0.07691281461825225,irrawaddy_dolphin,Orcaella brevirostris,logistic_regression
937:2833,3.75,103.35,0.12680288046295513,irrawaddy_dolphin,Orcaella brevirostris,logistic_regression
937:2834,3.75,103.45,0.12928374153351305,irrawaddy_dolphin,Orcaella brevirostris,logistic_regression
937:2835,3.75,103.55,0.1318058133963536,irrawaddy_dolphin,Orcaella brevirostris,logistic_regression
937:2836,3.75,103.65,0.1343694932486895,irrawaddy_dolphin,Orcaella brevirostris,logistic_regression
937:2837,3.75,103.75,0.13697517061842257,irrawaddy_dolphin,Orcaella brevirostris,logistic_regression
937:2838,3.75,103.85,0.13962322682425568,irrawaddy_dolphin,Orcaella brevirostris,logistic_regression
937:2839,3.75,103.95,0.1423140344244615,irrawaddy_dolphin,Orcaella brevirostris,logistic_regression
937:2840,3.75,104.05,0.14504795665468856,irrawaddy_dolphin,Orcaella brevirostris,logistic_regression
937:2841,3.75,104.15,0.1478253468552272,irrawaddy_dolphin,Orcaella brevirostris,logistic_regression
937:2842,3.75,104.25,0.15064654788818885,irrawaddy_dolphin,Orcaella brevirostris,logistic_regression
937:2843,3.75,104.35,0.15351189154511832,irrawaddy_dolphin,Orcaella brevirostris,logistic_regression
937:2844,3.75,104.45,0.15642169794558228,irrawaddy_dolphin,Orcaella brevirostris,logistic_regression
937:2845,3.75,104.55,0.1593762749273401,irrawaddy_dolphin,Orcaella brevirostris,logistic_regression
937:2846,3.75,104.65,0.1623759174287488,irrawaddy_dolphin,Orcaella brevirostris,logistic_regression
937:2847,3.75,104.75,0.16542090686409056,irrawaddy_dolphin,Orcaella brevirostris,logistic_regression
937:2900,3.75,110.05,0.3915684037378717,irrawaddy_dolphin,Orcaella brevirostris,logistic_regression
937:2901,3.75,110.15,0.39687494665493556,irrawaddy_dolphin,Orcaella brevirostris,logistic_regression
937:2902,3.75,110.25,0.4022058646949502,irrawaddy_dolphin,Orcaella brevirostris,logistic_regression
937:2903,3.75,110.35,0.4075600012374476,irrawaddy_dolphin,Orcaella brevirostris,logistic_regression
937:2904,3.75,110.45,0.41293617805376054,irrawaddy_dolphin,Orcaella brevirostris,logistic_regression
937:2905,3.75,110.55,0.4183331962706001,irrawaddy_dolphin,Orcaella brevirostris,logistic_regression
937:2906,3.75,110.65,0.4237498373739204,irrawaddy_dolphin,Orcaella brevirostris,logistic_regression
937:2907,3.75,110.75,0.42918486425141467,irrawaddy_dolphin,Orcaella brevirostris,logistic_regression
937:2908,3.75,110.85,0.43463702227191087,irrawaddy_dolphin,Orcaella brevirostris,logistic_regression
937:2909,3.75,110.95,0.4401050403997593,irrawaddy_dolphin,Orcaella brevirostris,logistic_regression
937:2910,3.75,111.05,0.44558763234222437,irrawaddy_dolphin,Orcaella brevirostris,logistic_regression
937:2911,3.75,111.15,0.45108349772776885,irrawaddy_dolphin,Orcaella brevirostris,logistic_regression
937:2912,3.75,111.25,0.456591323312994,irrawaddy_dolphin,Orcaella brevirostris,logistic_regression
937:2913,3.75,111.35,0.46210978421593857,irrawaddy_dolphin,Orcaella brevirostris,logistic_regression
937:2914,3.75,111.45,0.46763754517330564,irrawaddy_dolphin,Orcaella brevirostris,logistic_regression
937:2915,3.75,111.55,0.4731732618191296,irrawaddy_dolphin,Orcaella brevirostris,logistic_regression
937:2916,3.75,111.65,0.47871558198232034,irrawaddy_dolphin,Orcaella brevirostris,logistic_regression
937:2917,3.75,111.75,0.48426314700042594,irrawaddy_dolphin,Orcaella brevirostris,logistic_regression
937:2918,3.75,111.85,0.48981459304694314,irrawaddy_dolphin,Orcaella brevirostris,logistic_regression
937:2919,3.75,111.95,0.49536855246941136,irrawaddy_dolphin,Orcaella brevirostris,logistic_regression
937:2920,3.75,112.05,0.5009236551355135,irrawaddy_dolphin,Orcaella brevirostris,logistic_regression
937:2921,3.75,112.15,0.5064785297843836,irrawaddy_dolphin,Orcaella brevirostris,logistic_regression
937:2922,3.75,112.25,0.5120318053802669,irrawaddy_dolphin,Orcaella brevirostris,logistic_regression
937:2923,3.75,112.35,0.517582112465722,irrawaddy_dolphin,Orcaella brevirostris,logistic_regression
937:2924,3.75,112.45,0.5231280845115035,irrawaddy_dolphin,Orcaella brevirostris,logistic_regression
937:2925,3.75,112.55,0.5286683592603125,irrawaddy_dolphin,Orcaella brevirostris,logistic_regression
937:2926,3.75,112.65,0.5342015800616163,irrawaddy_dolphin,Orcaella brevirostris,logistic_regression
937:2927,3.75,112.75,0.5397263971947485,irrawaddy_dolphin,Orcaella brevirostris,logistic_regression
937:2928,3.75,112.85,0.5452414691775824,irrawaddy_dolphin,Orcaella brevirostris,logistic_regression
937:2929,3.75,112.95,0.5507454640580832,irrawaddy_dolphin,Orcaella brevirostris,logistic_regression
937:2930,3.75,113.05,0.5562370606861263,irrawaddy_dolphin,Orcaella brevirostris,logistic_regression
937:2931,3.75,113.15,0.5617149499630456,irrawaddy_dolphin,Orcaella brevirostris,logistic_regression
937:2932,3.75,113.25,0.5671778360664232,irrawaddy_dolphin,Orcaella brevirostris,logistic_regression
937:2933,3.75,113.35,0.5726244376477603,irrawaddy_dolphin,Orcaella brevirostris,logistic_regression
937:2985,3.75,118.55,0.8096990752402986,irrawaddy_dolphin,Orcaella brevirostris,logistic_regression
937:2986,3.75,118.65,0.8130994816053767,irrawaddy_dolphin,Orcaella brevirostris,logistic_regression
937:2987,3.75,118.75,0.8164529010637969,irrawaddy_dolphin,Orcaella brevirostris,logistic_regression
937:2988,3.75,118.85,0.819759490052793,irrawaddy_dolphin,Orcaella brevirostris,logistic_regression
937:2989,3.75,118.95,0.8230194234693023,irrawaddy_dolphin,Orcaella brevirostris,logistic_regression
937:2990,3.75,119.05,0.826232894019617,irrawaddy_dolphin,Orcaella brevirostris,logistic_regression
937:2991,3.75,119.15,0.8294001115690947,irrawaddy_dolphin,Orcaella brevirostris,logistic_regression
937:2992,3.75,119.25,0.8325213024930029,irrawaddy_dolphin,Orcaella brevirostris,logistic_regression
937:2993,3.75,119.35,0.8355967090295403,irrawaddy_dolphin,Orcaella brevirostris,logistic_regression
937:2994,3.75,119.45,0.8386265886360074,irrawaddy_dolphin,Orcaella brevirostris,logistic_regression
938:2799,3.85,99.95,0.058977339155391516,irrawaddy_dolphin,Orcaella brevirostris,logistic_regression
938:2800,3.85,100.05,0.06022273319052469,irrawaddy_dolphin,Orcaella brevirostris,logistic_regression
938:2801,3.85,100.15,0.06149270705937647,irrawaddy_dolphin,Orcaella brevirostris,logistic_regression
938:2802,3.85,100.25,0.06278767279016104,irrawaddy_dolphin,Orcaella brevirostris,logistic_regression
938:2803,3.85,100.35,0.0641080462039387,irrawaddy_dolphin,Orcaella brevirostris,logistic_regression
938:2804,3.85,100.45,0.06545424680698077,irrawaddy_dolphin,Orcaella brevirostris,logistic_regression
938:2805,3.85,100.55,0.0668266976751794,irrawaddy_dolphin,Orcaella brevirostris,logistic_regression
938:2806,3.85,100.65,0.0682258253302483,irrawaddy_dolphin,Orcaella brevirostris,logistic_regression
938:2807,3.85,100.75,0.06965205960745224,irrawaddy_dolphin,Orcaella brevirostris,logistic_regression
938:2808,3.85,100.85,0.07110583351461308,irrawaddy_dolphin,Orcaella brevirostris,logistic_regression
938:2834,3.85,103.45,0.12003689072617252,irrawaddy_dolphin,Orcaella brevirostris,logistic_regression
938:2835,3.85,103.55,0.12240393334124665,irrawaddy_dolphin,Orcaella brevirostris,logistic_regression
938:2836,3.85,103.65,0.12481103193728223,irrawaddy_dolphin,Orcaella brevirostris,logistic_regression
938:2837,3.85,103.75,0.12725860250369794,irrawaddy_dolphin,Orcaella brevirostris,logistic_regression
938:2838,3.85,103.85,0.12974705481680376,irrawaddy_dolphin,Orcaella brevirostris,logistic_regression
938:2839,3.85,103.95,0.13227679193350236,irrawaddy_dolphin,Orcaella brevirostris,logistic_regression
938:2840,3.85,104.05,0.13484820967280786,irrawaddy_dolphin,Orcaella brevirostris,logistic_regression
938:2841,3.85,104.15,0.13746169608544975,irrawaddy_dolphin,Orcaella brevirostris,logistic_regression
938:2842,3.85,104.25,0.14011763091185545,irrawaddy_dolphin,Orcaella brevirostris,logistic_regression
938:2843,3.85,104.35,0.14281638502886612,irrawaddy_dolphin,Orcaella brevirostris,logistic_regression
938:2844,3.85,104.45,0.14555831988555945,irrawaddy_dolphin,Orcaella brevirostris,logistic_regression
938:2845,3.85,104.55,0.1483437869286115,irrawaddy_dolphin,Orcaella brevirostris,logistic_regression
938:2846,3.85,104.65,0.1511731270176717,irrawaddy_dolphin,Orcaella brevirostris,logistic_regression
938:2847,3.85,104.75,0.15404666983125795,irrawaddy_dolphin,Orcaella brevirostris,logistic_regression
938:2900,3.85,110.05,0.37156739865092336,irrawaddy_dolphin,Orcaella brevirostris,logistic_regression
938:2901,3.85,110.15,0.37677073751255297,irrawaddy_dolphin,Orcaella brevirostris,logistic_regression
938:2902,3.85,110.25,0.38200264974006337,irrawaddy_dolphin,Orcaella brevirostris,logistic_regression
938:2903,3.85,110.35,0.3872620692397012,irrawaddy_dolphin,Orcaella brevirostris,logistic_regression
938:2904,3.85,110.45,0.3925479050283267,irrawaddy_dolphin,Orcaella brevirostris,logistic_regression
938:2905,3.85,110.55,0.39785904203073363,irrawaddy_dolphin,Orcaella brevirostris,logistic_regression
938:2906,3.85,110.65,0.40319434192224185,irrawaddy_dolphin,Orcaella brevirostris,logistic_regression
938:2907,3.85,110.75,0.4085526440154295,irrawaddy_dolphin,Orcaella brevirostris,logistic_regression
938:2908,3.85,110.85,0.41393276618977576,irrawaddy_dolphin,Orcaella brevirostris,logistic_regression
938:2909,3.85,110.95,0.4193335058628057,irrawaddy_dolphin,Orcaella brevirostris,logistic_regression
938:2910,3.85,111.05,0.42475364100121943,irrawaddy_dolphin,Orcaella brevirostris,logistic_regression
938:2911,3.85,111.15,0.4301919311703593,irrawaddy_dolphin,Orcaella brevirostris,logistic_regression
938:2912,3.85,111.25,0.4356471186202115,irrawaddy_dolphin,Orcaella brevirostris,logistic_regression
938:2913,3.85,111.35,0.44111792940606026,irrawaddy_dolphin,Orcaella brevirostris,logistic_regression
938:2914,3.85,111.45,0.44660307454175324,irrawaddy_dolphin,Orcaella brevirostris,logistic_regression
938:2915,3.85,111.55,0.4521012511834505,irrawaddy_dolphin,Orcaella brevirostris,logistic_regression
938:2916,3.85,111.65,0.45761114384162654,irrawaddy_dolphin,Orcaella brevirostris,logistic_regression
938:2917,3.85,111.75,0.46313142561896914,irrawaddy_dolphin,Orcaella brevirostris,logistic_regression
938:2918,3.85,111.85,0.46866075947176833,irrawaddy_dolphin,Orcaella brevirostris,logistic_regression
938:2919,3.85,111.95,0.4741977994922706,irrawaddy_dolphin,Orcaella brevirostris,logistic_regression
938:2920,3.85,112.05,0.47974119220941613,irrawaddy_dolphin,Orcaella brevirostris,logistic_regression
938:2921,3.85,112.15,0.485289577905322,irrawaddy_dolphin,Orcaella brevirostris,logistic_regression
938:2922,3.85,112.25,0.49084159194478505,irrawaddy_dolphin,Orcaella brevirostris,logistic_regression
938:2923,3.85,112.35,0.49639586611507414,irrawaddy_dolphin,Orcaella brevirostris,logistic_regression
938:2924,3.85,112.45,0.5019510299732066,irrawaddy_dolphin,Orcaella brevirostris,logistic_regression
938:2925,3.85,112.55,0.5075057121978973,irrawaddy_dolphin,Orcaella brevirostris,logistic_regression
938:2926,3.85,112.65,0.5130585419433592,irrawaddy_dolphin,Orcaella brevirostris,logistic_regression
938:2927,3.85,112.75,0.5186081501920936,irrawaddy_dolphin,Orcaella brevirostris,logistic_regression
938:2928,3.85,112.85,0.5241531711038601,irrawaddy_dolphin,Orcaella brevirostris,logistic_regression
938:2929,3.85,112.95,0.5296922433579835,irrawaddy_dolphin,Orcaella brevirostris,logistic_regression
938:2930,3.85,113.05,0.5352240114862082,irrawaddy_dolphin,Orcaella brevirostris,logistic_regression
938:2931,3.85,113.15,0.5407471271933454,irrawaddy_dolphin,Orcaella brevirostris,logistic_regression
938:2932,3.85,113.25,0.5462602506629679,irrawaddy_dolphin,Orcaella brevirostris,logistic_regression
938:2933,3.85,113.35,0.5517620518455173,irrawaddy_dolphin,Orcaella brevirostris,logistic_regression
938:2934,3.85,113.45,0.5572512117261917,irrawaddy_dolphin,Orcaella brevirostris,logistic_regression
938:2935,3.85,113.55,0.562726423570093,irrawaddy_dolphin,Orcaella brevirostris,logistic_regression
938:2984,3.85,118.45,0.7926643426969108,irrawaddy_dolphin,Orcaella brevirostris,logistic_regression
938:2985,3.85,118.55,0.7962925566704179,irrawaddy_dolphin,Orcaella brevirostris,logistic_regression
938:2986,3.85,118.65,0.7998733094766283,irrawaddy_dolphin,Orcaella brevirostris,logistic_regression
938:2987,3.85,118.75,0.8034066596341778,irrawaddy_dolphin,Orcaella brevirostris,logistic_regression
938:2988,3.85,118.85,0.8068926872162137,irrawaddy_dolphin,Orcaella brevirostris,logistic_regression
938:2989,3.85,118.95,0.8103314932164652,irrawaddy_dolphin,Orcaella brevirostris,logistic_regression
938:2990,3.85,119.05,0.8137231989094885,irrawaddy_dolphin,Orcaella brevirostris,logistic_regression
938:2991,3.85,119.15,0.8170679452063992,irrawaddy_dolphin,Orcaella brevirostris,logistic_regression
938:2992,3.85,119.25,0.8203658920073439,irrawaddy_dolphin,Orcaella brevirostris,logistic_regression
938:2993,3.85,119.35,0.8236172175519458,irrawaddy_dolphin,Orcaella brevirostris,logistic_regression
939:2798,3.95,99.85,0.05331194998525798,irrawaddy_dolphin,Orcaella brevirostris,logistic_regression
939:2799,3.95,99.95,0.054444632518504135,irrawaddy_dolphin,Orcaella brevirostris,logistic_regression
939:2800,3.95,100.05,0.05559996700097667,irrawaddy_dolphin,Orcaella brevirostris,logistic_regression
939:2801,3.95,100.15,0.05677834592849738,irrawaddy_dolphin,Orcaella brevirostris,logistic_regression
939:2802,3.95,100.25,0.05798016600466912,irrawaddy_dolphin,Orcaella brevirostris,logistic_regression
939:2803,3.95,100.35,0.05920582806801798,irrawaddy_dolphin,Orcaella brevirostris,logistic_regression
939:2804,3.95,100.45,0.060455737012384894,irrawaddy_dolphin,Orcaella brevirostris,logistic_regression
939:2805,3.95,100.55,0.061730301700322524,irrawaddy_dolphin,Orcaella brevirostris,logistic_regression
939:2806,3.95,100.65,0.06302993486925117,irrawaddy_dolphin,Orcaella brevirostris,logistic_regression
939:2834,3.95,103.45,0.11136681808540956,irrawaddy_dolphin,Orcaella brevirostris,logistic_regression
939:2835,3.95,103.55,0.11358496137757862,irrawaddy_dolphin,Orcaella brevirostris,logistic_regression
939:2836,3.95,103.65,0.1158415251937433,irrawaddy_dolphin,Orcaella brevirostris,logistic_regression
939:2837,3.95,103.75,0.11813694479960539,irrawaddy_dolphin,Orcaella brevirostris,logistic_regression
939:2838,3.95,103.85,0.12047165106381917,irrawaddy_dolphin,Orcaella brevirostris,logistic_regression
939:2839,3.95,103.95,0.12284606999995229,irrawaddy_dolphin,Orcaella brevirostris,logistic_regression
939:2840,3.95,104.05,0.1252606222955854,irrawaddy_dolphin,Orcaella brevirostris,logistic_regression
939:2841,3.95,104.15,0.12771572282868374,irrawaddy_dolphin,Orcaella brevirostris,logistic_regression
939:2842,3.95,104.25,0.13021178017139584,irrawaddy_dolphin,Orcaella brevirostris,logistic_regression
939:2843,3.95,104.35,0.13274919608148741,irrawaddy_dolphin,Orcaella brevirostris,logistic_regression
939:2844,3.95,104.45,0.1353283649816346,irrawaddy_dolphin,Orcaella brevirostris,logistic_regression
939:2845,3.95,104.55,0.13794967342685227,irrawaddy_dolphin,Orcaella brevirostris,logistic_regression
939:2846,3.95,104.65,0.14061349956037014,irrawaddy_dolphin,Orcaella brevirostris,logistic_regression
939:2847,3.95,104.75,0.14332021255829913,irrawaddy_dolphin,Orcaella brevirostris,logistic_regression
939:2900,3.95,110.05,0.3519969805407656,irrawaddy_dolphin,Orcaella brevirostris,logistic_regression
939:2901,3.95,110.15,0.3570819834474198,irrawaddy_dolphin,Orcaella brevirostris,logistic_regression
939:2902,3.95,110.25,0.3621993855468422,irrawaddy_dolphin,Orcaella brevirostris,logistic_regression
939:2903,3.95,110.35,0.3673482221901716,irrawaddy_dolphin,Orcaella brevirostris,logistic_regression
939:2904,3.95,110.45,0.37252750122860123,irrawaddy_dolphin,Orcaella brevirostris,logistic_regression
939:2905,3.95,110.55,0.37773620363030763,irrawaddy_dolphin,Orcaella brevirostris,logistic_regression
939:2906,3.95,110.65,0.382973284145598,irrawaddy_dolphin,Orcaella brevirostris,logistic_regression
939:2907,3.95,110.75,0.3882376720196847,irrawaddy_dolphin,Orcaella brevirostris,logistic_regression
939:2908,3.95,110.85,0.3935282717523943,irrawaddy_dolphin,Orcaella brevirostris,logistic_regression
939:2909,3.95,110.95,0.398843963903937,irrawaddy_dolphin,Orcaella brevirostris,logistic_regression
939:2910,3.95,111.05,0.4041836059457446,irrawaddy_dolphin,Orcaella brevirostris,logistic_regression
939:2911,3.95,111.15,0.4095460331552463,irrawaddy_dolphin,Orcaella brevirostris,logistic_regression
939:2912,3.95,111.25,0.4149300595532861,irrawaddy_dolphin,Orcaella brevirostris,logistic_regression
939:2913,3.95,111.35,0.42033447888278774,irrawaddy_dolphin,Orcaella brevirostris,logistic_regression
939:2914,3.95,111.45,0.425758065627103,irrawaddy_dolphin,Orcaella brevirostris,logistic_regression
939:2915,3.95,111.55,0.43119957606636616,irrawaddy_dolphin,Orcaella brevirostris,logistic_regression
939:2916,3.95,111.65,0.43665774937006246,irrawaddy_dolphin,Orcaella brevirostris,logistic_regression
939:2917,3.95,111.75,0.4421313087238578,irrawaddy_dolphin,Orcaella brevirostris,logistic_regression
939:2918,3.95,111.85,0.4476189624886746,irrawaddy_dolphin,Orcaella brevirostris,logistic_regression
939:2919,3.95,111.95,0.4531194053898358,irrawaddy_dolphin,Orcaella brevirostris,logistic_regression
939:2920,3.95,112.05,0.4586313197340294,irrawaddy_dolphin,Orcaella brevirostris,logistic_regression
939:2921,3.95,112.15,0.4641533766517466,irrawaddy_dolphin,Orcaella brevirostris,logistic_regression
939:2922,3.95,112.25,0.4696842373627304,irrawaddy_dolphin,Orcaella brevirostris,logistic_regression
939:2923,3.95,112.35,0.47522255446193207,irrawaddy_dolphin,Orcaella brevirostris,logistic_regression
939:2924,3.95,112.45,0.48076697322336237,irrawaddy_dolphin,Orcaella brevirostris,logistic_regression
939:2925,3.95,112.55,0.48631613291918174,irrawaddy_dolphin,Orcaella brevirostris,logistic_regression
939:2926,3.95,112.65,0.4918686681513243,irrawaddy_dolphin,Orcaella brevirostris,logistic_regression
939:2927,3.95,112.75,0.4974232101928746,irrawaddy_dolphin,Orcaella brevirostris,logistic_regression
939:2928,3.95,112.85,0.5029783883364298,irrawaddy_dolphin,Orcaella brevirostris,logistic_regression
939:2929,3.95,112.95,0.5085328312466029,irrawaddy_dolphin,Orcaella brevirostris,logistic_regression
939:2930,3.95,113.05,0.5140851683138449,irrawaddy_dolphin,Orcaella brevirostris,logistic_regression
939:2931,3.95,113.15,0.5196340310067517,irrawaddy_dolphin,Orcaella brevirostris,logistic_regression
939:2932,3.95,113.25,0.5251780542200034,irrawaddy_dolphin,Orcaella brevirostris,logistic_regression
939:2933,3.95,113.35,0.5307158776151412,irrawaddy_dolphin,Orcaella brevirostris,logistic_regression
939:2934,3.95,113.45,0.5362461469513695,irrawaddy_dolphin,Orcaella brevirostris,logistic_regression
939:2935,3.95,113.55,0.5417675154036359,irrawaddy_dolphin,Orcaella brevirostris,logistic_regression
939:2936,3.95,113.65,0.5472786448652827,irrawaddy_dolphin,Orcaella brevirostris,logistic_regression
939:2983,3.95,118.35,0.7745293667020553,irrawaddy_dolphin,Orcaella brevirostris,logistic_regression
939:2984,3.95,118.45,0.7783862043015225,irrawaddy_dolphin,Orcaella brevirostris,logistic_regression
939:2985,3.95,118.55,0.7821956203728373,irrawaddy_dolphin,Orcaella brevirostris,logistic_regression
939:2986,3.95,118.65,0.7859575610445912,irrawaddy_dolphin,Orcaella brevirostris,logistic_regression
939:2987,3.95,118.75,0.7896719969265363,irrawaddy_dolphin,Orcaella brevirostris,logistic_regression
939:2988,3.95,118.85,0.7933389225233299,irrawaddy_dolphin,Orcaella brevirostris,logistic_regression
939:2989,3.95,118.95,0.7969583556355889,irrawaddy_dolphin,Orcaella brevirostris,logistic_regression
939:2990,3.95,119.05,0.8005303367497513,irrawaddy_dolphin,Orcaella brevirostris,logistic_regression
939:2991,3.95,119.15,0.8040549284182084,irrawaddy_dolphin,Orcaella brevirostris,logistic_regression
939:2992,3.95,119.25,0.807532214631122,irrawaddy_dolphin,Orcaella brevirostris,logistic_regression
940:2797,4.05,99.75,0.04816292662327001,irrawaddy_dolphin,Orcaella brevirostris,logistic_regression
940:2798,4.05,99.85,0.049191895917205165,irrawaddy_dolphin,Orcaella brevirostris,logistic_regression
940:2799,4.05,99.95,0.05024168810209273,irrawaddy_dolphin,Orcaella brevirostris,logistic_regression
940:2800,4.05,100.05,0.051312674592761,irrawaddy_dolphin,Orcaella brevirostris,logistic_regression
940:2801,4.05,100.15,0.0524052312757545,irrawaddy_dolphin,Orcaella brevirostris,logistic_regression
940:2802,4.05,100.25,0.0535197384656421,irrawaddy_dolphin,Orcaella brevirostris,logistic_regression
940:2803,4.05,100.35,0.05465658085571187,irrawaddy_dolphin,Orcaella brevirostris,logistic_regression
940:2804,4.05,100.45,0.0558161474628202,irrawaddy_dolphin,Orcaella brevirostris,logistic_regression
940:2805,4.05,100.55,0.0569988315661654,irrawaddy_dolphin,Orcaella brevirostris,logistic_regression
940:2806,4.05,100.65,0.058205030639751326,irrawaddy_dolphin,Orcaella brevirostris,logistic_regression
940:2807,4.05,100.75,0.05943514627829697,irrawaddy_dolphin,Orcaella brevirostris,logistic_regression
940:2834,4.05,103.45,0.10324949345453761,irrawaddy_dolphin,Orcaella brevirostris,logistic_regression
940:2835,4.05,103.55,0.10532512299592255,irrawaddy_dolphin,Orcaella brevirostris,logistic_regression
940:2836,4.05,103.65,0.10743747987062029,irrawaddy_dolphin,Orcaella brevirostris,logistic_regression
940:2837,4.05,103.75,0.10958701214378286,irrawaddy_dolphin,Orcaella brevirostris,logistic_regression
940:2838,4.05,103.85,0.11177416511143942,irrawaddy_dolphin,Orcaella brevirostris,logistic_regression
940:2839,4.05,103.95,0.11399938089217802,irrawaddy_dolphin,Orcaella brevirostris,logistic_regression
940:2840,4.05,104.05,0.11626309800574611,irrawaddy_dolphin,Orcaella brevirostris,logistic_regression
940:2841,4.05,104.15,0.11856575093858979,irrawaddy_dolphin,Orcaella brevirostris,logistic_regression
940:2842,4.05,104.25,0.12090776969637002,irrawaddy_dolphin,Orcaella brevirostris,logistic_regression
940:2843,4.05,104.35,0.12328957934354026,irrawaddy_dolphin,Orcaella brevirostris,logistic_regression
940:2844,4.05,104.45,0.1257115995300804,irrawaddy_dolphin,Orcaella brevirostris,logistic_regression
940:2845,4.05,104.55,0.12817424400552768,irrawaddy_dolphin,Orcaella brevirostris,logistic_regression
940:2846,4.05,104.65,0.13067792012047658,irrawaddy_dolphin,Orcaella brevirostris,logistic_regression
940:2847,4.05,104.75,0.13322302831574453,irrawaddy_dolphin,Orcaella brevirostris,logistic_regression
940:2848,4.05,104.85,0.13580996159945244,irrawaddy_dolphin,Orcaella brevirostris,logistic_regression
940:2900,4.05,110.05,0.33291128440997,irrawaddy_dolphin,Orcaella brevirostris,logistic_regression
940:2901,4.05,110.15,0.33786432826285523,irrawaddy_dolphin,Orcaella brevirostris,logistic_regression
940:2902,4.05,110.25,0.34285318941487664,irrawaddy_dolphin,Orcaella brevirostris,logistic_regression
940:2903,4.05,110.35,0.3478770129284607,irrawaddy_dolphin,Orcaella brevirostris,logistic_regression
940:2904,4.05,110.45,0.35293491446124586,irrawaddy_dolphin,Orcaella brevirostris,logistic_regression
940:2905,4.05,110.55,0.358025980696298,irrawaddy_dolphin,Orcaella brevirostris,logistic_regression
940:2906,4.05,110.65,0.36314926982145584,irrawaddy_dolphin,Orcaella brevirostris,logistic_regression
940:2907,4.05,110.75,0.3683038120577405,irrawaddy_dolphin,Orcaella brevirostris,logistic_regression
940:2908,4.05,110.85,0.37348861023666985,irrawaddy_dolphin,Orcaella brevirostris,logistic_regression
940:2909,4.05,110.95,0.37870264042613977,irrawaddy_dolphin,Orcaella brevirostris,logistic_regression
940:2910,4.05,111.05,0.383944852604422,irrawaddy_dolphin,Orcaella brevirostris,logistic_regression
940:2911,4.05,111.15,0.3892141713816859,irrawaddy_dolphin,Orcaella brevirostris,logistic_regression
940:2912,4.05,111.25,0.3945094967682845,irrawaddy_dolphin,Orcaella brevirostris,logistic_regression
940:2913,4.05,111.35,0.3998297049889464,irrawaddy_dolphin,Orcaella brevirostris,logistic_regression
940:2914,4.05,111.45,0.4051736493418276,irrawaddy_dolphin,Orcaella brevirostris,logistic_regression
940:2915,4.05,111.55,0.4105401611012688,irrawaddy_dolphin,Orcaella brevirostris,logistic_regression
940:2916,4.05,111.65,0.4159280504629608,irrawaddy_dolphin,Orcaella brevirostris,logistic_regression
940:2917,4.05,111.75,0.42133610753005935,irrawaddy_dolphin,Orcaella brevirostris,logistic_regression
940:2918,4.05,111.85,0.4267631033386999,irrawaddy_dolphin,Orcaella brevirostris,logistic_regression
940:2919,4.05,111.95,0.4322077909211888,irrawaddy_dolphin,Orcaella brevirostris,logistic_regression
940:2920,4.05,112.05,0.43766890640504985,irrawaddy_dolphin,Orcaella brevirostris,logistic_regression
940:2921,4.05,112.15,0.443145170145986,irrawaddy_dolphin,Orcaella brevirostris,logistic_regression
940:2922,4.05,112.25,0.44863528789267004,irrawaddy_dolphin,Orcaella brevirostris,logistic_regression
940:2923,4.05,112.35,0.45413795198121554,irrawaddy_dolphin,Orcaella brevirostris,logistic_regression
940:2924,4.05,112.45,0.45965184255703057,irrawaddy_dolphin,Orcaella brevirostris,logistic_regression
940:2925,4.05,112.55,0.46517562882169283,irrawaddy_dolphin,Orcaella brevirostris,logistic_regression
940:2926,4.05,112.65,0.470707970302393,irrawaddy_dolphin,Orcaella brevirostris,logistic_regression
940:2927,4.05,112.75,0.47624751814138816,irrawaddy_dolphin,Orcaella brevirostris,logistic_regression
940:2928,4.05,112.85,0.4817929164028815,irrawaddy_dolphin,Orcaella brevirostris,logistic_regression
940:2929,4.05,112.95,0.48734280339463426,irrawaddy_dolphin,Orcaella brevirostris,logistic_regression
940:2930,4.05,113.05,0.4928958130015982,irrawaddy_dolphin,Orcaella brevirostris,logistic_regression
940:2931,4.05,113.15,0.4984505760288047,irrawaddy_dolphin,Orcaella brevirostris,logistic_regression
940:2932,4.05,113.25,0.504005721550695,irrawaddy_dolphin,Orcaella brevirostris,logistic_regression
940:2933,4.05,113.35,0.5095598782640905,irrawaddy_dolphin,Orcaella brevirostris,logistic_regression
940:2934,4.05,113.45,0.5151116758419458,irrawaddy_dolphin,Orcaella brevirostris,logistic_regression
940:2935,4.05,113.55,0.5206597462850562,irrawaddy_dolphin,Orcaella brevirostris,logistic_regression
940:2936,4.05,113.65,0.5262027252688936,irrawaddy_dolphin,Orcaella brevirostris,logistic_regression
940:2937,4.05,113.75,0.5317392534827377,irrawaddy_dolphin,Orcaella brevirostris,logistic_regression
940:2982,4.05,118.25,0.7552978588546181,irrawaddy_dolphin,Orcaella brevirostris,logistic_regression
940:2983,4.05,118.35,0.759381466426925,irrawaddy_dolphin,Orcaella brevirostris,logistic_regression
940:2984,4.05,118.45,0.7634182722880811,irrawaddy_dolphin,Orcaella brevirostris,logistic_regression
940:2985,4.05,118.55,0.7674080969800486,irrawaddy_dolphin,Orcaella brevirostris,logistic_regression
940:2986,4.05,118.65,0.7713507881220633,irrawaddy_dolphin,Orcaella brevirostris,logistic_regression
940:2987,4.05,118.75,0.7752462199071941,irrawaddy_dolphin,Orcaella brevirostris,logistic_regression
940:2988,4.05,118.85,0.7790942925786858,irrawaddy_dolphin,Orcaella brevirostris,logistic_regression
940:2989,4.05,118.95,0.7828949318876668,irrawaddy_dolphin,Orcaella brevirostris,logistic_regression
940:2990,4.05,119.05,0.7866480885338235,irrawaddy_dolphin,Orcaella brevirostris,logistic_regression
940:2991,4.05,119.15,0.7903537375906096,irrawaddy_dolphin,Orcaella brevirostris,logistic_regression
941:2796,4.15,99.65,0.04348836592046628,irrawaddy_dolphin,Orcaella brevirostris,logistic_regression
941:2797,4.15,99.75,0.04442212716624969,irrawaddy_dolphin,Orcaella brevirostris,logistic_regression
941:2798,4.15,99.85,0.045374986586640194,irrawaddy_dolphin,Orcaella brevirostris,logistic_regression
941:2799,4.15,99.95,0.0463472936181492,irrawaddy_dolphin,Orcaella brevirostris,logistic_regression
941:2800,4.15,100.05,0.047339402307726985,irrawaddy_dolphin,Orcaella brevirostris,logistic_regression
941:2801,4.15,100.15,0.04835167129306457,irrawaddy_dolphin,Orcaella brevirostris,logistic_regression
941:2802,4.15,100.25,0.04938446377831236,irrawaddy_dolphin,Orcaella brevirostris,logistic_regression
941:2803,4.15,100.35,0.05043814750501373,irrawaddy_dolphin,Orcaella brevirostris,logistic_regression
941:2804,4.15,100.45,0.051513094718039124,irrawaddy_dolphin,Orcaella brevirostris,logistic_regression
941:2805,4.15,100.55,0.05260968212630714,irrawaddy_dolphin,Orcaella brevirostris,logistic_regression
941:2806,4.15,100.65,0.05372829085807318,irrawaddy_dolphin,Orcaella brevirostris,logistic_regression
941:2834,4.15,103.45,0.09566013477815026,irrawaddy_dolphin,Orcaella brevirostris,logistic_regression
941:2835,4.15,103.55,0.09759980028326955,irrawaddy_dolphin,Orcaella brevirostris,logistic_regression
941:2836,4.15,103.65,0.09957446516561334,irrawaddy_dolphin,Orcaella brevirostris,logistic_regression
941:2837,4.15,103.75,0.10158458453664887,irrawaddy_dolphin,Orcaella brevirostris,logistic_regression
941:2838,4.15,103.85,0.10363061217674367,irrawaddy_dolphin,Orcaella brevirostris,logistic_regression
941:2839,4.15,103.95,0.10571300017648672,irrawaddy_dolphin,Orcaella brevirostris,logistic_regression
941:2840,4.15,104.05,0.10783219856508043,irrawaddy_dolphin,Orcaella brevirostris,logistic_regression
941:2841,4.15,104.15,0.10998865492573486,irrawaddy_dolphin,Orcaella brevirostris,logistic_regression
941:2842,4.15,104.25,0.11218281399800686,irrawaddy_dolphin,Orcaella brevirostris,logistic_regression
941:2843,4.15,104.35,0.11441511726706582,irrawaddy_dolphin,Orcaella brevirostris,logistic_regression
941:2844,4.15,104.45,0.11668600253987546,irrawaddy_dolphin,Orcaella brevirostris,logistic_regression
941:2845,4.15,104.55,0.11899590350831825,irrawaddy_dolphin,Orcaella brevirostris,logistic_regression
941:2846,4.15,104.65,0.12134524929931628,irrawaddy_dolphin,Orcaella brevirostris,logistic_regression
941:2847,4.15,104.75,0.12373446401202036,irrawaddy_dolphin,Orcaella brevirostris,logistic_regression
941:2848,4.15,104.85,0.12616396624218676,irrawaddy_dolphin,Orcaella brevirostris,logistic_regression
941:2900,4.15,110.05,0.3143584127366292,irrawaddy_dolphin,Orcaella brevirostris,logistic_regression
941:2901,4.15,110.15,0.3191674931799384,irrawaddy_dolphin,Orcaella brevirostris,logistic_regression
941:2902,4.15,110.25,0.32401537630533106,irrawaddy_dolphin,Orcaella brevirostris,logistic_regression
941:2903,4.15,110.35,0.3289013224379618,irrawaddy_dolphin,Orcaella brevirostris,logistic_regression
941:2904,4.15,110.45,0.33382456130497346,irrawaddy_dolphin,Orcaella brevirostris,logistic_regression
941:2905,4.15,110.55,0.3387842922801767,irrawaddy_dolphin,Orcaella brevirostris,logistic_regression
941:2906,4.15,110.65,0.3437796846768604,irrawaddy_dolphin,Orcaella brevirostris,logistic_regression
941:2907,4.15,110.75,0.34880987808914954,irrawaddy_dolphin,Orcaella brevirostris,logistic_regression
941:2908,4.15,110.85,0.3538739827822477,irrawaddy_dolphin,Orcaella brevirostris,logistic_regression
941:2909,4.15,110.95,0.35897108013173407,irrawaddy_dolphin,Orcaella brevirostris,logistic_regression
941:2910,4.15,111.05,0.3641002231119857,irrawaddy_dolphin,Orcaella brevirostris,logistic_regression
941:2911,4.15,111.15,0.3692604368336579,irrawaddy_dolphin,Orcaella brevirostris,logistic_regression
941:2912,4.15,111.25,0.3744507191299987,irrawaddy_dolphin,Orcaella brevirostris,logistic_regression
941:2913,4.15,111.35,0.37967004119167563,irrawaddy_dolphin,Orcaella brevirostris,logistic_regression
941:2914,4.15,111.45,0.38491734824960994,irrawaddy_dolphin,Orcaella brevirostris,logistic_regression
941:2915,4.15,111.55,0.39019156030520186,irrawaddy_dolphin,Orcaella brevirostris,logistic_regression
941:2916,4.15,111.65,0.39549157290718673,irrawaddy_dolphin,Orcaella brevirostris,logistic_regression
941:2917,4.15,111.75,0.400816257974194,irrawaddy_dolphin,Orcaella brevirostris,logistic_regression
941:2918,4.15,111.85,0.40616446466198247,irrawaddy_dolphin,Orcaella brevirostris,logistic_regression
941:2919,4.15,111.95,0.4115350202741403,irrawaddy_dolphin,Orcaella brevirostris,logistic_regression
941:2920,4.15,112.05,0.41692673121493146,irrawaddy_dolphin,Orcaella brevirostris,logistic_regression
941:2921,4.15,112.15,0.42233838398282886,irrawaddy_dolphin,Orcaella brevirostris,logistic_regression
941:2922,4.15,112.25,0.4277687462031188,irrawaddy_dolphin,Orcaella brevirostris,logistic_regression
941:2923,4.15,112.35,0.43321656769787253,irrawaddy_dolphin,Orcaella brevirostris,logistic_regression
941:2924,4.15,112.45,0.4386805815914144,irrawaddy_dolphin,Orcaella brevirostris,logistic_regression
941:2925,4.15,112.55,0.4441595054493227,irrawaddy_dolphin,Orcaella brevirostris,logistic_regression
941:2926,4.15,112.65,0.44965204244888657,irrawaddy_dolphin,Orcaella brevirostris,logistic_regression
941:2927,4.15,112.75,0.45515688257880493,irrawaddy_dolphin,Orcaella brevirostris,logistic_regression
941:2928,4.15,112.85,0.46067270386585724,irrawaddy_dolphin,Orcaella brevirostris,logistic_regression
941:2929,4.15,112.95,0.4661981736261382,irrawaddy_dolphin,Orcaella brevirostris,logistic_regression
941:2930,4.15,113.05,0.4717319497383903,irrawaddy_dolphin,Orcaella brevirostris,logistic_regression
941:2931,4.15,113.15,0.4772726819368877,irrawaddy_dolphin,Orcaella brevirostris,logistic_regression
941:2932,4.15,113.25,0.48281901312123354,irrawaddy_dolphin,Orcaella brevirostris,logistic_regression
941:2933,4.15,113.35,0.48836958068040953,irrawaddy_dolphin,Orcaella brevirostris,logistic_regression
941:2934,4.15,113.45,0.4939230178283287,irrawaddy_dolphin,Orcaella brevirostris,logistic_regression
941:2935,4.15,113.55,0.499477954948121,irrawaddy_dolphin,Orcaella brevirostris,logistic_regression
941:2936,4.15,113.65,0.5050330209423609,irrawaddy_dolphin,Orcaella brevirostris,logistic_regression
941:2937,4.15,113.75,0.510586844586385,irrawaddy_dolphin,Orcaella brevirostris,logistic_regression
941:2980,4.15,118.05,0.7306365056668657,irrawaddy_dolphin,Orcaella brevirostris,logistic_regression
941:2981,4.15,118.15,0.7349872622646029,irrawaddy_dolphin,Orcaella brevirostris,logistic_regression
941:2982,4.15,118.25,0.7392928205708892,irrawaddy_dolphin,Orcaella brevirostris,logistic_regression
941:2983,4.15,118.35,0.7435528349242445,irrawaddy_dolphin,Orcaella brevirostris,logistic_regression
941:2984,4.15,118.45,0.7477669891836819,irrawaddy_dolphin,Orcaella brevirostris,logistic_regression
941:2985,4.15,118.55,0.7519349963749243,irrawaddy_dolphin,Orcaella brevirostris,logistic_regression
941:2986,4.15,118.65,0.7560565983070197,irrawaddy_dolphin,Orcaella brevirostris,logistic_regression
941:2987,4.15,118.75,0.7601315651609317,irrawaddy_dolphin,Orcaella brevirostris,logistic_regression
941:2988,4.15,118.85,0.7641596950517368,irrawaddy_dolphin,Orcaella brevirostris,logistic_regression
941:2989,4.15,118.95,0.7681408135660297,irrawaddy_dolphin,Orcaella brevirostris,logistic_regression
941:2990,4.15,119.05,0.7720747732761684,irrawaddy_dolphin,Orcaella brevirostris,logistic_regression
941:2991,4.15,119.15,0.775961453232979,irrawaddy_dolphin,Orcaella brevirostris,logistic_regression
942:2794,4.25,99.45,0.0384194079454547,irrawaddy_dolphin,Orcaella brevirostris,logistic_regression
942:2795,4.25,99.55,0.03924879695506063,irrawaddy_dolphin,Orcaella brevirostris,logistic_regression
942:2796,4.25,99.65,0.04009534404046799,irrawaddy_dolphin,Orcaella brevirostris,logistic_regression
942:2797,4.25,99.75,0.04095937165199196,irrawaddy_dolphin,Orcaella brevirostris,logistic_regression
942:2798,4.25,99.85,0.04184120688424219,irrawaddy_dolphin,Orcaella brevirostris,logistic_regression
942:2799,4.25,99.95,0.042741181479233614,irrawaddy_dolphin,Orcaella brevirostris,logistic_regression
942:2800,4.25,100.05,0.04365963182601653,irrawaddy_dolphin,Orcaella brevirostris,logistic_regression
942:2801,4.25,100.15,0.04459689895665033,irrawaddy_dolphin,Orcaella brevirostris,logistic_regression
942:2802,4.25,100.25,0.045553328538335026,irrawaddy_dolphin,Orcaella brevirostris,logistic_regression
942:2803,4.25,100.35,0.046529270861517515,irrawaddy_dolphin,Orcaella brevirostris,logistic_regression
942:2804,4.25,100.45,0.04752508082377695,irrawaddy_dolphin,Orcaella brevirostris,logistic_regression
942:2806,4.25,100.65,0.04957774616369779,irrawaddy_dolphin,Orcaella brevirostris,logistic_regression
942:2835,4.25,103.55,0.09038386621411278,irrawaddy_dolphin,Orcaella brevirostris,logistic_regression
942:2836,4.25,103.65,0.09222745742182317,irrawaddy_dolphin,Orcaella brevirostris,logistic_regression
942:2837,4.25,103.75,0.09410476262376856,irrawaddy_dolphin,Orcaella brevirostris,logistic_regression
942:2838,4.25,103.85,0.09601623886270406,irrawaddy_dolphin,Orcaella brevirostris,logistic_regression
942:2839,4.25,103.95,0.09796234279142375,irrawaddy_dolphin,Orcaella brevirostris,logistic_regression
942:2840,4.25,104.05,0.09994353034992401,irrawaddy_dolphin,Orcaella brevirostris,logistic_regression
942:2841,4.25,104.15,0.1019602564299461,irrawaddy_dolphin,Orcaella brevirostris,logistic_regression
942:2842,4.25,104.25,0.10401297452676646,irrawaddy_dolphin,Orcaella brevirostris,logistic_regression
942:2843,4.25,104.35,0.10610213637813556,irrawaddy_dolphin,Orcaella brevirostris,logistic_regression
942:2844,4.25,104.45,0.10822819159027067,irrawaddy_dolphin,Orcaella brevirostris,logistic_regression
942:2845,4.25,104.55,0.11039158725083661,irrawaddy_dolphin,Orcaella brevirostris,logistic_regression
942:2846,4.25,104.65,0.11259276752887191,irrawaddy_dolphin,Orcaella brevirostris,logistic_regression
942:2847,4.25,104.75,0.11483217326163048,irrawaddy_dolphin,Orcaella brevirostris,logistic_regression
942:2848,4.25,104.85,0.11711024152834894,irrawaddy_dolphin,Orcaella brevirostris,logistic_regression
942:2849,4.25,104.95,0.11942740521096101,irrawaddy_dolphin,Orcaella brevirostris,logistic_regression
942:2900,4.25,110.05,0.29638011091915084,irrawaddy_dolphin,Orcaella brevirostris,logistic_regression
942:2901,4.25,110.15,0.30103491290552853,irrawaddy_dolphin,Orcaella brevirostris,logistic_regression
942:2902,4.25,110.25,0.30573105551421204,irrawaddy_dolphin,Orcaella brevirostris,logistic_regression
942:2903,4.25,110.35,0.3104679172128283,irrawaddy_dolphin,Orcaella brevirostris,logistic_regression
942:2904,4.25,110.45,0.3152448453683344,irrawaddy_dolphin,Orcaella brevirostris,logistic_regression
942:2905,4.25,110.55,0.32006115631410614,irrawaddy_dolphin,Orcaella brevirostris,logistic_regression
942:2906,4.25,110.65,0.324916135462474,irrawaddy_dolphin,Orcaella brevirostris,logistic_regression
942:2907,4.25,110.75,0.32980903746354007,irrawaddy_dolphin,Orcaella brevirostris,logistic_regression
942:2908,4.25,110.85,0.3347390864110442,irrawaddy_dolphin,Orcaella brevirostris,logistic_regression
942:2909,4.25,110.95,0.3397054760959063,irrawaddy_dolphin,Orcaella brevirostris,logistic_regression
942:2910,4.25,111.05,0.3447073703079804,irrawaddy_dolphin,Orcaella brevirostris,logistic_regression
942:2911,4.25,111.15,0.34974390318644183,irrawaddy_dolphin,Orcaella brevirostris,logistic_regression
942:2912,4.25,111.25,0.35481417961908185,irrawaddy_dolphin,Orcaella brevirostris,logistic_regression
942:2913,4.25,111.35,0.3599172756906967,irrawaddy_dolphin,Orcaella brevirostris,logistic_regression
942:2914,4.25,111.45,0.36505223918059054,irrawaddy_dolphin,Orcaella brevirostris,logistic_regression
942:2915,4.25,111.55,0.37021809010910134,irrawaddy_dolphin,Orcaella brevirostris,logistic_regression
942:2916,4.25,111.65,0.3754138213329268,irrawaddy_dolphin,Orcaella brevirostris,logistic_regression
942:2917,4.25,111.75,0.38063839918886005,irrawaddy_dolphin,Orcaella brevirostris,logistic_regression
942:2918,4.25,111.85,0.38589076418544765,irrawaddy_dolphin,Orcaella brevirostris,logistic_regression
942:2919,4.25,111.95,0.39116983174189907,irrawaddy_dolphin,Orcaella brevirostris,logistic_regression
942:2920,4.25,112.05,0.39647449297346243,irrawaddy_dolphin,Orcaella brevirostris,logistic_regression
942:2921,4.25,112.15,0.40180361552233856,irrawaddy_dolphin,Orcaella brevirostris,logistic_regression
942:2922,4.25,112.25,0.4071560444330385,irrawaddy_dolphin,Orcaella brevirostris,logistic_regression
942:2923,4.25,112.35,0.41253060307098977,irrawaddy_dolphin,Orcaella brevirostris,logistic_regression
942:2924,4.25,112.45,0.4179260940830207,irrawaddy_dolphin,Orcaella brevirostris,logistic_regression
942:2925,4.25,112.55,0.42334130039823786,irrawaddy_dolphin,Orcaella brevirostris,logistic_regression
942:2926,4.25,112.65,0.42877498626768473,irrawaddy_dolphin,Orcaella brevirostris,logistic_regression
942:2927,4.25,112.75,0.43422589834101055,irrawaddy_dolphin,Orcaella brevirostris,logistic_regression
942:2928,4.25,112.85,0.4396927667783006,irrawaddy_dolphin,Orcaella brevirostris,logistic_regression
942:2929,4.25,112.95,0.4451743063950528,irrawaddy_dolphin,Orcaella brevirostris,logistic_regression
942:2930,4.25,113.05,0.4506692178382056,irrawaddy_dolphin,Orcaella brevirostris,logistic_regression
942:2931,4.25,113.15,0.4561761887910109,irrawaddy_dolphin,Orcaella brevirostris,logistic_regression
942:2932,4.25,113.25,0.46169389520441934,irrawaddy_dolphin,Orcaella brevirostris,logistic_regression
942:2933,4.25,113.35,0.46722100255259896,irrawaddy_dolphin,Orcaella brevirostris,logistic_regression
942:2934,4.25,113.45,0.47275616711007645,irrawaddy_dolphin,Orcaella brevirostris,logistic_regression
942:2935,4.25,113.55,0.47829803724794306,irrawaddy_dolphin,Orcaella brevirostris,logistic_regression
942:2936,4.25,113.65,0.48384525474650114,irrawaddy_dolphin,Orcaella brevirostris,logistic_regression
942:2937,4.25,113.75,0.4893964561216376,irrawaddy_dolphin,Orcaella brevirostris,logistic_regression
942:2938,4.25,113.85,0.49495027396220986,irrawaddy_dolphin,Orcaella brevirostris,logistic_regression
942:2975,4.25,117.55,0.6903968720826107,irrawaddy_dolphin,Orcaella brevirostris,logistic_regression
942:2976,4.25,117.65,0.6951263733190048,irrawaddy_dolphin,Orcaella brevirostris,logistic_regression
942:2978,4.25,117.85,0.7044622564741566,irrawaddy_dolphin,Orcaella brevirostris,logistic_regression
942:2981,4.25,118.15,0.7181495114822182,irrawaddy_dolphin,Orcaella brevirostris,logistic_regression
942:2982,4.25,118.25,0.7226253895396554,irrawaddy_dolphin,Orcaella brevirostris,logistic_regression
942:2983,4.25,118.35,0.7270572035343753,irrawaddy_dolphin,Orcaella brevirostris,logistic_regression
942:2984,4.25,118.45,0.7314445230780363,irrawaddy_dolphin,Orcaella brevirostris,logistic_regression
942:2985,4.25,118.55,0.7357869481262121,irrawaddy_dolphin,Orcaella brevirostris,logistic_regression
942:2986,4.25,118.65,0.7400841087163507,irrawaddy_dolphin,Orcaella brevirostris,logistic_regression
942:2987,4.25,118.75,0.744335664671744,irrawaddy_dolphin,Orcaella brevirostris,logistic_regression
942:2988,4.25,118.85,0.7485413052730545,irrawaddy_dolphin,Orcaella brevirostris,logistic_regression
942:2989,4.25,118.95,0.7527007488989373,irrawaddy_dolphin,Orcaella brevirostris,logistic_regression
942:2990,4.25,119.05,0.7568137426373465,irrawaddy_dolphin,Orcaella brevirostris,logistic_regression
943:2793,4.35,99.35,0.03465609438646965,irrawaddy_dolphin,Orcaella brevirostris,logistic_regression
943:2794,4.35,99.45,0.035407233348807035,irrawaddy_dolphin,Orcaella brevirostris,logistic_regression
943:2795,4.35,99.55,0.036174042492336085,irrawaddy_dolphin,Orcaella brevirostris,logistic_regression
943:2796,4.35,99.65,0.03695682204860432,irrawaddy_dolphin,Orcaella brevirostris,logistic_regression
943:2797,4.35,99.75,0.03775587683506944,irrawaddy_dolphin,Orcaella brevirostris,logistic_regression
943:2798,4.35,99.85,0.03857151627264863,irrawaddy_dolphin,Orcaella brevirostris,logistic_regression
943:2799,4.35,99.95,0.03940405440056956,irrawaddy_dolphin,Orcaella brevirostris,logistic_regression
943:2800,4.35,100.05,0.04025380988837069,irrawaddy_dolphin,Orcaella brevirostris,logistic_regression
943:2801,4.35,100.15,0.04112110604489442,irrawaddy_dolphin,Orcaella brevirostris,logistic_regression
943:2802,4.35,100.25,0.042006270824106524,irrawaddy_dolphin,Orcaella brevirostris,logistic_regression
943:2803,4.35,100.35,0.04290963682757758,irrawaddy_dolphin,Orcaella brevirostris,logistic_regression
943:2804,4.35,100.45,0.04383154130345026,irrawaddy_dolphin,Orcaella brevirostris,logistic_regression
943:2805,4.35,100.55,0.0447723261417153,irrawaddy_dolphin,Orcaella brevirostris,logistic_regression
943:2835,4.35,103.55,0.08365197896396348,irrawaddy_dolphin,Orcaella brevirostris,logistic_regression
943:2836,4.35,103.65,0.08537114486841037,irrawaddy_dolphin,Orcaella brevirostris,logistic_regression
943:2837,4.35,103.75,0.08712228291142066,irrawaddy_dolphin,Orcaella brevirostris,logistic_regression
943:2838,4.35,103.85,0.08890584887847083,irrawaddy_dolphin,Orcaella brevirostris,logistic_regression
943:2839,4.35,103.95,0.09072229928346932,irrawaddy_dolphin,Orcaella brevirostris,logistic_regression
943:2840,4.35,104.05,0.09257209109265628,irrawaddy_dolphin,Orcaella brevirostris,logistic_regression
943:2841,4.35,104.15,0.09445568143649812,irrawaddy_dolphin,Orcaella brevirostris,logistic_regression
943:2842,4.35,104.25,0.09637352730939026,irrawaddy_dolphin,Orcaella brevirostris,logistic_regression
943:2843,4.35,104.35,0.09832608525700806,irrawaddy_dolphin,Orcaella brevirostris,logistic_regression
943:2844,4.35,104.45,0.1003138110511455,irrawaddy_dolphin,Orcaella brevirostris,logistic_regression
943:2845,4.35,104.55,0.10233715935190633,irrawaddy_dolphin,Orcaella brevirostris,logistic_regression
943:2846,4.35,104.65,0.10439658335712869,irrawaddy_dolphin,Orcaella brevirostris,logistic_regression
943:2847,4.35,104.75,0.10649253443893196,irrawaddy_dolphin,Orcaella brevirostris,logistic_regression
943:2848,4.35,104.85,0.10862546176731053,irrawaddy_dolphin,Orcaella brevirostris,logistic_regression
943:2849,4.35,104.95,0.11079581192070227,irrawaddy_dolphin,Orcaella brevirostris,logistic_regression
943:2900,4.35,110.05,0.27901159097152756,irrawaddy_dolphin,Orcaella brevirostris,logistic_regression
943:2901,4.35,110.15,0.28350352094572534,irrawaddy_dolphin,Orcaella brevirostris,logistic_regression
943:2902,4.35,110.25,0.28803887720715887,irrawaddy_dolphin,Orcaella brevirostris,logistic_regression
943:2903,4.35,110.35,0.29261715671176586,irrawaddy_dolphin,Orcaella brevirostris,logistic_regression
943:2904,4.35,110.45,0.2972378254583072,irrawaddy_dolphin,Orcaella brevirostris,logistic_regression
943:2905,4.35,110.55,0.3019003183915232,irrawaddy_dolphin,Orcaella brevirostris,logistic_regression
943:2906,4.35,110.65,0.30660403934667296,irrawaddy_dolphin,Orcaella brevirostris,logistic_regression
943:2907,4.35,110.75,0.311348361036619,irrawaddy_dolphin,Orcaella brevirostris,logistic_regression
943:2908,4.35,110.85,0.3161326250825806,irrawaddy_dolphin,Orcaella brevirostris,logistic_regression
943:2909,4.35,110.95,0.32095614208955786,irrawaddy_dolphin,Orcaella brevirostris,logistic_regression
943:2910,4.35,111.05,0.32581819176736104,irrawaddy_dolphin,Orcaella brevirostris,logistic_regression
943:2911,4.35,111.15,0.3307180230980832,irrawaddy_dolphin,Orcaella brevirostris,logistic_regression
943:2912,4.35,111.25,0.33565485455072996,irrawaddy_dolphin,Orcaella brevirostris,logistic_regression
943:2913,4.35,111.35,0.340627874343648,irrawaddy_dolphin,Orcaella brevirostris,logistic_regression
943:2914,4.35,111.45,0.34563624075524446,irrawaddy_dolphin,Orcaella brevirostris,logistic_regression
943:2915,4.35,111.55,0.35067908248339613,irrawaddy_dolphin,Orcaella brevirostris,logistic_regression
943:2916,4.35,111.65,0.355755499053823,irrawaddy_dolphin,Orcaella brevirostris,logistic_regression
943:2917,4.35,111.75,0.36086456127755223,irrawaddy_dolphin,Orcaella brevirostris,logistic_regression
943:2918,4.35,111.85,0.3660053117575062,irrawaddy_dolphin,Orcaella brevirostris,logistic_regression
943:2919,4.35,111.95,0.37117676544407374,irrawaddy_dolphin,Orcaella brevirostris,logistic_regression
943:2920,4.35,112.05,0.3763779102394148,irrawaddy_dolphin,Orcaella brevirostris,logistic_regression
943:2921,4.35,112.15,0.38160770765011204,irrawaddy_dolphin,Orcaella brevirostris,logistic_regression
943:2922,4.35,112.25,0.3868650934876098,irrawaddy_dolphin,Orcaella brevirostris,logistic_regression
943:2923,4.35,112.35,0.39214897861578896,irrawaddy_dolphin,Orcaella brevirostris,logistic_regression
943:2924,4.35,112.45,0.3974582497448382,irrawaddy_dolphin,Orcaella brevirostris,logistic_regression
943:2925,4.35,112.55,0.4027917702704668,irrawaddy_dolphin,Orcaella brevirostris,logistic_regression
943:2926,4.35,112.65,0.4081483811573657,irrawaddy_dolphin,Orcaella brevirostris,logistic_regression
943:2927,4.35,112.75,0.41352690186565483,irrawaddy_dolphin,Orcaella brevirostris,logistic_regression
943:2928,4.35,112.85,0.4189261313189618,irrawaddy_dolphin,Orcaella brevirostris,logistic_regression
943:2929,4.35,112.95,0.4243448489125961,irrawaddy_dolphin,Orcaella brevirostris,logistic_regression
943:2930,4.35,113.05,0.42978181556018213,irrawaddy_dolphin,Orcaella brevirostris,logistic_regression
943:2931,4.35,113.15,0.43523577477698605,irrawaddy_dolphin,Orcaella brevirostris,logistic_regression
943:2932,4.35,113.25,0.44070545379801845,irrawaddy_dolphin,Orcaella brevirostris,logistic_regression
943:2933,4.35,113.35,0.4461895647289242,irrawaddy_dolphin,Orcaella brevirostris,logistic_regression
943:2934,4.35,113.45,0.4516868057275128,irrawaddy_dolphin,Orcaella brevirostris,logistic_regression
943:2935,4.35,113.55,0.4571958622137059,irrawaddy_dolphin,Orcaella brevirostris,logistic_regression
943:2936,4.35,113.65,0.46271540810557993,irrawaddy_dolphin,Orcaella brevirostris,logistic_regression
943:2937,4.35,113.75,0.46824410707906255,irrawaddy_dolphin,Orcaella brevirostris,logistic_regression
943:2938,4.35,113.85,0.4737806138488037,irrawaddy_dolphin,Orcaella brevirostris,logistic_regression
943:2939,4.35,113.95,0.4793235754676204,irrawaddy_dolphin,Orcaella brevirostris,logistic_regression
943:2976,4.35,117.65,0.6768694648308525,irrawaddy_dolphin,Orcaella brevirostris,logistic_regression
943:2985,4.35,118.55,0.7189805794453502,irrawaddy_dolphin,Orcaella brevirostris,logistic_regression
943:2986,4.35,118.65,0.7234483421373791,irrawaddy_dolphin,Orcaella brevirostris,logistic_regression
943:2987,4.35,118.75,0.7278719588730035,irrawaddy_dolphin,Orcaella brevirostris,logistic_regression
943:2988,4.35,118.85,0.7322510048938288,irrawaddy_dolphin,Orcaella brevirostris,logistic_regression
943:2989,4.35,118.95,0.736585085739545,irrawaddy_dolphin,Orcaella brevirostris,logistic_regression
943:2990,4.35,119.05,0.7408738369794804,irrawaddy_dolphin,Orcaella brevirostris,logistic_regression
944:2792,4.45,99.25,0.031249430657285738,irrawaddy_dolphin,Orcaella brevirostris,logistic_regression
944:2793,4.45,99.35,0.03192917548567643,irrawaddy_dolphin,Orcaella brevirostris,logistic_regression
944:2794,4.45,99.45,0.03262320835491478,irrawaddy_dolphin,Orcaella brevirostris,logistic_regression
944:2795,4.45,99.55,0.033331807737579364,irrawaddy_dolphin,Orcaella brevirostris,logistic_regression
944:2796,4.45,99.65,0.03405525657447462,irrawaddy_dolphin,Orcaella brevirostris,logistic_regression
944:2797,4.45,99.75,0.034793842303174075,irrawaddy_dolphin,Orcaella brevirostris,logistic_regression
944:2798,4.45,99.85,0.03554785688453839,irrawaddy_dolphin,Orcaella brevirostris,logistic_regression
944:2799,4.45,99.95,0.036317596827075485,irrawaddy_dolphin,Orcaella brevirostris,logistic_regression
944:2800,4.45,100.05,0.037103363209008505,irrawaddy_dolphin,Orcaella brevirostris,logistic_regression
944:2801,4.45,100.15,0.037905461697913624,irrawaddy_dolphin,Orcaella brevirostris,logistic_regression
944:2802,4.45,100.25,0.03872420256778004,irrawaddy_dolphin,Orcaella brevirostris,logistic_regression
944:2803,4.45,100.35,0.03955990071334667,irrawaddy_dolphin,Orcaella brevirostris,logistic_regression
944:2804,4.45,100.45,0.04041287566155817,irrawaddy_dolphin,Orcaella brevirostris,logistic_regression
944:2805,4.45,100.55,0.04128345157998268,irrawaddy_dolphin,Orcaella brevirostris,logistic_regression
944:2834,4.45,103.45,0.07580727711381118,irrawaddy_dolphin,Orcaella brevirostris,logistic_regression
944:2835,4.45,103.55,0.07737883716663453,irrawaddy_dolphin,Orcaella brevirostris,logistic_regression
944:2836,4.45,103.65,0.07898019297801925,irrawaddy_dolphin,Orcaella brevirostris,logistic_regression
944:2837,4.45,103.75,0.08061179333009592,irrawaddy_dolphin,Orcaella brevirostris,logistic_regression
944:2838,4.45,103.85,0.08227408890116826,irrawaddy_dolphin,Orcaella brevirostris,logistic_regression
944:2839,4.45,103.95,0.0839675320445664,irrawaddy_dolphin,Orcaella brevirostris,logistic_regression
944:2840,4.45,104.05,0.08569257655650567,irrawaddy_dolphin,Orcaella brevirostris,logistic_regression
944:2841,4.45,104.15,0.08744967743272596,irrawaddy_dolphin,Orcaella brevirostris,logistic_regression
944:2842,4.45,104.25,0.0892392906136868,irrawaddy_dolphin,Orcaella brevirostris,logistic_regression
944:2843,4.45,104.35,0.0910618727181149,irrawaddy_dolphin,Orcaella brevirostris,logistic_regression
944:2844,4.45,104.45,0.09291788076469759,irrawaddy_dolphin,Orcaella brevirostris,logistic_regression
944:2845,4.45,104.55,0.09480777188173405,irrawaddy_dolphin,Orcaella brevirostris,logistic_regression
944:2846,4.45,104.65,0.09673200300456881,irrawaddy_dolphin,Orcaella brevirostris,logistic_regression
944:2847,4.45,104.75,0.0986910305606367,irrawaddy_dolphin,Orcaella brevirostris,logistic_regression
944:2848,4.45,104.85,0.10068531014197478,irrawaddy_dolphin,Orcaella brevirostris,logistic_regression
944:2849,4.45,104.95,0.102715296165061,irrawaddy_dolphin,Orcaella brevirostris,logistic_regression
944:2850,4.45,105.05,0.10478144151786203,irrawaddy_dolphin,Orcaella brevirostris,logistic_regression
944:2900,4.45,110.05,0.2622814964414693,irrawaddy_dolphin,Orcaella brevirostris,logistic_regression
944:2901,4.45,110.15,0.2666036784522483,irrawaddy_dolphin,Orcaella brevirostris,logistic_regression
944:2902,4.45,110.25,0.27097092447435867,irrawaddy_dolphin,Orcaella brevirostris,logistic_regression
944:2903,4.45,110.35,0.2753828479801865,irrawaddy_dolphin,Orcaella brevirostris,logistic_regression
944:2904,4.45,110.45,0.27983903221134854,irrawaddy_dolphin,Orcaella brevirostris,logistic_regression
944:2905,4.45,110.55,0.2843390299360339,irrawaddy_dolphin,Orcaella brevirostris,logistic_regression
944:2906,4.45,110.65,0.288882363242623,irrawaddy_dolphin,Orcaella brevirostris,logistic_regression
944:2907,4.45,110.75,0.2934685233709868,irrawaddy_dolphin,Orcaella brevirostris,logistic_regression
944:2908,4.45,110.85,0.29809697058284873,irrawaddy_dolphin,Orcaella brevirostris,logistic_regression
944:2909,4.45,110.95,0.30276713407250183,irrawaddy_dolphin,Orcaella brevirostris,logistic_regression
944:2910,4.45,111.05,0.30747841191912423,irrawaddy_dolphin,Orcaella brevirostris,logistic_regression
944:2911,4.45,111.15,0.31223017108186735,irrawaddy_dolphin,Orcaella brevirostris,logistic_regression
944:2912,4.45,111.25,0.317021747438788,irrawaddy_dolphin,Orcaella brevirostris,logistic_regression
944:2913,4.45,111.35,0.3218524458706461,irrawaddy_dolphin,Orcaella brevirostris,logistic_regression
944:2914,4.45,111.45,0.3267215403904618,irrawaddy_dolphin,Orcaella brevirostris,logistic_regression
944:2915,4.45,111.55,0.3316282743196534,irrawaddy_dolphin,Orcaella brevirostris,logistic_regression
944:2916,4.45,111.65,0.3365718605114712,irrawaddy_dolphin,Orcaella brevirostris,logistic_regression
944:2917,4.45,111.75,0.34155148162231286,irrawaddy_dolphin,Orcaella brevirostris,logistic_regression
944:2918,4.45,111.85,0.346566290431429,irrawaddy_dolphin,Orcaella brevirostris,logistic_regression
944:2919,4.45,111.95,0.35161541020936943,irrawaddy_dolphin,Orcaella brevirostris,logistic_regression
944:2920,4.45,112.05,0.3566979351354238,irrawaddy_dolphin,Orcaella brevirostris,logistic_regression
944:2921,4.45,112.15,0.36181293076418236,irrawaddy_dolphin,Orcaella brevirostris,logistic_regression
944:2922,4.45,112.25,0.36695943454118624,irrawaddy_dolphin,Orcaella brevirostris,logistic_regression
944:2923,4.45,112.35,0.37213645636754233,irrawaddy_dolphin,Orcaella brevirostris,logistic_regression
944:2924,4.45,112.45,0.37734297921320276,irrawaddy_dolphin,Orcaella brevirostris,logistic_regression
944:2925,4.45,112.55,0.38257795977849185,irrawaddy_dolphin,Orcaella brevirostris,logistic_regression
944:2926,4.45,112.65,0.3878403292033286,irrawaddy_dolphin,Orcaella brevirostris,logistic_regression
944:2927,4.45,112.75,0.3931289938234183,irrawaddy_dolphin,Orcaella brevirostris,logistic_regression
944:2928,4.45,112.85,0.3984428359725943,irrawaddy_dolphin,Orcaella brevirostris,logistic_regression
944:2929,4.45,112.95,0.4037807148302995,irrawaddy_dolphin,Orcaella brevirostris,logistic_regression
944:2930,4.45,113.05,0.4091414673130896,irrawaddy_dolphin,Orcaella brevirostris,logistic_regression
944:2931,4.45,113.15,0.4145239090088975,irrawaddy_dolphin,Orcaella brevirostris,logistic_regression
944:2932,4.45,113.25,0.4199268351526344,irrawaddy_dolphin,Orcaella brevirostris,logistic_regression
944:2933,4.45,113.35,0.425349021641613,irrawaddy_dolphin,Orcaella brevirostris,logistic_regression
944:2934,4.45,113.45,0.43078922608910214,irrawaddy_dolphin,Orcaella brevirostris,logistic_regression
944:2935,4.45,113.55,0.43624618891422595,irrawaddy_dolphin,Orcaella brevirostris,logistic_regression
944:2936,4.45,113.65,0.44171863446629567,irrawaddy_dolphin,Orcaella brevirostris,logistic_regression
944:2937,4.45,113.75,0.44720527218151795,irrawaddy_dolphin,Orcaella brevirostris,logistic_regression
944:2938,4.45,113.85,0.4527047977699611,irrawaddy_dolphin,Orcaella brevirostris,logistic_regression
944:2939,4.45,113.95,0.45821589443050464,irrawaddy_dolphin,Orcaella brevirostris,logistic_regression
944:2986,4.45,118.65,0.7061705467971404,irrawaddy_dolphin,Orcaella brevirostris,logistic_regression
944:2987,4.45,118.75,0.7107600382620238,irrawaddy_dolphin,Orcaella brevirostris,logistic_regression
944:2988,4.45,118.85,0.7153067440520902,irrawaddy_dolphin,Orcaella brevirostris,logistic_regression
944:2989,4.45,118.95,0.7198101529855097,irrawaddy_dolphin,Orcaella brevirostris,logistic_regression
944:2990,4.45,119.05,0.724269784740537,irrawaddy_dolphin,Orcaella brevirostris,logistic_regression
945:2791,4.55,99.15,0.02816786772356177,irrawaddy_dolphin,Orcaella brevirostris,logistic_regression
945:2792,4.55,99.25,0.02878257323961728,irrawaddy_dolphin,Orcaella brevirostris,logistic_regression
945:2793,4.55,99.35,0.02941028746883931,irrawaddy_dolphin,Orcaella brevirostris,logistic_regression
945:2794,4.55,99.45,0.030051267825506444,irrawaddy_dolphin,Orcaella brevirostris,logistic_regression
945:2795,4.55,99.55,0.030705776030168695,irrawaddy_dolphin,Orcaella brevirostris,logistic_regression
945:2796,4.55,99.65,0.03137407814627075,irrawaddy_dolphin,Orcaella brevirostris,logistic_regression
945:2797,4.55,99.75,0.03205644461531149,irrawaddy_dolphin,Orcaella brevirostris,logistic_regression
945:2798,4.55,99.85,0.032753150290433825,irrawaddy_dolphin,Orcaella brevirostris,logistic_regression
945:2799,4.55,99.95,0.03346447446832923,irrawaddy_dolphin,Orcaella brevirostris,logistic_regression
945:2800,4.55,100.05,0.034190700919340185,irrawaddy_dolphin,Orcaella brevirostris,logistic_regression
945:2801,4.55,100.15,0.03493211791563978,irrawaddy_dolphin,Orcaella brevirostris,logistic_regression
945:2802,4.55,100.25,0.03568901825735924,irrawaddy_dolphin,Orcaella brevirostris,logistic_regression
945:2803,4.55,100.35,0.03646169929653548,irrawaddy_dolphin,Orcaella brevirostris,logistic_regression
945:2804,4.55,100.45,0.03725046295874015,irrawaddy_dolphin,Orcaella brevirostris,logistic_regression
945:2805,4.55,100.55,0.03805561576225089,irrawaddy_dolphin,Orcaella brevirostris,logistic_regression
945:2835,4.55,103.55,0.07153939782490831,irrawaddy_dolphin,Orcaella brevirostris,logistic_regression
945:2836,4.55,103.65,0.07302947196566847,irrawaddy_dolphin,Orcaella brevirostris,logistic_regression
945:2837,4.55,103.75,0.07454809047054874,irrawaddy_dolphin,Orcaella brevirostris,logistic_regression
945:2838,4.55,103.85,0.0760956956881422,irrawaddy_dolphin,Orcaella brevirostris,logistic_regression
945:2839,4.55,103.95,0.07767273242874519,irrawaddy_dolphin,Orcaella brevirostris,logistic_regression
945:2840,4.55,104.05,0.07927964777289116,irrawaddy_dolphin,Orcaella brevirostris,logistic_regression
945:2841,4.55,104.15,0.08091689086956273,irrawaddy_dolphin,Orcaella brevirostris,logistic_regression
945:2842,4.55,104.25,0.08258491272383332,irrawaddy_dolphin,Orcaella brevirostris,logistic_regression
945:2843,4.55,104.35,0.08428416597370719,irrawaddy_dolphin,Orcaella brevirostris,logistic_regression
945:2844,4.55,104.45,0.08601510465591938,irrawaddy_dolphin,Orcaella brevirostris,logistic_regression
945:2845,4.55,104.55,0.0877781839604733,irrawaddy_dolphin,Orcaella brevirostris,logistic_regression
945:2846,4.55,104.65,0.08957385997370026,irrawaddy_dolphin,Orcaella brevirostris,logistic_regression
945:2847,4.55,104.75,0.09140258940962637,irrawaddy_dolphin,Orcaella brevirostris,logistic_regression
945:2848,4.55,104.85,0.09326482932945514,irrawaddy_dolphin,Orcaella brevirostris,logistic_regression
945:2849,4.55,104.95,0.09516103684897205,irrawaddy_dolphin,Orcaella brevirostris,logistic_regression
945:2850,4.55,105.05,0.09709166883369694,irrawaddy_dolphin,Orcaella brevirostris,logistic_regression
945:2851,4.55,105.15,0.09905718158162513,irrawaddy_dolphin,Orcaella brevirostris,logistic_regression
945:2900,4.55,110.05,0.24621199708350264,irrawaddy_dolphin,Orcaella brevirostris,logistic_regression
945:2901,4.55,110.15,0.2503592362039991,irrawaddy_dolphin,Orcaella brevirostris,logistic_regression
945:2902,4.55,110.25,0.25455274164620995,irrawaddy_dolphin,Orcaella brevirostris,logistic_regression
945:2903,4.55,110.35,0.2587922393853275,irrawaddy_dolphin,Orcaella brevirostris,logistic_regression
945:2904,4.55,110.45,0.26307742639809584,irrawaddy_dolphin,Orcaella brevirostris,logistic_regression
945:2905,4.55,110.55,0.26740797029556185,irrawaddy_dolphin,Orcaella brevirostris,logistic_regression
945:2906,4.55,110.65,0.27178350898631565,irrawaddy_dolphin,Orcaella brevirostris,logistic_regression
945:2907,4.55,110.75,0.27620365037176803,irrawaddy_dolphin,Orcaella brevirostris,logistic_regression
945:2908,4.55,110.85,0.2806679720750181,irrawaddy_dolphin,Orcaella brevirostris,logistic_regression
945:2909,4.55,110.95,0.2851760212047935,irrawaddy_dolphin,Orcaella brevirostris,logistic_regression
945:2910,4.55,111.05,0.2897273141559289,irrawaddy_dolphin,Orcaella brevirostris,logistic_regression
945:2911,4.55,111.15,0.29432133644779473,irrawaddy_dolphin,Orcaella brevirostris,logistic_regression
945:2912,4.55,111.25,0.2989575426020184,irrawaddy_dolphin,Orcaella brevirostris,logistic_regression
945:2913,4.55,111.35,0.30363535606080944,irrawaddy_dolphin,Orcaella brevirostris,logistic_regression
945:2914,4.55,111.45,0.30835416914709834,irrawaddy_dolphin,Orcaella brevirostris,logistic_regression
945:2915,4.55,111.55,0.3131133430676494,irrawaddy_dolphin,Orcaella brevirostris,logistic_regression
945:2916,4.55,111.65,0.31791220796022485,irrawaddy_dolphin,Orcaella brevirostris,logistic_regression
945:2917,4.55,111.75,0.32275006298577125,irrawaddy_dolphin,Orcaella brevirostris,logistic_regression
945:2918,4.55,111.85,0.3276261764665397,irrawaddy_dolphin,Orcaella brevirostris,logistic_regression
945:2919,4.55,111.95,0.33253978607091833,irrawaddy_dolphin,Orcaella brevirostris,logistic_regression
945:2920,4.55,112.05,0.3374900990456751,irrawaddy_dolphin,Orcaella brevirostris,logistic_regression
945:2921,4.55,112.15,0.3424762924961975,irrawaddy_dolphin,Orcaella brevirostris,logistic_regression
945:2922,4.55,112.25,0.34749751371517845,irrawaddy_dolphin,Orcaella brevirostris,logistic_regression
945:2923,4.55,112.35,0.352552880560116,irrawaddy_dolphin,Orcaella brevirostris,logistic_regression
945:2924,4.55,112.45,0.35764148187983225,irrawaddy_dolphin,Orcaella brevirostris,logistic_regression
945:2925,4.55,112.55,0.3627623779901115,irrawaddy_dolphin,Orcaella brevirostris,logistic_regression
945:2926,4.55,112.65,0.367914601198431,irrawaddy_dolphin,Orcaella brevirostris,logistic_regression
945:2927,4.55,112.75,0.37309715637759083,irrawaddy_dolphin,Orcaella brevirostris,logistic_regression
945:2928,4.55,112.85,0.37830902158796004,irrawaddy_dolphin,Orcaella brevirostris,logistic_regression
945:2929,4.55,112.95,0.38354914874786955,irrawaddy_dolphin,Orcaella brevirostris,logistic_regression
945:2930,4.55,113.05,0.3888164643515728,irrawaddy_dolphin,Orcaella brevirostris,logistic_regression
945:2931,4.55,113.15,0.39410987023405003,irrawaddy_dolphin,Orcaella brevirostris,logistic_regression
945:2932,4.55,113.25,0.39942824438176594,irrawaddy_dolphin,Orcaella brevirostris,logistic_regression
945:2933,4.55,113.35,0.40477044178839017,irrawaddy_dolphin,Orcaella brevirostris,logistic_regression
945:2934,4.55,113.45,0.41013529535430693,irrawaddy_dolphin,Orcaella brevirostris,logistic_regression
945:2935,4.55,113.55,0.4155216168286282,irrawaddy_dolphin,Orcaella brevirostris,logistic_regression
945:2936,4.55,113.65,0.42092819779228907,irrawaddy_dolphin,Orcaella brevirostris,logistic_regression
945:2937,4.55,113.75,0.4263538106806422,irrawaddy_dolphin,Orcaella brevirostris,logistic_regression
945:2938,4.55,113.85,0.43179720984388154,irrawaddy_dolphin,Orcaella brevirostris,logistic_regression
945:2939,4.55,113.95,0.4372571326434558,irrawaddy_dolphin,Orcaella brevirostris,logistic_regression
945:2986,4.55,118.65,0.6882784211276027,irrawaddy_dolphin,Orcaella brevirostris,logistic_regression
945:2987,4.55,118.75,0.6930258948229062,irrawaddy_dolphin,Orcaella brevirostris,logistic_regression
945:2988,4.55,118.85,0.6977328182189948,irrawaddy_dolphin,Orcaella brevirostris,logistic_regression
945:2989,4.55,118.95,0.7023985615922969,irrawaddy_dolphin,Orcaella brevirostris,logistic_regression
946:2790,4.65,99.05,0.025382221373131612,irrawaddy_dolphin,Orcaella brevirostris,logistic_regression
946:2791,4.65,99.15,0.025937758396508123,irrawaddy_dolphin,Orcaella brevirostris,logistic_regression
946:2792,4.65,99.25,0.026505123710910176,irrawaddy_dolphin,Orcaella brevirostris,logistic_regression
946:2793,4.65,99.35,0.02708455454855498,irrawaddy_dolphin,Orcaella brevirostris,logistic_regression
946:2794,4.65,99.45,0.0276762922543313,irrawaddy_dolphin,Orcaella brevirostris,logistic_regression
946:2795,4.65,99.55,0.028280582328066864,irrawaddy_dolphin,Orcaella brevirostris,logistic_regression
946:2796,4.65,99.65,0.028897674465802256,irrawaddy_dolphin,Orcaella brevirostris,logistic_regression
946:2797,4.65,99.75,0.029527822599979468,irrawaddy_dolphin,Orcaella brevirostris,logistic_regression
946:2798,4.65,99.85,0.030171284938454158,irrawaddy_dolphin,Orcaella brevirostris,logistic_regression
946:2799,4.65,99.95,0.030828324002232104,irrawaddy_dolphin,Orcaella brevirostris,logistic_regression
946:2800,4.65,100.05,0.031499206661828975,irrawaddy_dolphin,Orcaella brevirostris,logistic_regression
946:2801,4.65,100.15,0.03218420417214911,irrawaddy_dolphin,Orcaella brevirostris,logistic_regression
946:2802,4.65,100.25,0.03288359220577106,irrawaddy_dolphin,Orcaella brevirostris,logistic_regression
946:2803,4.65,100.35,0.03359765088452881,irrawaddy_dolphin,Orcaella brevirostris,logistic_regression
946:2804,4.65,100.45,0.03432666480926776,irrawaddy_dolphin,Orcaella brevirostris,logistic_regression
946:2805,4.65,100.55,0.03507092308765373,irrawaddy_dolphin,Orcaella brevirostris,logistic_regression
946:2834,4.65,103.45,0.06475032410303494,irrawaddy_dolphin,Orcaella brevirostris,logistic_regression
946:2835,4.65,103.55,0.06610905915851026,irrawaddy_dolphin,Orcaella brevirostris,logistic_regression
946:2836,4.65,103.65,0.0674942485817304,irrawaddy_dolphin,Orcaella brevirostris,logistic_regression
946:2837,4.65,103.75,0.06890632050035143,irrawaddy_dolphin,Orcaella brevirostris,logistic_regression
946:2838,4.65,103.85,0.07034570628907698,irrawaddy_dolphin,Orcaella brevirostris,logistic_regression
946:2839,4.65,103.95,0.07181284042438661,irrawaddy_dolphin,Orcaella brevirostris,logistic_regression
946:2840,4.65,104.05,0.07330816033015726,irrawaddy_dolphin,Orcaella brevirostris,logistic_regression
946:2841,4.65,104.15,0.07483210621392218,irrawaddy_dolphin,Orcaella brevirostris,logistic_regression
946:2842,4.65,104.25,0.07638512089350817,irrawaddy_dolphin,Orcaella brevirostris,logistic_regression
946:2843,4.65,104.35,0.0779676496138031,irrawaddy_dolphin,Orcaella brevirostris,logistic_regression
946:2844,4.65,104.45,0.07958013985339912,irrawaddy_dolphin,Orcaella brevirostris,logistic_regression
946:2845,4.65,104.55,0.08122304112086653,irrawaddy_dolphin,Orcaella brevirostris,logistic_regression
946:2846,4.65,104.65,0.08289680474041809,irrawaddy_dolphin,Orcaella brevirostris,logistic_regression
946:2847,4.65,104.75,0.08460188362672164,irrawaddy_dolphin,Orcaella brevirostris,logistic_regression
946:2848,4.65,104.85,0.0863387320486365,irrawaddy_dolphin,Orcaella brevirostris,logistic_regression
946:2849,4.65,104.95,0.08810780538164378,irrawaddy_dolphin,Orcaella brevirostris,logistic_regression
946:2850,4.65,105.05,0.08990955984875726,irrawaddy_dolphin,Orcaella brevirostris,logistic_regression
946:2851,4.65,105.15,0.0917444522497101,irrawaddy_dolphin,Orcaella brevirostris,logistic_regression
946:2900,4.65,110.05,0.2308189983954621,irrawaddy_dolphin,Orcaella brevirostris,logistic_regression
946:2901,4.65,110.15,0.23478771562627873,irrawaddy_dolphin,Orcaella brevirostris,logistic_regression
946:2902,4.65,110.25,0.23880348564031137,irrawaddy_dolphin,Orcaella brevirostris,logistic_regression
946:2903,4.65,110.35,0.24286614117613425,irrawaddy_dolphin,Orcaella brevirostris,logistic_regression
946:2904,4.65,110.45,0.24697548762649701,irrawaddy_dolphin,Orcaella brevirostris,logistic_regression
946:2905,4.65,110.55,0.25113130256947613,irrawaddy_dolphin,Orcaella brevirostris,logistic_regression
946:2906,4.65,110.65,0.2553333353239901,irrawaddy_dolphin,Orcaella brevirostris,logistic_regression
946:2907,4.65,110.75,0.25958130653128325,irrawaddy_dolphin,Orcaella brevirostris,logistic_regression
946:2908,4.65,110.85,0.2638749077640097,irrawaddy_dolphin,Orcaella brevirostris,logistic_regression
946:2909,4.65,110.95,0.26821380116450266,irrawaddy_dolphin,Orcaella brevirostris,logistic_regression
946:2910,4.65,111.05,0.2725976191138187,irrawaddy_dolphin,Orcaella brevirostris,logistic_regression
946:2911,4.65,111.15,0.2770259639331199,irrawaddy_dolphin,Orcaella brevirostris,logistic_regression
946:2912,4.65,111.25,0.28149840761890793,irrawaddy_dolphin,Orcaella brevirostris,logistic_regression
946:2913,4.65,111.35,0.2860144916136196,irrawaddy_dolphin,Orcaella brevirostris,logistic_regression
946:2914,4.65,111.45,0.2905737266130175,irrawaddy_dolphin,Orcaella brevirostris,logistic_regression
946:2915,4.65,111.55,0.29517559241178115,irrawaddy_dolphin,Orcaella brevirostris,logistic_regression
946:2916,4.65,111.65,0.29981953778864945,irrawaddy_dolphin,Orcaella brevirostris,logistic_regression
946:2917,4.65,111.75,0.3045049804323797,irrawaddy_dolphin,Orcaella brevirostris,logistic_regression
946:2918,4.65,111.85,0.3092313069097567,irrawaddy_dolphin,Orcaella brevirostris,logistic_regression
946:2919,4.65,111.95,0.3139978726767723,irrawaddy_dolphin,Orcaella brevirostris,logistic_regression
946:2920,4.65,112.05,0.31880400213403975,irrawaddy_dolphin,Orcaella brevirostris,logistic_regression
946:2921,4.65,112.15,0.3236489887274187,irrawaddy_dolphin,Orcaella brevirostris,logistic_regression
946:2922,4.65,112.25,0.32853209509470876,irrawaddy_dolphin,Orcaella brevirostris,logistic_regression
946:2923,4.65,112.35,0.33345255325920803,irrawaddy_dolphin,Orcaella brevirostris,logistic_regression
946:2924,4.65,112.45,0.3384095648707904,irrawaddy_dolphin,Orcaella brevirostris,logistic_regression
946:2925,4.65,112.55,0.3434023014950685,irrawaddy_dolphin,Orcaella brevirostris,logistic_regression
946:2926,4.65,112.65,0.3484299049510934,irrawaddy_dolphin,Orcaella brevirostris,logistic_regression
946:2927,4.65,112.75,0.35349148769789734,irrawaddy_dolphin,Orcaella brevirostris,logistic_regression
946:2928,4.65,112.85,0.3585861332701005,irrawaddy_dolphin,Orcaella brevirostris,logistic_regression
946:2929,4.65,112.95,0.36371289676263446,irrawaddy_dolphin,Orcaella brevirostris,logistic_regression
946:2930,4.65,113.05,0.368870805364527,irrawaddy_dolphin,Orcaella brevirostris,logistic_regression
946:2931,4.65,113.15,0.3740588589415601,irrawaddy_dolphin,Orcaella brevirostris,logistic_regression
946:2932,4.65,113.25,0.37927603066744875,irrawaddy_dolphin,Orcaella brevirostris,logistic_regression
946:2933,4.65,113.35,0.3845212677030862,irrawaddy_dolphin,Orcaella brevirostris,logistic_regression
946:2934,4.65,113.45,0.3897934919232265,irrawaddy_dolphin,Orcaella brevirostris,logistic_regression
946:2935,4.65,113.55,0.3950916006898514,irrawaddy_dolphin,Orcaella brevirostris,logistic_regression
946:2936,4.65,113.65,0.4004144676713335,irrawaddy_dolphin,Orcaella brevirostris,logistic_regression
946:2937,4.65,113.75,0.4057609437063364,irrawaddy_dolphin,Orcaella brevirostris,logistic_regression
946:2938,4.65,113.85,0.4111298577112936,irrawaddy_dolphin,Orcaella brevirostris,logistic_regression
946:2939,4.65,113.95,0.41652001763013025,irrawaddy_dolphin,Orcaella brevirostris,logistic_regression
946:2940,4.65,114.05,0.4219302114247794,irrawaddy_dolphin,Orcaella brevirostris,logistic_regression
946:2986,4.65,118.65,0.6698062260410652,irrawaddy_dolphin,Orcaella brevirostris,logistic_regression
946:2987,4.65,118.75,0.6747020653752228,irrawaddy_dolphin,Orcaella brevirostris,logistic_regression
946:2988,4.65,118.85,0.6795600415173234,irrawaddy_dolphin,Orcaella brevirostris,logistic_regression
946:2989,4.65,118.95,0.6843794067165914,irrawaddy_dolphin,Orcaella brevirostris,logistic_regression
947:2789,4.75,98.95,0.02286557834225849,irrawaddy_dolphin,Orcaella brevirostris,logistic_regression
947:2790,4.75,99.05,0.023367354589230126,irrawaddy_dolphin,Orcaella brevirostris,logistic_regression
947:2791,4.75,99.15,0.02387987302005291,irrawaddy_dolphin,Orcaella brevirostris,logistic_regression
947:2792,4.75,99.25,0.024403351682374928,irrawaddy_dolphin,Orcaella brevirostris,logistic_regression
947:2793,4.75,99.35,0.02493801252170136,irrawaddy_dolphin,Orcaella brevirostris,logistic_regression
947:2794,4.75,99.45,0.02548408142730886,irrawaddy_dolphin,Orcaella brevirostris,logistic_regression
947:2795,4.75,99.55,0.026041788277547214,irrawaddy_dolphin,Orcaella brevirostris,logistic_regression
947:2796,4.75,99.65,0.026611366984456576,irrawaddy_dolphin,Orcaella brevirostris,logistic_regression
947:2797,4.75,99.75,0.027193055537621937,irrawaddy_dolphin,Orcaella brevirostris,logistic_regression
947:2798,4.75,99.85,0.027787096047188018,irrawaddy_dolphin,Orcaella brevirostris,logistic_regression
947:2799,4.75,99.95,0.028393734785949414,irrawaddy_dolphin,Orcaella brevirostris,logistic_regression
947:2800,4.75,100.05,0.02901322223042995,irrawaddy_dolphin,Orcaella brevirostris,logistic_regression
947:2801,4.75,100.15,0.029645813100862006,irrawaddy_dolphin,Orcaella brevirostris,logistic_regression
947:2802,4.75,100.25,0.030291766399969073,irrawaddy_dolphin,Orcaella brevirostris,logistic_regression
947:2803,4.75,100.35,0.030951345450456275,irrawaddy_dolphin,Orcaella brevirostris,logistic_regression
947:2804,4.75,100.45,0.03162481793110416,irrawaddy_dolphin,Orcaella brevirostris,logistic_regression
947:2805,4.75,100.55,0.032312455911360546,irrawaddy_dolphin,Orcaella brevirostris,logistic_regression
947:2834,4.75,103.45,0.05980213051684912,irrawaddy_dolphin,Orcaella brevirostris,logistic_regression
947:2835,4.75,103.55,0.06106381106053404,irrawaddy_dolphin,Orcaella brevirostris,logistic_regression
947:2836,4.75,103.65,0.062350344785145645,irrawaddy_dolphin,Orcaella brevirostris,logistic_regression
947:2837,4.75,103.75,0.06366214625069327,irrawaddy_dolphin,Orcaella brevirostris,logistic_regression
947:2838,4.75,103.85,0.06499963373938798,irrawaddy_dolphin,Orcaella brevirostris,logistic_regression
947:2839,4.75,103.95,0.06636322914275004,irrawaddy_dolphin,Orcaella brevirostris,logistic_regression
947:2840,4.75,104.05,0.0677533578405916,irrawaddy_dolphin,Orcaella brevirostris,logistic_regression
947:2841,4.75,104.15,0.0691704485716193,irrawaddy_dolphin,Orcaella brevirostris,logistic_regression
947:2842,4.75,104.25,0.07061493329539406,irrawaddy_dolphin,Orcaella brevirostris,logistic_regression
947:2843,4.75,104.35,0.072087247045397,irrawaddy_dolphin,Orcaella brevirostris,logistic_regression
947:2844,4.75,104.45,0.07358782777293789,irrawaddy_dolphin,Orcaella brevirostris,logistic_regression
947:2845,4.75,104.55,0.07511711618165272,irrawaddy_dolphin,Orcaella brevirostris,logistic_regression
947:2846,4.75,104.65,0.07667555555233692,irrawaddy_dolphin,Orcaella brevirostris,logistic_regression
947:2847,4.75,104.75,0.07826359155785674,irrawaddy_dolphin,Orcaella brevirostris,logistic_regression
947:2848,4.75,104.85,0.0798816720678951,irrawaddy_dolphin,Orcaella brevirostris,logistic_regression
947:2849,4.75,104.95,0.08153024694328115,irrawaddy_dolphin,Orcaella brevirostris,logistic_regression
947:2850,4.75,105.05,0.08320976781966392,irrawaddy_dolphin,Orcaella brevirostris,logistic_regression
947:2851,4.75,105.15,0.08492068788029628,irrawaddy_dolphin,Orcaella brevirostris,logistic_regression
947:2852,4.75,105.25,0.08666346161769409,irrawaddy_dolphin,Orcaella brevirostris,logistic_regression
947:2900,4.75,110.05,0.21611244878252617,irrawaddy_dolphin,Orcaella brevirostris,logistic_regression
947:2901,4.75,110.15,0.21990059212164287,irrawaddy_dolphin,Orcaella brevirostris,logistic_regression
947:2902,4.75,110.25,0.223736184197671,irrawaddy_dolphin,Orcaella brevirostris,logistic_regression
947:2903,4.75,110.35,0.2276191573843124,irrawaddy_dolphin,Orcaella brevirostris,logistic_regression
947:2904,4.75,110.45,0.23154941869303816,irrawaddy_dolphin,Orcaella brevirostris,logistic_regression
947:2905,4.75,110.55,0.23552684922616052,irrawaddy_dolphin,Orcaella brevirostris,logistic_regression
947:2906,4.75,110.65,0.23955130364811542,irrawaddy_dolphin,Orcaella brevirostris,logistic_regression
947:2907,4.75,110.75,0.24362260967654198,irrawaddy_dolphin,Orcaella brevirostris,logistic_regression
947:2908,4.75,110.85,0.24774056759478583,irrawaddy_dolphin,Orcaella brevirostris,logistic_regression
947:2909,4.75,110.95,0.2519049497874339,irrawaddy_dolphin,Orcaella brevirostris,logistic_regression
947:2910,4.75,111.05,0.2561155003005052,irrawaddy_dolphin,Orcaella brevirostris,logistic_regression
947:2911,4.75,111.15,0.2603719344279257,irrawaddy_dolphin,Orcaella brevirostris,logistic_regression
947:2912,4.75,111.25,0.264673938325881,irrawaddy_dolphin,Orcaella brevirostris,logistic_regression
947:2913,4.75,111.35,0.2690211686566652,irrawaddy_dolphin,Orcaella brevirostris,logistic_regression
947:2914,4.75,111.45,0.2734132522635877,irrawaddy_dolphin,Orcaella brevirostris,logistic_regression
947:2915,4.75,111.55,0.2778497858784971,irrawaddy_dolphin,Orcaella brevirostris,logistic_regression
947:2916,4.75,111.65,0.28233033586345185,irrawaddy_dolphin,Orcaella brevirostris,logistic_regression
947:2917,4.75,111.75,0.2868544379880042,irrawaddy_dolphin,Orcaella brevirostris,logistic_regression
947:2918,4.75,111.85,0.2914215972435582,irrawaddy_dolphin,Orcaella brevirostris,logistic_regression
947:2919,4.75,111.95,0.2960312876961747,irrawaddy_dolphin,Orcaella brevirostris,logistic_regression
947:2920,4.75,112.05,0.30068295237916326,irrawaddy_dolphin,Orcaella brevirostris,logistic_regression
947:2921,4.75,112.15,0.3053760032267364,irrawaddy_dolphin,Orcaella brevirostris,logistic_regression
947:2922,4.75,112.25,0.3101098210499103,irrawaddy_dolphin,Orcaella brevirostris,logistic_regression
947:2923,4.75,112.35,0.31488375555579545,irrawaddy_dolphin,Orcaella brevirostris,logistic_regression
947:2924,4.75,112.45,0.3196971254112997,irrawaddy_dolphin,Orcaella brevirostris,logistic_regression
947:2925,4.75,112.55,0.3245492183522058,irrawaddy_dolphin,Orcaella brevirostris,logistic_regression
947:2926,4.75,112.65,0.32943929133848493,irrawaddy_dolphin,Orcaella brevirostris,logistic_regression
947:2927,4.75,112.75,0.3343665707565868,irrawaddy_dolphin,Orcaella brevirostris,logistic_regression
947:2928,4.75,112.85,0.33933025266937855,irrawaddy_dolphin,Orcaella brevirostris,logistic_regression
947:2929,4.75,112.95,0.3443295031142519,irrawaddy_dolphin,Orcaella brevirostris,logistic_regression
947:2930,4.75,113.05,0.34936345844983085,irrawaddy_dolphin,Orcaella brevirostris,logistic_regression
947:2931,4.75,113.15,0.35443122575158525,irrawaddy_dolphin,Orcaella brevirostris,logistic_regression
947:2932,4.75,113.25,0.35953188325651064,irrawaddy_dolphin,Orcaella brevirostris,logistic_regression
947:2933,4.75,113.35,0.36466448085694064,irrawaddy_dolphin,Orcaella brevirostris,logistic_regression
947:2934,4.75,113.45,0.36982804064338826,irrawaddy_dolphin,Orcaella brevirostris,logistic_regression
947:2935,4.75,113.55,0.37502155749620125,irrawaddy_dolphin,Orcaella brevirostris,logistic_regression
947:2936,4.75,113.65,0.38024399972567874,irrawaddy_dolphin,Orcaella brevirostris,logistic_regression
947:2937,4.75,113.75,0.38549430976013094,irrawaddy_dolphin,Orcaella brevirostris,logistic_regression
947:2938,4.75,113.85,0.39077140488126394,irrawaddy_dolphin,Orcaella brevirostris,logistic_regression
947:2939,4.75,113.95,0.3960741780060868,irrawaddy_dolphin,Orcaella brevirostris,logistic_regression
947:2940,4.75,114.05,0.40140149851442514,irrawaddy_dolphin,Orcaella brevirostris,logistic_regression
947:2982,4.75,118.25,0.6303341897213307,irrawaddy_dolphin,Orcaella brevirostris,logistic_regression
947:2983,4.75,118.35,0.6354967945967206,irrawaddy_dolphin,Orcaella brevirostris,logistic_regression
947:2984,4.75,118.45,0.6406284062328228,irrawaddy_dolphin,Orcaella brevirostris,logistic_regression
947:2985,4.75,118.55,0.6457280475824345,irrawaddy_dolphin,Orcaella brevirostris,logistic_regression
947:2986,4.75,118.65,0.6507947694179257,irrawaddy_dolphin,Orcaella brevirostris,logistic_regression
947:2987,4.75,118.75,0.6558276508725429,irrawaddy_dolphin,Orcaella brevirostris,logistic_regression
947:2988,4.75,118.85,0.6608257999326838,irrawaddy_dolphin,Orcaella brevirostris,logistic_regression
947:2989,4.75,118.95,0.6657883538810404,irrawaddy_dolphin,Orcaella brevirostris,logistic_regression
948:2788,4.85,98.85,0.02059318771634913,irrawaddy_dolphin,Orcaella brevirostris,logistic_regression
948:2789,4.85,98.95,0.021046171295340768,irrawaddy_dolphin,Orcaella brevirostris,logistic_regression
948:2790,4.85,99.05,0.021508900224427,irrawaddy_dolphin,Orcaella brevirostris,logistic_regression
948:2791,4.85,99.15,0.02198157444095603,irrawaddy_dolphin,Orcaella brevirostris,logistic_regression
948:2792,4.85,99.25,0.022464397552589634,irrawaddy_dolphin,Orcaella brevirostris,logistic_regression
948:2793,4.85,99.35,0.02295757688525049,irrawaddy_dolphin,Orcaella brevirostris,logistic_regression
948:2794,4.85,99.45,0.023461323530762607,irrawaddy_dolphin,Orcaella brevirostris,logistic_regression
948:2795,4.85,99.55,0.023975852394127403,irrawaddy_dolphin,Orcaella brevirostris,logistic_regression
948:2796,4.85,99.65,0.024501382240375548,irrawaddy_dolphin,Orcaella brevirostris,logistic_regression
948:2797,4.85,99.75,0.025038135740928658,irrawaddy_dolphin,Orcaella brevirostris,logistic_regression
948:2798,4.85,99.85,0.02558633951940643,irrawaddy_dolphin,Orcaella brevirostris,logistic_regression
948:2799,4.85,99.95,0.02614622419680728,irrawaddy_dolphin,Orcaella brevirostris,logistic_regression
948:2800,4.85,100.05,0.026718024435989602,irrawaddy_dolphin,Orcaella brevirostris,logistic_regression
948:2801,4.85,100.15,0.027301978985378183,irrawaddy_dolphin,Orcaella brevirostris,logistic_regression
948:2802,4.85,100.25,0.0278983307218133,irrawaddy_dolphin,Orcaella brevirostris,logistic_regression
948:2803,4.85,100.35,0.028507326692461414,irrawaddy_dolphin,Orcaella brevirostris,logistic_regression
948:2804,4.85,100.45,0.029129218155697884,irrawaddy_dolphin,Orcaella brevirostris,logistic_regression
948:2805,4.85,100.55,0.029764260620871494,irrawaddy_dolphin,Orcaella brevirostris,logistic_regression
948:2834,4.85,103.45,0.05520975354676215,irrawaddy_dolphin,Orcaella brevirostris,logistic_regression
948:2835,4.85,103.55,0.05638035606215912,irrawaddy_dolphin,Orcaella brevirostris,logistic_regression
948:2836,4.85,103.65,0.05757426615049261,irrawaddy_dolphin,Orcaella brevirostris,logistic_regression
948:2837,4.85,103.75,0.058791883271379373,irrawaddy_dolphin,Orcaella brevirostris,logistic_regression
948:2838,4.85,103.85,0.06003361096723083,irrawaddy_dolphin,Orcaella brevirostris,logistic_regression
948:2839,4.85,103.95,0.06129985677902453,irrawaddy_dolphin,Orcaella brevirostris,logistic_regression
948:2840,4.85,104.05,0.06259103215491657,irrawaddy_dolphin,Orcaella brevirostris,logistic_regression
948:2841,4.85,104.15,0.0639075523514459,irrawaddy_dolphin,Orcaella brevirostris,logistic_regression
948:2842,4.85,104.25,0.06524983632707454,irrawaddy_dolphin,Orcaella brevirostris,logistic_regression
948:2843,4.85,104.35,0.06661830662781333,irrawaddy_dolphin,Orcaella brevirostris,logistic_regression
948:2844,4.85,104.45,0.06801338926467411,irrawaddy_dolphin,Orcaella brevirostris,logistic_regression
948:2845,4.85,104.55,0.06943551358269183,irrawaddy_dolphin,Orcaella brevirostris,logistic_regression
948:2846,4.85,104.65,0.07088511212126139,irrawaddy_dolphin,Orcaella brevirostris,logistic_regression
948:2847,4.85,104.75,0.07236262046552656,irrawaddy_dolphin,Orcaella brevirostris,logistic_regression
948:2848,4.85,104.85,0.0738684770885697,irrawaddy_dolphin,Orcaella brevirostris,logistic_regression
948:2849,4.85,104.95,0.0754031231841403,irrawaddy_dolphin,Orcaella brevirostris,logistic_regression
948:2850,4.85,105.05,0.07696700248967109,irrawaddy_dolphin,Orcaella brevirostris,logistic_regression
948:2851,4.85,105.15,0.07856056109933046,irrawaddy_dolphin,Orcaella brevirostris,logistic_regression
948:2852,4.85,105.25,0.08018424726685769,irrawaddy_dolphin,Orcaella brevirostris,logistic_regression
948:2900,4.85,110.05,0.20209672582923077,irrawaddy_dolphin,Orcaella brevirostris,logistic_regression
948:2901,4.85,110.15,0.20570366243054114,irrawaddy_dolphin,Orcaella brevirostris,logistic_regression
948:2902,4.85,110.25,0.20935808303318015,irrawaddy_dolphin,Orcaella brevirostris,logistic_regression
948:2903,4.85,110.35,0.2130600114693667,irrawaddy_dolphin,Orcaella brevirostris,logistic_regression
948:2904,4.85,110.45,0.21680944843495273,irrawaddy_dolphin,Orcaella brevirostris,logistic_regression
948:2905,4.85,110.55,0.22060637088738727,irrawaddy_dolphin,Orcaella brevirostris,logistic_regression
948:2906,4.85,110.65,0.22445073145597558,irrawaddy_dolphin,Orcaella brevirostris,logistic_regression
948:2907,4.85,110.75,0.22834245786593507,irrawaddy_dolphin,Orcaella brevirostris,logistic_regression
948:2908,4.85,110.85,0.2322814523778055,irrawaddy_dolphin,Orcaella brevirostris,logistic_regression
948:2909,4.85,110.95,0.23626759124376873,irrawaddy_dolphin,Orcaella brevirostris,logistic_regression
948:2910,4.85,111.05,0.24030072418246703,irrawaddy_dolphin,Orcaella brevirostris,logistic_regression
948:2911,4.85,111.15,0.2443806738739299,irrawaddy_dolphin,Orcaella brevirostris,logistic_regression
948:2912,4.85,111.25,0.24850723547620707,irrawaddy_dolphin,Orcaella brevirostris,logistic_regression
948:2913,4.85,111.35,0.2526801761653469,irrawaddy_dolphin,Orcaella brevirostris,logistic_regression
948:2914,4.85,111.45,0.25689923470032505,irrawaddy_dolphin,Orcaella brevirostris,logistic_regression
948:2915,4.85,111.55,0.2611641210145496,irrawaddy_dolphin,Orcaella brevirostris,logistic_regression
948:2916,4.85,111.65,0.2654745158355563,irrawaddy_dolphin,Orcaella brevirostris,logistic_regression
948:2917,4.85,111.75,0.2698300703344751,irrawaddy_dolphin,Orcaella brevirostris,logistic_regression
948:2918,4.85,111.85,0.2742304058068584,irrawaddy_dolphin,Orcaella brevirostris,logistic_regression
948:2919,4.85,111.95,0.2786751133864064,irrawaddy_dolphin,Orcaella brevirostris,logistic_regression
948:2920,4.85,112.05,0.2831637537931076,irrawaddy_dolphin,Orcaella brevirostris,logistic_regression
948:2921,4.85,112.15,0.2876958571172808,irrawaddy_dolphin,Orcaella brevirostris,logistic_regression
948:2922,4.85,112.25,0.2922709226409316,irrawaddy_dolphin,Orcaella brevirostris,logistic_regression
948:2923,4.85,112.35,0.29688841869782323,irrawaddy_dolphin,Orcaella brevirostris,logistic_regression
948:2924,4.85,112.45,0.30154778257356757,irrawaddy_dolphin,Orcaella brevirostris,logistic_regression
948:2925,4.85,112.55,0.30624842044699996,irrawaddy_dolphin,Orcaella brevirostris,logistic_regression
948:2926,4.85,112.65,0.3109897073740298,irrawaddy_dolphin,Orcaella brevirostris,logistic_regression
948:2927,4.85,112.75,0.31577098731505987,irrawaddy_dolphin,Orcaella brevirostris,logistic_regression
948:2928,4.85,112.85,0.32059157320701936,irrawaddy_dolphin,Orcaella brevirostris,logistic_regression
948:2929,4.85,112.95,0.3254507470809288,irrawaddy_dolphin,Orcaella brevirostris,logistic_regression
948:2930,4.85,113.05,0.33034776022584267,irrawaddy_dolphin,Orcaella brevirostris,logistic_regression
948:2931,4.85,113.15,0.3352818333999142,irrawaddy_dolphin,Orcaella brevirostris,logistic_regression
948:2932,4.85,113.25,0.34025215708919615,irrawaddy_dolphin,Orcaella brevirostris,logistic_regression
948:2933,4.85,113.35,0.34525789181471533,irrawaddy_dolphin,Orcaella brevirostris,logistic_regression
948:2934,4.85,113.45,0.3502981684882038,irrawaddy_dolphin,Orcaella brevirostris,logistic_regression
948:2935,4.85,113.55,0.3553720888167726,irrawaddy_dolphin,Orcaella brevirostris,logistic_regression
948:2936,4.85,113.65,0.3604787257566876,irrawaddy_dolphin,Orcaella brevirostris,logistic_regression
948:2937,4.85,113.75,0.36561712401624946,irrawaddy_dolphin,Orcaella brevirostris,logistic_regression
948:2938,4.85,113.85,0.3707863006076917,irrawaddy_dolphin,Orcaella brevirostris,logistic_regression
948:2950,4.85,115.05,0.4348245200771775,irrawaddy_dolphin,Orcaella brevirostris,logistic_regression
948:2981,4.85,118.15,0.6050747667305965,irrawaddy_dolphin,Orcaella brevirostris,logistic_regression
948:2982,4.85,118.25,0.6103720815230118,irrawaddy_dolphin,Orcaella brevirostris,logistic_regression
948:2983,4.85,118.35,0.6156434768601999,irrawaddy_dolphin,Orcaella brevirostris,logistic_regression
948:2984,4.85,118.45,0.6208878508599183,irrawaddy_dolphin,Orcaella brevirostris,logistic_regression
948:2985,4.85,118.55,0.6261041261776208,irrawaddy_dolphin,Orcaella brevirostris,logistic_regression
948:2986,4.85,118.65,0.6312912507783832,irrawaddy_dolphin,Orcaella brevirostris,logistic_regression
948:2987,4.85,118.75,0.6364481986621052,irrawaddy_dolphin,Orcaella brevirostris,logistic_regression
948:2988,4.85,118.85,0.6415739705412599,irrawaddy_dolphin,Orcaella brevirostris,logistic_regression
948:2989,4.85,118.95,0.6466675944705617,irrawaddy_dolphin,Orcaella brevirostris,logistic_regression
948:2990,4.85,119.05,0.6517281264280901,irrawaddy_dolphin,Orcaella brevirostris,logistic_regression
949:2787,4.95,98.75,0.018542342783220693,irrawaddy_dolphin,Orcaella brevirostris,logistic_regression
949:2788,4.95,98.85,0.01895108729780345,irrawaddy_dolphin,Orcaella brevirostris,logistic_regression
949:2789,4.95,98.95,0.019368664298182754,irrawaddy_dolphin,Orcaella brevirostris,logistic_regression
949:2790,4.95,99.05,0.01979525672662017,irrawaddy_dolphin,Orcaella brevirostris,logistic_regression
949:2791,4.95,99.15,0.020231050962208567,irrawaddy_dolphin,Orcaella brevirostris,logistic_regression
949:2792,4.95,99.25,0.02067623686956866,irrawaddy_dolphin,Orcaella brevirostris,logistic_regression
949:2793,4.95,99.35,0.021131007847481478,irrawaddy_dolphin,Orcaella brevirostris,logistic_regression
949:2794,4.95,99.45,0.021595560877410075,irrawaddy_dolphin,Orcaella brevirostris,logistic_regression
949:2795,4.95,99.55,0.022070096571863262,irrawaddy_dolphin,Orcaella brevirostris,logistic_regression
949:2796,4.95,99.65,0.022554819222551762,irrawaddy_dolphin,Orcaella brevirostris,logistic_regression
949:2797,4.95,99.75,0.023049936848282136,irrawaddy_dolphin,Orcaella brevirostris,logistic_regression
949:2798,4.95,99.85,0.02355566124253495,irrawaddy_dolphin,Orcaella brevirostris,logistic_regression
949:2799,4.95,99.95,0.024072208020667018,irrawaddy_dolphin,Orcaella brevirostris,logistic_regression
949:2800,4.95,100.05,0.02459979666667686,irrawaddy_dolphin,Orcaella brevirostris,logistic_regression
949:2801,4.95,100.15,0.02513865057946995,irrawaddy_dolphin,Orcaella brevirostris,logistic_regression
949:2802,4.95,100.25,0.025688997118554387,irrawaddy_dolphin,Orcaella brevirostris,logistic_regression
949:2803,4.95,100.35,0.02625106764909845,irrawaddy_dolphin,Orcaella brevirostris,logistic_regression
949:2833,4.95,103.35,0.04988709380628792,irrawaddy_dolphin,Orcaella brevirostris,logistic_regression
949:2834,4.95,103.45,0.05095092701994149,irrawaddy_dolphin,Orcaella brevirostris,logistic_regression
949:2835,4.95,103.55,0.05203620380401477,irrawaddy_dolphin,Orcaella brevirostris,logistic_regression
949:2836,4.95,103.65,0.05314330299249878,irrawaddy_dolphin,Orcaella brevirostris,logistic_regression
949:2837,4.95,103.75,0.054272607815287005,irrawaddy_dolphin,Orcaella brevirostris,logistic_regression
949:2838,4.95,103.85,0.05542450584501283,irrawaddy_dolphin,Orcaella brevirostris,logistic_regression
949:2839,4.95,103.95,0.056599388937887775,irrawaddy_dolphin,Orcaella brevirostris,logistic_regression
949:2840,4.95,104.05,0.05779765316830774,irrawaddy_dolphin,Orcaella brevirostris,logistic_regression
949:2841,4.95,104.15,0.05901969875699056,irrawaddy_dolphin,Orcaella brevirostris,logistic_regression
949:2842,4.95,104.25,0.06026592999239856,irrawaddy_dolphin,Orcaella brevirostris,logistic_regression
949:2843,4.95,104.35,0.061536755145206797,irrawaddy_dolphin,Orcaella brevirostris,logistic_regression
949:2844,4.95,104.45,0.06283258637556367,irrawaddy_dolphin,Orcaella brevirostris,logistic_regression
949:2845,4.95,104.55,0.06415383963289599,irrawaddy_dolphin,Orcaella brevirostris,logistic_regression
949:2846,4.95,104.65,0.06550093454800657,irrawaddy_dolphin,Orcaella brevirostris,logistic_regression
949:2847,4.95,104.75,0.06687429431720575,irrawaddy_dolphin,Orcaella brevirostris,logistic_regression
949:2848,4.95,104.85,0.06827434557822534,irrawaddy_dolphin,Orcaella brevirostris,logistic_regression
949:2849,4.95,104.95,0.06970151827765372,irrawaddy_dolphin,Orcaella brevirostris,logistic_regression
949:2850,4.95,105.05,0.07115624552963608,irrawaddy_dolphin,Orcaella brevirostris,logistic_regression
949:2851,4.95,105.15,0.07263896346558349,irrawaddy_dolphin,Orcaella brevirostris,logistic_regression
949:2852,4.95,105.25,0.07415011107462961,irrawaddy_dolphin,Orcaella brevirostris,logistic_regression
949:2853,4.95,105.35,0.07569013003458443,irrawaddy_dolphin,Orcaella brevirostris,logistic_regression
949:2900,4.95,110.05,0.188771082850936,irrawaddy_dolphin,Orcaella brevirostris,logistic_regression
949:2901,4.95,110.15,0.1921974771868049,irrawaddy_dolphin,Orcaella brevirostris,logistic_regression
949:2902,4.95,110.25,0.19567106311958166,irrawaddy_dolphin,Orcaella brevirostris,logistic_regression
949:2903,4.95,110.35,0.1991919470441425,irrawaddy_dolphin,Orcaella brevirostris,logistic_regression
949:2904,4.95,110.45,0.2027602146026851,irrawaddy_dolphin,Orcaella brevirostris,logistic_regression
949:2905,4.95,110.55,0.20637593004913612,irrawaddy_dolphin,Orcaella brevirostris,logistic_regression
949:2906,4.95,110.65,0.21003913562038312,irrawaddy_dolphin,Orcaella brevirostris,logistic_regression
949:2907,4.95,110.75,0.21374985091569754,irrawaddy_dolphin,Orcaella brevirostris,logistic_regression
949:2908,4.95,110.85,0.21750807228578758,irrawaddy_dolphin,Orcaella brevirostris,logistic_regression
949:2909,4.95,110.95,0.22131377223292167,irrawaddy_dolphin,Orcaella brevirostris,logistic_regression
949:2910,4.95,111.05,0.22516689882362087,irrawaddy_dolphin,Orcaella brevirostris,logistic_regression
949:2911,4.95,111.15,0.2290673751154435,irrawaddy_dolphin,Orcaella brevirostris,logistic_regression
949:2912,4.95,111.25,0.23301509859939704,irrawaddy_dolphin,Orcaella brevirostris,logistic_regression
949:2913,4.95,111.35,0.23700994065956418,irrawaddy_dolphin,Orcaella brevirostris,logistic_regression
949:2914,4.95,111.45,0.24105174605151794,irrawaddy_dolphin,Orcaella brevirostris,logistic_regression
949:2915,4.95,111.55,0.24514033240113697,irrawaddy_dolphin,Orcaella brevirostris,logistic_regression
949:2916,4.95,111.65,0.24927548972544059,irrawaddy_dolphin,Orcaella brevirostris,logistic_regression
949:2917,4.95,111.75,0.2534569799770518,irrawaddy_dolphin,Orcaella brevirostris,logistic_regression
949:2918,4.95,111.85,0.25768453661392504,irrawaddy_dolphin,Orcaella brevirostris,logistic_regression
949:2919,4.95,111.95,0.2619578641959429,irrawaddy_dolphin,Orcaella brevirostris,logistic_regression
949:2920,4.95,112.05,0.266276638009993,irrawaddy_dolphin,Orcaella brevirostris,logistic_regression
949:2921,4.95,112.15,0.27064050372512427,irrawaddy_dolphin,Orcaella brevirostris,logistic_regression
949:2922,4.95,112.25,0.2750490770793352,irrawaddy_dolphin,Orcaella brevirostris,logistic_regression
949:2923,4.95,112.35,0.27950194359955693,irrawaddy_dolphin,Orcaella brevirostris,logistic_regression
949:2924,4.95,112.45,0.28399865835632243,irrawaddy_dolphin,Orcaella brevirostris,logistic_regression
949:2925,4.95,112.55,0.2885387457545981,irrawaddy_dolphin,Orcaella brevirostris,logistic_regression
949:2926,4.95,112.65,0.2931216993622058,irrawaddy_dolphin,Orcaella brevirostris,logistic_regression
949:2927,4.95,112.75,0.2977469817771885,irrawaddy_dolphin,Orcaella brevirostris,logistic_regression
949:2928,4.95,112.85,0.3024140245354506,irrawaddy_dolphin,Orcaella brevirostris,logistic_regression
949:2929,4.95,112.95,0.3071222280598988,irrawaddy_dolphin,Orcaella brevirostris,logistic_regression
949:2930,4.95,113.05,0.3118709616522656,irrawaddy_dolphin,Orcaella brevirostris,logistic_regression
949:2931,4.95,113.15,0.31665956352871205,irrawaddy_dolphin,Orcaella brevirostris,logistic_regression
949:2932,4.95,113.25,0.32148734090020525,irrawaddy_dolphin,Orcaella brevirostris,logistic_regression
949:2933,4.95,113.35,0.32635357009860677,irrawaddy_dolphin,Orcaella brevirostris,logistic_regression
949:2934,4.95,113.45,0.3312574967492763,irrawaddy_dolphin,Orcaella brevirostris,logistic_regression
949:2935,4.95,113.55,0.3361983359909155,irrawaddy_dolphin,Orcaella brevirostris,logistic_regression
949:2936,4.95,113.65,0.3411752727432694,irrawaddy_dolphin,Orcaella brevirostris,logistic_regression
949:2937,4.95,113.75,0.3461874620231636,irrawaddy_dolphin,Orcaella brevirostris,logistic_regression
949:2951,4.95,115.15,0.41951930064337906,irrawaddy_dolphin,Orcaella brevirostris,logistic_regression
949:2952,4.95,115.25,0.4249400798317802,irrawaddy_dolphin,Orcaella brevirostris,logistic_regression
949:2953,4.95,115.35,0.4303789711447398,irrawaddy_dolphin,Orcaella brevirostris,logistic_regression
949:2982,4.95,118.25,0.5900331135206802,irrawaddy_dolphin,Orcaella brevirostris,logistic_regression
949:2983,4.95,118.35,0.5953972752084832,irrawaddy_dolphin,Orcaella brevirostris,logistic_regression
949:2984,4.95,118.45,0.6007387438466646,irrawaddy_dolphin,Orcaella brevirostris,logistic_regression
949:2985,4.95,118.55,0.6060563530136966,irrawaddy_dolphin,Orcaella brevirostris,logistic_regression
949:2987,4.95,118.75,0.6166154387569625,irrawaddy_dolphin,Orcaella brevirostris,logistic_regression
949:2988,4.95,118.85,0.6218546966495356,irrawaddy_dolphin,Orcaella brevirostris,logistic_regression
949:2989,4.95,118.95,0.6270656593673027,irrawaddy_dolphin,Orcaella brevirostris,logistic_regression
949:2990,4.95,119.05,0.6322472796369555,irrawaddy_dolphin,Orcaella brevirostris,logistic_regression
949:2991,4.95,119.15,0.6373985363489542,irrawaddy_dolphin,Orcaella brevirostris,logistic_regression
950:2786,5.05,98.65,0.016692257526565002,irrawaddy_dolphin,Orcaella brevirostris,logistic_regression
950:2787,5.05,98.75,0.017060927991179368,irrawaddy_dolphin,Orcaella brevirostris,logistic_regression
950:2788,5.05,98.85,0.017437596630752818,irrawaddy_dolphin,Orcaella brevirostris,logistic_regression
950:2789,5.05,98.95,0.0178224305202562,irrawaddy_dolphin,Orcaella brevirostris,logistic_regression
950:2790,5.05,99.05,0.018215599937400927,irrawaddy_dolphin,Orcaella brevirostris,logistic_regression
950:2791,5.05,99.15,0.018617278411087578,irrawaddy_dolphin,Orcaella brevirostris,logistic_regression
950:2792,5.05,99.25,0.01902764276997522,irrawaddy_dolphin,Orcaella brevirostris,logistic_regression
950:2793,5.05,99.35,0.01944687319113832,irrawaddy_dolphin,Orcaella brevirostris,logistic_regression
950:2794,5.05,99.45,0.019875153248773317,irrawaddy_dolphin,Orcaella brevirostris,logistic_regression
950:2795,5.05,99.55,0.020312669962916464,irrawaddy_dolphin,Orcaella brevirostris,logistic_regression
950:2796,5.05,99.65,0.02075961384813255,irrawaddy_dolphin,Orcaella brevirostris,logistic_regression
950:2797,5.05,99.75,0.021216178962129566,irrawaddy_dolphin,Orcaella brevirostris,logistic_regression
950:2798,5.05,99.85,0.021682562954255472,irrawaddy_dolphin,Orcaella brevirostris,logistic_regression
950:2799,5.05,99.95,0.022158967113827355,irrawaddy_dolphin,Orcaella brevirostris,logistic_regression
950:2800,5.05,100.05,0.022645596418242597,irrawaddy_dolphin,Orcaella brevirostris,logistic_regression
950:2801,5.05,100.15,0.023142659580819566,irrawaddy_dolphin,Orcaella brevirostris,logistic_regression
950:2802,5.05,100.25,0.023650369098309847,irrawaddy_dolphin,Orcaella brevirostris,logistic_regression
950:2803,5.05,100.35,0.02416894129802503,irrawaddy_dolphin,Orcaella brevirostris,logistic_regression
950:2833,5.05,103.35,0.046018853291363515,irrawaddy_dolphin,Orcaella brevirostris,logistic_regression
950:2834,5.05,103.45,0.04700427792590319,irrawaddy_dolphin,Orcaella brevirostris,logistic_regression
950:2835,5.05,103.55,0.0480097420075726,irrawaddy_dolphin,Orcaella brevirostris,logistic_regression
950:2836,5.05,103.65,0.049035607211278774,irrawaddy_dolphin,Orcaella brevirostris,logistic_regression
950:2837,5.05,103.75,0.050082239759620506,irrawaddy_dolphin,Orcaella brevirostris,logistic_regression
950:2838,5.05,103.85,0.051150010390525066,irrawaddy_dolphin,Orcaella brevirostris,logistic_regression
950:2839,5.05,103.95,0.05223929431974247,irrawaddy_dolphin,Orcaella brevirostris,logistic_regression
950:2840,5.05,104.05,0.05335047119798098,irrawaddy_dolphin,Orcaella brevirostris,logistic_regression
950:2841,5.05,104.15,0.05448392506246188,irrawaddy_dolphin,Orcaella brevirostris,logistic_regression
950:2842,5.05,104.25,0.05564004428266293,irrawaddy_dolphin,Orcaella brevirostris,logistic_regression
950:2843,5.05,104.35,0.05681922150002344,irrawaddy_dolphin,Orcaella brevirostris,logistic_regression
950:2844,5.05,104.45,0.058021853561371975,irrawaddy_dolphin,Orcaella brevirostris,logistic_regression
950:2845,5.05,104.55,0.05924834144583921,irrawaddy_dolphin,Orcaella brevirostris,logistic_regression
950:2846,5.05,104.65,0.060499090185014925,irrawaddy_dolphin,Orcaella brevirostris,logistic_regression
950:2847,5.05,104.75,0.06177450877609977,irrawaddy_dolphin,Orcaella brevirostris,logistic_regression
950:2848,5.05,104.85,0.06307501008780776,irrawaddy_dolphin,Orcaella brevirostris,logistic_regression
950:2849,5.05,104.95,0.06440101075876495,irrawaddy_dolphin,Orcaella brevirostris,logistic_regression
950:2850,5.05,105.05,0.06575293108815128,irrawaddy_dolphin,Orcaella brevirostris,logistic_regression
950:2851,5.05,105.15,0.0671311949183344,irrawaddy_dolphin,Orcaella brevirostris,logistic_regression
950:2852,5.05,105.25,0.06853622950923215,irrawaddy_dolphin,Orcaella brevirostris,logistic_regression
950:2853,5.05,105.35,0.06996846540415375,irrawaddy_dolphin,Orcaella brevirostris,logistic_regression
950:2854,5.05,105.45,0.07142833628685626,irrawaddy_dolphin,Orcaella brevirostris,logistic_regression
950:2900,5.05,110.05,0.17613013742734446,irrawaddy_dolphin,Orcaella brevirostris,logistic_regression
950:2901,5.05,110.15,0.179377820158986,irrawaddy_dolphin,Orcaella brevirostris,logistic_regression
950:2902,5.05,110.25,0.1826721094339373,irrawaddy_dolphin,Orcaella brevirostris,logistic_regression
950:2903,5.05,110.35,0.18601318490050844,irrawaddy_dolphin,Orcaella brevirostris,logistic_regression
950:2904,5.05,110.45,0.18940120791845194,irrawaddy_dolphin,Orcaella brevirostris,logistic_regression
950:2905,5.05,110.55,0.19283632090929373,irrawaddy_dolphin,Orcaella brevirostris,logistic_regression
950:2906,5.05,110.65,0.1963186467086102,irrawaddy_dolphin,Orcaella brevirostris,logistic_regression
950:2907,5.05,110.75,0.19984828792145318,irrawaddy_dolphin,Orcaella brevirostris,logistic_regression
950:2908,5.05,110.85,0.2034253262821992,irrawaddy_dolphin,Orcaella brevirostris,logistic_regression
950:2909,5.05,110.95,0.20704982202011596,irrawaddy_dolphin,Orcaella brevirostris,logistic_regression
950:2910,5.05,111.05,0.21072181323199998,irrawaddy_dolphin,Orcaella brevirostris,logistic_regression
950:2911,5.05,111.15,0.2144413152632791,irrawaddy_dolphin,Orcaella brevirostris,logistic_regression
950:2912,5.05,111.25,0.21820832009899446,irrawaddy_dolphin,Orcaella brevirostris,logistic_regression
950:2913,5.05,111.35,0.2220227957661409,irrawaddy_dolphin,Orcaella brevirostris,logistic_regression
950:2914,5.05,111.45,0.2258846857488489,irrawaddy_dolphin,Orcaella brevirostris,logistic_regression
950:2915,5.05,111.55,0.22979390841793834,irrawaddy_dolphin,Orcaella brevirostris,logistic_regression
950:2916,5.05,111.65,0.23375035647640138,irrawaddy_dolphin,Orcaella brevirostris,logistic_regression
950:2917,5.05,111.75,0.23775389642237604,irrawaddy_dolphin,Orcaella brevirostris,logistic_regression
950:2918,5.05,111.85,0.2418043680312181,irrawaddy_dolphin,Orcaella brevirostris,logistic_regression
950:2919,5.05,111.95,0.2459015838582659,irrawaddy_dolphin,Orcaella brevirostris,logistic_regression
950:2920,5.05,112.05,0.25004532876391894,irrawaddy_dolphin,Orcaella brevirostris,logistic_regression
950:2921,5.05,112.15,0.25423535946265785,irrawaddy_dolphin,Orcaella brevirostris,logistic_regression
950:2922,5.05,112.25,0.25847140409761243,irrawaddy_dolphin,Orcaella brevirostris,logistic_regression
950:2923,5.05,112.35,0.26275316184230996,irrawaddy_dolphin,Orcaella brevirostris,logistic_regression
950:2924,5.05,112.45,0.26708030253119536,irrawaddy_dolphin,Orcaella brevirostris,logistic_regression
950:2925,5.05,112.55,0.27145246632051473,irrawaddy_dolphin,Orcaella brevirostris,logistic_regression
950:2926,5.05,112.65,0.27586926338113543,irrawaddy_dolphin,Orcaella brevirostris,logistic_regression
950:2927,5.05,112.75,0.28033027362482277,irrawaddy_dolphin,Orcaella brevirostris,logistic_regression
950:2928,5.05,112.85,0.2848350464654942,irrawaddy_dolphin,Orcaella brevirostris,logistic_regression
950:2929,5.05,112.95,0.2893831006168958,irrawaddy_dolphin,Orcaella brevirostris,logistic_regression
950:2930,5.05,113.05,0.2939739239281208,irrawaddy_dolphin,Orcaella brevirostris,logistic_regression
950:2931,5.05,113.15,0.2986069732583339,irrawaddy_dolphin,Orcaella brevirostris,logistic_regression
950:2932,5.05,113.25,0.30328167439198706,irrawaddy_dolphin,Orcaella brevirostris,logistic_regression
950:2933,5.05,113.35,0.30799742199577423,irrawaddy_dolphin,Orcaella brevirostris,logistic_regression
950:2934,5.05,113.45,0.31275357961847017,irrawaddy_dolphin,Orcaella brevirostris,logistic_regression
950:2935,5.05,113.55,0.31754947973473563,irrawaddy_dolphin,Orcaella brevirostris,logistic_regression
950:2936,5.05,113.65,0.32238442383389065,irrawaddy_dolphin,Orcaella brevirostris,logistic_regression
950:2952,5.05,115.25,0.4043673627125485,irrawaddy_dolphin,Orcaella brevirostris,logistic_regression
950:2953,5.05,115.35,0.4097305513467156,irrawaddy_dolphin,Orcaella brevirostris,logistic_regression
950:2954,5.05,115.45,0.41511529808106534,irrawaddy_dolphin,Orcaella brevirostris,logistic_regression
950:2990,5.05,119.05,0.6123249416845947,irrawaddy_dolphin,Orcaella brevirostris,logistic_regression
950:2991,5.05,119.15,0.6175864695045695,irrawaddy_dolphin,Orcaella brevirostris,logistic_regression
950:2992,5.05,119.25,0.6228205745979656,irrawaddy_dolphin,Orcaella brevirostris,logistic_regression
951:2785,5.15,98.55,0.015023941088400557,irrawaddy_dolphin,Orcaella brevirostris,logistic_regression
951:2786,5.15,98.65,0.015356340029844663,irrawaddy_dolphin,Orcaella brevirostris,logistic_regression
951:2787,5.15,98.75,0.015695975978517226,irrawaddy_dolphin,Orcaella brevirostris,logistic_regression
951:2788,5.15,98.85,0.016043001260467475,irrawaddy_dolphin,Orcaella brevirostris,logistic_regression
951:2789,5.15,98.95,0.016397571173886946,irrawaddy_dolphin,Orcaella brevirostris,logistic_regression
951:2790,5.15,99.05,0.016759844036548413,irrawaddy_dolphin,Orcaella brevirostris,logistic_regression
951:2791,5.15,99.15,0.017129981233507247,irrawaddy_dolphin,Orcaella brevirostris,logistic_regression
951:2792,5.15,99.25,0.017508147265038125,irrawaddy_dolphin,Orcaella brevirostris,logistic_regression
951:2793,5.15,99.35,0.01789450979478089,irrawaddy_dolphin,Orcaella brevirostris,logistic_regression
951:2794,5.15,99.45,0.01828923969806548,irrawaddy_dolphin,Orcaella brevirostris,logistic_regression
951:2795,5.15,99.55,0.018692511110384915,irrawaddy_dolphin,Orcaella brevirostris,logistic_regression
951:2796,5.15,99.65,0.01910450147598422,irrawaddy_dolphin,Orcaella brevirostris,logistic_regression
951:2797,5.15,99.75,0.019525391596528562,irrawaddy_dolphin,Orcaella brevirostris,logistic_regression
951:2798,5.15,99.85,0.01995536567981549,irrawaddy_dolphin,Orcaella brevirostris,logistic_regression
951:2799,5.15,99.95,0.020394611388490465,irrawaddy_dolphin,Orcaella brevirostris,logistic_regression
951:2800,5.15,100.05,0.020843319888724742,irrawaddy_dolphin,Orcaella brevirostris,logistic_regression
951:2801,5.15,100.15,0.021301685898812536,irrawaddy_dolphin,Orcaella brevirostris,logistic_regression
951:2802,5.15,100.25,0.021769907737639694,irrawaddy_dolphin,Orcaella brevirostris,logistic_regression
951:2803,5.15,100.35,0.022248187372977003,irrawaddy_dolphin,Orcaella brevirostris,logistic_regression
951:2832,5.15,103.25,0.04154330791437237,irrawaddy_dolphin,Orcaella brevirostris,logistic_regression
951:2833,5.15,103.35,0.04243715870886563,irrawaddy_dolphin,Orcaella brevirostris,logistic_regression
951:2834,5.15,103.45,0.04334937186438157,irrawaddy_dolphin,Orcaella brevirostris,logistic_regression
951:2835,5.15,103.55,0.04428028685573388,irrawaddy_dolphin,Orcaella brevirostris,logistic_regression
951:2836,5.15,103.65,0.04523024779595738,irrawaddy_dolphin,Orcaella brevirostris,logistic_regression
951:2837,5.15,103.75,0.0461996034257847,irrawaddy_dolphin,Orcaella brevirostris,logistic_regression
951:2838,5.15,103.85,0.04718870709897061,irrawaddy_dolphin,Orcaella brevirostris,logistic_regression
951:2839,5.15,103.95,0.04819791676326485,irrawaddy_dolphin,Orcaella brevirostris,logistic_regression
951:2840,5.15,104.05,0.04922759493683446,irrawaddy_dolphin,Orcaella brevirostris,logistic_regression
951:2841,5.15,104.15,0.050278108679931606,irrawaddy_dolphin,Orcaella brevirostris,logistic_regression
951:2842,5.15,104.25,0.05134982956159354,irrawaddy_dolphin,Orcaella brevirostris,logistic_regression
951:2843,5.15,104.35,0.05244313362116396,irrawaddy_dolphin,Orcaella brevirostris,logistic_regression
951:2844,5.15,104.45,0.05355840132441296,irrawaddy_dolphin,Orcaella brevirostris,logistic_regression
951:2845,5.15,104.55,0.054696017514033385,irrawaddy_dolphin,Orcaella brevirostris,logistic_regression
951:2846,5.15,104.65,0.05585637135428678,irrawaddy_dolphin,Orcaella brevirostris,logistic_regression
951:2847,5.15,104.75,0.0570398562695636,irrawaddy_dolphin,Orcaella brevirostris,logistic_regression
951:2848,5.15,104.85,0.058246869876625425,irrawaddy_dolphin,Orcaella brevirostris,logistic_regression
951:2849,5.15,104.95,0.059477813910286684,irrawaddy_dolphin,Orcaella brevirostris,logistic_regression
951:2850,5.15,105.05,0.06073309414229358,irrawaddy_dolphin,Orcaella brevirostris,logistic_regression
951:2851,5.15,105.15,0.06201312029315583,irrawaddy_dolphin,Orcaella brevirostris,logistic_regression
951:2852,5.15,105.25,0.06331830593667832,irrawaddy_dolphin,Orcaella brevirostris,logistic_regression
951:2853,5.15,105.35,0.06464906839694592,irrawaddy_dolphin,Orcaella brevirostris,logistic_regression
951:2854,5.15,105.45,0.06600582863750373,irrawaddy_dolphin,Orcaella brevirostris,logistic_regression
951:2900,5.15,110.05,0.1641643848274673,irrawaddy_dolphin,Orcaella brevirostris,logistic_regression
951:2901,5.15,110.15,0.1672362167151014,irrawaddy_dolphin,Orcaella brevirostris,logistic_regression
951:2902,5.15,110.25,0.17035381336980904,irrawaddy_dolphin,Orcaella brevirostris,logistic_regression
951:2903,5.15,110.35,0.17351741824476738,irrawaddy_dolphin,Orcaella brevirostris,logistic_regression
951:2904,5.15,110.45,0.17672725898076772,irrawaddy_dolphin,Orcaella brevirostris,logistic_regression
951:2905,5.15,110.55,0.1799835467594445,irrawaddy_dolphin,Orcaella brevirostris,logistic_regression
951:2906,5.15,110.65,0.1832864756542589,irrawaddy_dolphin,Orcaella brevirostris,logistic_regression
951:2907,5.15,110.75,0.18663622198025448,irrawaddy_dolphin,Orcaella brevirostris,logistic_regression
951:2908,5.15,110.85,0.19003294364367687,irrawaddy_dolphin,Orcaella brevirostris,logistic_regression
951:2909,5.15,110.95,0.19347677949257452,irrawaddy_dolphin,Orcaella brevirostris,logistic_regression
951:2910,5.15,111.05,0.19696784866956132,irrawaddy_dolphin,Orcaella brevirostris,logistic_regression
951:2911,5.15,111.15,0.20050624996796954,irrawaddy_dolphin,Orcaella brevirostris,logistic_regression
951:2912,5.15,111.25,0.2040920611926499,irrawaddy_dolphin,Orcaella brevirostris,logistic_regression
951:2913,5.15,111.35,0.20772533852674846,irrawaddy_dolphin,Orcaella brevirostris,logistic_regression
951:2914,5.15,111.45,0.21140611590580255,irrawaddy_dolphin,Orcaella brevirostris,logistic_regression
951:2915,5.15,111.55,0.21513440440055792,irrawaddy_dolphin,Orcaella brevirostris,logistic_regression
951:2916,5.15,111.65,0.21891019160994665,irrawaddy_dolphin,Orcaella brevirostris,logistic_regression
951:2917,5.15,111.75,0.22273344106568196,irrawaddy_dolphin,Orcaella brevirostris,logistic_regression
951:2918,5.15,111.85,0.22660409164998713,irrawaddy_dolphin,Orcaella brevirostris,logistic_regression
951:2919,5.15,111.95,0.23052205702797687,irrawaddy_dolphin,Orcaella brevirostris,logistic_regression
951:2920,5.15,112.05,0.23448722509625175,irrawaddy_dolphin,Orcaella brevirostris,logistic_regression
951:2921,5.15,112.15,0.2384994574492898,irrawaddy_dolphin,Orcaella brevirostris,logistic_regression
951:2922,5.15,112.25,0.24255858886521667,irrawaddy_dolphin,Orcaella brevirostris,logistic_regression
951:2923,5.15,112.35,0.246664426812581,irrawaddy_dolphin,Orcaella brevirostris,logistic_regression
951:2924,5.15,112.45,0.2508167509797368,irrawaddy_dolphin,Orcaella brevirostris,logistic_regression
951:2925,5.15,112.55,0.2550153128284627,irrawaddy_dolphin,Orcaella brevirostris,logistic_regression
951:2926,5.15,112.65,0.25925983517344187,irrawaddy_dolphin,Orcaella brevirostris,logistic_regression
951:2927,5.15,112.75,0.26355001178920334,irrawaddy_dolphin,Orcaella brevirostris,logistic_regression
951:2928,5.15,112.85,0.2678855070461442,irrawaddy_dolphin,Orcaella brevirostris,logistic_regression
951:2929,5.15,112.95,0.2722659555772016,irrawaddy_dolphin,Orcaella brevirostris,logistic_regression
951:2930,5.15,113.05,0.2766909619767405,irrawaddy_dolphin,Orcaella brevirostris,logistic_regression
951:2931,5.15,113.15,0.2811601005331949,irrawaddy_dolphin,Orcaella brevirostris,logistic_regression
951:2932,5.15,113.25,0.2856729149969411,irrawaddy_dolphin,Orcaella brevirostris,logistic_regression
951:2933,5.15,113.35,0.2902289183848736,irrawaddy_dolphin,Orcaella brevirostris,logistic_regression
951:2934,5.15,113.45,0.2948275928230727,irrawaddy_dolphin,Orcaella brevirostris,logistic_regression
951:2935,5.15,113.55,0.29946838942891685,irrawaddy_dolphin,Orcaella brevirostris,logistic_regression
951:2951,5.15,115.15,0.37888217929436957,irrawaddy_dolphin,Orcaella brevirostris,logistic_regression
951:2952,5.15,115.25,0.3841253401940334,irrawaddy_dolphin,Orcaella brevirostris,logistic_regression
951:2953,5.15,115.35,0.389395570326026,irrawaddy_dolphin,Orcaella brevirostris,logistic_regression
951:2954,5.15,115.45,0.39469176887022644,irrawaddy_dolphin,Orcaella brevirostris,logistic_regression
951:2955,5.15,115.55,0.40001281124964394,irrawaddy_dolphin,Orcaella brevirostris,logistic_regression
951:2992,5.15,119.25,0.6027084597159655,irrawaddy_dolphin,Orcaella brevirostris,logistic_regression
951:2993,5.15,119.35,0.6080169526477723,irrawaddy_dolphin,Orcaella brevirostris,logistic_regression
952:2784,5.25,98.45,0.013520072795959844,irrawaddy_dolphin,Orcaella brevirostris,logistic_regression
952:2785,5.25,98.55,0.01381966605609272,irrawaddy_dolphin,Orcaella brevirostris,logistic_regression
952:2786,5.25,98.65,0.014125802984209896,irrawaddy_dolphin,Orcaella brevirostris,logistic_regression
952:2787,5.25,98.75,0.014438622249707626,irrawaddy_dolphin,Orcaella brevirostris,logistic_regression
952:2788,5.25,98.85,0.014758265270088713,irrawaddy_dolphin,Orcaella brevirostris,logistic_regression
952:2789,5.25,98.95,0.015084876256830141,irrawaddy_dolphin,Orcaella brevirostris,logistic_regression
952:2790,5.25,99.05,0.015418602261614848,irrawaddy_dolphin,Orcaella brevirostris,logistic_regression
952:2791,5.25,99.15,0.01575959322290954,irrawaddy_dolphin,Orcaella brevirostris,logistic_regression
952:2792,5.25,99.25,0.016108002012867745,irrawaddy_dolphin,Orcaella brevirostris,logistic_regression
952:2793,5.25,99.35,0.01646398448453789,irrawaddy_dolphin,Orcaella brevirostris,logistic_regression
952:2794,5.25,99.45,0.016827699519352663,irrawaddy_dolphin,Orcaella brevirostris,logistic_regression
952:2795,5.25,99.55,0.017199309074875428,irrawaddy_dolphin,Orcaella brevirostris,logistic_regression
952:2796,5.25,99.65,0.017578978232778406,irrawaddy_dolphin,Orcaella brevirostris,logistic_regression
952:2797,5.25,99.75,0.017966875247023274,irrawaddy_dolphin,Orcaella brevirostris,logistic_regression
952:2798,5.25,99.85,0.018363171592216305,irrawaddy_dolphin,Orcaella brevirostris,logistic_regression
952:2799,5.25,99.95,0.01876804201210534,irrawaddy_dolphin,Orcaella brevirostris,logistic_regression
952:2800,5.25,100.05,0.01918166456818558,irrawaddy_dolphin,Orcaella brevirostris,logistic_regression
952:2801,5.25,100.15,0.019604220688379494,irrawaddy_dolphin,Orcaella brevirostris,logistic_regression
952:2802,5.25,100.25,0.02003589521575189,irrawaddy_dolphin,Orcaella brevirostris,logistic_regression
952:2803,5.25,100.35,0.020476876457222258,irrawaddy_dolphin,Orcaella brevirostris,logistic_regression
952:2832,5.25,103.25,0.03829596624835299,irrawaddy_dolphin,Orcaella brevirostris,logistic_regression
952:2833,5.25,103.35,0.03912279884913994,irrawaddy_dolphin,Orcaella brevirostris,logistic_regression
952:2834,5.25,103.45,0.03996674136576459,irrawaddy_dolphin,Orcaella brevirostris,logistic_regression
952:2835,5.25,103.55,0.040828115549574585,irrawaddy_dolphin,Orcaella brevirostris,logistic_regression
952:2836,5.25,103.65,0.041707247795452825,irrawaddy_dolphin,Orcaella brevirostris,logistic_regression
952:2837,5.25,103.75,0.042604469145436696,irrawaddy_dolphin,Orcaella brevirostris,logistic_regression
952:2838,5.25,103.85,0.043520115288885,irrawaddy_dolphin,Orcaella brevirostris,logistic_regression
952:2839,5.25,103.95,0.04445452655901264,irrawaddy_dolphin,Orcaella brevirostris,logistic_regression
952:2840,5.25,104.05,0.04540804792561316,irrawaddy_dolphin,Orcaella brevirostris,logistic_regression
952:2841,5.25,104.15,0.04638102898378355,irrawaddy_dolphin,Orcaella brevirostris,logistic_regression
952:2842,5.25,104.25,0.047373823938456947,irrawaddy_dolphin,Orcaella brevirostris,logistic_regression
952:2843,5.25,104.35,0.048386791584550524,irrawaddy_dolphin,Orcaella brevirostris,logistic_regression
952:2844,5.25,104.45,0.04942029528252383,irrawaddy_dolphin,Orcaella brevirostris,logistic_regression
952:2845,5.25,104.55,0.05047470292914294,irrawaddy_dolphin,Orcaella brevirostris,logistic_regression
952:2846,5.25,104.65,0.0515503869232406,irrawaddy_dolphin,Orcaella brevirostris,logistic_regression
952:2847,5.25,104.75,0.05264772412625351,irrawaddy_dolphin,Orcaella brevirostris,logistic_regression
952:2848,5.25,104.85,0.053767095817320726,irrawaddy_dolphin,Orcaella brevirostris,logistic_regression
952:2849,5.25,104.95,0.054908887642715,irrawaddy_dolphin,Orcaella brevirostris,logistic_regression
952:2850,5.25,105.05,0.0560734895593798,irrawaddy_dolphin,Orcaella brevirostris,logistic_regression
952:2851,5.25,105.15,0.057261295772340765,irrawaddy_dolphin,Orcaella brevirostris,logistic_regression
952:2852,5.25,105.25,0.05847270466575097,irrawaddy_dolphin,Orcaella brevirostris,logistic_regression
952:2853,5.25,105.35,0.05970811872733427,irrawaddy_dolphin,Orcaella brevirostris,logistic_regression
952:2854,5.25,105.45,0.06096794446597934,irrawaddy_dolphin,Orcaella brevirostris,logistic_regression
952:2855,5.25,105.55,0.06225259232223924,irrawaddy_dolphin,Orcaella brevirostris,logistic_regression
952:2900,5.25,110.05,0.15286072094162637,irrawaddy_dolphin,Orcaella brevirostris,logistic_regression
952:2901,5.25,110.15,0.15576045564073024,irrawaddy_dolphin,Orcaella brevirostris,logistic_regression
952:2902,5.25,110.25,0.1587048924848594,irrawaddy_dolphin,Orcaella brevirostris,logistic_regression
952:2903,5.25,110.35,0.16169432938078193,irrawaddy_dolphin,Orcaella brevirostris,logistic_regression
952:2904,5.25,110.45,0.16472905085288897,irrawaddy_dolphin,Orcaella brevirostris,logistic_regression
952:2905,5.25,110.55,0.16780932741356028,irrawaddy_dolphin,Orcaella brevirostris,logistic_regression
952:2906,5.25,110.65,0.17093541492782235,irrawaddy_dolphin,Orcaella brevirostris,logistic_regression
952:2907,5.25,110.75,0.1741075539731248,irrawaddy_dolphin,Orcaella brevirostris,logistic_regression
952:2908,5.25,110.85,0.1773259691951343,irrawaddy_dolphin,Orcaella brevirostris,logistic_regression
952:2909,5.25,110.95,0.1805908686604722,irrawaddy_dolphin,Orcaella brevirostris,logistic_regression
952:2910,5.25,111.05,0.18390244320738847,irrawaddy_dolphin,Orcaella brevirostris,logistic_regression
952:2911,5.25,111.15,0.18726086579541554,irrawaddy_dolphin,Orcaella brevirostris,logistic_regression
952:2912,5.25,111.25,0.19066629085507633,irrawaddy_dolphin,Orcaella brevirostris,logistic_regression
952:2913,5.25,111.35,0.1941188536387997,irrawaddy_dolphin,Orcaella brevirostris,logistic_regression
952:2914,5.25,111.45,0.19761866957421564,irrawaddy_dolphin,Orcaella brevirostris,logistic_regression
952:2915,5.25,111.55,0.2011658336210669,irrawaddy_dolphin,Orcaella brevirostris,logistic_regression
952:2916,5.25,111.65,0.20476041963302044,irrawaddy_dolphin,Orcaella brevirostris,logistic_regression
952:2917,5.25,111.75,0.20840247972568748,irrawaddy_dolphin,Orcaella brevirostris,logistic_regression
952:2918,5.25,111.85,0.21209204365223136,irrawaddy_dolphin,Orcaella brevirostris,logistic_regression
952:2919,5.25,111.95,0.21582911818795364,irrawaddy_dolphin,Orcaella brevirostris,logistic_regression
952:2920,5.25,112.05,0.21961368652530464,irrawaddy_dolphin,Orcaella brevirostris,logistic_regression
952:2921,5.25,112.15,0.22344570768079994,irrawaddy_dolphin,Orcaella brevirostris,logistic_regression
952:2922,5.25,112.25,0.22732511591533586,irrawaddy_dolphin,Orcaella brevirostris,logistic_regression
952:2923,5.25,112.35,0.23125182016945647,irrawaddy_dolphin,Orcaella brevirostris,logistic_regression
952:2924,5.25,112.45,0.23522570351511898,irrawaddy_dolphin,Orcaella brevirostris,logistic_regression
952:2925,5.25,112.55,0.2392466226255449,irrawaddy_dolphin,Orcaella brevirostris,logistic_regression
952:2926,5.25,112.65,0.24331440726475956,irrawaddy_dolphin,Orcaella brevirostris,logistic_regression
952:2927,5.25,112.75,0.24742885979841905,irrawaddy_dolphin,Orcaella brevirostris,logistic_regression
952:2928,5.25,112.85,0.2515897547275588,irrawaddy_dolphin,Orcaella brevirostris,logistic_regression
952:2929,5.25,112.95,0.2557968382468716,irrawaddy_dolphin,Orcaella brevirostris,logistic_regression
952:2930,5.25,113.05,0.26004982782914154,irrawaddy_dolphin,Orcaella brevirostris,logistic_regression
952:2931,5.25,113.15,0.26434841183745,irrawaddy_dolphin,Orcaella brevirostris,logistic_regression
952:2932,5.25,113.25,0.2686922491667397,irrawaddy_dolphin,Orcaella brevirostris,logistic_regression
952:2933,5.25,113.35,0.27308096891633366,irrawaddy_dolphin,Orcaella brevirostris,logistic_regression
952:2934,5.25,113.45,0.2775141700949503,irrawaddy_dolphin,Orcaella brevirostris,logistic_regression
952:2950,5.25,115.05,0.3540484583953585,irrawaddy_dolphin,Orcaella brevirostris,logistic_regression
952:2951,5.25,115.15,0.3591466719459263,irrawaddy_dolphin,Orcaella brevirostris,logistic_regression
952:2952,5.25,115.25,0.3642768981115562,irrawaddy_dolphin,Orcaella brevirostris,logistic_regression
952:2953,5.25,115.35,0.3694381610562893,irrawaddy_dolphin,Orcaella brevirostris,logistic_regression
952:2993,5.25,119.35,0.5876381017769027,irrawaddy_dolphin,Orcaella brevirostris,logistic_regression
952:2994,5.25,119.45,0.5930119851698863,irrawaddy_dolphin,Orcaella brevirostris,logistic_regression
953:2784,5.35,98.45,0.01243482160536902,irrawaddy_dolphin,Orcaella brevirostris,logistic_regression
953:2785,5.35,98.55,0.01271067648517391,irrawaddy_dolphin,Orcaella brevirostris,logistic_regression
953:2786,5.35,98.65,0.012992570437085002,irrawaddy_dolphin,Orcaella brevirostris,logistic_regression
953:2787,5.35,98.75,0.013280632060614169,irrawaddy_dolphin,Orcaella brevirostris,logistic_regression
953:2788,5.35,98.85,0.013574992532025902,irrawaddy_dolphin,Orcaella brevirostris,logistic_regression
953:2789,5.35,98.95,0.013875785648668983,irrawaddy_dolphin,Orcaella brevirostris,logistic_regression
953:2790,5.35,99.05,0.014183147873731016,irrawaddy_dolphin,Orcaella brevirostris,logistic_regression
953:2791,5.35,99.15,0.014497218381402548,irrawaddy_dolphin,Orcaella brevirostris,logistic_regression
953:2792,5.35,99.25,0.014818139102434935,irrawaddy_dolphin,Orcaella brevirostris,logistic_regression
953:2793,5.35,99.35,0.015146054770077036,irrawaddy_dolphin,Orcaella brevirostris,logistic_regression
953:2794,5.35,99.45,0.015481112966372345,irrawaddy_dolphin,Orcaella brevirostris,logistic_regression
953:2795,5.35,99.55,0.015823464168798155,irrawaddy_dolphin,Orcaella brevirostris,logistic_regression
953:2796,5.35,99.65,0.01617326179722728,irrawaddy_dolphin,Orcaella brevirostris,logistic_regression
953:2797,5.35,99.75,0.016530662261189263,irrawaddy_dolphin,Orcaella brevirostris,logistic_regression
953:2798,5.35,99.85,0.016895825007409656,irrawaddy_dolphin,Orcaella brevirostris,logistic_regression
953:2799,5.35,99.95,0.017268912567601245,irrawaddy_dolphin,Orcaella brevirostris,logistic_regression
953:2800,5.35,100.05,0.017650090606481386,irrawaddy_dolphin,Orcaella brevirostris,logistic_regression
953:2801,5.35,100.15,0.018039527969987864,irrawaddy_dolphin,Orcaella brevirostris,logistic_regression
953:2803,5.35,100.35,0.0188438722511688,irrawaddy_dolphin,Orcaella brevirostris,logistic_regression
953:2831,5.35,103.15,0.03454430984685327,irrawaddy_dolphin,Orcaella brevirostris,logistic_regression
953:2832,5.35,103.25,0.0352931145610477,irrawaddy_dolphin,Orcaella brevirostris,logistic_regression
953:2833,5.35,103.35,0.03605754463676647,irrawaddy_dolphin,Orcaella brevirostris,logistic_regression
953:2834,5.35,103.45,0.03683789961658556,irrawaddy_dolphin,Orcaella brevirostris,logistic_regression
953:2835,5.35,103.55,0.03763448362612396,irrawaddy_dolphin,Orcaella brevirostris,logistic_regression
953:2836,5.35,103.65,0.03844760539198626,irrawaddy_dolphin,Orcaella brevirostris,logistic_regression
953:2837,5.35,103.75,0.03927757825702882,irrawaddy_dolphin,Orcaella brevirostris,logistic_regression
953:2838,5.35,103.85,0.040124720192800806,irrawaddy_dolphin,Orcaella brevirostris,logistic_regression
953:2839,5.35,103.95,0.040989353808999256,irrawaddy_dolphin,Orcaella brevirostris,logistic_regression
953:2840,5.35,104.05,0.04187180635977762,irrawaddy_dolphin,Orcaella brevirostris,logistic_regression
953:2841,5.35,104.15,0.04277240974674114,irrawaddy_dolphin,Orcaella brevirostris,logistic_regression
953:2842,5.35,104.25,0.04369150051845369,irrawaddy_dolphin,Orcaella brevirostris,logistic_regression
953:2843,5.35,104.35,0.04462941986628266,irrawaddy_dolphin,Orcaella brevirostris,logistic_regression
953:2844,5.35,104.45,0.04558651361639604,irrawaddy_dolphin,Orcaella brevirostris,logistic_regression
953:2845,5.35,104.55,0.04656313221772571,irrawaddy_dolphin,Orcaella brevirostris,logistic_regression
953:2846,5.35,104.65,0.04755963072570564,irrawaddy_dolphin,Orcaella brevirostris,logistic_regression
953:2847,5.35,104.75,0.048576368781584583,irrawaddy_dolphin,Orcaella brevirostris,logistic_regression
953:2848,5.35,104.85,0.04961371058711491,irrawaddy_dolphin,Orcaella brevirostris,logistic_regression
953:2849,5.35,104.95,0.050672024874407015,irrawaddy_dolphin,Orcaella brevirostris,logistic_regression
953:2850,5.35,105.05,0.05175168487073889,irrawaddy_dolphin,Orcaella brevirostris,logistic_regression
953:2851,5.35,105.15,0.052853068258106206,irrawaddy_dolphin,Orcaella brevirostris,logistic_regression
953:2852,5.35,105.25,0.05397655712728741,irrawaddy_dolphin,Orcaella brevirostris,logistic_regression
953:2853,5.35,105.35,0.05512253792620426,irrawaddy_dolphin,Orcaella brevirostris,logistic_regression
953:2854,5.35,105.45,0.056291401402343184,irrawaddy_dolphin,Orcaella brevirostris,logistic_regression
953:2855,5.35,105.55,0.05748354253900601,irrawaddy_dolphin,Orcaella brevirostris,logistic_regression
953:2900,5.35,110.05,0.14220296136862015,irrawaddy_dolphin,Orcaella brevirostris,logistic_regression
953:2901,5.35,110.15,0.14493511040347404,irrawaddy_dolphin,Orcaella brevirostris,logistic_regression
953:2902,5.35,110.25,0.1477107131359214,irrawaddy_dolphin,Orcaella brevirostris,logistic_regression
953:2903,5.35,110.35,0.1505301128688851,irrawaddy_dolphin,Orcaella brevirostris,logistic_regression
953:2904,5.35,110.45,0.15339364185916846,irrawaddy_dolphin,Orcaella brevirostris,logistic_regression
953:2905,5.35,110.55,0.15630162071640194,irrawaddy_dolphin,Orcaella brevirostris,logistic_regression
953:2906,5.35,110.65,0.15925435779355004,irrawaddy_dolphin,Orcaella brevirostris,logistic_regression
953:2907,5.35,110.75,0.1622521485696154,irrawaddy_dolphin,Orcaella brevirostris,logistic_regression
953:2908,5.35,110.85,0.1652952750252476,irrawaddy_dolphin,Orcaella brevirostris,logistic_regression
953:2909,5.35,110.95,0.16838400501199208,irrawaddy_dolphin,Orcaella brevirostris,logistic_regression
953:2910,5.35,111.05,0.17151859161597754,irrawaddy_dolphin,Orcaella brevirostris,logistic_regression
953:2911,5.35,111.15,0.17469927251689304,irrawaddy_dolphin,Orcaella brevirostris,logistic_regression
953:2912,5.35,111.25,0.17792626934313832,irrawaddy_dolphin,Orcaella brevirostris,logistic_regression
953:2913,5.35,111.35,0.1811997870241087,irrawaddy_dolphin,Orcaella brevirostris,logistic_regression
953:2914,5.35,111.45,0.18452001314059974,irrawaddy_dolphin,Orcaella brevirostris,logistic_regression
953:2915,5.35,111.55,0.187887117274384,irrawaddy_dolphin,Orcaella brevirostris,logistic_regression
953:2916,5.35,111.65,0.19130125035806134,irrawaddy_dolphin,Orcaella brevirostris,logistic_regression
953:2917,5.35,111.75,0.19476254402631726,irrawaddy_dolphin,Orcaella brevirostris,logistic_regression
953:2918,5.35,111.85,0.19827110996979735,irrawaddy_dolphin,Orcaella brevirostris,logistic_regression
953:2919,5.35,111.95,0.20182703929282697,irrawaddy_dolphin,Orcaella brevirostris,logistic_regression
953:2920,5.35,112.05,0.20543040187626616,irrawaddy_dolphin,Orcaella brevirostris,logistic_regression
953:2921,5.35,112.15,0.20908124574683498,irrawaddy_dolphin,Orcaella brevirostris,logistic_regression
953:2922,5.35,112.25,0.21277959645426864,irrawaddy_dolphin,Orcaella brevirostris,logistic_regression
953:2923,5.35,112.35,0.2165254564577265,irrawaddy_dolphin,Orcaella brevirostris,logistic_regression
953:2924,5.35,112.45,0.22031880452289165,irrawaddy_dolphin,Orcaella brevirostris,logistic_regression
953:2925,5.35,112.55,0.22415959513124684,irrawaddy_dolphin,Orcaella brevirostris,logistic_regression
953:2926,5.35,112.65,0.22804775790304524,irrawaddy_dolphin,Orcaella brevirostris,logistic_regression
953:2927,5.35,112.75,0.23198319703550344,irrawaddy_dolphin,Orcaella brevirostris,logistic_regression
953:2928,5.35,112.85,0.23596579075779683,irrawaddy_dolphin,Orcaella brevirostris,logistic_regression
953:2929,5.35,112.95,0.23999539080443044,irrawaddy_dolphin,Orcaella brevirostris,logistic_regression
953:2930,5.35,113.05,0.2440718219085894,irrawaddy_dolphin,Orcaella brevirostris,logistic_regression
953:2931,5.35,113.15,0.24819488131708983,irrawaddy_dolphin,Orcaella brevirostris,logistic_regression
953:2932,5.35,113.25,0.25236433832853394,irrawaddy_dolphin,Orcaella brevirostris,logistic_regression
953:2933,5.35,113.35,0.25657993385630956,irrawaddy_dolphin,Orcaella brevirostris,logistic_regression
953:2948,5.35,114.85,0.32508351696958787,irrawaddy_dolphin,Orcaella brevirostris,logistic_regression
953:2949,5.35,114.95,0.32997770751002314,irrawaddy_dolphin,Orcaella brevirostris,logistic_regression
953:2950,5.35,115.05,0.33490901781517135,irrawaddy_dolphin,Orcaella brevirostris,logistic_regression
953:2951,5.35,115.15,0.33987664064053724,irrawaddy_dolphin,Orcaella brevirostris,logistic_regression
953:2952,5.35,115.25,0.3448797387517818,irrawaddy_dolphin,Orcaella brevirostris,logistic_regression
953:2953,5.35,115.35,0.349917445276785,irrawaddy_dolphin,Orcaella brevirostris,logistic_regression
953:2993,5.35,119.35,0.5669543608492069,irrawaddy_dolphin,Orcaella brevirostris,logistic_regression
953:2994,5.35,119.45,0.5724016544970673,irrawaddy_dolphin,Orcaella brevirostris,logistic_regression
954:2783,5.45,98.35,0.011187175752141272,irrawaddy_dolphin,Orcaella brevirostris,logistic_regression
954:2784,5.45,98.45,0.011435673276617552,irrawaddy_dolphin,Orcaella brevirostris,logistic_regression
954:2785,5.45,98.55,0.011689625350834811,irrawaddy_dolphin,Orcaella brevirostris,logistic_regression
954:2786,5.45,98.65,0.011949148773547226,irrawaddy_dolphin,Orcaella brevirostris,logistic_regression
954:2787,5.45,98.75,0.012214362713089828,irrawaddy_dolphin,Orcaella brevirostris,logistic_regression
954:2788,5.45,98.85,0.012485388749516652,irrawaddy_dolphin,Orcaella brevirostris,logistic_regression
954:2789,5.45,98.95,0.012762350917212735,irrawaddy_dolphin,Orcaella brevirostris,logistic_regression
954:2790,5.45,99.05,0.013045375747971188,irrawaddy_dolphin,Orcaella brevirostris,logistic_regression
954:2791,5.45,99.15,0.013334592314526317,irrawaddy_dolphin,Orcaella brevirostris,logistic_regression
954:2792,5.45,99.25,0.01363013227453108,irrawaddy_dolphin,Orcaella brevirostris,logistic_regression
954:2793,5.45,99.35,0.013932129914968215,irrawaddy_dolphin,Orcaella brevirostris,logistic_regression
954:2794,5.45,99.45,0.014240722196981614,irrawaddy_dolphin,Orcaella brevirostris,logistic_regression
954:2795,5.45,99.55,0.014556048801114047,irrawaddy_dolphin,Orcaella brevirostris,logistic_regression
954:2796,5.45,99.65,0.014878252172936916,irrawaddy_dolphin,Orcaella brevirostris,logistic_regression
954:2797,5.45,99.75,0.01520747756905437,irrawaddy_dolphin,Orcaella brevirostris,logistic_regression
954:2798,5.45,99.85,0.01554387310346555,irrawaddy_dolphin,Orcaella brevirostris,logistic_regression
954:2799,5.45,99.95,0.01588758979426499,irrawaddy_dolphin,Orcaella brevirostris,logistic_regression
954:2800,5.45,100.05,0.01623878161066089,irrawaddy_dolphin,Orcaella brevirostris,logistic_regression
954:2801,5.45,100.15,0.016597605520290295,irrawaddy_dolphin,Orcaella brevirostris,logistic_regression
954:2803,5.45,100.35,0.017338792767712805,irrawaddy_dolphin,Orcaella brevirostris,logistic_regression
954:2830,5.45,103.05,0.03114827988519607,irrawaddy_dolphin,Orcaella brevirostris,logistic_regression
954:2831,5.45,103.15,0.03182589674256343,irrawaddy_dolphin,Orcaella brevirostris,logistic_regression
954:2832,5.45,103.25,0.03251776008723014,irrawaddy_dolphin,Orcaella brevirostris,logistic_regression
954:2833,5.45,103.35,0.03322414772143952,irrawaddy_dolphin,Orcaella brevirostris,logistic_regression
954:2834,5.45,103.45,0.03394534191119383,irrawaddy_dolphin,Orcaella brevirostris,logistic_regression
954:2835,5.45,103.55,0.03468162941509217,irrawaddy_dolphin,Orcaella brevirostris,logistic_regression
954:2836,5.45,103.65,0.03543330151116202,irrawaddy_dolphin,Orcaella brevirostris,logistic_regression
954:2837,5.45,103.75,0.036200654021552134,irrawaddy_dolphin,Orcaella brevirostris,logistic_regression
954:2838,5.45,103.85,0.0369839873349557,irrawaddy_dolphin,Orcaella brevirostris,logistic_regression
954:2839,5.45,103.95,0.03778360642662217,irrawaddy_dolphin,Orcaella brevirostris,logistic_regression
954:2840,5.45,104.05,0.03859982087581539,irrawaddy_dolphin,Orcaella brevirostris,logistic_regression
954:2841,5.45,104.15,0.03943294488057028,irrawaddy_dolphin,Orcaella brevirostris,logistic_regression
954:2842,5.45,104.25,0.04028329726959206,irrawaddy_dolphin,Orcaella brevirostris,logistic_regression
954:2843,5.45,104.35,0.041151201511143126,irrawaddy_dolphin,Orcaella brevirostris,logistic_regression
954:2844,5.45,104.45,0.04203698571875122,irrawaddy_dolphin,Orcaella brevirostris,logistic_regression
954:2845,5.45,104.55,0.042940982653572046,irrawaddy_dolphin,Orcaella brevirostris,logistic_regression
954:2846,5.45,104.65,0.043863529723233846,irrawaddy_dolphin,Orcaella brevirostris,logistic_regression
954:2847,5.45,104.75,0.04480496897698287,irrawaddy_dolphin,Orcaella brevirostris,logistic_regression
954:2848,5.45,104.85,0.04576564709695011,irrawaddy_dolphin,Orcaella brevirostris,logistic_regression
954:2849,5.45,104.95,0.046745915385347496,irrawaddy_dolphin,Orcaella brevirostris,logistic_regression
954:2850,5.45,105.05,0.0477461297474018,irrawaddy_dolphin,Orcaella brevirostris,logistic_regression
954:2851,5.45,105.15,0.04876665066982917,irrawaddy_dolphin,Orcaella brevirostris,logistic_regression
954:2852,5.45,105.25,0.0498078431946439,irrawaddy_dolphin,Orcaella brevirostris,logistic_regression
954:2853,5.45,105.35,0.05087007688809726,irrawaddy_dolphin,Orcaella brevirostris,logistic_regression
954:2854,5.45,105.45,0.051953725804530615,irrawaddy_dolphin,Orcaella brevirostris,logistic_regression
954:2855,5.45,105.55,0.05305916844492689,irrawaddy_dolphin,Orcaella brevirostris,logistic_regression
954:2856,5.45,105.65,0.05418678770993955,irrawaddy_dolphin,Orcaella brevirostris,logistic_regression
954:2900,5.45,110.05,0.13217234550689957,irrawaddy_dolphin,Orcaella brevirostris,logistic_regression
954:2901,5.45,110.15,0.13474204812756513,irrawaddy_dolphin,Orcaella brevirostris,logistic_regression
954:2902,5.45,110.25,0.1373538036846286,irrawaddy_dolphin,Orcaella brevirostris,logistic_regression
954:2903,5.45,110.35,0.14000799226974187,irrawaddy_dolphin,Orcaella brevirostris,logistic_regression
954:2904,5.45,110.45,0.14270498513385108,irrawaddy_dolphin,Orcaella brevirostris,logistic_regression
954:2905,5.45,110.55,0.145445144123458,irrawaddy_dolphin,Orcaella brevirostris,logistic_regression
954:2906,5.45,110.65,0.14822882110640487,irrawaddy_dolphin,Orcaella brevirostris,logistic_regression
954:2907,5.45,110.75,0.15105635738764323,irrawaddy_dolphin,Orcaella brevirostris,logistic_regression
954:2908,5.45,110.85,0.15392808311551207,irrawaddy_dolphin,Orcaella brevirostris,logistic_regression
954:2909,5.45,110.95,0.1568443166790766,irrawaddy_dolphin,Orcaella brevirostris,logistic_regression
954:2910,5.45,111.05,0.159805364097139,irrawaddy_dolphin,Orcaella brevirostris,logistic_regression
954:2911,5.45,111.15,0.16281151839958113,irrawaddy_dolphin,Orcaella brevirostris,logistic_regression
954:2912,5.45,111.25,0.1658630590017345,irrawaddy_dolphin,Orcaella brevirostris,logistic_regression
954:2913,5.45,111.35,0.16896025107254284,irrawaddy_dolphin,Orcaella brevirostris,logistic_regression
954:2914,5.45,111.45,0.17210334489731308,irrawaddy_dolphin,Orcaella brevirostris,logistic_regression
954:2915,5.45,111.55,0.17529257523591169,irrawaddy_dolphin,Orcaella brevirostris,logistic_regression
954:2916,5.45,111.65,0.17852816067731847,irrawaddy_dolphin,Orcaella brevirostris,logistic_regression
954:2917,5.45,111.75,0.18181030299148065,irrawaddy_dolphin,Orcaella brevirostris,logistic_regression
954:2918,5.45,111.85,0.18513918647948863,irrawaddy_dolphin,Orcaella brevirostris,logistic_regression
954:2919,5.45,111.95,0.18851497732311834,irrawaddy_dolphin,Orcaella brevirostris,logistic_regression
954:2920,5.45,112.05,0.19193782293485087,irrawaddy_dolphin,Orcaella brevirostris,logistic_regression
954:2921,5.45,112.15,0.19540785130952884,irrawaddy_dolphin,Orcaella brevirostris,logistic_regression
954:2922,5.45,112.25,0.1989251703788411,irrawaddy_dolphin,Orcaella brevirostris,logistic_regression
954:2923,5.45,112.35,0.20248986736989816,irrawaddy_dolphin,Orcaella brevirostris,logistic_regression
954:2924,5.45,112.45,0.20610200816918198,irrawaddy_dolphin,Orcaella brevirostris,logistic_regression
954:2925,5.45,112.55,0.20976163669321096,irrawaddy_dolphin,Orcaella brevirostris,logistic_regression
954:2926,5.45,112.65,0.213468774267305,irrawaddy_dolphin,Orcaella brevirostris,logistic_regression
954:2927,5.45,112.75,0.21722341901385483,irrawaddy_dolphin,Orcaella brevirostris,logistic_regression
954:2928,5.45,112.85,0.2210255452515662,irrawaddy_dolphin,Orcaella brevirostris,logistic_regression
954:2929,5.45,112.95,0.22487510290715265,irrawaddy_dolphin,Orcaella brevirostris,logistic_regression
954:2930,5.45,113.05,0.22877201694100038,irrawaddy_dolphin,Orcaella brevirostris,logistic_regression
954:2931,5.45,113.15,0.23271618678835704,irrawaddy_dolphin,Orcaella brevirostris,logistic_regression
954:2932,5.45,113.25,0.23670748581759818,irrawaddy_dolphin,Orcaella brevirostris,logistic_regression
954:2947,5.45,114.75,0.30206114840770687,irrawaddy_dolphin,Orcaella brevirostris,logistic_regression
954:2948,5.45,114.85,0.3067662740337025,irrawaddy_dolphin,Orcaella brevirostris,logistic_regression
954:2949,5.45,114.95,0.31151197830313093,irrawaddy_dolphin,Orcaella brevirostris,logistic_regression
954:2950,5.45,115.05,0.3162976017707076,irrawaddy_dolphin,Orcaella brevirostris,logistic_regression
954:2951,5.45,115.15,0.3211224539783264,irrawaddy_dolphin,Orcaella brevirostris,logistic_regression
954:2952,5.45,115.25,0.32598581357766615,irrawaddy_dolphin,Orcaella brevirostris,logistic_regression
954:2953,5.45,115.35,0.3308869284992723,irrawaddy_dolphin,Orcaella brevirostris,logistic_regression
954:2989,5.45,118.95,0.5239261276356598,irrawaddy_dolphin,Orcaella brevirostris,logistic_regression
954:2990,5.45,119.05,0.5294654702460553,irrawaddy_dolphin,Orcaella brevirostris,logistic_regression
954:2992,5.45,119.25,0.5405210606582574,irrawaddy_dolphin,Orcaella brevirostris,logistic_regression
954:2993,5.45,119.35,0.5460346196560819,irrawaddy_dolphin,Orcaella brevirostris,logistic_regression
954:2994,5.45,119.45,0.5515369106439504,irrawaddy_dolphin,Orcaella brevirostris,logistic_regression
955:2782,5.55,98.25,0.010063436620857097,irrawaddy_dolphin,Orcaella brevirostris,logistic_regression
955:2783,5.55,98.35,0.010287232538319474,irrawaddy_dolphin,Orcaella brevirostris,logistic_regression
955:2784,5.55,98.45,0.010515952476567853,irrawaddy_dolphin,Orcaella brevirostris,logistic_regression
955:2785,5.55,98.55,0.01074970239908972,irrawaddy_dolphin,Orcaella brevirostris,logistic_regression
955:2786,5.55,98.65,0.010988590442915978,irrawaddy_dolphin,Orcaella brevirostris,logistic_regression
955:2787,5.55,98.75,0.011232726958381591,irrawaddy_dolphin,Orcaella brevirostris,logistic_regression
955:2788,5.55,98.85,0.011482224549390768,irrawaddy_dolphin,Orcaella brevirostris,logistic_regression
955:2789,5.55,98.95,0.011737198114181316,irrawaddy_dolphin,Orcaella brevirostris,logistic_regression
955:2790,5.55,99.05,0.011997764886582888,irrawaddy_dolphin,Orcaella brevirostris,logistic_regression
955:2791,5.55,99.15,0.012264044477763074,irrawaddy_dolphin,Orcaella brevirostris,logistic_regression
955:2792,5.55,99.25,0.012536158918453477,irrawaddy_dolphin,Orcaella brevirostris,logistic_regression
955:2793,5.55,99.35,0.01281423270164866,irrawaddy_dolphin,Orcaella brevirostris,logistic_regression
955:2794,5.55,99.45,0.013098392825768338,irrawaddy_dolphin,Orcaella brevirostris,logistic_regression
955:2795,5.55,99.55,0.01338876883827314,irrawaddy_dolphin,Orcaella brevirostris,logistic_regression
955:2796,5.55,99.65,0.013685492879723732,irrawaddy_dolphin,Orcaella brevirostris,logistic_regression
955:2797,5.55,99.75,0.013988699728270116,irrawaddy_dolphin,Orcaella brevirostris,logistic_regression
955:2798,5.55,99.85,0.014298526844559616,irrawaddy_dolphin,Orcaella brevirostris,logistic_regression
955:2799,5.55,99.95,0.014615114417048262,irrawaddy_dolphin,Orcaella brevirostris,logistic_regression
955:2800,5.55,100.05,0.01493860540770066,irrawaddy_dolphin,Orcaella brevirostris,logistic_regression
955:2801,5.55,100.15,0.015269145598062294,irrawaddy_dolphin,Orcaella brevirostris,logistic_regression
955:2802,5.55,100.25,0.015606883635685197,irrawaddy_dolphin,Orcaella brevirostris,logistic_regression
955:2803,5.55,100.35,0.01595197108088915,irrawaddy_dolphin,Orcaella brevirostris,logistic_regression
955:2829,5.55,102.95,0.028076402525864363,irrawaddy_dolphin,Orcaella brevirostris,logistic_regression
955:2830,5.55,103.05,0.028689170927434362,irrawaddy_dolphin,Orcaella brevirostris,logistic_regression
955:2831,5.55,103.15,0.02931490964555997,irrawaddy_dolphin,Orcaella brevirostris,logistic_regression
955:2832,5.55,103.25,0.029953875449240566,irrawaddy_dolphin,Orcaella brevirostris,logistic_regression
955:2833,5.55,103.35,0.030606329408111924,irrawaddy_dolphin,Orcaella brevirostris,logistic_regression
955:2834,5.55,103.45,0.031272536929279594,irrawaddy_dolphin,Orcaella brevirostris,logistic_regression
955:2835,5.55,103.55,0.031952767792705894,irrawaddy_dolphin,Orcaella brevirostris,logistic_regression
955:2836,5.55,103.65,0.03264729618504358,irrawaddy_dolphin,Orcaella brevirostris,logistic_regression
955:2837,5.55,103.75,0.0333564007318009,irrawaddy_dolphin,Orcaella brevirostris,logistic_regression
955:2838,5.55,103.85,0.034080364527724206,irrawaddy_dolphin,Orcaella brevirostris,logistic_regression
955:2839,5.55,103.95,0.034819475165274186,irrawaddy_dolphin,Orcaella brevirostris,logistic_regression
955:2840,5.55,104.05,0.035574024761071035,irrawaddy_dolphin,Orcaella brevirostris,logistic_regression
955:2841,5.55,104.15,0.036344309980179124,irrawaddy_dolphin,Orcaella brevirostris,logistic_regression
955:2842,5.55,104.25,0.037130632058093374,irrawaddy_dolphin,Orcaella brevirostris,logistic_regression
955:2843,5.55,104.35,0.03793329682029096,irrawaddy_dolphin,Orcaella brevirostris,logistic_regression
955:2844,5.55,104.45,0.03875261469920083,irrawaddy_dolphin,Orcaella brevirostris,logistic_regression
955:2845,5.55,104.55,0.03958890074844297,irrawaddy_dolphin,Orcaella brevirostris,logistic_regression
955:2846,5.55,104.65,0.04044247465418394,irrawaddy_dolphin,Orcaella brevirostris,logistic_regression
955:2847,5.55,104.75,0.041313660743446765,irrawaddy_dolphin,Orcaella brevirostris,logistic_regression
955:2848,5.55,104.85,0.04220278798921445,irrawaddy_dolphin,Orcaella brevirostris,logistic_regression
955:2849,5.55,104.95,0.043110190012155,irrawaddy_dolphin,Orcaella brevirostris,logistic_regression
955:2850,5.55,105.05,0.04403620507879445,irrawaddy_dolphin,Orcaella brevirostris,logistic_regression
955:2851,5.55,105.15,0.044981176095960675,irrawaddy_dolphin,Orcaella brevirostris,logistic_regression
955:2852,5.55,105.25,0.04594545060130979,irrawaddy_dolphin,Orcaella brevirostris,logistic_regression
955:2853,5.55,105.35,0.046929380749750324,irrawaddy_dolphin,Orcaella brevirostris,logistic_regression
955:2854,5.55,105.45,0.04793332329556705,irrawaddy_dolphin,Orcaella brevirostris,logistic_regression
955:2855,5.55,105.55,0.04895763957004725,irrawaddy_dolphin,Orcaella brevirostris,logistic_regression
955:2856,5.55,105.65,0.050002695454406235,irrawaddy_dolphin,Orcaella brevirostris,logistic_regression
955:2900,5.55,110.05,0.12274801673181919,irrawaddy_dolphin,Orcaella brevirostris,logistic_regression
955:2901,5.55,110.15,0.12516091677877103,irrawaddy_dolphin,Orcaella brevirostris,logistic_regression
955:2902,5.55,110.25,0.12761434818820944,irrawaddy_dolphin,Orcaella brevirostris,logistic_regression
955:2903,5.55,110.35,0.13010871980050742,irrawaddy_dolphin,Orcaella brevirostris,logistic_regression
955:2904,5.55,110.45,0.13264443366272746,irrawaddy_dolphin,Orcaella brevirostris,logistic_regression
955:2905,5.55,110.55,0.13522188450840725,irrawaddy_dolphin,Orcaella brevirostris,logistic_regression
955:2906,5.55,110.65,0.1378414592254716,irrawaddy_dolphin,Orcaella brevirostris,logistic_regression
955:2907,5.55,110.75,0.14050353631257007,irrawaddy_dolphin,Orcaella brevirostris,logistic_regression
955:2908,5.55,110.85,0.14320848532419994,irrawaddy_dolphin,Orcaella brevirostris,logistic_regression
955:2909,5.55,110.95,0.14595666630499612,irrawaddy_dolphin,Orcaella brevirostris,logistic_regression
955:2910,5.55,111.05,0.1487484292136242,irrawaddy_dolphin,Orcaella brevirostris,logistic_regression
955:2911,5.55,111.15,0.15158411333675836,irrawaddy_dolphin,Orcaella brevirostris,logistic_regression
955:2912,5.55,111.25,0.15446404669365799,irrawaddy_dolphin,Orcaella brevirostris,logistic_regression
955:2913,5.55,111.35,0.15738854543192263,irrawaddy_dolphin,Orcaella brevirostris,logistic_regression
955:2914,5.55,111.45,0.16035791321503307,irrawaddy_dolphin,Orcaella brevirostris,logistic_regression
955:2915,5.55,111.55,0.16337244060234707,irrawaddy_dolphin,Orcaella brevirostris,logistic_regression
955:2916,5.55,111.65,0.16643240442226787,irrawaddy_dolphin,Orcaella brevirostris,logistic_regression
955:2917,5.55,111.75,0.16953806713933864,irrawaddy_dolphin,Orcaella brevirostris,logistic_regression
955:2918,5.55,111.85,0.17268967621608894,irrawaddy_dolphin,Orcaella brevirostris,logistic_regression
955:2919,5.55,111.95,0.17588746347048748,irrawaddy_dolphin,Orcaella brevirostris,logistic_regression
955:2920,5.55,112.05,0.17913164442991927,irrawaddy_dolphin,Orcaella brevirostris,logistic_regression
955:2921,5.55,112.15,0.1824224176826579,irrawaddy_dolphin,Orcaella brevirostris,logistic_regression
955:2922,5.55,112.25,0.18575996422783683,irrawaddy_dolphin,Orcaella brevirostris,logistic_regression
955:2923,5.55,112.35,0.18914444682499978,irrawaddy_dolphin,Orcaella brevirostris,logistic_regression
955:2924,5.55,112.45,0.1925760093443339,irrawaddy_dolphin,Orcaella brevirostris,logistic_regression
955:2925,5.55,112.55,0.19605477611875335,irrawaddy_dolphin,Orcaella brevirostris,logistic_regression
955:2926,5.55,112.65,0.19958085129905145,irrawaddy_dolphin,Orcaella brevirostris,logistic_regression
955:2927,5.55,112.75,0.20315431821336433,irrawaddy_dolphin,Orcaella brevirostris,logistic_regression
955:2928,5.55,112.85,0.2067752387322656,irrawaddy_dolphin,Orcaella brevirostris,logistic_regression
955:2929,5.55,112.95,0.21044365264082351,irrawaddy_dolphin,Orcaella brevirostris,logistic_regression
955:2930,5.55,113.05,0.21415957701901173,irrawaddy_dolphin,Orcaella brevirostris,logistic_regression
955:2931,5.55,113.15,0.21792300563190478,irrawaddy_dolphin,Orcaella brevirostris,logistic_regression
955:2946,5.55,114.65,0.2799928233369473,irrawaddy_dolphin,Orcaella brevirostris,logistic_regression
955:2947,5.55,114.75,0.28449431715954593,irrawaddy_dolphin,Orcaella brevirostris,logistic_regression
955:2948,5.55,114.85,0.28903912960721245,irrawaddy_dolphin,Orcaella brevirostris,logistic_regression
955:2949,5.55,114.95,0.2936267508580558,irrawaddy_dolphin,Orcaella brevirostris,logistic_regression
955:2950,5.55,115.05,0.2982566401082919,irrawaddy_dolphin,Orcaella brevirostris,logistic_regression
955:2951,5.55,115.15,0.3029282254843749,irrawaddy_dolphin,Orcaella brevirostris,logistic_regression
955:2952,5.55,115.25,0.307640903996759,irrawaddy_dolphin,Orcaella brevirostris,logistic_regression
955:2953,5.55,115.35,0.3123940415364751,irrawaddy_dolphin,Orcaella brevirostris,logistic_regression
955:2954,5.55,115.45,0.3171869729155902,irrawaddy_dolphin,Orcaella brevirostris,logistic_regression
955:2955,5.55,115.55,0.3220190019525554,irrawaddy_dolphin,Orcaella brevirostris,logistic_regression
955:2956,5.55,115.65,0.3268894016033561,irrawaddy_dolphin,Orcaella brevirostris,logistic_regression
955:2957,5.55,115.75,0.33179741413925923,irrawaddy_dolphin,Orcaella brevirostris,logistic_regression
955:2985,5.55,118.55,0.48053974441141223,irrawaddy_dolphin,Orcaella brevirostris,logistic_regression
955:2987,5.55,118.75,0.4916411605110884,irrawaddy_dolphin,Orcaella brevirostris,logistic_regression
955:2988,5.55,118.85,0.49719564726028403,irrawaddy_dolphin,Orcaella brevirostris,logistic_regression
955:2989,5.55,118.95,0.5027508262838981,irrawaddy_dolphin,Orcaella brevirostris,logistic_regression
955:2990,5.55,119.05,0.5083053262456725,irrawaddy_dolphin,Orcaella brevirostris,logistic_regression
955:2991,5.55,119.15,0.5138577764797435,irrawaddy_dolphin,Orcaella brevirostris,logistic_regression
955:2992,5.55,119.25,0.5194068083430561,irrawaddy_dolphin,Orcaella brevirostris,logistic_regression
955:2993,5.55,119.35,0.5249510565635479,irrawaddy_dolphin,Orcaella brevirostris,logistic_regression
956:2782,5.65,98.25,0.009253045760517376,irrawaddy_dolphin,Orcaella brevirostris,logistic_regression
956:2783,5.65,98.35,0.009458991988035249,irrawaddy_dolphin,Orcaella brevirostris,logistic_regression
956:2784,5.65,98.45,0.00966947725055554,irrawaddy_dolphin,Orcaella brevirostris,logistic_regression
956:2785,5.65,98.55,0.009884599575474246,irrawaddy_dolphin,Orcaella brevirostris,logistic_regression
956:2786,5.65,98.65,0.010104459016737094,irrawaddy_dolphin,Orcaella brevirostris,logistic_regression
956:2787,5.65,98.75,0.010329157692644492,irrawaddy_dolphin,Orcaella brevirostris,logistic_regression
956:2788,5.65,98.85,0.010558799824173083,irrawaddy_dolphin,Orcaella brevirostris,logistic_regression
956:2789,5.65,98.95,0.01079349177381128,irrawaddy_dolphin,Orcaella brevirostris,logistic_regression
956:2790,5.65,99.05,0.011033342084905898,irrawaddy_dolphin,Orcaella brevirostris,logistic_regression
956:2791,5.65,99.15,0.011278461521516755,irrawaddy_dolphin,Orcaella brevirostris,logistic_regression
956:2792,5.65,99.25,0.011528963108774205,irrawaddy_dolphin,Orcaella brevirostris,logistic_regression
956:2793,5.65,99.35,0.011784962173735532,irrawaddy_dolphin,Orcaella brevirostris,logistic_regression
956:2794,5.65,99.45,0.012046576386733886,irrawaddy_dolphin,Orcaella brevirostris,logistic_regression
956:2795,5.65,99.55,0.012313925803213463,irrawaddy_dolphin,Orcaella brevirostris,logistic_regression
956:2796,5.65,99.65,0.012587132906044083,irrawaddy_dolphin,Orcaella brevirostris,logistic_regression
956:2797,5.65,99.75,0.012866322648306052,irrawaddy_dolphin,Orcaella brevirostris,logistic_regression
956:2798,5.65,99.85,0.013151622496537339,irrawaddy_dolphin,Orcaella brevirostris,logistic_regression
956:2799,5.65,99.95,0.013443162474432202,irrawaddy_dolphin,Orcaella brevirostris,logistic_regression
956:2800,5.65,100.05,0.013741075206980348,irrawaddy_dolphin,Orcaella brevirostris,logistic_regression
956:2801,5.65,100.15,0.014045495965035338,irrawaddy_dolphin,Orcaella brevirostris,logistic_regression
956:2802,5.65,100.25,0.014356562710297619,irrawaddy_dolphin,Orcaella brevirostris,logistic_regression
956:2828,5.65,102.85,0.02529956610003113,irrawaddy_dolphin,Orcaella brevirostris,logistic_regression
956:2829,5.65,102.95,0.025853342047754357,irrawaddy_dolphin,Orcaella brevirostris,logistic_regression
956:2830,5.65,103.05,0.02641891091226951,irrawaddy_dolphin,Orcaella brevirostris,logistic_regression
956:2831,5.65,103.15,0.026996509310132737,irrawaddy_dolphin,Orcaella brevirostris,logistic_regression
956:2832,5.65,103.25,0.02758637796412499,irrawaddy_dolphin,Orcaella brevirostris,logistic_regression
956:2833,5.65,103.35,0.028188761745662476,irrawaddy_dolphin,Orcaella brevirostris,logistic_regression
956:2834,5.65,103.45,0.028803909716225155,irrawaddy_dolphin,Orcaella brevirostris,logistic_regression
956:2835,5.65,103.55,0.029432075167714806,irrawaddy_dolphin,Orcaella brevirostris,logistic_regression
956:2836,5.65,103.65,0.030073515661650854,irrawaddy_dolphin,Orcaella brevirostris,logistic_regression
956:2837,5.65,103.75,0.03072849306710468,irrawaddy_dolphin,Orcaella brevirostris,logistic_regression
956:2838,5.65,103.85,0.03139727359727435,irrawaddy_dolphin,Orcaella brevirostris,logistic_regression
956:2839,5.65,103.95,0.03208012784459255,irrawaddy_dolphin,Orcaella brevirostris,logistic_regression
956:2840,5.65,104.05,0.0327773308142595,irrawaddy_dolphin,Orcaella brevirostris,logistic_regression
956:2841,5.65,104.15,0.03348916195608857,irrawaddy_dolphin,Orcaella brevirostris,logistic_regression
956:2842,5.65,104.25,0.03421590519454421,irrawaddy_dolphin,Orcaella brevirostris,logistic_regression
956:2843,5.65,104.35,0.03495784895685324,irrawaddy_dolphin,Orcaella brevirostris,logistic_regression
956:2844,5.65,104.45,0.03571528619906026,irrawaddy_dolphin,Orcaella brevirostris,logistic_regression
956:2845,5.65,104.55,0.03648851442989679,irrawaddy_dolphin,Orcaella brevirostris,logistic_regression
956:2846,5.65,104.65,0.03727783573232938,irrawaddy_dolphin,Orcaella brevirostris,logistic_regression
956:2847,5.65,104.75,0.038083556782643364,irrawaddy_dolphin,Orcaella brevirostris,logistic_regression
956:2848,5.65,104.85,0.03890598886691997,irrawaddy_dolphin,Orcaella brevirostris,logistic_regression
956:2849,5.65,104.95,0.03974544789475384,irrawaddy_dolphin,Orcaella brevirostris,logistic_regression
956:2850,5.65,105.05,0.040602254410056604,irrawaddy_dolphin,Orcaella brevirostris,logistic_regression
956:2851,5.65,105.15,0.041476733598787785,irrawaddy_dolphin,Orcaella brevirostris,logistic_regression
956:2852,5.65,105.25,0.04236921529344479,irrawaddy_dolphin,Orcaella brevirostris,logistic_regression
956:2853,5.65,105.35,0.04328003397414551,irrawaddy_dolphin,Orcaella brevirostris,logistic_regression
956:2854,5.65,105.45,0.04420952876612517,irrawaddy_dolphin,Orcaella brevirostris,logistic_regression
956:2855,5.65,105.55,0.04515804343346867,irrawaddy_dolphin,Orcaella brevirostris,logistic_regression
956:2856,5.65,105.65,0.046125926368894496,irrawaddy_dolphin,Orcaella brevirostris,logistic_regression
956:2857,5.65,105.75,0.047113530579396386,irrawaddy_dolphin,Orcaella brevirostris,logistic_regression
956:2899,5.65,109.95,0.11168382399518334,irrawaddy_dolphin,Orcaella brevirostris,logistic_regression
956:2900,5.65,110.05,0.11390747189777534,irrawaddy_dolphin,Orcaella brevirostris,logistic_regression
956:2901,5.65,110.15,0.11616960324551588,irrawaddy_dolphin,Orcaella brevirostris,logistic_regression
956:2902,5.65,110.25,0.11847065269877512,irrawaddy_dolphin,Orcaella brevirostris,logistic_regression
956:2903,5.65,110.35,0.12081105045572618,irrawaddy_dolphin,Orcaella brevirostris,logistic_regression
956:2904,5.65,110.45,0.12319122179244772,irrawaddy_dolphin,Orcaella brevirostris,logistic_regression
956:2905,5.65,110.55,0.12561158659018196,irrawaddy_dolphin,Orcaella brevirostris,logistic_regression
956:2906,5.65,110.65,0.1280725588498856,irrawaddy_dolphin,Orcaella brevirostris,logistic_regression
956:2907,5.65,110.75,0.13057454619423514,irrawaddy_dolphin,Orcaella brevirostris,logistic_regression
956:2908,5.65,110.85,0.13311794935729723,irrawaddy_dolphin,Orcaella brevirostris,logistic_regression
956:2909,5.65,110.95,0.1357031616620968,irrawaddy_dolphin,Orcaella brevirostris,logistic_regression
956:2910,5.65,111.05,0.13833056848636127,irrawaddy_dolphin,Orcaella brevirostris,logistic_regression
956:2911,5.65,111.15,0.14100054671676102,irrawaddy_dolphin,Orcaella brevirostris,logistic_regression
956:2912,5.65,111.25,0.14371346419199332,irrawaddy_dolphin,Orcaella brevirostris,logistic_regression
956:2913,5.65,111.35,0.14646967913511952,irrawaddy_dolphin,Orcaella brevirostris,logistic_regression
956:2914,5.65,111.45,0.149269539575586,irrawaddy_dolphin,Orcaella brevirostris,logistic_regression
956:2915,5.65,111.55,0.15211338276142017,irrawaddy_dolphin,Orcaella brevirostris,logistic_regression
956:2916,5.65,111.65,0.15500153456213583,irrawaddy_dolphin,Orcaella brevirostris,logistic_regression
956:2917,5.65,111.75,0.15793430886291615,irrawaddy_dolphin,Orcaella brevirostris,logistic_regression
956:2918,5.65,111.85,0.16091200695071153,irrawaddy_dolphin,Orcaella brevirostris,logistic_regression
956:2919,5.65,111.95,0.1639349168929171,irrawaddy_dolphin,Orcaella brevirostris,logistic_regression
956:2920,5.65,112.05,0.16700331290935522,irrawaddy_dolphin,Orcaella brevirostris,logistic_regression
956:2921,5.65,112.15,0.1701174547383423,irrawaddy_dolphin,Orcaella brevirostris,logistic_regression
956:2922,5.65,112.25,0.1732775869976502,irrawaddy_dolphin,Orcaella brevirostris,logistic_regression
956:2923,5.65,112.35,0.17648393854124989,irrawaddy_dolphin,Orcaella brevirostris,logistic_regression
956:2924,5.65,112.45,0.1797367218127507,irrawaddy_dolphin,Orcaella brevirostris,logistic_regression
956:2925,5.65,112.55,0.18303613219651324,irrawaddy_dolphin,Orcaella brevirostris,logistic_regression
956:2926,5.65,112.65,0.18638234736746703,irrawaddy_dolphin,Orcaella brevirostris,logistic_regression
956:2927,5.65,112.75,0.18977552664069525,irrawaddy_dolphin,Orcaella brevirostris,logistic_regression
956:2928,5.65,112.85,0.19321581032192575,irrawaddy_dolphin,Orcaella brevirostris,logistic_regression
956:2929,5.65,112.95,0.19670331906008878,irrawaddy_dolphin,Orcaella brevirostris,logistic_regression
956:2930,5.65,113.05,0.20023815320316654,irrawaddy_dolphin,Orcaella brevirostris,logistic_regression
956:2945,5.65,114.55,0.25893862270370455,irrawaddy_dolphin,Orcaella brevirostris,logistic_regression
956:2946,5.65,114.65,0.2632253727995314,irrawaddy_dolphin,Orcaella brevirostris,logistic_regression
956:2947,5.65,114.75,0.2675574678413145,irrawaddy_dolphin,Orcaella brevirostris,logistic_regression
956:2948,5.65,114.85,0.27193454471216155,irrawaddy_dolphin,Orcaella brevirostris,logistic_regression
956:2949,5.65,114.95,0.276356210278128,irrawaddy_dolphin,Orcaella brevirostris,logistic_regression
956:2950,5.65,115.05,0.2808220411182585,irrawaddy_dolphin,Orcaella brevirostris,logistic_regression
956:2951,5.65,115.15,0.28533158328976416,irrawaddy_dolphin,Orcaella brevirostris,logistic_regression
956:2952,5.65,115.25,0.2898843521297769,irrawaddy_dolphin,Orcaella brevirostris,logistic_regression
956:2953,5.65,115.35,0.29447983209510686,irrawaddy_dolphin,Orcaella brevirostris,logistic_regression
956:2954,5.65,115.45,0.29911747664133853,irrawaddy_dolphin,Orcaella brevirostris,logistic_regression
956:2955,5.65,115.55,0.303796708142566,irrawaddy_dolphin,Orcaella brevirostris,logistic_regression
956:2956,5.65,115.65,0.3085169178529949,irrawaddy_dolphin,Orcaella brevirostris,logistic_regression
956:2957,5.65,115.75,0.31327746591154737,irrawaddy_dolphin,Orcaella brevirostris,logistic_regression
956:2958,5.65,115.85,0.3180776813905566,irrawaddy_dolphin,Orcaella brevirostris,logistic_regression
956:2986,5.65,118.65,0.46494917041763145,irrawaddy_dolphin,Orcaella brevirostris,logistic_regression
956:2987,5.65,118.75,0.47048118787832766,irrawaddy_dolphin,Orcaella brevirostris,logistic_regression
956:2988,5.65,118.85,0.4760204671010988,irrawaddy_dolphin,Orcaella brevirostris,logistic_regression
956:2989,5.65,118.95,0.4815656524142298,irrawaddy_dolphin,Orcaella brevirostris,logistic_regression
956:2990,5.65,119.05,0.48711538233516766,irrawaddy_dolphin,Orcaella brevirostris,logistic_regression
956:2991,5.65,119.15,0.49266829090372144,irrawaddy_dolphin,Orcaella brevirostris,logistic_regression
956:2992,5.65,119.25,0.49822300902461736,irrawaddy_dolphin,Orcaella brevirostris,logistic_regression
957:2781,5.75,98.15,0.008321952705149602,irrawaddy_dolphin,Orcaella brevirostris,logistic_regression
957:2782,5.75,98.25,0.00850735342333114,irrawaddy_dolphin,Orcaella brevirostris,logistic_regression
957:2783,5.75,98.35,0.008696848370161598,irrawaddy_dolphin,Orcaella brevirostris,logistic_regression
957:2784,5.75,98.45,0.008890526327839491,irrawaddy_dolphin,Orcaella brevirostris,logistic_regression
957:2785,5.75,98.55,0.00908847793034856,irrawaddy_dolphin,Orcaella brevirostris,logistic_regression
957:2786,5.75,98.65,0.009290795698761234,irrawaddy_dolphin,Orcaella brevirostris,logistic_regression
957:2787,5.75,98.75,0.009497574077061994,irrawaddy_dolphin,Orcaella brevirostris,logistic_regression
957:2788,5.75,98.85,0.009708909468491192,irrawaddy_dolphin,Orcaella brevirostris,logistic_regression
957:2789,5.75,98.95,0.009924900272408669,irrawaddy_dolphin,Orcaella brevirostris,logistic_regression
957:2790,5.75,99.05,0.010145646921676504,irrawaddy_dolphin,Orcaella brevirostris,logistic_regression
957:2791,5.75,99.15,0.010371251920559908,irrawaddy_dolphin,Orcaella brevirostris,logistic_regression
957:2792,5.75,99.25,0.010601819883143739,irrawaddy_dolphin,Orcaella brevirostris,logistic_regression
957:2793,5.75,99.35,0.010837457572263048,irrawaddy_dolphin,Orcaella brevirostris,logistic_regression
957:2794,5.75,99.45,0.011078273938943912,irrawaddy_dolphin,Orcaella brevirostris,logistic_regression
957:2795,5.75,99.55,0.011324380162351103,irrawaddy_dolphin,Orcaella brevirostris,logistic_regression
957:2796,5.75,99.65,0.011575889690238742,irrawaddy_dolphin,Orcaella brevirostris,logistic_regression
957:2797,5.75,99.75,0.011832918279897757,irrawaddy_dolphin,Orcaella brevirostris,logistic_regression
957:2798,5.75,99.85,0.012095584039595595,irrawaddy_dolphin,Orcaella brevirostris,logistic_regression
957:2799,5.75,99.95,0.012364007470500609,irrawaddy_dolphin,Orcaella brevirostris,logistic_regression
957:2800,5.75,100.05,0.012638311509083929,irrawaddy_dolphin,Orcaella brevirostris,logistic_regression
957:2801,5.75,100.15,0.012918621569991039,irrawaddy_dolphin,Orcaella brevirostris,logistic_regression
957:2802,5.75,100.25,0.013205065589372723,irrawaddy_dolphin,Orcaella brevirostris,logistic_regression
957:2803,5.75,100.35,0.013497774068666398,irrawaddy_dolphin,Orcaella brevirostris,logistic_regression
957:2827,5.75,102.75,0.02279092668396306,irrawaddy_dolphin,Orcaella brevirostris,logistic_regression
957:2828,5.75,102.85,0.023291103777640827,irrawaddy_dolphin,Orcaella brevirostris,logistic_regression
957:2829,5.75,102.95,0.023801990551370104,irrawaddy_dolphin,Orcaella brevirostris,logistic_regression
957:2830,5.75,103.05,0.024323804469782606,irrawaddy_dolphin,Orcaella brevirostris,logistic_regression
957:2831,5.75,103.15,0.024856766888403676,irrawaddy_dolphin,Orcaella brevirostris,logistic_regression
957:2832,5.75,103.25,0.02540110309965234,irrawaddy_dolphin,Orcaella brevirostris,logistic_regression
957:2833,5.75,103.35,0.02595704237824066,irrawaddy_dolphin,Orcaella brevirostris,logistic_regression
957:2834,5.75,103.45,0.026524818025898136,irrawaddy_dolphin,Orcaella brevirostris,logistic_regression
957:2835,5.75,103.55,0.02710466741534626,irrawaddy_dolphin,Orcaella brevirostris,logistic_regression
957:2836,5.75,103.65,0.027696832033445275,irrawaddy_dolphin,Orcaella brevirostris,logistic_regression
957:2837,5.75,103.75,0.028301557523428465,irrawaddy_dolphin,Orcaella brevirostris,logistic_regression
957:2838,5.75,103.85,0.028919093726140366,irrawaddy_dolphin,Orcaella brevirostris,logistic_regression
957:2839,5.75,103.95,0.029549694720186842,irrawaddy_dolphin,Orcaella brevirostris,logistic_regression
957:2840,5.75,104.05,0.030193618860904377,irrawaddy_dolphin,Orcaella brevirostris,logistic_regression
957:2841,5.75,104.15,0.030851128818051837,irrawaddy_dolphin,Orcaella brevirostris,logistic_regression
957:2842,5.75,104.25,0.03152249161212063,irrawaddy_dolphin,Orcaella brevirostris,logistic_regression
957:2843,5.75,104.35,0.03220797864916074,irrawaddy_dolphin,Orcaella brevirostris,logistic_regression
957:2844,5.75,104.45,0.03290786575401005,irrawaddy_dolphin,Orcaella brevirostris,logistic_regression
957:2845,5.75,104.55,0.033622433201813975,irrawaddy_dolphin,Orcaella brevirostris,logistic_regression
957:2846,5.75,104.65,0.03435196574771759,irrawaddy_dolphin,Orcaella brevirostris,logistic_regression
957:2847,5.75,104.75,0.0350967526546051,irrawaddy_dolphin,Orcaella brevirostris,logistic_regression
957:2848,5.75,104.85,0.035857087718761935,irrawaddy_dolphin,Orcaella brevirostris,logistic_regression
957:2849,5.75,104.95,0.0366332692933249,irrawaddy_dolphin,Orcaella brevirostris,logistic_regression
957:2850,5.75,105.05,0.03742560030938443,irrawaddy_dolphin,Orcaella brevirostris,logistic_regression
957:2851,5.75,105.15,0.03823438829459877,irrawaddy_dolphin,Orcaella brevirostris,logistic_regression
957:2852,5.75,105.25,0.039059945389170674,irrawaddy_dolphin,Orcaella brevirostris,logistic_regression
957:2853,5.75,105.35,0.03990258835903908,irrawaddy_dolphin,Orcaella brevirostris,logistic_regression
957:2854,5.75,105.45,0.04076263860612635,irrawaddy_dolphin,Orcaella brevirostris,logistic_regression
957:2855,5.75,105.55,0.041640422175481605,irrawaddy_dolphin,Orcaella brevirostris,logistic_regression
957:2856,5.75,105.65,0.042536269759155004,irrawaddy_dolphin,Orcaella brevirostris,logistic_regression
957:2857,5.75,105.75,0.043450516696628846,irrawaddy_dolphin,Orcaella brevirostris,logistic_regression
957:2899,5.75,109.95,0.10354608575609953,irrawaddy_dolphin,Orcaella brevirostris,logistic_regression
957:2900,5.75,110.05,0.10562697540304018,irrawaddy_dolphin,Orcaella brevirostris,logistic_regression
957:2901,5.75,110.15,0.10774465704882698,irrawaddy_dolphin,Orcaella brevirostris,logistic_regression
957:2902,5.75,110.25,0.10989957838459088,irrawaddy_dolphin,Orcaella brevirostris,logistic_regression
957:2903,5.75,110.35,0.11209218427435859,irrawaddy_dolphin,Orcaella brevirostris,logistic_regression
957:2904,5.75,110.45,0.11432291634485116,irrawaddy_dolphin,Orcaella brevirostris,logistic_regression
957:2905,5.75,110.55,0.11659221256220136,irrawaddy_dolphin,Orcaella brevirostris,logistic_regression
957:2906,5.75,110.65,0.11890050679561544,irrawaddy_dolphin,Orcaella brevirostris,logistic_regression
957:2907,5.75,110.75,0.12124822836802067,irrawaddy_dolphin,Orcaella brevirostris,logistic_regression
957:2908,5.75,110.85,0.12363580159378665,irrawaddy_dolphin,Orcaella brevirostris,logistic_regression
957:2909,5.75,110.95,0.1260636453036216,irrawaddy_dolphin,Orcaella brevirostris,logistic_regression
957:2910,5.75,111.05,0.12853217235678724,irrawaddy_dolphin,Orcaella brevirostris,logistic_regression
957:2911,5.75,111.15,0.1310417891408103,irrawaddy_dolphin,Orcaella brevirostris,logistic_regression
957:2912,5.75,111.25,0.1335928950588915,irrawaddy_dolphin,Orcaella brevirostris,logistic_regression
957:2913,5.75,111.35,0.13618588200526796,irrawaddy_dolphin,Orcaella brevirostris,logistic_regression
957:2914,5.75,111.45,0.1388211338288048,irrawaddy_dolphin,Orcaella brevirostris,logistic_regression
957:2915,5.75,111.55,0.14149902578514115,irrawaddy_dolphin,Orcaella brevirostris,logistic_regression
957:2916,5.75,111.65,0.1442199239777602,irrawaddy_dolphin,Orcaella brevirostris,logistic_regression
957:2917,5.75,111.75,0.14698418478837866,irrawaddy_dolphin,Orcaella brevirostris,logistic_regression
957:2918,5.75,111.85,0.1497921542971168,irrawaddy_dolphin,Orcaella brevirostris,logistic_regression
957:2919,5.75,111.95,0.1526441676929339,irrawaddy_dolphin,Orcaella brevirostris,logistic_regression
957:2920,5.75,112.05,0.1555405486748729,irrawaddy_dolphin,Orcaella brevirostris,logistic_regression
957:2921,5.75,112.15,0.15848160884470436,irrawaddy_dolphin,Orcaella brevirostris,logistic_regression
957:2922,5.75,112.25,0.1614676470915943,irrawaddy_dolphin,Orcaella brevirostris,logistic_regression
957:2923,5.75,112.35,0.16449894896949172,irrawaddy_dolphin,Orcaella brevirostris,logistic_regression
957:2924,5.75,112.45,0.16757578606795678,irrawaddy_dolphin,Orcaella brevirostris,logistic_regression
957:2925,5.75,112.55,0.17069841537721656,irrawaddy_dolphin,Orcaella brevirostris,logistic_regression
957:2926,5.75,112.65,0.17386707864828427,irrawaddy_dolphin,Orcaella brevirostris,logistic_regression
957:2927,5.75,112.75,0.17708200174901526,irrawaddy_dolphin,Orcaella brevirostris,logistic_regression
957:2928,5.75,112.85,0.1803433940170453,irrawaddy_dolphin,Orcaella brevirostris,logistic_regression
957:2929,5.75,112.95,0.18365144761058422,irrawaddy_dolphin,Orcaella brevirostris,logistic_regression
957:2944,5.75,114.45,0.23894220735835622,irrawaddy_dolphin,Orcaella brevirostris,logistic_regression
957:2945,5.75,114.55,0.24300646948792728,irrawaddy_dolphin,Orcaella brevirostris,logistic_regression
957:2946,5.75,114.65,0.2471174153585595,irrawaddy_dolphin,Orcaella brevirostris,logistic_regression
957:2947,5.75,114.75,0.2512748215852297,irrawaddy_dolphin,Orcaella brevirostris,logistic_regression
957:2948,5.75,114.85,0.2554784365089456,irrawaddy_dolphin,Orcaella brevirostris,logistic_regression
957:2949,5.75,114.95,0.2597279797791539,irrawaddy_dolphin,Orcaella brevirostris,logistic_regression
957:2950,5.75,115.05,0.2640231419637938,irrawaddy_dolphin,Orcaella brevirostris,logistic_regression
957:2951,5.75,115.15,0.26836358418860295,irrawaddy_dolphin,Orcaella brevirostris,logistic_regression
957:2952,5.75,115.25,0.27274893780724313,irrawaddy_dolphin,Orcaella brevirostris,logistic_regression
957:2953,5.75,115.35,0.2771788041038202,irrawaddy_dolphin,Orcaella brevirostris,logistic_regression
957:2954,5.75,115.45,0.28165275402931006,irrawaddy_dolphin,Orcaella brevirostris,logistic_regression
957:2955,5.75,115.55,0.28617032797338876,irrawaddy_dolphin,Orcaella brevirostris,logistic_regression
957:2956,5.75,115.65,0.2907310355731173,irrawaddy_dolphin,Orcaella brevirostris,logistic_regression
957:2957,5.75,115.75,0.295334355559866,irrawaddy_dolphin,Orcaella brevirostris,logistic_regression
957:2958,5.75,115.85,0.29997973564583774,irrawaddy_dolphin,Orcaella brevirostris,logistic_regression
957:2979,5.75,117.95,0.40594492899965684,irrawaddy_dolphin,Orcaella brevirostris,logistic_regression
957:2980,5.75,118.05,0.4113145923981005,irrawaddy_dolphin,Orcaella brevirostris,logistic_regression
957:2981,5.75,118.15,0.4167054604185942,irrawaddy_dolphin,Orcaella brevirostris,logistic_regression
957:2985,5.75,118.55,0.438456447301747,irrawaddy_dolphin,Orcaella brevirostris,logistic_regression
957:2986,5.75,118.65,0.4439347857547793,irrawaddy_dolphin,Orcaella brevirostris,logistic_regression
957:2987,5.75,118.75,0.4494267907409776,irrawaddy_dolphin,Orcaella brevirostris,logistic_regression
957:2988,5.75,118.85,0.45493115276539225,irrawaddy_dolphin,Orcaella brevirostris,logistic_regression
957:2989,5.75,118.95,0.4604465503204018,irrawaddy_dolphin,Orcaella brevirostris,logistic_regression
958:2781,5.85,98.15,0.0076507166499769725,irrawaddy_dolphin,Orcaella brevirostris,logistic_regression
958:2782,5.85,98.25,0.007821281170096218,irrawaddy_dolphin,Orcaella brevirostris,logistic_regression
958:2783,5.85,98.35,0.007995617605048478,irrawaddy_dolphin,Orcaella brevirostris,logistic_regression
958:2784,5.85,98.45,0.008173807987382696,irrawaddy_dolphin,Orcaella brevirostris,logistic_regression
958:2785,5.85,98.55,0.00835593607150966,irrawaddy_dolphin,Orcaella brevirostris,logistic_regression
958:2786,5.85,98.65,0.008542087367030334,irrawaddy_dolphin,Orcaella brevirostris,logistic_regression
958:2787,5.85,98.75,0.008732349172579517,irrawaddy_dolphin,Orcaella brevirostris,logistic_regression
958:2788,5.85,98.85,0.008926810610187297,irrawaddy_dolphin,Orcaella brevirostris,logistic_regression
958:2789,5.85,98.95,0.009125562660158794,irrawaddy_dolphin,Orcaella brevirostris,logistic_regression
958:2790,5.85,99.05,0.009328698196473723,irrawaddy_dolphin,Orcaella brevirostris,logistic_regression
958:2791,5.85,99.15,0.009536312022706165,irrawaddy_dolphin,Orcaella brevirostris,logistic_regression
958:2792,5.85,99.25,0.00974850090846429,irrawaddy_dolphin,Orcaella brevirostris,logistic_regression
958:2793,5.85,99.35,0.009965363626350318,irrawaddy_dolphin,Orcaella brevirostris,logistic_regression
958:2794,5.85,99.45,0.010187000989439142,irrawaddy_dolphin,Orcaella brevirostris,logistic_regression
958:2795,5.85,99.55,0.010413515889274541,irrawaddy_dolphin,Orcaella brevirostris,logistic_regression
958:2796,5.85,99.65,0.01064501333438134,irrawaddy_dolphin,Orcaella brevirostris,logistic_regression
958:2797,5.85,99.75,0.010881600489290112,irrawaddy_dolphin,Orcaella brevirostris,logistic_regression
958:2798,5.85,99.85,0.011123386714072417,irrawaddy_dolphin,Orcaella brevirostris,logistic_regression
958:2799,5.85,99.95,0.011370483604381774,irrawaddy_dolphin,Orcaella brevirostris,logistic_regression
958:2800,5.85,100.05,0.011623005031996323,irrawaddy_dolphin,Orcaella brevirostris,logistic_regression
958:2801,5.85,100.15,0.011881067185858225,irrawaddy_dolphin,Orcaella brevirostris,logistic_regression
958:2802,5.85,100.25,0.012144788613603094,irrawaddy_dolphin,Orcaella brevirostris,logistic_regression
958:2803,5.85,100.35,0.012414290263573581,irrawaddy_dolphin,Orcaella brevirostris,logistic_regression
958:2825,5.85,102.55,0.02008378591118233,irrawaddy_dolphin,Orcaella brevirostris,logistic_regression
958:2826,5.85,102.65,0.020525799128167682,irrawaddy_dolphin,Orcaella brevirostris,logistic_regression
958:2827,5.85,102.75,0.020977332125167895,irrawaddy_dolphin,Orcaella brevirostris,logistic_regression
958:2828,5.85,102.85,0.021438580676102766,irrawaddy_dolphin,Orcaella brevirostris,logistic_regression
958:2829,5.85,102.95,0.021909744169730568,irrawaddy_dolphin,Orcaella brevirostris,logistic_regression
958:2830,5.85,103.05,0.02239102565787913,irrawaddy_dolphin,Orcaella brevirostris,logistic_regression
958:2831,5.85,103.15,0.022882631903434533,irrawaddy_dolphin,Orcaella brevirostris,logistic_regression
958:2832,5.85,103.25,0.0233847734280309,irrawaddy_dolphin,Orcaella brevirostris,logistic_regression
958:2833,5.85,103.35,0.02389766455938597,irrawaddy_dolphin,Orcaella brevirostris,logistic_regression
958:2834,5.85,103.45,0.024421523478220086,irrawaddy_dolphin,Orcaella brevirostris,logistic_regression
958:2835,5.85,103.55,0.02495657226469619,irrawaddy_dolphin,Orcaella brevirostris,logistic_regression
958:2836,5.85,103.65,0.02550303694431512,irrawaddy_dolphin,Orcaella brevirostris,logistic_regression
958:2837,5.85,103.75,0.026061147533194523,irrawaddy_dolphin,Orcaella brevirostris,logistic_regression
958:2838,5.85,103.85,0.026631138082661213,irrawaddy_dolphin,Orcaella brevirostris,logistic_regression
958:2839,5.85,103.95,0.02721324672307855,irrawaddy_dolphin,Orcaella brevirostris,logistic_regression
958:2840,5.85,104.05,0.02780771570683023,irrawaddy_dolphin,Orcaella brevirostris,logistic_regression
958:2841,5.85,104.15,0.028414791450377872,irrawaddy_dolphin,Orcaella brevirostris,logistic_regression
958:2842,5.85,104.25,0.02903472457530381,irrawaddy_dolphin,Orcaella brevirostris,logistic_regression
958:2843,5.85,104.35,0.02966776994825089,irrawaddy_dolphin,Orcaella brevirostris,logistic_regression
958:2844,5.85,104.45,0.030314186719662736,irrawaddy_dolphin,Orcaella brevirostris,logistic_regression
958:2845,5.85,104.55,0.030974238361227095,irrawaddy_dolphin,Orcaella brevirostris,logistic_regression
958:2846,5.85,104.65,0.03164819270192084,irrawaddy_dolphin,Orcaella brevirostris,logistic_regression
958:2847,5.85,104.75,0.032336321962547855,irrawaddy_dolphin,Orcaella brevirostris,logistic_regression
958:2848,5.85,104.85,0.03303890278866177,irrawaddy_dolphin,Orcaella brevirostris,logistic_regression
958:2849,5.85,104.95,0.03375621628175656,irrawaddy_dolphin,Orcaella brevirostris,logistic_regression
958:2850,5.85,105.05,0.03448854802860632,irrawaddy_dolphin,Orcaella brevirostris,logistic_regression
958:2851,5.85,105.15,0.035236188128631385,irrawaddy_dolphin,Orcaella brevirostris,logistic_regression
958:2852,5.85,105.25,0.03599943121916017,irrawaddy_dolphin,Orcaella brevirostris,logistic_regression
958:2853,5.85,105.35,0.03677857649845654,irrawaddy_dolphin,Orcaella brevirostris,logistic_regression
958:2854,5.85,105.45,0.03757392774637267,irrawaddy_dolphin,Orcaella brevirostris,logistic_regression
958:2855,5.85,105.55,0.03838579334248569,irrawaddy_dolphin,Orcaella brevirostris,logistic_regression
958:2856,5.85,105.65,0.03921448628157229,irrawaddy_dolphin,Orcaella brevirostris,logistic_regression
958:2857,5.85,105.75,0.04006032418626625,irrawaddy_dolphin,Orcaella brevirostris,logistic_regression
958:2898,5.85,109.85,0.09402719094074449,irrawaddy_dolphin,Orcaella brevirostris,logistic_regression
958:2899,5.85,109.95,0.09593725839368374,irrawaddy_dolphin,Orcaella brevirostris,logistic_regression
958:2900,5.85,110.05,0.09788193484144384,irrawaddy_dolphin,Orcaella brevirostris,logistic_regression
958:2901,5.85,110.15,0.0998616762597249,irrawaddy_dolphin,Orcaella brevirostris,logistic_regression
958:2902,5.85,110.25,0.10187693758996143,irrawaddy_dolphin,Orcaella brevirostris,logistic_regression
958:2903,5.85,110.35,0.10392817239164123,irrawaddy_dolphin,Orcaella brevirostris,logistic_regression
958:2904,5.85,110.45,0.10601583248176998,irrawaddy_dolphin,Orcaella brevirostris,logistic_regression
958:2905,5.85,110.55,0.10814036756139543,irrawaddy_dolphin,Orcaella brevirostris,logistic_regression
958:2906,5.85,110.65,0.11030222482912556,irrawaddy_dolphin,Orcaella brevirostris,logistic_regression
958:2907,5.85,110.75,0.11250184858158536,irrawaddy_dolphin,Orcaella brevirostris,logistic_regression
958:2908,5.85,110.85,0.11473967980079938,irrawaddy_dolphin,Orcaella brevirostris,logistic_regression
958:2909,5.85,110.95,0.11701615572849118,irrawaddy_dolphin,Orcaella brevirostris,logistic_regression
958:2910,5.85,111.05,0.11933170942733151,irrawaddy_dolphin,Orcaella brevirostris,logistic_regression
958:2911,5.85,111.15,0.12168676932919242,irrawaddy_dolphin,Orcaella brevirostris,logistic_regression
958:2912,5.85,111.25,0.12408175877048323,irrawaddy_dolphin,Orcaella brevirostris,logistic_regression
958:2913,5.85,111.35,0.12651709551469328,irrawaddy_dolphin,Orcaella brevirostris,logistic_regression
958:2914,5.85,111.45,0.12899319126227968,irrawaddy_dolphin,Orcaella brevirostris,logistic_regression
958:2915,5.85,111.55,0.13151045114808418,irrawaddy_dolphin,Orcaella brevirostris,logistic_regression
958:2916,5.85,111.65,0.134069273226499,irrawaddy_dolphin,Orcaella brevirostris,logistic_regression
958:2917,5.85,111.75,0.13667004794462512,irrawaddy_dolphin,Orcaella brevirostris,logistic_regression
958:2918,5.85,111.85,0.139313157603725,irrawaddy_dolphin,Orcaella brevirostris,logistic_regression
958:2919,5.85,111.95,0.1419989758092912,irrawaddy_dolphin,Orcaella brevirostris,logistic_regression
958:2920,5.85,112.05,0.14472786691010628,irrawaddy_dolphin,Orcaella brevirostris,logistic_regression
958:2921,5.85,112.15,0.1475001854267119,irrawaddy_dolphin,Orcaella brevirostris,logistic_regression
958:2922,5.85,112.25,0.15031627546973486,irrawaddy_dolphin,Orcaella brevirostris,logistic_regression
958:2923,5.85,112.35,0.15317647014858463,irrawaddy_dolphin,Orcaella brevirostris,logistic_regression
958:2924,5.85,112.45,0.15608109097106096,irrawaddy_dolphin,Orcaella brevirostris,logistic_regression
958:2925,5.85,112.55,0.1590304472344707,irrawaddy_dolphin,Orcaella brevirostris,logistic_regression
958:2926,5.85,112.65,0.1620248354089013,irrawaddy_dolphin,Orcaella brevirostris,logistic_regression
958:2927,5.85,112.75,0.16506453851333297,irrawaddy_dolphin,Orcaella brevirostris,logistic_regression
958:2928,5.85,112.85,0.16814982548534327,irrawaddy_dolphin,Orcaella brevirostris,logistic_regression
958:2943,5.85,114.35,0.2200315071844401,irrawaddy_dolphin,Orcaella brevirostris,logistic_regression
958:2944,5.85,114.45,0.22386872743375155,irrawaddy_dolphin,Orcaella brevirostris,logistic_regression
958:2945,5.85,114.55,0.22775332602441176,irrawaddy_dolphin,Orcaella brevirostris,logistic_regression
958:2946,5.85,114.65,0.23168520908722617,irrawaddy_dolphin,Orcaella brevirostris,logistic_regression
958:2947,5.85,114.75,0.23566425682537587,irrawaddy_dolphin,Orcaella brevirostris,logistic_regression
958:2948,5.85,114.85,0.2396903229863528,irrawaddy_dolphin,Orcaella brevirostris,logistic_regression
958:2949,5.85,114.95,0.24376323435375097,irrawaddy_dolphin,Orcaella brevirostris,logistic_regression
958:2950,5.85,115.05,0.24788279026052826,irrawaddy_dolphin,Orcaella brevirostris,logistic_regression
958:2951,5.85,115.15,0.2520487621253665,irrawaddy_dolphin,Orcaella brevirostris,logistic_regression
958:2952,5.85,115.25,0.25626089301373495,irrawaddy_dolphin,Orcaella brevirostris,logistic_regression
958:2953,5.85,115.35,0.2605188972252959,irrawaddy_dolphin,Orcaella brevirostris,logistic_regression
958:2954,5.85,115.45,0.26482245990924685,irrawaddy_dolphin,Orcaella brevirostris,logistic_regression
958:2955,5.85,115.55,0.26917123670920357,irrawaddy_dolphin,Orcaella brevirostris,logistic_regression
958:2956,5.85,115.65,0.27356485343920706,irrawaddy_dolphin,Orcaella brevirostris,logistic_regression
958:2957,5.85,115.75,0.2780029057923925,irrawaddy_dolphin,Orcaella brevirostris,logistic_regression
958:2958,5.85,115.85,0.28248495908385796,irrawaddy_dolphin,Orcaella brevirostris,logistic_regression
958:2959,5.85,115.95,0.2870105480292007,irrawaddy_dolphin,Orcaella brevirostris,logistic_regression
958:2981,5.85,118.15,0.3962566999199323,irrawaddy_dolphin,Orcaella brevirostris,logistic_regression
958:2982,5.85,118.25,0.401584842950338,irrawaddy_dolphin,Orcaella brevirostris,logistic_regression
958:2983,5.85,118.35,0.40693634008742235,irrawaddy_dolphin,Orcaella brevirostris,logistic_regression
958:2984,5.85,118.45,0.4123100155661078,irrawaddy_dolphin,Orcaella brevirostris,logistic_regression
958:2985,5.85,118.55,0.4177046728625643,irrawaddy_dolphin,Orcaella brevirostris,logistic_regression
958:2986,5.85,118.65,0.4231190956934717,irrawaddy_dolphin,Orcaella brevirostris,logistic_regression
958:2987,5.85,118.75,0.4285520490541112,irrawaddy_dolphin,Orcaella brevirostris,logistic_regression
959:2780,5.95,98.05,0.006879739266986853,irrawaddy_dolphin,Orcaella brevirostris,logistic_regression
959:2781,5.95,98.15,0.007033237493543614,irrawaddy_dolphin,Orcaella brevirostris,logistic_regression
959:2782,5.95,98.25,0.0071901357210602925,irrawaddy_dolphin,Orcaella brevirostris,logistic_regression
959:2783,5.95,98.35,0.007350508141550332,irrawaddy_dolphin,Orcaella brevirostris,logistic_regression
959:2784,5.95,98.45,0.0075144305155571385,irrawaddy_dolphin,Orcaella brevirostris,logistic_regression
959:2785,5.95,98.55,0.007681980203033195,irrawaddy_dolphin,Orcaella brevirostris,logistic_regression
959:2786,5.95,98.65,0.007853236194722349,irrawaddy_dolphin,Orcaella brevirostris,logistic_regression
959:2787,5.95,98.75,0.008028279144048219,irrawaddy_dolphin,Orcaella brevirostris,logistic_regression
959:2788,5.95,98.85,0.008207191399511924,irrawaddy_dolphin,Orcaella brevirostris,logistic_regression
959:2789,5.95,98.95,0.008390057037601414,irrawaddy_dolphin,Orcaella brevirostris,logistic_regression
959:2790,5.95,99.05,0.008576961896214813,irrawaddy_dolphin,Orcaella brevirostris,logistic_regression
959:2791,5.95,99.15,0.008767993608599998,irrawaddy_dolphin,Orcaella brevirostris,logistic_regression
959:2792,5.95,99.25,0.008963241637811488,irrawaddy_dolphin,Orcaella brevirostris,logistic_regression
959:2793,5.95,99.35,0.009162797311686547,irrawaddy_dolphin,Orcaella brevirostris,logistic_regression
959:2794,5.95,99.45,0.009366753858340824,irrawaddy_dolphin,Orcaella brevirostris,logistic_regression
959:2795,5.95,99.55,0.009575206442184146,irrawaddy_dolphin,Orcaella brevirostris,logistic_regression
959:2796,5.95,99.65,0.009788252200456848,irrawaddy_dolphin,Orcaella brevirostris,logistic_regression
959:2797,5.95,99.75,0.01000599028028531,irrawaddy_dolphin,Orcaella brevirostris,logistic_regression
959:2798,5.95,99.85,0.010228521876256736,irrawaddy_dolphin,Orcaella brevirostris,logistic_regression
959:2799,5.95,99.95,0.010455950268510915,irrawaddy_dolphin,Orcaella brevirostris,logistic_regression
959:2800,5.95,100.05,0.010688380861347107,irrawaddy_dolphin,Orcaella brevirostris,logistic_regression
959:2801,5.95,100.15,0.010925921222343881,irrawaddy_dolphin,Orcaella brevirostris,logistic_regression
959:2802,5.95,100.25,0.011168681121987718,irrawaddy_dolphin,Orcaella brevirostris,logistic_regression
959:2803,5.95,100.35,0.011416772573807433,irrawaddy_dolphin,Orcaella brevirostris,logistic_regression
959:2825,5.95,102.55,0.018481538684383805,irrawaddy_dolphin,Orcaella brevirostris,logistic_regression
959:2826,5.95,102.65,0.018888968639155033,irrawaddy_dolphin,Orcaella brevirostris,logistic_regression
959:2827,5.95,102.75,0.019305203822809737,irrawaddy_dolphin,Orcaella brevirostris,logistic_regression
959:2828,5.95,102.85,0.019730426664233535,irrawaddy_dolphin,Orcaella brevirostris,logistic_regression
959:2829,5.95,102.95,0.020164823021806333,irrawaddy_dolphin,Orcaella brevirostris,logistic_regression
959:2830,5.95,103.05,0.020608582232105037,irrawaddy_dolphin,Orcaella brevirostris,logistic_regression
959:2831,5.95,103.15,0.02106189715854874,irrawaddy_dolphin,Orcaella brevirostris,logistic_regression
959:2832,5.95,103.25,0.02152496423993964,irrawaddy_dolphin,Orcaella brevirostris,logistic_regression
959:2833,5.95,103.35,0.021997983538854442,irrawaddy_dolphin,Orcaella brevirostris,logistic_regression
959:2834,5.95,103.45,0.022481158789834386,irrawaddy_dolphin,Orcaella brevirostris,logistic_regression
959:2835,5.95,103.55,0.0229746974473225,irrawaddy_dolphin,Orcaella brevirostris,logistic_regression
959:2836,5.95,103.65,0.023478810733293085,irrawaddy_dolphin,Orcaella brevirostris,logistic_regression
959:2837,5.95,103.75,0.023993713684513925,irrawaddy_dolphin,Orcaella brevirostris,logistic_regression
959:2838,5.95,103.85,0.024519625199382323,irrawaddy_dolphin,Orcaella brevirostris,logistic_regression
959:2839,5.95,103.95,0.025056768084269328,irrawaddy_dolphin,Orcaella brevirostris,logistic_regression
959:2840,5.95,104.05,0.025605369099305803,irrawaddy_dolphin,Orcaella brevirostris,logistic_regression
959:2841,5.95,104.15,0.02616565900354089,irrawaddy_dolphin,Orcaella brevirostris,logistic_regression
959:2842,5.95,104.25,0.026737872599397746,irrawaddy_dolphin,Orcaella brevirostris,logistic_regression
959:2843,5.95,104.35,0.027322248776351785,irrawaddy_dolphin,Orcaella brevirostris,logistic_regression
959:2844,5.95,104.45,0.027919030553749374,irrawaddy_dolphin,Orcaella brevirostris,logistic_regression
959:2845,5.95,104.55,0.028528465122683862,irrawaddy_dolphin,Orcaella brevirostris,logistic_regression
959:2846,5.95,104.65,0.029150803886842293,irrawaddy_dolphin,Orcaella brevirostris,logistic_regression
959:2847,5.95,104.75,0.02978630250222952,irrawaddy_dolphin,Orcaella brevirostris,logistic_regression
959:2848,5.95,104.85,0.030435220915676943,irrawaddy_dolphin,Orcaella brevirostris,logistic_regression
959:2849,5.95,104.95,0.031097823402035003,irrawaddy_dolphin,Orcaella brevirostris,logistic_regression
959:2850,5.95,105.05,0.031774378599946924,irrawaddy_dolphin,Orcaella brevirostris,logistic_regression
959:2851,5.95,105.15,0.03246515954609742,irrawaddy_dolphin,Orcaella brevirostris,logistic_regression
959:2852,5.95,105.25,0.03317044370782276,irrawaddy_dolphin,Orcaella brevirostris,logistic_regression
959:2853,5.95,105.35,0.03389051301396906,irrawaddy_dolphin,Orcaella brevirostris,logistic_regression
959:2854,5.95,105.45,0.03462565388387641,irrawaddy_dolphin,Orcaella brevirostris,logistic_regression
959:2855,5.95,105.55,0.03537615725436489,irrawaddy_dolphin,Orcaella brevirostris,logistic_regression
959:2856,5.95,105.65,0.03614231860459458,irrawaddy_dolphin,Orcaella brevirostris,logistic_regression
959:2857,5.95,105.75,0.036924437978662926,irrawaddy_dolphin,Orcaella brevirostris,logistic_regression
959:2898,5.95,109.85,0.0870499138853373,irrawaddy_dolphin,Orcaella brevirostris,logistic_regression
959:2899,5.95,109.95,0.08883214248329237,irrawaddy_dolphin,Orcaella brevirostris,logistic_regression
959:2900,5.95,110.05,0.09064723680735541,irrawaddy_dolphin,Orcaella brevirostris,logistic_regression
959:2901,5.95,110.15,0.09249565381081483,irrawaddy_dolphin,Orcaella brevirostris,logistic_regression
959:2902,5.95,110.25,0.09437785062322367,irrawaddy_dolphin,Orcaella brevirostris,logistic_regression
959:2903,5.95,110.35,0.09629428425060901,irrawaddy_dolphin,Orcaella brevirostris,logistic_regression
959:2904,5.95,110.45,0.09824541126332953,irrawaddy_dolphin,Orcaella brevirostris,logistic_regression
959:2905,5.95,110.55,0.10023168747142935,irrawaddy_dolphin,Orcaella brevirostris,logistic_regression
959:2906,5.95,110.65,0.10225356758735267,irrawaddy_dolphin,Orcaella brevirostris,logistic_regression
959:2907,5.95,110.75,0.10431150487588944,irrawaddy_dolphin,Orcaella brevirostris,logistic_regression
959:2908,5.95,110.85,0.10640595079125559,irrawaddy_dolphin,Orcaella brevirostris,logistic_regression
959:2909,5.95,110.95,0.10853735460121593,irrawaddy_dolphin,Orcaella brevirostris,logistic_regression
959:2910,5.95,111.05,0.11070616299818763,irrawaddy_dolphin,Orcaella brevirostris,logistic_regression
959:2911,5.95,111.15,0.11291281969728366,irrawaddy_dolphin,Orcaella brevirostris,logistic_regression
959:2912,5.95,111.25,0.11515776502127074,irrawaddy_dolphin,Orcaella brevirostris,logistic_regression
959:2913,5.95,111.35,0.1174414354724558,irrawaddy_dolphin,Orcaella brevirostris,logistic_regression
959:2914,5.95,111.45,0.11976426329152512,irrawaddy_dolphin,Orcaella brevirostris,logistic_regression
959:2915,5.95,111.55,0.12212667600339987,irrawaddy_dolphin,Orcaella brevirostris,logistic_regression
959:2916,5.95,111.65,0.1245290959502006,irrawaddy_dolphin,Orcaella brevirostris,logistic_regression
959:2917,5.95,111.75,0.1269719398114332,irrawaddy_dolphin,Orcaella brevirostris,logistic_regression
959:2918,5.95,111.85,0.12945561811155878,irrawaddy_dolphin,Orcaella brevirostris,logistic_regression
959:2919,5.95,111.95,0.13198053471512716,irrawaddy_dolphin,Orcaella brevirostris,logistic_regression
959:2920,5.95,112.05,0.13454708630969908,irrawaddy_dolphin,Orcaella brevirostris,logistic_regression
959:2921,5.95,112.15,0.13715566187682104,irrawaddy_dolphin,Orcaella brevirostris,logistic_regression
959:2922,5.95,112.25,0.13980664215134186,irrawaddy_dolphin,Orcaella brevirostris,logistic_regression
959:2923,5.95,112.35,0.14250039906941944,irrawaddy_dolphin,Orcaella brevirostris,logistic_regression
959:2924,5.95,112.45,0.14523729520558923,irrawaddy_dolphin,Orcaella brevirostris,logistic_regression
959:2925,5.95,112.55,0.14801768319931863,irrawaddy_dolphin,Orcaella brevirostris,logistic_regression
959:2926,5.95,112.65,0.15084190517151796,irrawaddy_dolphin,Orcaella brevirostris,logistic_regression
959:2927,5.95,112.75,0.15371029213150902,irrawaddy_dolphin,Orcaella brevirostris,logistic_regression
959:2942,5.95,114.25,0.20221978916897046,irrawaddy_dolphin,Orcaella brevirostris,logistic_regression
959:2943,5.95,114.35,0.20582835557039875,irrawaddy_dolphin,Orcaella brevirostris,logistic_regression
959:2944,5.95,114.45,0.2094844071684197,irrawaddy_dolphin,Orcaella brevirostris,logistic_regression
959:2945,5.95,114.55,0.2131879670109279,irrawaddy_dolphin,Orcaella brevirostris,logistic_regression
959:2946,5.95,114.65,0.21693903498859346,irrawaddy_dolphin,Orcaella brevirostris,logistic_regression
959:2947,5.95,114.75,0.22073758723322112,irrawaddy_dolphin,Orcaella brevirostris,logistic_regression
959:2948,5.95,114.85,0.22458357552845776,irrawaddy_dolphin,Orcaella brevirostris,logistic_regression
959:2949,5.95,114.95,0.22847692673435205,irrawaddy_dolphin,Orcaella brevirostris,logistic_regression
959:2950,5.95,115.05,0.23241754222731484,irrawaddy_dolphin,Orcaella brevirostris,logistic_regression
959:2951,5.95,115.15,0.23640529735705182,irrawaddy_dolphin,Orcaella brevirostris,logistic_regression
959:2952,5.95,115.25,0.24044004092204388,irrawaddy_dolphin,Orcaella brevirostris,logistic_regression
959:2953,5.95,115.35,0.244521594665192,irrawaddy_dolphin,Orcaella brevirostris,logistic_regression
959:2954,5.95,115.45,0.2486497527912282,irrawaddy_dolphin,Orcaella brevirostris,logistic_regression
959:2955,5.95,115.55,0.25282428150751735,irrawaddy_dolphin,Orcaella brevirostris,logistic_regression
959:2956,5.95,115.65,0.257044918589878,irrawaddy_dolphin,Orcaella brevirostris,logistic_regression
959:2957,5.95,115.75,0.26131137297502555,irrawaddy_dolphin,Orcaella brevirostris,logistic_regression
959:2958,5.95,115.85,0.2656233243812639,irrawaddy_dolphin,Orcaella brevirostris,logistic_regression
959:2959,5.95,115.95,0.26998042295900504,irrawaddy_dolphin,Orcaella brevirostris,logistic_regression
959:2977,5.95,117.75,0.3555468966116792,irrawaddy_dolphin,Orcaella brevirostris,logistic_regression
959:2978,5.95,117.85,0.3606546401265068,irrawaddy_dolphin,Orcaella brevirostris,logistic_regression
959:2981,5.95,118.15,0.37616427602164104,irrawaddy_dolphin,Orcaella brevirostris,logistic_regression
959:2982,5.95,118.25,0.3813929204132321,irrawaddy_dolphin,Orcaella brevirostris,logistic_regression
959:2983,5.95,118.35,0.38664919732127523,irrawaddy_dolphin,Orcaella brevirostris,logistic_regression
959:2984,5.95,118.45,0.3919320186163437,irrawaddy_dolphin,Orcaella brevirostris,logistic_regression
959:2985,5.95,118.55,0.3972402719818972,irrawaddy_dolphin,Orcaella brevirostris,logistic_regression
960:2783,6.05,98.35,0.006757093431451823,irrawaddy_dolphin,Orcaella brevirostris,logistic_regression
960:2784,6.05,98.45,0.00690787426283418,irrawaddy_dolphin,Orcaella brevirostris,logistic_regression
960:2785,6.05,98.55,0.007061995763338135,irrawaddy_dolphin,Orcaella brevirostris,logistic_regression
960:2786,6.05,98.65,0.007219530869024687,irrawaddy_dolphin,Orcaella brevirostris,logistic_regression
960:2787,6.05,98.75,0.0073805540596861815,irrawaddy_dolphin,Orcaella brevirostris,logistic_regression
960:2788,6.05,98.85,0.007545141389318041,irrawaddy_dolphin,Orcaella brevirostris,logistic_regression
960:2789,6.05,98.95,0.007713370517090553,irrawaddy_dolphin,Orcaella brevirostris,logistic_regression
960:2790,6.05,99.05,0.007885320738824517,irrawaddy_dolphin,Orcaella brevirostris,logistic_regression
960:2791,6.05,99.15,0.008061073018973776,irrawaddy_dolphin,Orcaella brevirostris,logistic_regression
960:2792,6.05,99.25,0.008240710023117123,irrawaddy_dolphin,Orcaella brevirostris,logistic_regression
960:2793,6.05,99.35,0.008424316150962778,irrawaddy_dolphin,Orcaella brevirostris,logistic_regression
960:2794,6.05,99.45,0.008611977569867002,irrawaddy_dolphin,Orcaella brevirostris,logistic_regression
960:2795,6.05,99.55,0.008803782248869066,irrawaddy_dolphin,Orcaella brevirostris,logistic_regression
960:2796,6.05,99.65,0.008999819993244392,irrawaddy_dolphin,Orcaella brevirostris,logistic_regression
960:2797,6.05,99.75,0.009200182479576319,irrawaddy_dolphin,Orcaella brevirostris,logistic_regression
960:2798,6.05,99.85,0.009404963291348215,irrawaddy_dolphin,Orcaella brevirostris,logistic_regression
960:2799,6.05,99.95,0.009614257955055503,irrawaddy_dolphin,Orcaella brevirostris,logistic_regression
960:2800,6.05,100.05,0.009828163976837829,irrawaddy_dolphin,Orcaella brevirostris,logistic_regression
960:2801,6.05,100.15,0.010046780879631092,irrawaddy_dolphin,Orcaella brevirostris,logistic_regression
960:2802,6.05,100.25,0.010270210240837581,irrawaddy_dolphin,Orcaella brevirostris,logistic_regression
960:2824,6.05,102.45,0.016637417389223676,irrawaddy_dolphin,Orcaella brevirostris,logistic_regression
960:2825,6.05,102.55,0.017004897583521656,irrawaddy_dolphin,Orcaella brevirostris,logistic_regression
960:2826,6.05,102.65,0.017380351065270184,irrawaddy_dolphin,Orcaella brevirostris,logistic_regression
960:2827,6.05,102.75,0.01776394443128592,irrawaddy_dolphin,Orcaella brevirostris,logistic_regression
960:2828,6.05,102.85,0.018155847473842558,irrawaddy_dolphin,Orcaella brevirostris,logistic_regression
960:2829,6.05,102.95,0.018556233229097736,irrawaddy_dolphin,Orcaella brevirostris,logistic_regression
960:2830,6.05,103.05,0.018965278025646393,irrawaddy_dolphin,Orcaella brevirostris,logistic_regression
960:2831,6.05,103.15,0.019383161533167024,irrawaddy_dolphin,Orcaella brevirostris,logistic_regression
960:2832,6.05,103.25,0.01981006681112276,irrawaddy_dolphin,Orcaella brevirostris,logistic_regression
960:2833,6.05,103.35,0.02024618035748068,irrawaddy_dolphin,Orcaella brevirostris,logistic_regression
960:2834,6.05,103.45,0.020691692157407147,irrawaddy_dolphin,Orcaella brevirostris,logistic_regression
960:2835,6.05,103.55,0.021146795731896647,irrawaddy_dolphin,Orcaella brevirostris,logistic_regression
960:2836,6.05,103.65,0.02161168818628948,irrawaddy_dolphin,Orcaella brevirostris,logistic_regression
960:2837,6.05,103.75,0.02208657025862891,irrawaddy_dolphin,Orcaella brevirostris,logistic_regression
960:2838,6.05,103.85,0.0225716463678092,irrawaddy_dolphin,Orcaella brevirostris,logistic_regression
960:2839,6.05,103.95,0.023067124661459982,irrawaddy_dolphin,Orcaella brevirostris,logistic_regression
960:2840,6.05,104.05,0.023573217063511807,irrawaddy_dolphin,Orcaella brevirostris,logistic_regression
960:2841,6.05,104.15,0.024090139321385134,irrawaddy_dolphin,Orcaella brevirostris,logistic_regression
960:2842,6.05,104.25,0.024618111052739297,irrawaddy_dolphin,Orcaella brevirostris,logistic_regression
960:2843,6.05,104.35,0.025157355791719425,irrawaddy_dolphin,Orcaella brevirostris,logistic_regression
960:2844,6.05,104.45,0.025708101034631628,irrawaddy_dolphin,Orcaella brevirostris,logistic_regression
960:2845,6.05,104.55,0.026270578284976726,irrawaddy_dolphin,Orcaella brevirostris,logistic_regression
960:2846,6.05,104.65,0.02684502309776886,irrawaddy_dolphin,Orcaella brevirostris,logistic_regression
960:2847,6.05,104.75,0.02743167512305999,irrawaddy_dolphin,Orcaella brevirostris,logistic_regression
960:2848,6.05,104.85,0.02803077814859143,irrawaddy_dolphin,Orcaella brevirostris,logistic_regression
960:2849,6.05,104.95,0.02864258014148617,irrawaddy_dolphin,Orcaella brevirostris,logistic_regression
960:2850,6.05,105.05,0.029267333288894245,irrawaddy_dolphin,Orcaella brevirostris,logistic_regression
960:2851,6.05,105.15,0.029905294037500432,irrawaddy_dolphin,Orcaella brevirostris,logistic_regression
960:2852,6.05,105.25,0.030556723131796058,irrawaddy_dolphin,Orcaella brevirostris,logistic_regression
960:2853,6.05,105.35,0.031221885651017852,irrawaddy_dolphin,Orcaella brevirostris,logistic_regression
960:2854,6.05,105.45,0.031901051044647674,irrawaddy_dolphin,Orcaella brevirostris,logistic_regression
960:2855,6.05,105.55,0.03259449316636604,irrawaddy_dolphin,Orcaella brevirostris,logistic_regression
960:2856,6.05,105.65,0.03330249030634828,irrawaddy_dolphin,Orcaella brevirostris,logistic_regression
960:2857,6.05,105.75,0.03402532522178406,irrawaddy_dolphin,Orcaella brevirostris,logistic_regression
960:2898,6.05,109.85,0.080544355154404,irrawaddy_dolphin,Orcaella brevirostris,logistic_regression
960:2899,6.05,109.95,0.08220538442474289,irrawaddy_dolphin,Orcaella brevirostris,logistic_regression
960:2900,6.05,110.05,0.08389754270684935,irrawaddy_dolphin,Orcaella brevirostris,logistic_regression
960:2901,6.05,110.15,0.08562128374253526,irrawaddy_dolphin,Orcaella brevirostris,logistic_regression
960:2902,6.05,110.25,0.08737706248332769,irrawaddy_dolphin,Orcaella brevirostris,logistic_regression
960:2903,6.05,110.35,0.08916533483614048,irrawaddy_dolphin,Orcaella brevirostris,logistic_regression
960:2904,6.05,110.45,0.0909865573973007,irrawaddy_dolphin,Orcaella brevirostris,logistic_regression
960:2905,6.05,110.55,0.0928411871747314,irrawaddy_dolphin,Orcaella brevirostris,logistic_regression
960:2906,6.05,110.65,0.09472968129810197,irrawaddy_dolphin,Orcaella brevirostris,logistic_regression
960:2907,6.05,110.75,0.09665249671676224,irrawaddy_dolphin,Orcaella brevirostris,logistic_regression
960:2908,6.05,110.85,0.09861008988530115,irrawaddy_dolphin,Orcaella brevirostris,logistic_regression
960:2909,6.05,110.95,0.1006029164365731,irrawaddy_dolphin,Orcaella brevirostris,logistic_regression
960:2910,6.05,111.05,0.1026314308420572,irrawaddy_dolphin,Orcaella brevirostris,logistic_regression
960:2911,6.05,111.15,0.10469608605943492,irrawaddy_dolphin,Orcaella brevirostris,logistic_regression
960:2912,6.05,111.25,0.10679733316727581,irrawaddy_dolphin,Orcaella brevirostris,logistic_regression
960:2913,6.05,111.35,0.10893562098675971,irrawaddy_dolphin,Orcaella brevirostris,logistic_regression
960:2914,6.05,111.45,0.11111139569036702,irrawaddy_dolphin,Orcaella brevirostris,logistic_regression
960:2915,6.05,111.55,0.11332510039750067,irrawaddy_dolphin,Orcaella brevirostris,logistic_regression
960:2916,6.05,111.65,0.11557717475702914,irrawaddy_dolphin,Orcaella brevirostris,logistic_regression
960:2917,6.05,111.75,0.11786805451675259,irrawaddy_dolphin,Orcaella brevirostris,logistic_regression
960:2918,6.05,111.85,0.12019817107983868,irrawaddy_dolphin,Orcaella brevirostris,logistic_regression
960:2919,6.05,111.95,0.1225679510482858,irrawaddy_dolphin,Orcaella brevirostris,logistic_regression
960:2920,6.05,112.05,0.12497781575351183,irrawaddy_dolphin,Orcaella brevirostris,logistic_regression
960:2921,6.05,112.15,0.12742818077419843,irrawaddy_dolphin,Orcaella brevirostris,logistic_regression
960:2922,6.05,112.25,0.12991945544154143,irrawaddy_dolphin,Orcaella brevirostris,logistic_regression
960:2923,6.05,112.35,0.13245204233211147,irrawaddy_dolphin,Orcaella brevirostris,logistic_regression
960:2924,6.05,112.45,0.1350263367485453,irrawaddy_dolphin,Orcaella brevirostris,logistic_regression
960:2925,6.05,112.55,0.1376427261883385,irrawaddy_dolphin,Orcaella brevirostris,logistic_regression
960:2926,6.05,112.65,0.14030158980104782,irrawaddy_dolphin,Orcaella brevirostris,logistic_regression
960:2941,6.05,114.15,0.1855070097064362,irrawaddy_dolphin,Orcaella brevirostris,logistic_regression
960:2942,6.05,114.25,0.18888795269891354,irrawaddy_dolphin,Orcaella brevirostris,logistic_regression
960:2943,6.05,114.35,0.19231596545204932,irrawaddy_dolphin,Orcaella brevirostris,logistic_regression
960:2944,6.05,114.45,0.19579117379244207,irrawaddy_dolphin,Orcaella brevirostris,logistic_regression
960:2945,6.05,114.55,0.1993136834129898,irrawaddy_dolphin,Orcaella brevirostris,logistic_regression
960:2946,6.05,114.65,0.2028835792319911,irrawaddy_dolphin,Orcaella brevirostris,logistic_regression
960:2947,6.05,114.75,0.2065009247577626,irrawaddy_dolphin,Orcaella brevirostris,logistic_regression
960:2948,6.05,114.85,0.21016576146012883,irrawaddy_dolphin,Orcaella brevirostris,logistic_regression
960:2949,6.05,114.95,0.2138781081501546,irrawaddy_dolphin,Orcaella brevirostris,logistic_regression
960:2950,6.05,115.05,0.2176379603695485,irrawaddy_dolphin,Orcaella brevirostris,logistic_regression
960:2951,6.05,115.15,0.22144528979119857,irrawaddy_dolphin,Orcaella brevirostris,logistic_regression
960:2952,6.05,115.25,0.22530004363231987,irrawaddy_dolphin,Orcaella brevirostris,logistic_regression
960:2953,6.05,115.35,0.22920214408175069,irrawaddy_dolphin,Orcaella brevirostris,logistic_regression
960:2954,6.05,115.45,0.23315148774293168,irrawaddy_dolphin,Orcaella brevirostris,logistic_regression
960:2955,6.05,115.55,0.23714794509414508,irrawaddy_dolphin,Orcaella brevirostris,logistic_regression
960:2956,6.05,115.65,0.24119135996760935,irrawaddy_dolphin,Orcaella brevirostris,logistic_regression
960:2957,6.05,115.75,0.24528154904902075,irrawaddy_dolphin,Orcaella brevirostris,logistic_regression
960:2958,6.05,115.85,0.24941830139917323,irrawaddy_dolphin,Orcaella brevirostris,logistic_regression
960:2959,6.05,115.95,0.2536013779992642,irrawaddy_dolphin,Orcaella brevirostris,logistic_regression
960:2960,6.05,116.05,0.257830511321513,irrawaddy_dolphin,Orcaella brevirostris,logistic_regression
960:2976,6.05,117.65,0.3314265412346329,irrawaddy_dolphin,Orcaella brevirostris,logistic_regression
960:2977,6.05,117.75,0.33636863362888036,irrawaddy_dolphin,Orcaella brevirostris,logistic_regression
960:2978,6.05,117.85,0.34134679501375603,irrawaddy_dolphin,Orcaella brevirostris,logistic_regression
960:2979,6.05,117.95,0.34636017938551955,irrawaddy_dolphin,Orcaella brevirostris,logistic_regression
960:2980,6.05,118.05,0.3514079112156733,irrawaddy_dolphin,Orcaella brevirostris,logistic_regression
960:2981,6.05,118.15,0.3564890858663993,irrawaddy_dolphin,Orcaella brevirostris,logistic_regression
960:2982,6.05,118.25,0.3616027700550977,irrawaddy_dolphin,Orcaella brevirostris,logistic_regression
961:2786,6.15,98.65,0.006636619405168599,irrawaddy_dolphin,Orcaella brevirostris,logistic_regression
961:2787,6.15,98.75,0.0067847302883295765,irrawaddy_dolphin,Orcaella brevirostris,logistic_regression
961:2788,6.15,98.85,0.006936123514388473,irrawaddy_dolphin,Orcaella brevirostris,logistic_regression
961:2789,6.15,98.95,0.007090870783366707,irrawaddy_dolphin,Orcaella brevirostris,logistic_regression
961:2790,6.15,99.05,0.007249045314548541,irrawaddy_dolphin,Orcaella brevirostris,logistic_regression
961:2791,6.15,99.15,0.007410721876547563,irrawaddy_dolphin,Orcaella brevirostris,logistic_regression
961:2792,6.15,99.25,0.0075759768178704405,irrawaddy_dolphin,Orcaella brevirostris,logistic_regression
961:2793,6.15,99.35,0.0077448880979818086,irrawaddy_dolphin,Orcaella brevirostris,logistic_regression
961:2794,6.15,99.45,0.007917535318873388,irrawaddy_dolphin,Orcaella brevirostris,logistic_regression
961:2795,6.15,99.55,0.008093999757140376,irrawaddy_dolphin,Orcaella brevirostris,logistic_regression
961:2796,6.15,99.65,0.008274364396568262,irrawaddy_dolphin,Orcaella brevirostris,logistic_regression
961:2797,6.15,99.75,0.00845871396123188,irrawaddy_dolphin,Orcaella brevirostris,logistic_regression
961:2798,6.15,99.85,0.008647134949109634,irrawaddy_dolphin,Orcaella brevirostris,logistic_regression
961:2799,6.15,99.95,0.008839715666214184,irrawaddy_dolphin,Orcaella brevirostris,logistic_regression
961:2800,6.15,100.05,0.009036546261241165,irrawaddy_dolphin,Orcaella brevirostris,logistic_regression
961:2801,6.15,100.15,0.009237718760737548,irrawaddy_dolphin,Orcaella brevirostris,logistic_regression
961:2802,6.15,100.25,0.009443327104789458,irrawaddy_dolphin,Orcaella brevirostris,logistic_regression
961:2824,6.15,102.45,0.015305820550153951,irrawaddy_dolphin,Orcaella brevirostris,logistic_regression
961:2825,6.15,102.55,0.015644356912890015,irrawaddy_dolphin,Orcaella brevirostris,logistic_regression
961:2826,6.15,102.65,0.01599025947919643,irrawaddy_dolphin,Orcaella brevirostris,logistic_regression
961:2827,6.15,102.75,0.016343683096623395,irrawaddy_dolphin,Orcaella brevirostris,logistic_regression
961:2828,6.15,102.85,0.016704785625140856,irrawaddy_dolphin,Orcaella brevirostris,logistic_regression
961:2829,6.15,102.95,0.017073727984801484,irrawaddy_dolphin,Orcaella brevirostris,logistic_regression
961:2830,6.15,103.05,0.017450674203643712,irrawaddy_dolphin,Orcaella brevirostris,logistic_regression
961:2831,6.15,103.15,0.0178357914658082,irrawaddy_dolphin,Orcaella brevirostris,logistic_regression
961:2832,6.15,103.25,0.018229250159837323,irrawaddy_dolphin,Orcaella brevirostris,logistic_regression
961:2833,6.15,103.35,0.018631223927128425,irrawaddy_dolphin,Orcaella brevirostris,logistic_regression
961:2834,6.15,103.45,0.019041889710507062,irrawaddy_dolphin,Orcaella brevirostris,logistic_regression
961:2835,6.15,103.55,0.019461427802885647,irrawaddy_dolphin,Orcaella brevirostris,logistic_regression
961:2836,6.15,103.65,0.01989002189597165,irrawaddy_dolphin,Orcaella brevirostris,logistic_regression
961:2837,6.15,103.75,0.020327859128984823,irrawaddy_dolphin,Orcaella brevirostris,logistic_regression
961:2838,6.15,103.85,0.020775130137344146,irrawaddy_dolphin,Orcaella brevirostris,logistic_regression
961:2839,6.15,103.95,0.02123202910127948,irrawaddy_dolphin,Orcaella brevirostris,logistic_regression
961:2840,6.15,104.05,0.021698753794322817,irrawaddy_dolphin,Orcaella brevirostris,logistic_regression
961:2841,6.15,104.15,0.022175505631631405,irrawaddy_dolphin,Orcaella brevirostris,logistic_regression
961:2842,6.15,104.25,0.022662489718090213,irrawaddy_dolphin,Orcaella brevirostris,logistic_regression
961:2843,6.15,104.35,0.023159914896142313,irrawaddy_dolphin,Orcaella brevirostris,logistic_regression
961:2844,6.15,104.45,0.023667993793289172,irrawaddy_dolphin,Orcaella brevirostris,logistic_regression
961:2845,6.15,104.55,0.024186942869202463,irrawaddy_dolphin,Orcaella brevirostris,logistic_regression
961:2846,6.15,104.65,0.024716982462386006,irrawaddy_dolphin,Orcaella brevirostris,logistic_regression
961:2847,6.15,104.75,0.025258336836321192,irrawaddy_dolphin,Orcaella brevirostris,logistic_regression
961:2848,6.15,104.85,0.025811234225029678,irrawaddy_dolphin,Orcaella brevirostris,logistic_regression
961:2849,6.15,104.95,0.026375906877980457,irrawaddy_dolphin,Orcaella brevirostris,logistic_regression
961:2850,6.15,105.05,0.02695259110426695,irrawaddy_dolphin,Orcaella brevirostris,logistic_regression
961:2851,6.15,105.15,0.027541527315977227,irrawaddy_dolphin,Orcaella brevirostris,logistic_regression
961:2852,6.15,105.25,0.028142960070673594,irrawaddy_dolphin,Orcaella brevirostris,logistic_regression
961:2853,6.15,105.35,0.028757138112898806,irrawaddy_dolphin,Orcaella brevirostris,logistic_regression
961:2854,6.15,105.45,0.02938431441461801,irrawaddy_dolphin,Orcaella brevirostris,logistic_regression
961:2855,6.15,105.55,0.03002474621450453,irrawaddy_dolphin,Orcaella brevirostris,logistic_regression
961:2899,6.15,109.95,0.0760317231473888,irrawaddy_dolphin,Orcaella brevirostris,logistic_regression
961:2900,6.15,110.05,0.0776075454621322,irrawaddy_dolphin,Orcaella brevirostris,logistic_regression
961:2901,6.15,110.15,0.07921322802378152,irrawaddy_dolphin,Orcaella brevirostris,logistic_regression
961:2902,6.15,110.25,0.08084921990068342,irrawaddy_dolphin,Orcaella brevirostris,logistic_regression
961:2903,6.15,110.35,0.08251597202618667,irrawaddy_dolphin,Orcaella brevirostris,logistic_regression
961:2904,6.15,110.45,0.08421393697592715,irrawaddy_dolphin,Orcaella brevirostris,logistic_regression
961:2905,6.15,110.55,0.08594356873408462,irrawaddy_dolphin,Orcaella brevirostris,logistic_regression
961:2906,6.15,110.65,0.0877053224483882,irrawaddy_dolphin,Orcaella brevirostris,logistic_regression
961:2907,6.15,110.75,0.08949965417364673,irrawaddy_dolphin,Orcaella brevirostris,logistic_regression
961:2908,6.15,110.85,0.09132702060360232,irrawaddy_dolphin,Orcaella brevirostris,logistic_regression
961:2909,6.15,110.95,0.09318787879090107,irrawaddy_dolphin,Orcaella brevirostris,logistic_regression
961:2910,6.15,111.05,0.09508268585499582,irrawaddy_dolphin,Orcaella brevirostris,logistic_regression
961:2911,6.15,111.15,0.09701189867780652,irrawaddy_dolphin,Orcaella brevirostris,logistic_regression
961:2912,6.15,111.25,0.09897597358696879,irrawaddy_dolphin,Orcaella brevirostris,logistic_regression
961:2913,6.15,111.35,0.10097536602652989,irrawaddy_dolphin,Orcaella brevirostris,logistic_regression
961:2914,6.15,111.45,0.10301053021495257,irrawaddy_dolphin,Orcaella brevirostris,logistic_regression
961:2915,6.15,111.55,0.10508191879031295,irrawaddy_dolphin,Orcaella brevirostris,logistic_regression
961:2916,6.15,111.65,0.10718998244259811,irrawaddy_dolphin,Orcaella brevirostris,logistic_regression
961:2917,6.15,111.75,0.10933516953301851,irrawaddy_dolphin,Orcaella brevirostris,logistic_regression
961:2918,6.15,111.85,0.11151792570028601,irrawaddy_dolphin,Orcaella brevirostris,logistic_regression
961:2919,6.15,111.95,0.11373869345381742,irrawaddy_dolphin,Orcaella brevirostris,logistic_regression
961:2920,6.15,112.05,0.11599791175385507,irrawaddy_dolphin,Orcaella brevirostris,logistic_regression
961:2921,6.15,112.15,0.11829601557852328,irrawaddy_dolphin,Orcaella brevirostris,logistic_regression
961:2922,6.15,112.25,0.120633435477855,irrawaddy_dolphin,Orcaella brevirostris,logistic_regression
961:2923,6.15,112.35,0.1230105971148695,irrawaddy_dolphin,Orcaella brevirostris,logistic_regression
961:2924,6.15,112.45,0.12542792079379267,irrawaddy_dolphin,Orcaella brevirostris,logistic_regression
961:2925,6.15,112.55,0.12788582097555712,irrawaddy_dolphin,Orcaella brevirostris,logistic_regression
961:2940,6.15,114.05,0.16988135689470069,irrawaddy_dolphin,Orcaella brevirostris,logistic_regression
961:2941,6.15,114.15,0.17303801783633743,irrawaddy_dolphin,Orcaella brevirostris,logistic_regression
961:2942,6.15,114.25,0.176240881392465,irrawaddy_dolphin,Orcaella brevirostris,logistic_regression
961:2943,6.15,114.35,0.17949016126498618,irrawaddy_dolphin,Orcaella brevirostris,logistic_regression
961:2944,6.15,114.45,0.18278605414547697,irrawaddy_dolphin,Orcaella brevirostris,logistic_regression
961:2945,6.15,114.55,0.1861287390650606,irrawaddy_dolphin,Orcaella brevirostris,logistic_regression
961:2946,6.15,114.65,0.1895183767439777,irrawaddy_dolphin,Orcaella brevirostris,logistic_regression
961:2947,6.15,114.75,0.19295510894196224,irrawaddy_dolphin,Orcaella brevirostris,logistic_regression
961:2948,6.15,114.85,0.19643905781060622,irrawaddy_dolphin,Orcaella brevirostris,logistic_regression
961:2949,6.15,114.95,0.19997032524891786,irrawaddy_dolphin,Orcaella brevirostris,logistic_regression
961:2950,6.15,115.05,0.20354899226334017,irrawaddy_dolphin,Orcaella brevirostris,logistic_regression
961:2951,6.15,115.15,0.20717511833354313,irrawaddy_dolphin,Orcaella brevirostris,logistic_regression
961:2952,6.15,115.25,0.21084874078532548,irrawaddy_dolphin,Orcaella brevirostris,logistic_regression
961:2953,6.15,115.35,0.21456987417203305,irrawaddy_dolphin,Orcaella brevirostris,logistic_regression
961:2954,6.15,115.45,0.21833850966590876,irrawaddy_dolphin,Orcaella brevirostris,logistic_regression
961:2955,6.15,115.55,0.22215461446084397,irrawaddy_dolphin,Orcaella brevirostris,logistic_regression
961:2956,6.15,115.65,0.22601813118803332,irrawaddy_dolphin,Orcaella brevirostris,logistic_regression
961:2957,6.15,115.75,0.22992897734604698,irrawaddy_dolphin,Orcaella brevirostris,logistic_regression
961:2958,6.15,115.85,0.23388704474688832,irrawaddy_dolphin,Orcaella brevirostris,logistic_regression
961:2959,6.15,115.95,0.23789219897959896,irrawaddy_dolphin,Orcaella brevirostris,logistic_regression
961:2960,6.15,116.05,0.24194427889300943,irrawaddy_dolphin,Orcaella brevirostris,logistic_regression
961:2976,6.15,117.65,0.31291759979437195,irrawaddy_dolphin,Orcaella brevirostris,logistic_regression
961:2977,6.15,117.75,0.31771485230755486,irrawaddy_dolphin,Orcaella brevirostris,logistic_regression
961:2978,6.15,117.85,0.3225511242703623,irrawaddy_dolphin,Orcaella brevirostris,logistic_regression
961:2979,6.15,117.95,0.3274256852650385,irrawaddy_dolphin,Orcaella brevirostris,logistic_regression
961:2980,6.15,118.05,0.3323377742114645,irrawaddy_dolphin,Orcaella brevirostris,logistic_regression
961:2981,6.15,118.15,0.33728659959745255,irrawaddy_dolphin,Orcaella brevirostris,logistic_regression
962:2790,6.25,99.05,0.0066637668230076445,irrawaddy_dolphin,Orcaella brevirostris,logistic_regression
962:2791,6.25,99.15,0.006812479406066765,irrawaddy_dolphin,Orcaella brevirostris,logistic_regression
962:2792,6.25,99.25,0.006964487479054493,irrawaddy_dolphin,Orcaella brevirostris,logistic_regression
962:2793,6.25,99.35,0.007119863020720766,irrawaddy_dolphin,Orcaella brevirostris,logistic_regression
962:2794,6.25,99.45,0.007278679534601573,irrawaddy_dolphin,Orcaella brevirostris,logistic_regression
962:2795,6.25,99.55,0.007441012079176958,irrawaddy_dolphin,Orcaella brevirostris,logistic_regression
962:2796,6.25,99.65,0.007606937298527458,irrawaddy_dolphin,Orcaella brevirostris,logistic_regression
962:2797,6.25,99.75,0.0077765334534917255,irrawaddy_dolphin,Orcaella brevirostris,logistic_regression
962:2799,6.25,99.95,0.008127059887891875,irrawaddy_dolphin,Orcaella brevirostris,logistic_regression
962:2800,6.25,100.05,0.008308155060303081,irrawaddy_dolphin,Orcaella brevirostris,logistic_regression
962:2801,6.25,100.15,0.00849325102015436,irrawaddy_dolphin,Orcaella brevirostris,logistic_regression
962:2821,6.25,102.15,0.013183279461971679,irrawaddy_dolphin,Orcaella brevirostris,logistic_regression
962:2822,6.25,102.25,0.013475511616394705,irrawaddy_dolphin,Orcaella brevirostris,logistic_regression
962:2823,6.25,102.35,0.013774131226370324,irrawaddy_dolphin,Orcaella brevirostris,logistic_regression
962:2824,6.25,102.45,0.014079273855568631,irrawaddy_dolphin,Orcaella brevirostris,logistic_regression
962:2825,6.25,102.55,0.014391077763463288,irrawaddy_dolphin,Orcaella brevirostris,logistic_regression
962:2826,6.25,102.65,0.014709683950759363,irrawaddy_dolphin,Orcaella brevirostris,logistic_regression
962:2827,6.25,102.75,0.015035236205204413,irrawaddy_dolphin,Orcaella brevirostris,logistic_regression
962:2828,6.25,102.85,0.015367881147766929,irrawaddy_dolphin,Orcaella brevirostris,logistic_regression
962:2829,6.25,102.95,0.015707768279162978,irrawaddy_dolphin,Orcaella brevirostris,logistic_regression
962:2830,6.25,103.05,0.016055050026711613,irrawaddy_dolphin,Orcaella brevirostris,logistic_regression
962:2831,6.25,103.15,0.016409881791498698,irrawaddy_dolphin,Orcaella brevirostris,logistic_regression
962:2832,6.25,103.25,0.016772421995824984,irrawaddy_dolphin,Orcaella brevirostris,logistic_regression
962:2833,6.25,103.35,0.017142832130915994,irrawaddy_dolphin,Orcaella brevirostris,logistic_regression
962:2834,6.25,103.45,0.017521276804866585,irrawaddy_dolphin,Orcaella brevirostris,logistic_regression
962:2835,6.25,103.55,0.01790792379079302,irrawaddy_dolphin,Orcaella brevirostris,logistic_regression
962:2836,6.25,103.65,0.018302944075163998,irrawaddy_dolphin,Orcaella brevirostris,logistic_regression
962:2837,6.25,103.75,0.018706511906277926,irrawaddy_dolphin,Orcaella brevirostris,logistic_regression
962:2838,6.25,103.85,0.01911880484285511,irrawaddy_dolphin,Orcaella brevirostris,logistic_regression
962:2839,6.25,103.95,0.019540003802708348,irrawaddy_dolphin,Orcaella brevirostris,logistic_regression
962:2840,6.25,104.05,0.01997029311145537,irrawaddy_dolphin,Orcaella brevirostris,logistic_regression
962:2841,6.25,104.15,0.020409860551234366,irrawaddy_dolphin,Orcaella brevirostris,logistic_regression
962:2842,6.25,104.25,0.020858897409379504,irrawaddy_dolphin,Orcaella brevirostris,logistic_regression
962:2843,6.25,104.35,0.021317598527014522,irrawaddy_dolphin,Orcaella brevirostris,logistic_regression
962:2844,6.25,104.45,0.02178616234751645,irrawaddy_dolphin,Orcaella brevirostris,logistic_regression
962:2845,6.25,104.55,0.02226479096480139,irrawaddy_dolphin,Orcaella brevirostris,logistic_regression
962:2846,6.25,104.65,0.022753690171381555,irrawaddy_dolphin,Orcaella brevirostris,logistic_regression
962:2847,6.25,104.75,0.02325306950613806,irrawaddy_dolphin,Orcaella brevirostris,logistic_regression
962:2848,6.25,104.85,0.023763142301754626,irrawaddy_dolphin,Orcaella brevirostris,logistic_regression
962:2849,6.25,104.95,0.02428412573175074,irrawaddy_dolphin,Orcaella brevirostris,logistic_regression
962:2850,6.25,105.05,0.02481624085705263,irrawaddy_dolphin,Orcaella brevirostris,logistic_regression
962:2851,6.25,105.15,0.025359712672037016,irrawaddy_dolphin,Orcaella brevirostris,logistic_regression
962:2852,6.25,105.25,0.02591477014997706,irrawaddy_dolphin,Orcaella brevirostris,logistic_regression
962:2853,6.25,105.35,0.026481646287820865,irrawaddy_dolphin,Orcaella brevirostris,logistic_regression
962:2902,6.25,110.25,0.07476910998681235,irrawaddy_dolphin,Orcaella brevirostris,logistic_regression
962:2903,6.25,110.35,0.07632092513676596,irrawaddy_dolphin,Orcaella brevirostris,logistic_regression
962:2904,6.25,110.45,0.0779022360428003,irrawaddy_dolphin,Orcaella brevirostris,logistic_regression
962:2905,6.25,110.55,0.07951349009593375,irrawaddy_dolphin,Orcaella brevirostris,logistic_regression
962:2906,6.25,110.65,0.08115513672571688,irrawaddy_dolphin,Orcaella brevirostris,logistic_regression
962:2907,6.25,110.75,0.0828276271863327,irrawaddy_dolphin,Orcaella brevirostris,logistic_regression
962:2908,6.25,110.85,0.08453141433186175,irrawaddy_dolphin,Orcaella brevirostris,logistic_regression
962:2909,6.25,110.95,0.08626695238047427,irrawaddy_dolphin,Orcaella brevirostris,logistic_regression
962:2910,6.25,111.05,0.08803469666732833,irrawaddy_dolphin,Orcaella brevirostris,logistic_regression
962:2911,6.25,111.15,0.0898351033859586,irrawaddy_dolphin,Orcaella brevirostris,logistic_regression
962:2912,6.25,111.25,0.09166862931794417,irrawaddy_dolphin,Orcaella brevirostris,logistic_regression
962:2913,6.25,111.35,0.0935357315506636,irrawaddy_dolphin,Orcaella brevirostris,logistic_regression
962:2914,6.25,111.45,0.09543686718294603,irrawaddy_dolphin,Orcaella brevirostris,logistic_regression
962:2915,6.25,111.55,0.09737249301844621,irrawaddy_dolphin,Orcaella brevirostris,logistic_regression
962:2916,6.25,111.65,0.09934306524658548,irrawaddy_dolphin,Orcaella brevirostris,logistic_regression
962:2917,6.25,111.75,0.10134903911090648,irrawaddy_dolphin,Orcaella brevirostris,logistic_regression
962:2918,6.25,111.85,0.10339086856471957,irrawaddy_dolphin,Orcaella brevirostris,logistic_regression
962:2919,6.25,111.95,0.10546900591392146,irrawaddy_dolphin,Orcaella brevirostris,logistic_regression
962:2920,6.25,112.05,0.10758390144689414,irrawaddy_dolphin,Orcaella brevirostris,logistic_regression
962:2921,6.25,112.15,0.10973600305141423,irrawaddy_dolphin,Orcaella brevirostris,logistic_regression
962:2922,6.25,112.25,0.11192575581851094,irrawaddy_dolphin,Orcaella brevirostris,logistic_regression
962:2923,6.25,112.35,0.11415360163325286,irrawaddy_dolphin,Orcaella brevirostris,logistic_regression
962:2924,6.25,112.45,0.11641997875245039,irrawaddy_dolphin,Orcaella brevirostris,logistic_regression
962:2939,6.25,113.95,0.1553208950602446,irrawaddy_dolphin,Orcaella brevirostris,logistic_regression
962:2940,6.25,114.05,0.15825858025086706,irrawaddy_dolphin,Orcaella brevirostris,logistic_regression
962:2941,6.25,114.15,0.1612412214682025,irrawaddy_dolphin,Orcaella brevirostris,logistic_regression
962:2942,6.25,114.25,0.16426910529218852,irrawaddy_dolphin,Orcaella brevirostris,logistic_regression
962:2943,6.25,114.35,0.16734250438596393,irrawaddy_dolphin,Orcaella brevirostris,logistic_regression
962:2944,6.25,114.45,0.1704616768613302,irrawaddy_dolphin,Orcaella brevirostris,logistic_regression
962:2945,6.25,114.55,0.17362686563920918,irrawaddy_dolphin,Orcaella brevirostris,logistic_regression
962:2946,6.25,114.65,0.17683829780597854,irrawaddy_dolphin,Orcaella brevirostris,logistic_regression
962:2947,6.25,114.75,0.18009618396660512,irrawaddy_dolphin,Orcaella brevirostris,logistic_regression
962:2948,6.25,114.85,0.18340071759556942,irrawaddy_dolphin,Orcaella brevirostris,logistic_regression
962:2949,6.25,114.95,0.1867520743865999,irrawaddy_dolphin,Orcaella brevirostris,logistic_regression
962:2950,6.25,115.05,0.19015041160230337,irrawaddy_dolphin,Orcaella brevirostris,logistic_regression
962:2951,6.25,115.15,0.19359586742482474,irrawaddy_dolphin,Orcaella brevirostris,logistic_regression
962:2952,6.25,115.25,0.1970885603087029,irrawaddy_dolphin,Orcaella brevirostris,logistic_regression
962:2953,6.25,115.35,0.20062858833716218,irrawaddy_dolphin,Orcaella brevirostris,logistic_regression
962:2954,6.25,115.45,0.2042160285830981,irrawaddy_dolphin,Orcaella brevirostris,logistic_regression
962:2955,6.25,115.55,0.20785093647607744,irrawaddy_dolphin,Orcaella brevirostris,logistic_regression
962:2956,6.25,115.65,0.21153334517671601,irrawaddy_dolphin,Orcaella brevirostris,logistic_regression
962:2957,6.25,115.75,0.21526326495981737,irrawaddy_dolphin,Orcaella brevirostris,logistic_regression
962:2958,6.25,115.85,0.2190406826077259,irrawaddy_dolphin,Orcaella brevirostris,logistic_regression
962:2959,6.25,115.95,0.22286556081534914,irrawaddy_dolphin,Orcaella brevirostris,logistic_regression
962:2960,6.25,116.05,0.22673783760835994,irrawaddy_dolphin,Orcaella brevirostris,logistic_regression
962:2961,6.25,116.15,0.23065742577611345,irrawaddy_dolphin,Orcaella brevirostris,logistic_regression
962:2962,6.25,116.25,0.23462421232082378,irrawaddy_dolphin,Orcaella brevirostris,logistic_regression
962:2977,6.25,117.75,0.29962847995235314,irrawaddy_dolphin,Orcaella brevirostris,logistic_regression
962:2978,6.25,117.85,0.30431223450370387,irrawaddy_dolphin,Orcaella brevirostris,logistic_regression
962:2979,6.25,117.95,0.30903689862925704,irrawaddy_dolphin,Orcaella brevirostris,logistic_regression
963:2795,6.35,99.55,0.006840341234312235,irrawaddy_dolphin,Orcaella brevirostris,logistic_regression
963:2796,6.35,99.65,0.006992966616014106,irrawaddy_dolphin,Orcaella brevirostris,logistic_regression
963:2799,6.35,99.95,0.007471425156501325,irrawaddy_dolphin,Orcaella brevirostris,logistic_regression
963:2800,6.35,100.05,0.007638023330523536,irrawaddy_dolphin,Orcaella brevirostris,logistic_regression
963:2821,6.35,102.15,0.01212473027074867,irrawaddy_dolphin,Orcaella brevirostris,logistic_regression
963:2822,6.35,102.25,0.012393792395984454,irrawaddy_dolphin,Orcaella brevirostris,logistic_regression
963:2823,6.35,102.35,0.01266874875739614,irrawaddy_dolphin,Orcaella brevirostris,logistic_regression
963:2824,6.35,102.45,0.012949725043959259,irrawaddy_dolphin,Orcaella brevirostris,logistic_regression
963:2825,6.35,102.55,0.013236849470933018,irrawaddy_dolphin,Orcaella brevirostris,logistic_regression
963:2826,6.35,102.65,0.013530252823690234,irrawaddy_dolphin,Orcaella brevirostris,logistic_regression
963:2827,6.35,102.75,0.013830068501983957,irrawaddy_dolphin,Orcaella brevirostris,logistic_regression
963:2828,6.35,102.85,0.014136432564639603,irrawaddy_dolphin,Orcaella brevirostris,logistic_regression
963:2829,6.35,102.95,0.01444948377465798,irrawaddy_dolphin,Orcaella brevirostris,logistic_regression
963:2830,6.35,103.05,0.01476936364471493,irrawaddy_dolphin,Orcaella brevirostris,logistic_regression
963:2831,6.35,103.15,0.015096216483042152,irrawaddy_dolphin,Orcaella brevirostris,logistic_regression
963:2832,6.35,103.25,0.015430189439670927,irrawaddy_dolphin,Orcaella brevirostris,logistic_regression
963:2833,6.35,103.35,0.015771432553021512,irrawaddy_dolphin,Orcaella brevirostris,logistic_regression
963:2834,6.35,103.45,0.016120098796817178,irrawaddy_dolphin,Orcaella brevirostris,logistic_regression
963:2835,6.35,103.55,0.016476344127301937,irrawaddy_dolphin,Orcaella brevirostris,logistic_regression
963:2836,6.35,103.65,0.0168403275307396,irrawaddy_dolphin,Orcaella brevirostris,logistic_regression
963:2837,6.35,103.75,0.017212211071168302,irrawaddy_dolphin,Orcaella brevirostris,logistic_regression
963:2838,6.35,103.85,0.01759215993838614,irrawaddy_dolphin,Orcaella brevirostris,logistic_regression
963:2839,6.35,103.95,0.017980342496138516,irrawaddy_dolphin,Orcaella brevirostris,logistic_regression
963:2840,6.35,104.05,0.018376930330478197,irrawaddy_dolphin,Orcaella brevirostris,logistic_regression
963:2841,6.35,104.15,0.018782098298267068,irrawaddy_dolphin,Orcaella brevirostris,logistic_regression
963:2842,6.35,104.25,0.019196024575784787,irrawaddy_dolphin,Orcaella brevirostris,logistic_regression
963:2843,6.35,104.35,0.019618890707410602,irrawaddy_dolphin,Orcaella brevirostris,logistic_regression
963:2844,6.35,104.45,0.020050881654339218,irrawaddy_dolphin,Orcaella brevirostris,logistic_regression
963:2845,6.35,104.55,0.020492185843291717,irrawaddy_dolphin,Orcaella brevirostris,logistic_regression
963:2846,6.35,104.65,0.020942995215180053,irrawaddy_dolphin,Orcaella brevirostris,logistic_regression
963:2847,6.35,104.75,0.021403505273679395,irrawaddy_dolphin,Orcaella brevirostris,logistic_regression
963:2848,6.35,104.85,0.02187391513366326,irrawaddy_dolphin,Orcaella brevirostris,logistic_regression
963:2849,6.35,104.95,0.02235442756945085,irrawaddy_dolphin,Orcaella brevirostris,logistic_regression
963:2850,6.35,105.05,0.022845249062815258,irrawaddy_dolphin,Orcaella brevirostris,logistic_regression
963:2909,6.35,110.95,0.07981479167096812,irrawaddy_dolphin,Orcaella brevirostris,logistic_regression
963:2910,6.35,111.05,0.08146210848835798,irrawaddy_dolphin,Orcaella brevirostris,logistic_regression
963:2911,6.35,111.15,0.08314035277356384,irrawaddy_dolphin,Orcaella brevirostris,logistic_regression
963:2912,6.35,111.25,0.08484997765104546,irrawaddy_dolphin,Orcaella brevirostris,logistic_regression
963:2913,6.35,111.35,0.08659143756451221,irrawaddy_dolphin,Orcaella brevirostris,logistic_regression
963:2914,6.35,111.45,0.08836518802770776,irrawaddy_dolphin,Orcaella brevirostris,logistic_regression
963:2915,6.35,111.55,0.09017168536364543,irrawaddy_dolphin,Orcaella brevirostris,logistic_regression
963:2916,6.35,111.65,0.09201138643208984,irrawaddy_dolphin,Orcaella brevirostris,logistic_regression
963:2917,6.35,111.75,0.09388474834508422,irrawaddy_dolphin,Orcaella brevirostris,logistic_regression
963:2918,6.35,111.85,0.09579222817034634,irrawaddy_dolphin,Orcaella brevirostris,logistic_regression
963:2919,6.35,111.95,0.09773428262235524,irrawaddy_dolphin,Orcaella brevirostris,logistic_regression
963:2920,6.35,112.05,0.09971136774097307,irrawaddy_dolphin,Orcaella brevirostris,logistic_regression
963:2921,6.35,112.15,0.10172393855746222,irrawaddy_dolphin,Orcaella brevirostris,logistic_regression
963:2922,6.35,112.25,0.10377244874776362,irrawaddy_dolphin,Orcaella brevirostris,logistic_regression
963:2923,6.35,112.35,0.10585735027293533,irrawaddy_dolphin,Orcaella brevirostris,logistic_regression
963:2938,6.35,113.85,0.141795234491643,irrawaddy_dolphin,Orcaella brevirostris,logistic_regression
963:2939,6.35,113.95,0.14452086966893807,irrawaddy_dolphin,Orcaella brevirostris,logistic_regression
963:2940,6.35,114.05,0.14728990592119615,irrawaddy_dolphin,Orcaella brevirostris,logistic_regression
963:2941,6.35,114.15,0.15010268816339753,irrawaddy_dolphin,Orcaella brevirostris,logistic_regression
963:2942,6.35,114.25,0.152959550354152,irrawaddy_dolphin,Orcaella brevirostris,logistic_regression
963:2943,6.35,114.35,0.1558608148959747,irrawaddy_dolphin,Orcaella brevirostris,logistic_regression
963:2944,6.35,114.45,0.1588067920270201,irrawaddy_dolphin,Orcaella brevirostris,logistic_regression
963:2945,6.35,114.55,0.16179777920491925,irrawaddy_dolphin,Orcaella brevirostris,logistic_regression
963:2946,6.35,114.65,0.16483406048341154,irrawaddy_dolphin,Orcaella brevirostris,logistic_regression
963:2947,6.35,114.75,0.16791590588249916,irrawaddy_dolphin,Orcaella brevirostris,logistic_regression
963:2948,6.35,114.85,0.17104357075292345,irrawaddy_dolphin,Orcaella brevirostris,logistic_regression
963:2949,6.35,114.95,0.17421729513579173,irrawaddy_dolphin,Orcaella brevirostris,logistic_regression
963:2950,6.35,115.05,0.17743730311824576,irrawaddy_dolphin,Orcaella brevirostris,logistic_regression
963:2951,6.35,115.15,0.1807038021861166,irrawaddy_dolphin,Orcaella brevirostris,logistic_regression
963:2952,6.35,115.25,0.18401698257454374,irrawaddy_dolphin,Orcaella brevirostris,logistic_regression
963:2953,6.35,115.35,0.18737701661761244,irrawaddy_dolphin,Orcaella brevirostris,logistic_regression
963:2954,6.35,115.45,0.19078405809808632,irrawaddy_dolphin,Orcaella brevirostris,logistic_regression
963:2955,6.35,115.55,0.19423824159838,irrawaddy_dolphin,Orcaella brevirostris,logistic_regression
963:2956,6.35,115.65,0.19773968185396248,irrawaddy_dolphin,Orcaella brevirostris,logistic_regression
963:2957,6.35,115.75,0.20128847311041329,irrawaddy_dolphin,Orcaella brevirostris,logistic_regression
963:2958,6.35,115.85,0.20488468848542482,irrawaddy_dolphin,Orcaella brevirostris,logistic_regression
963:2959,6.35,115.95,0.20852837933706247,irrawaddy_dolphin,Orcaella brevirostris,logistic_regression
963:2960,6.35,116.05,0.21221957463965266,irrawaddy_dolphin,Orcaella brevirostris,logistic_regression
963:2961,6.35,116.15,0.21595828036870737,irrawaddy_dolphin,Orcaella brevirostris,logistic_regression
963:2962,6.35,116.25,0.21974447889631668,irrawaddy_dolphin,Orcaella brevirostris,logistic_regression
963:2977,6.35,117.75,0.2821459319396532,irrawaddy_dolphin,Orcaella brevirostris,logistic_regression
963:2978,6.35,117.85,0.28666825946979413,irrawaddy_dolphin,Orcaella brevirostris,logistic_regression
963:2979,6.35,117.95,0.2912336650155058,irrawaddy_dolphin,Orcaella brevirostris,logistic_regression
964:2795,6.45,99.55,0.006287851975606893,irrawaddy_dolphin,Orcaella brevirostris,logistic_regression
964:2796,6.45,99.65,0.006428229708476184,irrawaddy_dolphin,Orcaella brevirostris,logistic_regression
964:2797,6.45,99.75,0.006571720680460962,irrawaddy_dolphin,Orcaella brevirostris,logistic_regression
964:2799,6.45,99.95,0.006868316224463843,irrawaddy_dolphin,Orcaella brevirostris,logistic_regression
964:2822,6.45,102.25,0.011397902749609294,irrawaddy_dolphin,Orcaella brevirostris,logistic_regression
964:2823,6.45,102.35,0.01165102593905984,irrawaddy_dolphin,Orcaella brevirostris,logistic_regression
964:2824,6.45,102.45,0.01190970273622459,irrawaddy_dolphin,Orcaella brevirostris,logistic_regression
964:2825,6.45,102.55,0.012174051949888994,irrawaddy_dolphin,Orcaella brevirostris,logistic_regression
964:2826,6.45,102.65,0.012444194794180977,irrawaddy_dolphin,Orcaella brevirostris,logistic_regression
964:2827,6.45,102.75,0.012720254931111763,irrawaddy_dolphin,Orcaella brevirostris,logistic_regression
964:2828,6.45,102.85,0.013002358513583983,irrawaddy_dolphin,Orcaella brevirostris,logistic_regression
964:2829,6.45,102.95,0.01329063422885639,irrawaddy_dolphin,Orcaella brevirostris,logistic_regression
964:2830,6.45,103.05,0.013585213342455205,irrawaddy_dolphin,Orcaella brevirostris,logistic_regression
964:2831,6.45,103.15,0.013886229742520876,irrawaddy_dolphin,Orcaella brevirostris,logistic_regression
964:2832,6.45,103.25,0.014193819984576701,irrawaddy_dolphin,Orcaella brevirostris,logistic_regression
964:2833,6.45,103.35,0.014508123336706757,irrawaddy_dolphin,Orcaella brevirostris,logistic_regression
964:2834,6.45,103.45,0.01482928182512722,irrawaddy_dolphin,Orcaella brevirostris,logistic_regression
964:2835,6.45,103.55,0.015157440280135302,irrawaddy_dolphin,Orcaella brevirostris,logistic_regression
964:2836,6.45,103.65,0.015492746382418944,irrawaddy_dolphin,Orcaella brevirostris,logistic_regression
964:2837,6.45,103.75,0.015835350709707128,irrawaddy_dolphin,Orcaella brevirostris,logistic_regression
964:2838,6.45,103.85,0.0161854067837422,irrawaddy_dolphin,Orcaella brevirostris,logistic_regression
964:2839,6.45,103.95,0.01654307111755135,irrawaddy_dolphin,Orcaella brevirostris,logistic_regression
964:2840,6.45,104.05,0.016908503262994402,irrawaddy_dolphin,Orcaella brevirostris,logistic_regression
964:2841,6.45,104.15,0.017281865858563804,irrawaddy_dolphin,Orcaella brevirostris,logistic_regression
964:2842,6.45,104.25,0.017663324677408963,irrawaddy_dolphin,Orcaella brevirostris,logistic_regression
964:2843,6.45,104.35,0.018053048675558413,irrawaddy_dolphin,Orcaella brevirostris,logistic_regression
964:2844,6.45,104.45,0.018451210040308298,irrawaddy_dolphin,Orcaella brevirostris,logistic_regression
964:2845,6.45,104.55,0.018857984238746215,irrawaddy_dolphin,Orcaella brevirostris,logistic_regression
964:2846,6.45,104.65,0.019273550066376727,irrawaddy_dolphin,Orcaella brevirostris,logistic_regression
964:2847,6.45,104.75,0.01969808969581167,irrawaddy_dolphin,Orcaella brevirostris,logistic_regression
964:2848,6.45,104.85,0.0201317887254887,irrawaddy_dolphin,Orcaella brevirostris,logistic_regression
964:2912,6.45,111.25,0.07849469243381786,irrawaddy_dolphin,Orcaella brevirostris,logistic_regression
964:2913,6.45,111.35,0.08011713559889568,irrawaddy_dolphin,Orcaella brevirostris,logistic_regression
964:2914,6.45,111.45,0.0817701380493348,irrawaddy_dolphin,Orcaella brevirostris,logistic_regression
964:2915,6.45,111.55,0.08345415165786085,irrawaddy_dolphin,Orcaella brevirostris,logistic_regression
964:2916,6.45,111.65,0.08516962981117909,irrawaddy_dolphin,Orcaella brevirostris,logistic_regression
964:2917,6.45,111.75,0.08691702717001377,irrawaddy_dolphin,Orcaella brevirostris,logistic_regression
964:2918,6.45,111.85,0.08869679941777553,irrawaddy_dolphin,Orcaella brevirostris,logistic_regression
964:2919,6.45,111.95,0.0905094029976374,irrawaddy_dolphin,Orcaella brevirostris,logistic_regression
964:2920,6.45,112.05,0.0923552948378185,irrawaddy_dolphin,Orcaella brevirostris,logistic_regression
964:2921,6.45,112.15,0.09423493206488436,irrawaddy_dolphin,Orcaella brevirostris,logistic_regression
964:2922,6.45,112.25,0.09614877170487524,irrawaddy_dolphin,Orcaella brevirostris,logistic_regression
964:2937,6.45,113.75,0.12926716261772395,irrawaddy_dolphin,Orcaella brevirostris,logistic_regression
964:2938,6.45,113.85,0.13178896001066231,irrawaddy_dolphin,Orcaella brevirostris,logistic_regression
964:2939,6.45,113.95,0.13435236278504492,irrawaddy_dolphin,Orcaella brevirostris,logistic_regression
964:2940,6.45,114.05,0.1369577605213722,irrawaddy_dolphin,Orcaella brevirostris,logistic_regression
964:2941,6.45,114.15,0.13960553459456215,irrawaddy_dolphin,Orcaella brevirostris,logistic_regression
964:2942,6.45,114.25,0.14229605762279124,irrawaddy_dolphin,Orcaella brevirostris,logistic_regression
964:2943,6.45,114.35,0.14502969290537568,irrawaddy_dolphin,Orcaella brevirostris,logistic_regression
964:2944,6.45,114.45,0.1478067938501018,irrawaddy_dolphin,Orcaella brevirostris,logistic_regression
964:2945,6.45,114.55,0.1506277033904727,irrawaddy_dolphin,Orcaella brevirostris,logistic_regression
964:2946,6.45,114.65,0.15349275339338186,irrawaddy_dolphin,Orcaella brevirostris,logistic_regression
964:2947,6.45,114.75,0.15640226405775812,irrawaddy_dolphin,Orcaella brevirostris,logistic_regression
964:2948,6.45,114.85,0.15935654330479326,irrawaddy_dolphin,Orcaella brevirostris,logistic_regression
964:2949,6.45,114.95,0.1623558861603933,irrawaddy_dolphin,Orcaella brevirostris,logistic_regression
964:2950,6.45,115.05,0.16540057413055148,irrawaddy_dolphin,Orcaella brevirostris,logistic_regression
964:2951,6.45,115.15,0.16849087457039738,irrawaddy_dolphin,Orcaella brevirostris,logistic_regression
964:2952,6.45,115.25,0.171627040047706,irrawaddy_dolphin,Orcaella brevirostris,logistic_regression
964:2953,6.45,115.35,0.17480930770172834,irrawaddy_dolphin,Orcaella brevirostris,logistic_regression
964:2954,6.45,115.45,0.17803789859822958,irrawaddy_dolphin,Orcaella brevirostris,logistic_regression
964:2955,6.45,115.55,0.1813130170816881,irrawaddy_dolphin,Orcaella brevirostris,logistic_regression
964:2956,6.45,115.65,0.1846348501256585,irrawaddy_dolphin,Orcaella brevirostris,logistic_regression
964:2957,6.45,115.75,0.18800356668233725,irrawaddy_dolphin,Orcaella brevirostris,logistic_regression
964:2958,6.45,115.85,0.19141931703244167,irrawaddy_dolphin,Orcaella brevirostris,logistic_regression
964:2959,6.45,115.95,0.1948822321365407,irrawaddy_dolphin,Orcaella brevirostris,logistic_regression
964:2960,6.45,116.05,0.19839242298903584,irrawaddy_dolphin,Orcaella brevirostris,logistic_regression
964:2961,6.45,116.15,0.20194997997603997,irrawaddy_dolphin,Orcaella brevirostris,logistic_regression
964:2962,6.45,116.25,0.20555497223843017,irrawaddy_dolphin,Orcaella brevirostris,logistic_regression
964:2963,6.45,116.35,0.2092074470414188,irrawaddy_dolphin,Orcaella brevirostris,logistic_regression
964:2977,6.45,117.75,0.26529705150816973,irrawaddy_dolphin,Orcaella brevirostris,logistic_regression
964:2978,6.45,117.85,0.26965076328116866,irrawaddy_dolphin,Orcaella brevirostris,logistic_regression
964:2979,6.45,117.95,0.2740492721318533,irrawaddy_dolphin,Orcaella brevirostris,logistic_regression
965:2822,6.55,102.25,0.010481187459384613,irrawaddy_dolphin,Orcaella brevirostris,logistic_regression
965:2823,6.55,102.35,0.010714172988194052,irrawaddy_dolphin,Orcaella brevirostris,logistic_regression
965:2824,6.55,102.45,0.010952280211958163,irrawaddy_dolphin,Orcaella brevirostris,logistic_regression
965:2825,6.55,102.55,0.011195619145118489,irrawaddy_dolphin,Orcaella brevirostris,logistic_regression
965:2826,6.55,102.65,0.011444302049589761,irrawaddy_dolphin,Orcaella brevirostris,logistic_regression
965:2827,6.55,102.75,0.011698443475449185,irrawaddy_dolphin,Orcaella brevirostris,logistic_regression
965:2828,6.55,102.85,0.011958160302121037,irrawaddy_dolphin,Orcaella brevirostris,logistic_regression
965:2829,6.55,102.95,0.012223571780049439,irrawaddy_dolphin,Orcaella brevirostris,logistic_regression
965:2830,6.55,103.05,0.012494799572852693,irrawaddy_dolphin,Orcaella brevirostris,logistic_regression
965:2831,6.55,103.15,0.012771967799951725,irrawaddy_dolphin,Orcaella brevirostris,logistic_regression
965:2832,6.55,103.25,0.013055203079662748,irrawaddy_dolphin,Orcaella brevirostris,logistic_regression
965:2833,6.55,103.35,0.013344634572745888,irrawaddy_dolphin,Orcaella brevirostris,logistic_regression
965:2834,6.55,103.45,0.01364039402639785,irrawaddy_dolphin,Orcaella brevirostris,logistic_regression
965:2835,6.55,103.55,0.013942615818677397,irrawaddy_dolphin,Orcaella brevirostris,logistic_regression
965:2836,6.55,103.65,0.014251437003351226,irrawaddy_dolphin,Orcaella brevirostris,logistic_regression
965:2837,6.55,103.75,0.014566997355145288,irrawaddy_dolphin,Orcaella brevirostris,logistic_regression
965:2838,6.55,103.85,0.014889439415387593,irrawaddy_dolphin,Orcaella brevirostris,logistic_regression
965:2839,6.55,103.95,0.015218908538025176,irrawaddy_dolphin,Orcaella brevirostris,logistic_regression
965:2840,6.55,104.05,0.015555552935997833,irrawaddy_dolphin,Orcaella brevirostris,logistic_regression
965:2841,6.55,104.15,0.015899523727950237,irrawaddy_dolphin,Orcaella brevirostris,logistic_regression
965:2842,6.55,104.25,0.01625097498526057,irrawaddy_dolphin,Orcaella brevirostris,logistic_regression
965:2843,6.55,104.35,0.01661006377936536,irrawaddy_dolphin,Orcaella brevirostris,logistic_regression
965:2844,6.55,104.45,0.01697695022935581,irrawaddy_dolphin,Orcaella brevirostris,logistic_regression
965:2845,6.55,104.55,0.01735179754982088,irrawaddy_dolphin,Orcaella brevirostris,logistic_regression
965:2846,6.55,104.65,0.017734772098911063,irrawaddy_dolphin,Orcaella brevirostris,logistic_regression
965:2847,6.55,104.75,0.018126043426592922,irrawaddy_dolphin,Orcaella brevirostris,logistic_regression
965:2912,6.55,111.25,0.0725776686652662,irrawaddy_dolphin,Orcaella brevirostris,logistic_regression
965:2913,6.55,111.35,0.07408764299815966,irrawaddy_dolphin,Orcaella brevirostris,logistic_regression
965:2914,6.55,111.45,0.07562647053813404,irrawaddy_dolphin,Orcaella brevirostris,logistic_regression
965:2915,6.55,111.55,0.07719459537369013,irrawaddy_dolphin,Orcaella brevirostris,logistic_regression
965:2916,6.55,111.65,0.07879246392231319,irrawaddy_dolphin,Orcaella brevirostris,logistic_regression
965:2917,6.55,111.75,0.08042052473181728,irrawaddy_dolphin,Orcaella brevirostris,logistic_regression
965:2918,6.55,111.85,0.08207922827119825,irrawaddy_dolphin,Orcaella brevirostris,logistic_regression
965:2919,6.55,111.95,0.08376902671075079,irrawaddy_dolphin,Orcaella brevirostris,logistic_regression
965:2920,6.55,112.05,0.08549037369121718,irrawaddy_dolphin,Orcaella brevirostris,logistic_regression
965:2921,6.55,112.15,0.08724372408174269,irrawaddy_dolphin,Orcaella brevirostris,logistic_regression
965:2936,6.55,113.65,0.11769418708760587,irrawaddy_dolphin,Orcaella brevirostris,logistic_regression
965:2937,6.55,113.75,0.12002133414458359,irrawaddy_dolphin,Orcaella brevirostris,logistic_regression
965:2938,6.55,113.85,0.122388112660706,irrawaddy_dolphin,Orcaella brevirostris,logistic_regression
965:2939,6.55,113.95,0.12479494438090315,irrawaddy_dolphin,Orcaella brevirostris,logistic_regression
965:2940,6.55,114.05,0.12724224533411402,irrawaddy_dolphin,Orcaella brevirostris,logistic_regression
965:2941,6.55,114.15,0.1297304253394841,irrawaddy_dolphin,Orcaella brevirostris,logistic_regression
965:2942,6.55,114.25,0.13225988750014617,irrawaddy_dolphin,Orcaella brevirostris,logistic_regression
965:2943,6.55,114.35,0.13483102768482294,irrawaddy_dolphin,Orcaella brevirostris,logistic_regression
965:2944,6.55,114.45,0.137444233997505,irrawaddy_dolphin,Orcaella brevirostris,logistic_regression
965:2945,6.55,114.55,0.14009988623551176,irrawaddy_dolphin,Orcaella brevirostris,logistic_regression
965:2946,6.55,114.65,0.14279835533627988,irrawaddy_dolphin,Orcaella brevirostris,logistic_regression
965:2947,6.55,114.75,0.14554000281325571,irrawaddy_dolphin,Orcaella brevirostris,logistic_regression
965:2948,6.55,114.85,0.1483251801813285,irrawaddy_dolphin,Orcaella brevirostris,logistic_regression
965:2949,6.55,114.95,0.15115422837226616,irrawaddy_dolphin,Orcaella brevirostris,logistic_regression
965:2950,6.55,115.05,0.15402747714067302,irrawaddy_dolphin,Orcaella brevirostris,logistic_regression
965:2951,6.55,115.15,0.15694524446103675,irrawaddy_dolphin,Orcaella brevirostris,logistic_regression
965:2952,6.55,115.25,0.1599078359164618,irrawaddy_dolphin,Orcaella brevirostris,logistic_regression
965:2953,6.55,115.35,0.16291554407976155,irrawaddy_dolphin,Orcaella brevirostris,logistic_regression
965:2954,6.55,115.45,0.16596864788760365,irrawaddy_dolphin,Orcaella brevirostris,logistic_regression
965:2955,6.55,115.55,0.16906741200846986,irrawaddy_dolphin,Orcaella brevirostris,logistic_regression
965:2956,6.55,115.65,0.17221208620523953,irrawaddy_dolphin,Orcaella brevirostris,logistic_regression
965:2957,6.55,115.75,0.17540290469324396,irrawaddy_dolphin,Orcaella brevirostris,logistic_regression
965:2958,6.55,115.85,0.1786400854947113,irrawaddy_dolphin,Orcaella brevirostris,logistic_regression
965:2959,6.55,115.95,0.181923829790548,irrawaddy_dolphin,Orcaella brevirostris,logistic_regression
965:2960,6.55,116.05,0.18525432127047062,irrawaddy_dolphin,Orcaella brevirostris,logistic_regression
965:2961,6.55,116.15,0.18863172548255078,irrawaddy_dolphin,Orcaella brevirostris,logistic_regression
965:2962,6.55,116.25,0.19205618918326894,irrawaddy_dolphin,Orcaella brevirostris,logistic_regression
965:2963,6.55,116.35,0.19552783968924767,irrawaddy_dolphin,Orcaella brevirostris,logistic_regression
965:2964,6.55,116.45,0.19904678423185848,irrawaddy_dolphin,Orcaella brevirostris,logistic_regression
965:2976,6.55,117.65,0.24497192765885092,irrawaddy_dolphin,Orcaella brevirostris,logistic_regression
965:2977,6.55,117.75,0.24910518169254106,irrawaddy_dolphin,Orcaella brevirostris,logistic_regression
965:2978,6.55,117.85,0.2532847789620053,irrawaddy_dolphin,Orcaella brevirostris,logistic_regression
965:2979,6.55,117.95,0.2575104541005913,irrawaddy_dolphin,Orcaella brevirostris,logistic_regression
966:2823,6.65,102.35,0.009851900986135169,irrawaddy_dolphin,Orcaella brevirostris,logistic_regression
966:2824,6.65,102.45,0.010071040522755552,irrawaddy_dolphin,Orcaella brevirostris,logistic_regression
966:2825,6.65,102.55,0.01029500378115052,irrawaddy_dolphin,Orcaella brevirostris,logistic_regression
966:2826,6.65,102.65,0.010523894663155937,irrawaddy_dolphin,Orcaella brevirostris,logistic_regression
966:2827,6.65,102.75,0.010757819206237793,irrawaddy_dolphin,Orcaella brevirostris,logistic_regression
966:2828,6.65,102.85,0.010996885622762362,irrawaddy_dolphin,Orcaella brevirostris,logistic_regression
966:2829,6.65,102.95,0.011241204339774304,irrawaddy_dolphin,Orcaella brevirostris,logistic_regression
966:2830,6.65,103.05,0.01149088803927877,irrawaddy_dolphin,Orcaella brevirostris,logistic_regression
966:2831,6.65,103.15,0.011746051699023225,irrawaddy_dolphin,Orcaella brevirostris,logistic_regression
966:2832,6.65,103.25,0.012006812633772259,irrawaddy_dolphin,Orcaella brevirostris,logistic_regression
966:2833,6.65,103.35,0.012273290537070382,irrawaddy_dolphin,Orcaella brevirostris,logistic_regression
966:2834,6.65,103.45,0.012545607523484593,irrawaddy_dolphin,Orcaella brevirostris,logistic_regression
966:2835,6.65,103.55,0.012823888171319051,irrawaddy_dolphin,Orcaella brevirostris,logistic_regression
966:2836,6.65,103.65,0.013108259565793373,irrawaddy_dolphin,Orcaella brevirostris,logistic_regression
966:2837,6.65,103.75,0.013398851342673636,irrawaddy_dolphin,Orcaella brevirostris,logistic_regression
966:2838,6.65,103.85,0.013695795732346439,irrawaddy_dolphin,Orcaella brevirostris,logistic_regression
966:2839,6.65,103.95,0.013999227604323016,irrawaddy_dolphin,Orcaella brevirostris,logistic_regression
966:2840,6.65,104.05,0.014309284512160894,irrawaddy_dolphin,Orcaella brevirostris,logistic_regression
966:2841,6.65,104.15,0.014626106738789321,irrawaddy_dolphin,Orcaella brevirostris,logistic_regression
966:2842,6.65,104.25,0.01494983734222199,irrawaddy_dolphin,Orcaella brevirostris,logistic_regression
966:2843,6.65,104.35,0.015280622201641756,irrawaddy_dolphin,Orcaella brevirostris,logistic_regression
966:2844,6.65,104.45,0.015618610063838372,irrawaddy_dolphin,Orcaella brevirostris,logistic_regression
966:2845,6.65,104.55,0.01596395258998038,irrawaddy_dolphin,Orcaella brevirostris,logistic_regression
966:2913,6.65,111.35,0.06847814107023753,irrawaddy_dolphin,Orcaella brevirostris,logistic_regression
966:2914,6.65,111.45,0.06990925416918378,irrawaddy_dolphin,Orcaella brevirostris,logistic_regression
966:2915,6.65,111.55,0.07136798443034179,irrawaddy_dolphin,Orcaella brevirostris,logistic_regression
966:2916,6.65,111.65,0.07285476840661503,irrawaddy_dolphin,Orcaella brevirostris,logistic_regression
966:2917,6.65,111.75,0.07437004548488248,irrawaddy_dolphin,Orcaella brevirostris,logistic_regression
966:2918,6.65,111.85,0.07591425771556315,irrawaddy_dolphin,Orcaella brevirostris,logistic_regression
966:2919,6.65,111.95,0.07748784963238162,irrawaddy_dolphin,Orcaella brevirostris,logistic_regression
966:2920,6.65,112.05,0.0790912680620861,irrawaddy_dolphin,Orcaella brevirostris,logistic_regression
966:2935,6.65,113.55,0.10702995514657168,irrawaddy_dolphin,Orcaella brevirostris,logistic_regression
966:2936,6.65,113.65,0.10917233123404355,irrawaddy_dolphin,Orcaella brevirostris,logistic_regression
966:2937,6.65,113.75,0.11135224294488237,irrawaddy_dolphin,Orcaella brevirostris,logistic_regression
966:2938,6.65,113.85,0.1135701330386007,irrawaddy_dolphin,Orcaella brevirostris,logistic_regression
966:2939,6.65,113.95,0.1158264407576104,irrawaddy_dolphin,Orcaella brevirostris,logistic_regression
966:2940,6.65,114.05,0.11812160139525865,irrawaddy_dolphin,Orcaella brevirostris,logistic_regression
966:2941,6.65,114.15,0.1204560458508383,irrawaddy_dolphin,Orcaella brevirostris,logistic_regression
966:2942,6.65,114.25,0.12283020017163272,irrawaddy_dolphin,Orcaella brevirostris,logistic_regression
966:2943,6.65,114.35,0.12524448508210356,irrawaddy_dolphin,Orcaella brevirostris,logistic_regression
966:2944,6.65,114.45,0.1276993155003428,irrawaddy_dolphin,Orcaella brevirostris,logistic_regression
966:2945,6.65,114.55,0.1301951000419562,irrawaddy_dolphin,Orcaella brevirostris,logistic_regression
966:2946,6.65,114.65,0.1327322405115779,irrawaddy_dolphin,Orcaella brevirostris,logistic_regression
966:2947,6.65,114.75,0.1353111313822419,irrawaddy_dolphin,Orcaella brevirostris,logistic_regression
966:2948,6.65,114.85,0.13793215926289146,irrawaddy_dolphin,Orcaella brevirostris,logistic_regression
966:2949,6.65,114.95,0.1405957023543273,irrawaddy_dolphin,Orcaella brevirostris,logistic_regression
966:2950,6.65,115.05,0.14330212989394822,irrawaddy_dolphin,Orcaella brevirostris,logistic_regression
966:2951,6.65,115.15,0.14605180158968034,irrawaddy_dolphin,Orcaella brevirostris,logistic_regression
966:2952,6.65,115.25,0.14884506704351955,irrawaddy_dolphin,Orcaella brevirostris,logistic_regression
966:2953,6.65,115.35,0.151682265165178,irrawaddy_dolphin,Orcaella brevirostris,logistic_regression
966:2954,6.65,115.45,0.15456372357634945,irrawaddy_dolphin,Orcaella brevirostris,logistic_regression
966:2955,6.65,115.55,0.15748975800616832,irrawaddy_dolphin,Orcaella brevirostris,logistic_regression
966:2956,6.65,115.65,0.16046067167848418,irrawaddy_dolphin,Orcaella brevirostris,logistic_regression
966:2957,6.65,115.75,0.16347675469160883,irrawaddy_dolphin,Orcaella brevirostris,logistic_regression
966:2958,6.65,115.85,0.16653828339126342,irrawaddy_dolphin,Orcaella brevirostris,logistic_regression
966:2959,6.65,115.95,0.1696455197374808,irrawaddy_dolphin,Orcaella brevirostris,logistic_regression
966:2960,6.65,116.05,0.1727987106662826,irrawaddy_dolphin,Orcaella brevirostris,logistic_regression
966:2961,6.65,116.15,0.17599808744700132,irrawaddy_dolphin,Orcaella brevirostris,logistic_regression
966:2962,6.65,116.25,0.1792438650361529,irrawaddy_dolphin,Orcaella brevirostris,logistic_regression
966:2963,6.65,116.35,0.18253624142884034,irrawaddy_dolphin,Orcaella brevirostris,logistic_regression
966:2964,6.65,116.45,0.18587539700869513,irrawaddy_dolphin,Orcaella brevirostris,logistic_regression
966:2965,6.65,116.55,0.18926149389742739,irrawaddy_dolphin,Orcaella brevirostris,logistic_regression
966:2968,6.65,116.85,0.19970276607550894,irrawaddy_dolphin,Orcaella brevirostris,logistic_regression
966:2975,6.65,117.55,0.22572555351409676,irrawaddy_dolphin,Orcaella brevirostris,logistic_regression
966:2976,6.65,117.65,0.2296328391367643,irrawaddy_dolphin,Orcaella brevirostris,logistic_regression
966:2977,6.65,117.75,0.23358735505536524,irrawaddy_dolphin,Orcaella brevirostris,logistic_regression
966:2978,6.65,117.85,0.23758896885182693,irrawaddy_dolphin,Orcaella brevirostris,logistic_regression
966:2979,6.65,117.95,0.2416375214061144,irrawaddy_dolphin,Orcaella brevirostris,logistic_regression
967:2823,6.75,102.35,0.009058388843996897,irrawaddy_dolphin,Orcaella brevirostris,logistic_regression
967:2824,6.75,102.45,0.009260043061396257,irrawaddy_dolphin,Orcaella brevirostris,logistic_regression
967:2825,6.75,102.55,0.00946614354071391,irrawaddy_dolphin,Orcaella brevirostris,logistic_regression
967:2826,6.75,102.65,0.009676786387775272,irrawaddy_dolphin,Orcaella brevirostris,logistic_regression
967:2827,6.75,102.75,0.00989206969894011,irrawaddy_dolphin,Orcaella brevirostris,logistic_regression
967:2828,6.75,102.85,0.010112093598407468,irrawaddy_dolphin,Orcaella brevirostris,logistic_regression
967:2829,6.75,102.95,0.010336960276038396,irrawaddy_dolphin,Orcaella brevirostris,logistic_regression
967:2830,6.75,103.05,0.010566774025695022,irrawaddy_dolphin,Orcaella brevirostris,logistic_regression
967:2831,6.75,103.15,0.010801641284093952,irrawaddy_dolphin,Orcaella brevirostris,logistic_regression
967:2832,6.75,103.25,0.011041670670170207,irrawaddy_dolphin,Orcaella brevirostris,logistic_regression
967:2833,6.75,103.35,0.01128697302494923,irrawaddy_dolphin,Orcaella brevirostris,logistic_regression
967:2834,6.75,103.45,0.01153766145192173,irrawaddy_dolphin,Orcaella brevirostris,logistic_regression
967:2835,6.75,103.55,0.011793851357916836,irrawaddy_dolphin,Orcaella brevirostris,logistic_regression
967:2836,6.75,103.65,0.012055660494468119,irrawaddy_dolphin,Orcaella brevirostris,logistic_regression
967:2837,6.75,103.75,0.012323208999665214,irrawaddy_dolphin,Orcaella brevirostris,logistic_regression
967:2838,6.75,103.85,0.01259661944048467,irrawaddy_dolphin,Orcaella brevirostris,logistic_regression
967:2839,6.75,103.95,0.012876016855591033,irrawaddy_dolphin,Orcaella brevirostris,logistic_regression
967:2840,6.75,104.05,0.013161528798599302,irrawaddy_dolphin,Orcaella brevirostris,logistic_regression
967:2841,6.75,104.15,0.01345328538178929,irrawaddy_dolphin,Orcaella brevirostris,logistic_regression
967:2842,6.75,104.25,0.013751419320259528,irrawaddy_dolphin,Orcaella brevirostris,logistic_regression
967:2843,6.75,104.35,0.014056065976510093,irrawaddy_dolphin,Orcaella brevirostris,logistic_regression
967:2914,6.75,111.45,0.06459404608330867,irrawaddy_dolphin,Orcaella brevirostris,logistic_regression
967:2915,6.75,111.55,0.0659497330134681,irrawaddy_dolphin,Orcaella brevirostris,logistic_regression
967:2916,6.75,111.65,0.06733182475155515,irrawaddy_dolphin,Orcaella brevirostris,logistic_regression
967:2917,6.75,111.75,0.06874074903868432,irrawaddy_dolphin,Orcaella brevirostris,logistic_regression
967:2918,6.75,111.85,0.07017693687932847,irrawaddy_dolphin,Orcaella brevirostris,logistic_regression
967:2919,6.75,111.95,0.07164082239708955,irrawaddy_dolphin,Orcaella brevirostris,logistic_regression
967:2934,6.75,113.45,0.09722552645578349,irrawaddy_dolphin,Orcaella brevirostris,logistic_regression
967:2935,6.75,113.55,0.09919345130395928,irrawaddy_dolphin,Orcaella brevirostris,logistic_regression
967:2936,6.75,113.65,0.10119674354833202,irrawaddy_dolphin,Orcaella brevirostris,logistic_regression
967:2937,6.75,113.75,0.10323585725164262,irrawaddy_dolphin,Orcaella brevirostris,logistic_regression
967:2938,6.75,113.85,0.10531124485656394,irrawaddy_dolphin,Orcaella brevirostris,logistic_regression
967:2939,6.75,113.95,0.1074233568165759,irrawaddy_dolphin,Orcaella brevirostris,logistic_regression
967:2940,6.75,114.05,0.10957264121385205,irrawaddy_dolphin,Orcaella brevirostris,logistic_regression
967:2941,6.75,114.15,0.11175954336410582,irrawaddy_dolphin,Orcaella brevirostris,logistic_regression
967:2942,6.75,114.25,0.113984505408358,irrawaddy_dolphin,Orcaella brevirostris,logistic_regression
967:2943,6.75,114.35,0.11624796589162685,irrawaddy_dolphin,Orcaella brevirostris,logistic_regression
967:2944,6.75,114.45,0.11855035932855046,irrawaddy_dolphin,Orcaella brevirostris,logistic_regression
967:2945,6.75,114.55,0.1208921157559911,irrawaddy_dolphin,Orcaella brevirostris,logistic_regression
967:2946,6.75,114.65,0.12327366027269779,irrawaddy_dolphin,Orcaella brevirostris,logistic_regression
967:2947,6.75,114.75,0.12569541256612365,irrawaddy_dolphin,Orcaella brevirostris,logistic_regression
967:2948,6.75,114.85,0.12815778642654374,irrawaddy_dolphin,Orcaella brevirostris,logistic_regression
967:2949,6.75,114.95,0.13066118924863418,irrawaddy_dolphin,Orcaella brevirostris,logistic_regression
967:2950,6.75,115.05,0.13320602152071997,irrawaddy_dolphin,Orcaella brevirostris,logistic_regression
967:2951,6.75,115.15,0.13579267630193564,irrawaddy_dolphin,Orcaella brevirostris,logistic_regression
967:2952,6.75,115.25,0.13842153868756682,irrawaddy_dolphin,Orcaella brevirostris,logistic_regression
967:2953,6.75,115.35,0.14109298526290207,irrawaddy_dolphin,Orcaella brevirostris,logistic_regression
967:2954,6.75,115.45,0.14380738354594252,irrawaddy_dolphin,Orcaella brevirostris,logistic_regression
967:2955,6.75,115.55,0.14656509141937357,irrawaddy_dolphin,Orcaella brevirostris,logistic_regression
967:2956,6.75,115.65,0.14936645655224381,irrawaddy_dolphin,Orcaella brevirostris,logistic_regression
967:2957,6.75,115.75,0.15221181581183132,irrawaddy_dolphin,Orcaella brevirostris,logistic_regression
967:2958,6.75,115.85,0.15510149466623951,irrawaddy_dolphin,Orcaella brevirostris,logistic_regression
967:2959,6.75,115.95,0.15803580657829366,irrawaddy_dolphin,Orcaella brevirostris,logistic_regression
967:2960,6.75,116.05,0.16101505239136893,irrawaddy_dolphin,Orcaella brevirostris,logistic_regression
967:2961,6.75,116.15,0.1640395197078292,irrawaddy_dolphin,Orcaella brevirostris,logistic_regression
967:2962,6.75,116.25,0.16710948226079217,irrawaddy_dolphin,Orcaella brevirostris,logistic_regression
967:2963,6.75,116.35,0.1702251992800058,irrawaddy_dolphin,Orcaella brevirostris,logistic_regression
967:2964,6.75,116.45,0.17338691485265315,irrawaddy_dolphin,Orcaella brevirostris,logistic_regression
967:2965,6.75,116.55,0.17659485727996224,irrawaddy_dolphin,Orcaella brevirostris,logistic_regression
967:2968,6.75,116.85,0.18649807831806262,irrawaddy_dolphin,Orcaella brevirostris,logistic_regression
967:2969,6.75,116.95,0.18989287278340145,irrawaddy_dolphin,Orcaella brevirostris,logistic_regression
967:2973,6.75,117.35,0.20394423681820673,irrawaddy_dolphin,Orcaella brevirostris,logistic_regression
967:2974,6.75,117.45,0.20757556888899906,irrawaddy_dolphin,Orcaella brevirostris,logistic_regression
967:2975,6.75,117.55,0.21125440005954782,irrawaddy_dolphin,Orcaella brevirostris,logistic_regression
967:2976,6.75,117.65,0.21498074234925216,irrawaddy_dolphin,Orcaella brevirostris,logistic_regression
967:2977,6.75,117.75,0.21875458433034184,irrawaddy_dolphin,Orcaella brevirostris,logistic_regression
967:2978,6.75,117.85,0.22257589053197446,irrawaddy_dolphin,Orcaella brevirostris,logistic_regression
967:2979,6.75,117.95,0.2264446008573914,irrawaddy_dolphin,Orcaella brevirostris,logistic_regression
968:2824,6.85,102.45,0.008513791665567115,irrawaddy_dolphin,Orcaella brevirostris,logistic_regression
968:2825,6.85,102.55,0.008703428760594911,irrawaddy_dolphin,Orcaella brevirostris,logistic_regression
968:2826,6.85,102.65,0.00889725194763697,irrawaddy_dolphin,Orcaella brevirostris,logistic_regression
968:2827,6.85,102.75,0.009095351924885045,irrawaddy_dolphin,Orcaella brevirostris,logistic_regression
968:2828,6.85,102.85,0.009297821278841042,irrawaddy_dolphin,Orcaella brevirostris,logistic_regression
968:2829,6.85,102.95,0.009504754520158294,irrawaddy_dolphin,Orcaella brevirostris,logistic_regression
968:2830,6.85,103.05,0.009716248120003011,irrawaddy_dolphin,Orcaella brevirostris,logistic_regression
968:2831,6.85,103.15,0.009932400546936003,irrawaddy_dolphin,Orcaella brevirostris,logistic_regression
968:2832,6.85,103.25,0.010153312304313067,irrawaddy_dolphin,Orcaella brevirostris,logistic_regression
968:2833,6.85,103.35,0.010379085968203696,irrawaddy_dolphin,Orcaella brevirostris,logistic_regression
968:2834,6.85,103.45,0.01060982622582537,irrawaddy_dolphin,Orcaella brevirostris,logistic_regression
968:2835,6.85,103.55,0.010845639914491407,irrawaddy_dolphin,Orcaella brevirostris,logistic_regression
968:2836,6.85,103.65,0.011086636061069587,irrawaddy_dolphin,Orcaella brevirostris,logistic_regression
968:2837,6.85,103.75,0.011332925921946962,irrawaddy_dolphin,Orcaella brevirostris,logistic_regression
968:2838,6.85,103.85,0.011584623023497675,irrawaddy_dolphin,Orcaella brevirostris,logistic_regression
968:2839,6.85,103.95,0.011841843203047604,irrawaddy_dolphin,Orcaella brevirostris,logistic_regression
968:2840,6.85,104.05,0.012104704650330506,irrawaddy_dolphin,Orcaella brevirostris,logistic_regression
968:2841,6.85,104.15,0.01237332794942921,irrawaddy_dolphin,Orcaella brevirostris,logistic_regression
968:2842,6.85,104.25,0.012647836121193669,irrawaddy_dolphin,Orcaella brevirostris,logistic_regression
968:2915,6.85,111.55,0.060915851089172295,irrawaddy_dolphin,Orcaella brevirostris,logistic_regression
968:2916,6.85,111.65,0.06219947399865364,irrawaddy_dolphin,Orcaella brevirostris,logistic_regression
968:2917,6.85,111.75,0.06350831625637188,irrawaddy_dolphin,Orcaella brevirostris,logistic_regression
968:2918,6.85,111.85,0.06484279571741812,irrawaddy_dolphin,Orcaella brevirostris,logistic_regression
968:2933,6.85,113.35,0.08823048751494482,irrawaddy_dolphin,Orcaella brevirostris,logistic_regression
968:2934,6.85,113.45,0.09003450306070486,irrawaddy_dolphin,Orcaella brevirostris,logistic_regression
968:2935,6.85,113.55,0.09187168792432995,irrawaddy_dolphin,Orcaella brevirostris,logistic_regression
968:2936,6.85,113.65,0.09374249920904147,irrawaddy_dolphin,Orcaella brevirostris,logistic_regression
968:2937,6.85,113.75,0.09564739399649462,irrawaddy_dolphin,Orcaella brevirostris,logistic_regression
968:2938,6.85,113.85,0.09758682903880024,irrawaddy_dolphin,Orcaella brevirostris,logistic_regression
968:2939,6.85,113.95,0.0995612604380908,irrawaddy_dolphin,Orcaella brevirostris,logistic_regression
968:2940,6.85,114.05,0.10157114331348831,irrawaddy_dolphin,Orcaella brevirostris,logistic_regression
968:2941,6.85,114.15,0.10361693145535006,irrawaddy_dolphin,Orcaella brevirostris,logistic_regression
968:2942,6.85,114.25,0.1056990769666735,irrawaddy_dolphin,Orcaella brevirostris,logistic_regression
968:2943,6.85,114.35,0.10781802989157695,irrawaddy_dolphin,Orcaella brevirostris,logistic_regression
968:2944,6.85,114.45,0.10997423783077742,irrawaddy_dolphin,Orcaella brevirostris,logistic_regression
968:2945,6.85,114.55,0.11216814554401801,irrawaddy_dolphin,Orcaella brevirostris,logistic_regression
968:2946,6.85,114.65,0.11440019453941991,irrawaddy_dolphin,Orcaella brevirostris,logistic_regression
968:2947,6.85,114.75,0.11667082264974965,irrawaddy_dolphin,Orcaella brevirostris,logistic_regression
968:2948,6.85,114.85,0.11898046359563316,irrawaddy_dolphin,Orcaella brevirostris,logistic_regression
968:2949,6.85,114.95,0.12132954653575917,irrawaddy_dolphin,Orcaella brevirostris,logistic_regression
968:2950,6.85,115.05,0.12371849560415532,irrawaddy_dolphin,Orcaella brevirostris,logistic_regression
968:2951,6.85,115.15,0.12614772943464964,irrawaddy_dolphin,Orcaella brevirostris,logistic_regression
968:2952,6.85,115.25,0.12861766067265112,irrawaddy_dolphin,Orcaella brevirostris,logistic_regression
968:2953,6.85,115.35,0.13112869547443573,irrawaddy_dolphin,Orcaella brevirostris,logistic_regression
968:2954,6.85,115.45,0.13368123299413842,irrawaddy_dolphin,Orcaella brevirostris,logistic_regression
968:2955,6.85,115.55,0.1362756648587036,irrawaddy_dolphin,Orcaella brevirostris,logistic_regression
968:2956,6.85,115.65,0.13891237463108116,irrawaddy_dolphin,Orcaella brevirostris,logistic_regression
968:2957,6.85,115.75,0.14159173726198462,irrawaddy_dolphin,Orcaella brevirostris,logistic_regression
968:2958,6.85,115.85,0.14431411853058707,irrawaddy_dolphin,Orcaella brevirostris,logistic_regression
968:2959,6.85,115.95,0.14707987447455384,irrawaddy_dolphin,Orcaella brevirostris,logistic_regression
968:2960,6.85,116.05,0.1498893508098666,irrawaddy_dolphin,Orcaella brevirostris,logistic_regression
968:2961,6.85,116.15,0.15274288234093727,irrawaddy_dolphin,Orcaella brevirostris,logistic_regression
968:2962,6.85,116.25,0.15564079236154563,irrawaddy_dolphin,Orcaella brevirostris,logistic_regression
968:2963,6.85,116.35,0.15858339204719848,irrawaddy_dolphin,Orcaella brevirostris,logistic_regression
968:2964,6.85,116.45,0.16157097983953833,irrawaddy_dolphin,Orcaella brevirostris,logistic_regression
968:2965,6.85,116.55,0.1646038408234887,irrawaddy_dolphin,Orcaella brevirostris,logistic_regression
968:2969,6.85,116.95,0.1771932154892484,irrawaddy_dolphin,Orcaella brevirostris,logistic_regression
968:2970,6.85,117.05,0.1804562068653106,irrawaddy_dolphin,Orcaella brevirostris,logistic_regression
968:2972,6.85,117.25,0.1871223661541818,irrawaddy_dolphin,Orcaella brevirostris,logistic_regression
968:2973,6.85,117.35,0.19052586297402355,irrawaddy_dolphin,Orcaella brevirostris,logistic_regression
968:2974,6.85,117.45,0.19397649236235875,irrawaddy_dolphin,Orcaella brevirostris,logistic_regression
968:2975,6.85,117.55,0.19747437057159736,irrawaddy_dolphin,Orcaella brevirostris,logistic_regression
968:2976,6.85,117.65,0.2010195934125224,irrawaddy_dolphin,Orcaella brevirostris,logistic_regression
968:2977,6.85,117.75,0.20461223561586733,irrawaddy_dolphin,Orcaella brevirostris,logistic_regression
968:2978,6.85,117.85,0.20825235020006325,irrawaddy_dolphin,Orcaella brevirostris,logistic_regression
968:2979,6.85,117.95,0.21193996784650299,irrawaddy_dolphin,Orcaella brevirostris,logistic_regression
969:2824,6.95,102.45,0.007827204301586524,irrawaddy_dolphin,Orcaella brevirostris,logistic_regression
969:2825,6.95,102.55,0.008001671698436729,irrawaddy_dolphin,Orcaella brevirostris,logistic_regression
969:2826,6.95,102.65,0.00817999588977947,irrawaddy_dolphin,Orcaella brevirostris,logistic_regression
969:2827,6.95,102.75,0.008362260689737382,irrawaddy_dolphin,Orcaella brevirostris,logistic_regression
969:2828,6.95,102.85,0.008548551668776796,irrawaddy_dolphin,Orcaella brevirostris,logistic_regression
969:2829,6.95,102.95,0.008738956187569258,irrawaddy_dolphin,Orcaella brevirostris,logistic_regression
969:2830,6.95,103.05,0.008933563431370467,irrawaddy_dolphin,Orcaella brevirostris,logistic_regression
969:2831,6.95,103.15,0.00913246444491819,irrawaddy_dolphin,Orcaella brevirostris,logistic_regression
969:2832,6.95,103.25,0.009335752167849442,irrawaddy_dolphin,Orcaella brevirostris,logistic_regression
969:2833,6.95,103.35,0.009543521470638213,irrawaddy_dolphin,Orcaella brevirostris,logistic_regression
969:2834,6.95,103.45,0.009755869191053158,irrawaddy_dolphin,Orcaella brevirostris,logistic_regression
969:2835,6.95,103.55,0.009972894171135073,irrawaddy_dolphin,Orcaella brevirostris,logistic_regression
969:2836,6.95,103.65,0.010194697294693677,irrawaddy_dolphin,Orcaella brevirostris,logistic_regression
969:2837,6.95,103.75,0.01042138152532137,irrawaddy_dolphin,Orcaella brevirostris,logistic_regression
969:2838,6.95,103.85,0.010653051944923029,irrawaddy_dolphin,Orcaella brevirostris,logistic_regression
969:2839,6.95,103.95,0.010889815792758521,irrawaddy_dolphin,Orcaella brevirostris,logistic_regression
969:2840,6.95,104.05,0.011131782504994985,irrawaddy_dolphin,Orcaella brevirostris,logistic_regression
969:2841,6.95,104.15,0.011379063754765472,irrawaddy_dolphin,Orcaella brevirostris,logistic_regression
969:2916,6.95,111.65,0.05743424427466957,irrawaddy_dolphin,Orcaella brevirostris,logistic_regression
969:2917,6.95,111.75,0.05864908441005228,irrawaddy_dolphin,Orcaella brevirostris,logistic_regression
969:2932,6.95,113.25,0.07999390484792587,irrawaddy_dolphin,Orcaella brevirostris,logistic_regression
969:2933,6.95,113.35,0.08164459042585438,irrawaddy_dolphin,Orcaella brevirostris,logistic_regression
969:2934,6.95,113.45,0.08332625307953453,irrawaddy_dolphin,Orcaella brevirostris,logistic_regression
969:2935,6.95,113.55,0.08503934608987955,irrawaddy_dolphin,Orcaella brevirostris,logistic_regression
969:2936,6.95,113.65,0.08678432403028624,irrawaddy_dolphin,Orcaella brevirostris,logistic_regression
969:2937,6.95,113.75,0.08856164251616247,irrawaddy_dolphin,Orcaella brevirostris,logistic_regression
969:2938,6.95,113.85,0.09037175794288617,irrawaddy_dolphin,Orcaella brevirostris,logistic_regression
969:2939,6.95,113.95,0.0922151272119835,irrawaddy_dolphin,Orcaella brevirostris,logistic_regression
969:2940,6.95,114.05,0.09409220744533546,irrawaddy_dolphin,Orcaella brevirostris,logistic_regression
969:2941,6.95,114.15,0.09600345568723316,irrawaddy_dolphin,Orcaella brevirostris,logistic_regression
969:2942,6.95,114.25,0.09794932859410355,irrawaddy_dolphin,Orcaella brevirostris,logistic_regression
969:2943,6.95,114.35,0.09993028211175876,irrawaddy_dolphin,Orcaella brevirostris,logistic_regression
969:2944,6.95,114.45,0.10194677114001999,irrawaddy_dolphin,Orcaella brevirostris,logistic_regression
969:2945,6.95,114.55,0.1039992491845942,irrawaddy_dolphin,Orcaella brevirostris,logistic_regression
969:2946,6.95,114.65,0.10608816799609842,irrawaddy_dolphin,Orcaella brevirostris,logistic_regression
969:2947,6.95,114.75,0.108213977196137,irrawaddy_dolphin,Orcaella brevirostris,logistic_regression
969:2948,6.95,114.85,0.11037712389037177,irrawaddy_dolphin,Orcaella brevirostris,logistic_regression
969:2949,6.95,114.95,0.11257805226853203,irrawaddy_dolphin,Orcaella brevirostris,logistic_regression
969:2950,6.95,115.05,0.1148172031913442,irrawaddy_dolphin,Orcaella brevirostris,logistic_regression
969:2951,6.95,115.15,0.11709501376438602,irrawaddy_dolphin,Orcaella brevirostris,logistic_regression
969:2952,6.95,115.25,0.11941191689888554,irrawaddy_dolphin,Orcaella brevirostris,logistic_regression
969:2953,6.95,115.35,0.12176834085953046,irrawaddy_dolphin,Orcaella brevirostris,logistic_regression
969:2954,6.95,115.45,0.12416470879936421,irrawaddy_dolphin,Orcaella brevirostris,logistic_regression
969:2955,6.95,115.55,0.1266014382818881,irrawaddy_dolphin,Orcaella brevirostris,logistic_regression
969:2956,6.95,115.65,0.12907894079052123,irrawaddy_dolphin,Orcaella brevirostris,logistic_regression
969:2957,6.95,115.75,0.1315976212255913,irrawaddy_dolphin,Orcaella brevirostris,logistic_regression
969:2958,6.95,115.85,0.13415787738908333,irrawaddy_dolphin,Orcaella brevirostris,logistic_regression
969:2959,6.95,115.95,0.13676009945739306,irrawaddy_dolphin,Orcaella brevirostris,logistic_regression
969:2960,6.95,116.05,0.13940466944237956,irrawaddy_dolphin,Orcaella brevirostris,logistic_regression
969:2961,6.95,116.15,0.14209196064105278,irrawaddy_dolphin,Orcaella brevirostris,logistic_regression
969:2962,6.95,116.25,0.14482233707426098,irrawaddy_dolphin,Orcaella brevirostris,logistic_regression
969:2963,6.95,116.35,0.14759615291480377,irrawaddy_dolphin,Orcaella brevirostris,logistic_regression
969:2964,6.95,116.45,0.15041375190542086,irrawaddy_dolphin,Orcaella brevirostris,logistic_regression
969:2965,6.95,116.55,0.1532754667671641,irrawaddy_dolphin,Orcaella brevirostris,logistic_regression
969:2966,6.95,116.65,0.15618161859870752,irrawaddy_dolphin,Orcaella brevirostris,logistic_regression
969:2968,6.95,116.85,0.16212845579118962,irrawaddy_dolphin,Orcaella brevirostris,logistic_regression
969:2969,6.95,116.95,0.16516971971668878,irrawaddy_dolphin,Orcaella brevirostris,logistic_regression
969:2970,6.95,117.05,0.1682565764864842,irrawaddy_dolphin,Orcaella brevirostris,logistic_regression
969:2972,6.95,117.25,0.17456806799308777,irrawaddy_dolphin,Orcaella brevirostris,logistic_regression
969:2973,6.95,117.35,0.17779316335199696,irrawaddy_dolphin,Orcaella brevirostris,logistic_regression
969:2974,6.95,117.45,0.18106477150707898,irrawaddy_dolphin,Orcaella brevirostris,logistic_regression
969:2975,6.95,117.55,0.18438308076258556,irrawaddy_dolphin,Orcaella brevirostris,logistic_regression
969:2976,6.95,117.65,0.18774826145039544,irrawaddy_dolphin,Orcaella brevirostris,logistic_regression
969:2977,6.95,117.75,0.19116046527982447,irrawaddy_dolphin,Orcaella brevirostris,logistic_regression
969:2978,6.95,117.85,0.19461982468881023,irrawaddy_dolphin,Orcaella brevirostris,logistic_regression
970:2825,7.05,102.55,0.007356077395365525,irrawaddy_dolphin,Orcaella brevirostris,logistic_regression
970:2826,7.05,102.65,0.00752012302740316,irrawaddy_dolphin,Orcaella brevirostris,logistic_regression
970:2827,7.05,102.75,0.007687798657970263,irrawaddy_dolphin,Orcaella brevirostris,logistic_regression
970:2828,7.05,102.85,0.007859183334369966,irrawaddy_dolphin,Orcaella brevirostris,logistic_regression
970:2829,7.05,102.95,0.00803435776768921,irrawaddy_dolphin,Orcaella brevirostris,logistic_regression
970:2830,7.05,103.05,0.008213404365213792,irrawaddy_dolphin,Orcaella brevirostris,logistic_regression
970:2831,7.05,103.15,0.00839640726335556,irrawaddy_dolphin,Orcaella brevirostris,logistic_regression
970:2832,7.05,103.25,0.008583452361093284,irrawaddy_dolphin,Orcaella brevirostris,logistic_regression
970:2833,7.05,103.35,0.008774627353930049,irrawaddy_dolphin,Orcaella brevirostris,logistic_regression
970:2834,7.05,103.45,0.008970021768368005,irrawaddy_dolphin,Orcaella brevirostris,logistic_regression
970:2835,7.05,103.55,0.009169726996902083,irrawaddy_dolphin,Orcaella brevirostris,logistic_regression
970:2836,7.05,103.65,0.009373836333533768,irrawaddy_dolphin,Orcaella brevirostris,logistic_regression
970:2837,7.05,103.75,0.00958244500980457,irrawaddy_dolphin,Orcaella brevirostris,logistic_regression
970:2838,7.05,103.85,0.00979565023135024,irrawaddy_dolphin,Orcaella brevirostris,logistic_regression
970:2839,7.05,103.95,0.010013551214974282,irrawaddy_dolphin,Orcaella brevirostris,logistic_regression
970:2931,7.05,113.15,0.07246512106479111,irrawaddy_dolphin,Orcaella brevirostris,logistic_regression
970:2932,7.05,113.25,0.07397294061729097,irrawaddy_dolphin,Orcaella brevirostris,logistic_regression
970:2933,7.05,113.35,0.07550958003596454,irrawaddy_dolphin,Orcaella brevirostris,logistic_regression
970:2934,7.05,113.45,0.0770754832261834,irrawaddy_dolphin,Orcaella brevirostris,logistic_regression
970:2935,7.05,113.55,0.07867109643684266,irrawaddy_dolphin,Orcaella brevirostris,logistic_regression
970:2936,7.05,113.65,0.08029686806248948,irrawaddy_dolphin,Orcaella brevirostris,logistic_regression
970:2937,7.05,113.75,0.0819532484349711,irrawaddy_dolphin,Orcaella brevirostris,logistic_regression
970:2938,7.05,113.85,0.08364068960437077,irrawaddy_dolphin,Orcaella brevirostris,logistic_regression
970:2939,7.05,113.95,0.08535964510899043,irrawaddy_dolphin,Orcaella brevirostris,logistic_regression
970:2940,7.05,114.05,0.0871105697341545,irrawaddy_dolphin,Orcaella brevirostris,logistic_regression
970:2941,7.05,114.15,0.0888939192596169,irrawaddy_dolphin,Orcaella brevirostris,logistic_regression
970:2942,7.05,114.25,0.09071015019535295,irrawaddy_dolphin,Orcaella brevirostris,logistic_regression
970:2943,7.05,114.35,0.09255971950554048,irrawaddy_dolphin,Orcaella brevirostris,logistic_regression
970:2944,7.05,114.45,0.09444308432053215,irrawaddy_dolphin,Orcaella brevirostris,logistic_regression
970:2945,7.05,114.55,0.09636070163664097,irrawaddy_dolphin,Orcaella brevirostris,logistic_regression
970:2946,7.05,114.65,0.09831302800357324,irrawaddy_dolphin,Orcaella brevirostris,logistic_regression
970:2947,7.05,114.75,0.10030051919934962,irrawaddy_dolphin,Orcaella brevirostris,logistic_regression
970:2948,7.05,114.85,0.10232362989258331,irrawaddy_dolphin,Orcaella brevirostris,logistic_regression
970:2949,7.05,114.95,0.10438281329198658,irrawaddy_dolphin,Orcaella brevirostris,logistic_regression
970:2950,7.05,115.05,0.10647852078300493,irrawaddy_dolphin,Orcaella brevirostris,logistic_regression
970:2951,7.05,115.15,0.10861120155149688,irrawaddy_dolphin,Orcaella brevirostris,logistic_regression
970:2952,7.05,115.25,0.11078130219438732,irrawaddy_dolphin,Orcaella brevirostris,logistic_regression
970:2953,7.05,115.35,0.11298926631726301,irrawaddy_dolphin,Orcaella brevirostris,logistic_regression
970:2954,7.05,115.45,0.1152355341188821,irrawaddy_dolphin,Orcaella brevirostris,logistic_regression
970:2955,7.05,115.55,0.1175205419626091,irrawaddy_dolphin,Orcaella brevirostris,logistic_regression
970:2956,7.05,115.65,0.11984472193481008,irrawaddy_dolphin,Orcaella brevirostris,logistic_regression
970:2957,7.05,115.75,0.12220850139026262,irrawaddy_dolphin,Orcaella brevirostris,logistic_regression
970:2958,7.05,115.85,0.12461230248467912,irrawaddy_dolphin,Orcaella brevirostris,logistic_regression
970:2959,7.05,115.95,0.12705654169445824,irrawaddy_dolphin,Orcaella brevirostris,logistic_regression
970:2960,7.05,116.05,0.12954162932382166,irrawaddy_dolphin,Orcaella brevirostris,logistic_regression
970:2961,7.05,116.15,0.13206796899952733,irrawaddy_dolphin,Orcaella brevirostris,logistic_regression
970:2962,7.05,116.25,0.13463595715337548,irrawaddy_dolphin,Orcaella brevirostris,logistic_regression
970:2963,7.05,116.35,0.13724598249277772,irrawaddy_dolphin,Orcaella brevirostris,logistic_regression
970:2964,7.05,116.45,0.1398984254596814,irrawaddy_dolphin,Orcaella brevirostris,logistic_regression
970:2965,7.05,116.55,0.14259365767819066,irrawaddy_dolphin,Orcaella brevirostris,logistic_regression
970:2966,7.05,116.65,0.14533204139127018,irrawaddy_dolphin,Orcaella brevirostris,logistic_regression
970:2967,7.05,116.75,0.14811392888694483,irrawaddy_dolphin,Orcaella brevirostris,logistic_regression
970:2968,7.05,116.85,0.15093966191447458,irrawaddy_dolphin,Orcaella brevirostris,logistic_regression
970:2969,7.05,116.95,0.15380957109100699,irrawaddy_dolphin,Orcaella brevirostris,logistic_regression
970:2970,7.05,117.05,0.15672397529927035,irrawaddy_dolphin,Orcaella brevirostris,logistic_regression
970:2971,7.05,117.15,0.15968318107691726,irrawaddy_dolphin,Orcaella brevirostris,logistic_regression
970:2972,7.05,117.25,0.1626874819981618,irrawaddy_dolphin,Orcaella brevirostris,logistic_regression
970:2973,7.05,117.35,0.1657371580484266,irrawaddy_dolphin,Orcaella brevirostris,logistic_regression
970:2974,7.05,117.45,0.16883247499274065,irrawaddy_dolphin,Orcaella brevirostris,logistic_regression
970:2975,7.05,117.55,0.17197368373869468,irrawaddy_dolphin,Orcaella brevirostris,logistic_regression
970:2976,7.05,117.65,0.17516101969481182,irrawaddy_dolphin,Orcaella brevirostris,logistic_regression
970:2977,7.05,117.75,0.1783947021252249,irrawaddy_dolphin,Orcaella brevirostris,logistic_regression
971:2825,7.15,102.55,0.006762216136090585,irrawaddy_dolphin,Orcaella brevirostris,logistic_regression
971:2826,7.15,102.65,0.006913110482199351,irrawaddy_dolphin,Orcaella brevirostris,logistic_regression
971:2827,7.15,102.75,0.007067347976543611,irrawaddy_dolphin,Orcaella brevirostris,logistic_regression
971:2828,7.15,102.85,0.007225001607691141,irrawaddy_dolphin,Orcaella brevirostris,logistic_regression
971:2829,7.15,102.95,0.007386145908979183,irrawaddy_dolphin,Orcaella brevirostris,logistic_regression
971:2830,7.15,103.05,0.007550856989003067,irrawaddy_dolphin,Orcaella brevirostris,logistic_regression
971:2831,7.15,103.15,0.007719212562605503,irrawaddy_dolphin,Orcaella brevirostris,logistic_regression
971:2832,7.15,103.25,0.007891291982369406,irrawaddy_dolphin,Orcaella brevirostris,logistic_regression
971:2833,7.15,103.35,0.008067176270617935,irrawaddy_dolphin,Orcaella brevirostris,logistic_regression
971:2834,7.15,103.45,0.008246948151924057,irrawaddy_dolphin,Orcaella brevirostris,logistic_regression
971:2835,7.15,103.55,0.008430692086132374,irrawaddy_dolphin,Orcaella brevirostris,logistic_regression
971:2836,7.15,103.65,0.008618494301895728,irrawaddy_dolphin,Orcaella brevirostris,logistic_regression
971:2837,7.15,103.75,0.008810442830727782,irrawaddy_dolphin,Orcaella brevirostris,logistic_regression
971:2838,7.15,103.85,0.009006627541573942,irrawaddy_dolphin,Orcaella brevirostris,logistic_regression
971:2930,7.15,113.05,0.06559440294548652,irrawaddy_dolphin,Orcaella brevirostris,logistic_regression
971:2931,7.15,113.15,0.06696958202588753,irrawaddy_dolphin,Orcaella brevirostris,logistic_regression
971:2932,7.15,113.25,0.0683714820197099,irrawaddy_dolphin,Orcaella brevirostris,logistic_regression
971:2933,7.15,113.35,0.0698005330956882,irrawaddy_dolphin,Orcaella brevirostris,logistic_regression
971:2934,7.15,113.45,0.07125716858008381,irrawaddy_dolphin,Orcaella brevirostris,logistic_regression
971:2935,7.15,113.55,0.07274182480576522,irrawaddy_dolphin,Orcaella brevirostris,logistic_regression
971:2936,7.15,113.65,0.07425494095202281,irrawaddy_dolphin,Orcaella brevirostris,logistic_regression
971:2937,7.15,113.75,0.07579695887485752,irrawaddy_dolphin,Orcaella brevirostris,logistic_regression
971:2938,7.15,113.85,0.07736832292749511,irrawaddy_dolphin,Orcaella brevirostris,logistic_regression
971:2939,7.15,113.95,0.07896947977086953,irrawaddy_dolphin,Orcaella brevirostris,logistic_regression
971:2940,7.15,114.05,0.08060087817382958,irrawaddy_dolphin,Orcaella brevirostris,logistic_regression
971:2941,7.15,114.15,0.08226296880282702,irrawaddy_dolphin,Orcaella brevirostris,logistic_regression
971:2942,7.15,114.25,0.08395620400084072,irrawaddy_dolphin,Orcaella brevirostris,logistic_regression
971:2943,7.15,114.35,0.08568103755531173,irrawaddy_dolphin,Orcaella brevirostris,logistic_regression
971:2944,7.15,114.45,0.087437924454855,irrawaddy_dolphin,Orcaella brevirostris,logistic_regression
971:2945,7.15,114.55,0.08922732063453248,irrawaddy_dolphin,Orcaella brevirostris,logistic_regression
971:2946,7.15,114.65,0.09104968270947847,irrawaddy_dolphin,Orcaella brevirostris,logistic_regression
971:2947,7.15,114.75,0.09290546769667105,irrawaddy_dolphin,Orcaella brevirostris,logistic_regression
971:2948,7.15,114.85,0.09479513272466597,irrawaddy_dolphin,Orcaella brevirostris,logistic_regression
971:2949,7.15,114.95,0.09671913473110975,irrawaddy_dolphin,Orcaella brevirostris,logistic_regression
971:2950,7.15,115.05,0.09867793014786781,irrawaddy_dolphin,Orcaella brevirostris,logistic_regression
971:2951,7.15,115.15,0.10067197457362055,irrawaddy_dolphin,Orcaella brevirostris,logistic_regression
971:2952,7.15,115.25,0.1027017224337847,irrawaddy_dolphin,Orcaella brevirostris,logistic_regression
971:2953,7.15,115.35,0.1047676266276493,irrawaddy_dolphin,Orcaella brevirostris,logistic_regression
971:2954,7.15,115.45,0.10687013816261923,irrawaddy_dolphin,Orcaella brevirostris,logistic_regression
971:2955,7.15,115.55,0.10900970577548821,irrawaddy_dolphin,Orcaella brevirostris,logistic_regression
971:2956,7.15,115.65,0.11118677554068326,irrawaddy_dolphin,Orcaella brevirostris,logistic_regression
971:2957,7.15,115.75,0.11340179046543644,irrawaddy_dolphin,Orcaella brevirostris,logistic_regression
971:2958,7.15,115.85,0.11565519007187886,irrawaddy_dolphin,Orcaella brevirostris,logistic_regression
971:2959,7.15,115.95,0.11794740996605951,irrawaddy_dolphin,Orcaella brevirostris,logistic_regression
971:2960,7.15,116.05,0.1202788813939317,irrawaddy_dolphin,Orcaella brevirostris,logistic_regression
971:2961,7.15,116.15,0.12265003078437564,irrawaddy_dolphin,Orcaella brevirostris,logistic_regression
971:2962,7.15,116.25,0.12506127927934557,irrawaddy_dolphin,Orcaella brevirostris,logistic_regression
971:2963,7.15,116.35,0.1275130422512788,irrawaddy_dolphin,Orcaella brevirostris,logistic_regression
971:2964,7.15,116.45,0.130005728807919,irrawaddy_dolphin,Orcaella brevirostris,logistic_regression
971:2965,7.15,116.55,0.13253974128475157,irrawaddy_dolphin,Orcaella brevirostris,logistic_regression
971:2966,7.15,116.65,0.1351154747252852,irrawaddy_dolphin,Orcaella brevirostris,logistic_regression
971:2967,7.15,116.75,0.13773331634943936,irrawaddy_dolphin,Orcaella brevirostris,logistic_regression
971:2968,7.15,116.85,0.14039364501035465,irrawaddy_dolphin,Orcaella brevirostris,logistic_regression
971:2969,7.15,116.95,0.1430968306399646,irrawaddy_dolphin,Orcaella brevirostris,logistic_regression
971:2970,7.15,117.05,0.14584323368372043,irrawaddy_dolphin,Orcaella brevirostris,logistic_regression
971:2971,7.15,117.15,0.14863320452490525,irrawaddy_dolphin,Orcaella brevirostris,logistic_regression
971:2972,7.15,117.25,0.1514670828990024,irrawaddy_dolphin,Orcaella brevirostris,logistic_regression
971:2973,7.15,117.35,0.15434519729865182,irrawaddy_dolphin,Orcaella brevirostris,logistic_regression
971:2974,7.15,117.45,0.15726786436975104,irrawaddy_dolphin,Orcaella brevirostris,logistic_regression
971:2975,7.15,117.55,0.16023538829931974,irrawaddy_dolphin,Orcaella brevirostris,logistic_regression
971:2976,7.15,117.65,0.16324806019579507,irrawaddy_dolphin,Orcaella brevirostris,logistic_regression
972:2826,7.25,102.65,0.006354781313216373,irrawaddy_dolphin,Orcaella brevirostris,logistic_regression
972:2827,7.25,102.75,0.006496643490056664,irrawaddy_dolphin,Orcaella brevirostris,logistic_regression
972:2828,7.25,102.85,0.006641651386471899,irrawaddy_dolphin,Orcaella brevirostris,logistic_regression
972:2829,7.25,102.95,0.006789873801861582,irrawaddy_dolphin,Orcaella brevirostris,logistic_regression
972:2830,7.25,103.05,0.0069413809972228855,irrawaddy_dolphin,Orcaella brevirostris,logistic_regression
972:2831,7.25,103.15,0.00709624472425056,irrawaddy_dolphin,Orcaella brevirostris,logistic_regression
972:2832,7.25,103.25,0.007254538254926339,irrawaddy_dolphin,Orcaella brevirostris,logistic_regression
972:2833,7.25,103.35,0.007416336411602493,irrawaddy_dolphin,Orcaella brevirostris,logistic_regression
972:2834,7.25,103.45,0.007581715597582732,irrawaddy_dolphin,Orcaella brevirostris,logistic_regression
972:2835,7.25,103.55,0.007750753828204252,irrawaddy_dolphin,Orcaella brevirostris,logistic_regression
972:2836,7.25,103.65,0.007923530762424365,irrawaddy_dolphin,Orcaella brevirostris,logistic_regression
972:2929,7.25,112.95,0.05933345402785119,irrawaddy_dolphin,Orcaella brevirostris,logistic_regression
972:2930,7.25,113.05,0.06058588380346072,irrawaddy_dolphin,Orcaella brevirostris,logistic_regression
972:2931,7.25,113.15,0.06186301166134838,irrawaddy_dolphin,Orcaella brevirostris,logistic_regression
972:2932,7.25,113.25,0.06316525073245602,irrawaddy_dolphin,Orcaella brevirostris,logistic_regression
972:2933,7.25,113.35,0.06449301791037886,irrawaddy_dolphin,Orcaella brevirostris,logistic_regression
972:2934,7.25,113.45,0.06584673374146598,irrawaddy_dolphin,Orcaella brevirostris,logistic_regression
972:2935,7.25,113.55,0.06722682230689198,irrawaddy_dolphin,Orcaella brevirostris,logistic_regression
972:2936,7.25,113.65,0.06863371109644571,irrawaddy_dolphin,Orcaella brevirostris,logistic_regression
972:2937,7.25,113.75,0.07006783087377351,irrawaddy_dolphin,Orcaella brevirostris,logistic_regression
972:2938,7.25,113.85,0.07152961553282476,irrawaddy_dolphin,Orcaella brevirostris,logistic_regression
972:2939,7.25,113.95,0.07301950194523785,irrawaddy_dolphin,Orcaella brevirostris,logistic_regression
972:2940,7.25,114.05,0.07453792979841103,irrawaddy_dolphin,Orcaella brevirostris,logistic_regression
972:2941,7.25,114.15,0.07608534142400479,irrawaddy_dolphin,Orcaella brevirostris,logistic_regression
972:2942,7.25,114.25,0.07766218161661713,irrawaddy_dolphin,Orcaella brevirostris,logistic_regression
972:2943,7.25,114.35,0.07926889744238738,irrawaddy_dolphin,Orcaella brevirostris,logistic_regression
972:2944,7.25,114.45,0.08090593803727507,irrawaddy_dolphin,Orcaella brevirostris,logistic_regression
972:2945,7.25,114.55,0.08257375439477369,irrawaddy_dolphin,Orcaella brevirostris,logistic_regression
972:2946,7.25,114.65,0.08427279914282294,irrawaddy_dolphin,Orcaella brevirostris,logistic_regression
972:2947,7.25,114.75,0.08600352630968161,irrawaddy_dolphin,Orcaella brevirostris,logistic_regression
972:2948,7.25,114.85,0.08776639107854284,irrawaddy_dolphin,Orcaella brevirostris,logistic_regression
972:2949,7.25,114.95,0.08956184953066806,irrawaddy_dolphin,Orcaella brevirostris,logistic_regression
972:2950,7.25,115.05,0.09139035837683299,irrawaddy_dolphin,Orcaella brevirostris,logistic_regression
972:2951,7.25,115.15,0.09325237467689022,irrawaddy_dolphin,Orcaella brevirostris,logistic_regression
972:2952,7.25,115.25,0.09514835554725252,irrawaddy_dolphin,Orcaella brevirostris,logistic_regression
972:2953,7.25,115.35,0.09707875785613006,irrawaddy_dolphin,Orcaella brevirostris,logistic_regression
972:2954,7.25,115.45,0.0990440379063514,irrawaddy_dolphin,Orcaella brevirostris,logistic_regression
972:2955,7.25,115.55,0.10104465110562341,irrawaddy_dolphin,Orcaella brevirostris,logistic_regression
972:2956,7.25,115.65,0.10308105162409952,irrawaddy_dolphin,Orcaella brevirostris,logistic_regression
972:2957,7.25,115.75,0.10515369203913513,irrawaddy_dolphin,Orcaella brevirostris,logistic_regression
972:2958,7.25,115.85,0.10726302296714045,irrawaddy_dolphin,Orcaella brevirostris,logistic_regression
972:2959,7.25,115.95,0.10940949268244722,irrawaddy_dolphin,Orcaella brevirostris,logistic_regression
972:2960,7.25,116.05,0.11159354672313608,irrawaddy_dolphin,Orcaella brevirostris,logistic_regression
972:2961,7.25,116.15,0.11381562748379324,irrawaddy_dolphin,Orcaella brevirostris,logistic_regression
972:2962,7.25,116.25,0.11607617379518062,irrawaddy_dolphin,Orcaella brevirostris,logistic_regression
972:2963,7.25,116.35,0.11837562049084432,irrawaddy_dolphin,Orcaella brevirostris,logistic_regression
972:2964,7.25,116.45,0.12071439796069705,irrawaddy_dolphin,Orcaella brevirostris,logistic_regression
972:2965,7.25,116.55,0.12309293169164835,irrawaddy_dolphin,Orcaella brevirostris,logistic_regression
972:2966,7.25,116.65,0.12551164179539037,irrawaddy_dolphin,Orcaella brevirostris,logistic_regression
972:2967,7.25,116.75,0.12797094252346106,irrawaddy_dolphin,Orcaella brevirostris,logistic_regression
972:2968,7.25,116.85,0.13047124176976443,irrawaddy_dolphin,Orcaella brevirostris,logistic_regression
972:2970,7.25,117.05,0.13559643253341622,irrawaddy_dolphin,Orcaella brevirostris,logistic_regression
972:2973,7.25,117.35,0.14360148178129617,irrawaddy_dolphin,Orcaella brevirostris,logistic_regression
972:2974,7.25,117.45,0.14635591614139257,irrawaddy_dolphin,Orcaella brevirostris,logistic_regression
972:2975,7.25,117.55,0.1491539819495927,irrawaddy_dolphin,Orcaella brevirostris,logistic_regression
973:2827,7.35,102.75,0.0059717475230126205,irrawaddy_dolphin,Orcaella brevirostris,logistic_regression
973:2828,7.35,102.85,0.00610511150874116,irrawaddy_dolphin,Orcaella brevirostris,logistic_regression
973:2829,7.35,102.95,0.00624143514335735,irrawaddy_dolphin,Orcaella brevirostris,logistic_regression
973:2830,7.35,103.05,0.006380783263865756,irrawaddy_dolphin,Orcaella brevirostris,logistic_regression
973:2831,7.35,103.15,0.0065232220895452804,irrawaddy_dolphin,Orcaella brevirostris,logistic_regression
973:2832,7.35,103.25,0.006668819249692614,irrawaddy_dolphin,Orcaella brevirostris,logistic_regression
973:2833,7.35,103.35,0.006817643811843691,irrawaddy_dolphin,Orcaella brevirostris,logistic_regression
973:2834,7.35,103.45,0.006969766310477163,irrawaddy_dolphin,Orcaella brevirostris,logistic_regression
973:2928,7.35,112.85,0.053635806103329756,irrawaddy_dolphin,Orcaella brevirostris,logistic_regression
973:2929,7.35,112.95,0.054774971268724056,irrawaddy_dolphin,Orcaella brevirostris,logistic_regression
973:2930,7.35,113.05,0.05593690096700736,irrawaddy_dolphin,Orcaella brevirostris,logistic_regression
973:2931,7.35,113.15,0.057121988912714826,irrawaddy_dolphin,Orcaella brevirostris,logistic_regression
973:2932,7.35,113.25,0.05833063300786068,irrawaddy_dolphin,Orcaella brevirostris,logistic_regression
973:2933,7.35,113.35,0.05956323526716189,irrawaddy_dolphin,Orcaella brevirostris,logistic_regression
973:2934,7.35,113.45,0.060820201736440954,irrawaddy_dolphin,Orcaella brevirostris,logistic_regression
973:2935,7.35,113.55,0.062101942403963016,irrawaddy_dolphin,Orcaella brevirostris,logistic_regression
973:2936,7.35,113.65,0.06340887110445963,irrawaddy_dolphin,Orcaella brevirostris,logistic_regression
973:2937,7.35,113.75,0.06474140541558304,irrawaddy_dolphin,Orcaella brevirostris,logistic_regression
973:2938,7.35,113.85,0.06609996654654318,irrawaddy_dolphin,Orcaella brevirostris,logistic_regression
973:2939,7.35,113.95,0.06748497921866657,irrawaddy_dolphin,Orcaella brevirostris,logistic_regression
973:2940,7.35,114.05,0.0688968715376223,irrawaddy_dolphin,Orcaella brevirostris,logistic_regression
973:2941,7.35,114.15,0.07033607485706048,irrawaddy_dolphin,Orcaella brevirostris,logistic_regression
973:2942,7.35,114.25,0.07180302363339888,irrawaddy_dolphin,Orcaella brevirostris,logistic_regression
973:2943,7.35,114.35,0.07329815527150754,irrawaddy_dolphin,Orcaella brevirostris,logistic_regression
973:2944,7.35,114.45,0.07482190996102885,irrawaddy_dolphin,Orcaella brevirostris,logistic_regression
973:2945,7.35,114.55,0.07637473050308018,irrawaddy_dolphin,Orcaella brevirostris,logistic_regression
973:2946,7.35,114.65,0.07795706212708775,irrawaddy_dolphin,Orcaella brevirostris,logistic_regression
973:2947,7.35,114.75,0.07956935229749677,irrawaddy_dolphin,Orcaella brevirostris,logistic_regression
973:2948,7.35,114.85,0.08121205051011673,irrawaddy_dolphin,Orcaella brevirostris,logistic_regression
973:2949,7.35,114.95,0.08288560807785497,irrawaddy_dolphin,Orcaella brevirostris,logistic_regression
973:2950,7.35,115.05,0.08459047790560295,irrawaddy_dolphin,Orcaella brevirostris,logistic_regression
973:2951,7.35,115.15,0.08632711425404671,irrawaddy_dolphin,Orcaella brevirostris,logistic_regression
973:2952,7.35,115.25,0.08809597249217181,irrawaddy_dolphin,Orcaella brevirostris,logistic_regression
973:2953,7.35,115.35,0.08989750883825368,irrawaddy_dolphin,Orcaella brevirostris,logistic_regression
973:2954,7.35,115.45,0.09173218008912014,irrawaddy_dolphin,Orcaella brevirostris,logistic_regression
973:2955,7.35,115.55,0.09360044333749182,irrawaddy_dolphin,Orcaella brevirostris,logistic_regression
973:2956,7.35,115.65,0.09550275567721703,irrawaddy_dolphin,Orcaella brevirostris,logistic_regression
973:2957,7.35,115.75,0.09743957389622082,irrawaddy_dolphin,Orcaella brevirostris,logistic_regression
973:2958,7.35,115.85,0.09941135415701667,irrawaddy_dolphin,Orcaella brevirostris,logistic_regression
973:2959,7.35,115.95,0.10141855166462775,irrawaddy_dolphin,Orcaella brevirostris,logistic_regression
973:2960,7.35,116.05,0.10346162032179218,irrawaddy_dolphin,Orcaella brevirostris,logistic_regression
973:2961,7.35,116.15,0.10554101237134206,irrawaddy_dolphin,Orcaella brevirostris,logistic_regression
973:2962,7.35,116.25,0.10765717802565646,irrawaddy_dolphin,Orcaella brevirostris,logistic_regression
973:2963,7.35,116.35,0.10981056508312292,irrawaddy_dolphin,Orcaella brevirostris,logistic_regression
973:2964,7.35,116.45,0.11200161853154855,irrawaddy_dolphin,Orcaella brevirostris,logistic_regression
973:2965,7.35,116.55,0.11423078013849497,irrawaddy_dolphin,Orcaella brevirostris,logistic_regression
973:2966,7.35,116.65,0.11649848802853399,irrawaddy_dolphin,Orcaella brevirostris,logistic_regression
973:2967,7.35,116.75,0.11880517624743892,irrawaddy_dolphin,Orcaella brevirostris,logistic_regression
973:2968,7.35,116.85,0.12115127431336864,irrawaddy_dolphin,Orcaella brevirostris,logistic_regression
973:2969,7.35,116.95,0.12353720675511339,irrawaddy_dolphin,Orcaella brevirostris,logistic_regression
973:2970,7.35,117.05,0.12596339263751363,irrawaddy_dolphin,Orcaella brevirostris,logistic_regression
973:2973,7.35,117.35,0.13348756929781325,irrawaddy_dolphin,Orcaella brevirostris,logistic_regression
973:2974,7.35,117.45,0.13607883299658735,irrawaddy_dolphin,Orcaella brevirostris,logistic_regression
974:2828,7.45,102.85,0.00561167066809622,irrawaddy_dolphin,Orcaella brevirostris,logistic_regression
974:2829,7.45,102.95,0.0057370396524885165,irrawaddy_dolphin,Orcaella brevirostris,logistic_regression
974:2830,7.45,103.05,0.00586519295503809,irrawaddy_dolphin,Orcaella brevirostris,logistic_regression
974:2831,7.45,103.15,0.005996191666482861,irrawaddy_dolphin,Orcaella brevirostris,logistic_regression
974:2832,7.45,103.25,0.006130098184260209,irrawaddy_dolphin,Orcaella brevirostris,logistic_regression
974:2927,7.45,112.75,0.048457104817357585,irrawaddy_dolphin,Orcaella brevirostris,logistic_regression
974:2928,7.45,112.85,0.04949203224223166,irrawaddy_dolphin,Orcaella brevirostris,logistic_regression
974:2929,7.45,112.95,0.050547889046060515,irrawaddy_dolphin,Orcaella brevirostris,logistic_regression
974:2930,7.45,113.05,0.05162504793546081,irrawaddy_dolphin,Orcaella brevirostris,logistic_regression
974:2931,7.45,113.15,0.05272388607674723,irrawaddy_dolphin,Orcaella brevirostris,logistic_regression
974:2932,7.45,113.25,0.05384478505064687,irrawaddy_dolphin,Orcaella brevirostris,logistic_regression
974:2933,7.45,113.35,0.05498813080133456,irrawaddy_dolphin,Orcaella brevirostris,logistic_regression
974:2934,7.45,113.45,0.056154313579556824,irrawaddy_dolphin,Orcaella brevirostris,logistic_regression
974:2935,7.45,113.55,0.05734372787961214,irrawaddy_dolphin,Orcaella brevirostris,logistic_regression
974:2936,7.45,113.65,0.05855677236995276,irrawaddy_dolphin,Orcaella brevirostris,logistic_regression
974:2937,7.45,113.75,0.0597938498171635,irrawaddy_dolphin,Orcaella brevirostris,logistic_regression
974:2938,7.45,113.85,0.06105536700307781,irrawaddy_dolphin,Orcaella brevirostris,logistic_regression
974:2939,7.45,113.95,0.06234173463478104,irrawaddy_dolphin,Orcaella brevirostris,logistic_regression
974:2940,7.45,114.05,0.06365336724725211,irrawaddy_dolphin,Orcaella brevirostris,logistic_regression
974:2941,7.45,114.15,0.06499068309839345,irrawaddy_dolphin,Orcaella brevirostris,logistic_regression
974:2942,7.45,114.25,0.06635410405619079,irrawaddy_dolphin,Orcaella brevirostris,logistic_regression
974:2943,7.45,114.35,0.06774405547775232,irrawaddy_dolphin,Orcaella brevirostris,logistic_regression
974:2944,7.45,114.45,0.06916096607996572,irrawaddy_dolphin,Orcaella brevirostris,logistic_regression
974:2945,7.45,114.55,0.0706052678015172,irrawaddy_dolphin,Orcaella brevirostris,logistic_regression
974:2946,7.45,114.65,0.07207739565601703,irrawaddy_dolphin,Orcaella brevirostris,logistic_regression
974:2947,7.45,114.75,0.0735777875759687,irrawaddy_dolphin,Orcaella brevirostris,logistic_regression
974:2948,7.45,114.85,0.07510688424733167,irrawaddy_dolphin,Orcaella brevirostris,logistic_regression
974:2949,7.45,114.95,0.0766651289344175,irrawaddy_dolphin,Orcaella brevirostris,logistic_regression
974:2950,7.45,115.05,0.07825296729486857,irrawaddy_dolphin,Orcaella brevirostris,logistic_regression
974:2951,7.45,115.15,0.07987084718447261,irrawaddy_dolphin,Orcaella brevirostris,logistic_regression
974:2952,7.45,115.25,0.0815192184515606,irrawaddy_dolphin,Orcaella brevirostris,logistic_regression
974:2953,7.45,115.35,0.08319853272075421,irrawaddy_dolphin,Orcaella brevirostris,logistic_regression
974:2954,7.45,115.45,0.08490924316582044,irrawaddy_dolphin,Orcaella brevirostris,logistic_regression
974:2955,7.45,115.55,0.08665180427140642,irrawaddy_dolphin,Orcaella brevirostris,logistic_regression
974:2956,7.45,115.65,0.08842667158343352,irrawaddy_dolphin,Orcaella brevirostris,logistic_regression
974:2957,7.45,115.75,0.09023430144793111,irrawaddy_dolphin,Orcaella brevirostris,logistic_regression
974:2958,7.45,115.85,0.092075150738111,irrawaddy_dolphin,Orcaella brevirostris,logistic_regression
974:2959,7.45,115.95,0.09394967656948246,irrawaddy_dolphin,Orcaella brevirostris,logistic_regression
974:2960,7.45,116.05,0.09585833600282571,irrawaddy_dolphin,Orcaella brevirostris,logistic_regression
974:2961,7.45,116.15,0.0978015857348557,irrawaddy_dolphin,Orcaella brevirostris,logistic_regression
974:2962,7.45,116.25,0.09977988177641212,irrawaddy_dolphin,Orcaella brevirostris,logistic_regression
974:2963,7.45,116.35,0.1017936791180412,irrawaddy_dolphin,Orcaella brevirostris,logistic_regression
974:2964,7.45,116.45,0.10384343138283635,irrawaddy_dolphin,Orcaella brevirostris,logistic_regression
974:2965,7.45,116.55,0.10592959046643062,irrawaddy_dolphin,Orcaella brevirostris,logistic_regression
974:2966,7.45,116.65,0.10805260616405601,irrawaddy_dolphin,Orcaella brevirostris,logistic_regression
974:2967,7.45,116.75,0.11021292578459053,irrawaddy_dolphin,Orcaella brevirostris,logistic_regression
974:2968,7.45,116.85,0.11241099375155555,irrawaddy_dolphin,Orcaella brevirostris,logistic_regression
974:2969,7.45,116.95,0.11464725119103092,irrawaddy_dolphin,Orcaella brevirostris,logistic_regression
974:2970,7.45,117.05,0.1169221355064899,irrawaddy_dolphin,Orcaella brevirostris,logistic_regression
974:2971,7.45,117.15,0.11923607994058433,irrawaddy_dolphin,Orcaella brevirostris,logistic_regression
974:2972,7.45,117.25,0.12158951312392491,irrawaddy_dolphin,Orcaella brevirostris,logistic_regression
974:2973,7.45,117.35,0.12398285861094903,irrawaddy_dolphin,Orcaella brevirostris,logistic_regression
975:2828,7.55,102.85,0.005157904824701461,irrawaddy_dolphin,Orcaella brevirostris,logistic_regression
975:2829,7.55,102.95,0.0052731900940493175,irrawaddy_dolphin,Orcaella brevirostris,logistic_regression
975:2830,7.55,103.05,0.005391038161986837,irrawaddy_dolphin,Orcaella brevirostris,logistic_regression
975:2831,7.55,103.15,0.005511505368697706,irrawaddy_dolphin,Orcaella brevirostris,logistic_regression
975:2926,7.55,112.65,0.04375530451286739,irrawaddy_dolphin,Orcaella brevirostris,logistic_regression
975:2927,7.55,112.75,0.04469452951847096,irrawaddy_dolphin,Orcaella brevirostris,logistic_regression
975:2928,7.55,112.85,0.04565295284517682,irrawaddy_dolphin,Orcaella brevirostris,logistic_regression
975:2929,7.55,112.95,0.046630925258830246,irrawaddy_dolphin,Orcaella brevirostris,logistic_regression
975:2930,7.55,113.05,0.047628802130500844,irrawaddy_dolphin,Orcaella brevirostris,logistic_regression
975:2931,7.55,113.15,0.04864694341548616,irrawaddy_dolphin,Orcaella brevirostris,logistic_regression
975:2932,7.55,113.25,0.04968571362767303,irrawaddy_dolphin,Orcaella brevirostris,logistic_regression
975:2933,7.55,113.35,0.05074548180905392,irrawaddy_dolphin,Orcaella brevirostris,logistic_regression
975:2934,7.55,113.45,0.05182662149418233,irrawaddy_dolphin,Orcaella brevirostris,logistic_regression
975:2935,7.55,113.55,0.05292951066935154,irrawaddy_dolphin,Orcaella brevirostris,logistic_regression
975:2936,7.55,113.65,0.05405453172627792,irrawaddy_dolphin,Orcaella brevirostris,logistic_regression
975:2937,7.55,113.75,0.05520207141005829,irrawaddy_dolphin,Orcaella brevirostris,logistic_regression
975:2938,7.55,113.85,0.05637252076117673,irrawaddy_dolphin,Orcaella brevirostris,logistic_regression
975:2939,7.55,113.95,0.05756627505132325,irrawaddy_dolphin,Orcaella brevirostris,logistic_regression
975:2940,7.55,114.05,0.05878373371278751,irrawaddy_dolphin,Orcaella brevirostris,logistic_regression
975:2941,7.55,114.15,0.06002530026118894,irrawaddy_dolphin,Orcaella brevirostris,logistic_regression
975:2942,7.55,114.25,0.06129138221129411,irrawaddy_dolphin,Orcaella brevirostris,logistic_regression
975:2943,7.55,114.35,0.06258239098567885,irrawaddy_dolphin,Orcaella brevirostris,logistic_regression
975:2944,7.55,114.45,0.06389874181598106,irrawaddy_dolphin,Orcaella brevirostris,logistic_regression
975:2945,7.55,114.55,0.0652408536364932,irrawaddy_dolphin,Orcaella brevirostris,logistic_regression
975:2946,7.55,114.65,0.06660914896984163,irrawaddy_dolphin,Orcaella brevirostris,logistic_regression
975:2947,7.55,114.75,0.0680040538044925,irrawaddy_dolphin,Orcaella brevirostris,logistic_regression
975:2948,7.55,114.85,0.06942599746383278,irrawaddy_dolphin,Orcaella brevirostris,logistic_regression
975:2949,7.55,114.95,0.07087541246656348,irrawaddy_dolphin,Orcaella brevirostris,logistic_regression
975:2950,7.55,115.05,0.07235273437814975,irrawaddy_dolphin,Orcaella brevirostris,logistic_regression
975:2951,7.55,115.15,0.07385840165307234,irrawaddy_dolphin,Orcaella brevirostris,logistic_regression
975:2952,7.55,115.25,0.07539285546761867,irrawaddy_dolphin,Orcaella brevirostris,logistic_regression
975:2953,7.55,115.35,0.07695653954296641,irrawaddy_dolphin,Orcaella brevirostris,logistic_regression
975:2954,7.55,115.45,0.07854989995830042,irrawaddy_dolphin,Orcaella brevirostris,logistic_regression
975:2955,7.55,115.55,0.08017338495371773,irrawaddy_dolphin,Orcaella brevirostris,logistic_regression
975:2956,7.55,115.65,0.08182744472267652,irrawaddy_dolphin,Orcaella brevirostris,logistic_regression
975:2957,7.55,115.75,0.08351253119374383,irrawaddy_dolphin,Orcaella brevirostris,logistic_regression
975:2958,7.55,115.85,0.0852290978014129,irrawaddy_dolphin,Orcaella brevirostris,logistic_regression
975:2959,7.55,115.95,0.08697759924575679,irrawaddy_dolphin,Orcaella brevirostris,logistic_regression
975:2960,7.55,116.05,0.08875849124069893,irrawaddy_dolphin,Orcaella brevirostris,logistic_regression
975:2961,7.55,116.15,0.09057223025068989,irrawaddy_dolphin,Orcaella brevirostris,logistic_regression
975:2962,7.55,116.25,0.09241927321558156,irrawaddy_dolphin,Orcaella brevirostris,logistic_regression
975:2963,7.55,116.35,0.09430007726351246,irrawaddy_dolphin,Orcaella brevirostris,logistic_regression
975:2964,7.55,116.45,0.09621509941161674,irrawaddy_dolphin,Orcaella brevirostris,logistic_regression
975:2965,7.55,116.55,0.09816479625439067,irrawaddy_dolphin,Orcaella brevirostris,logistic_regression
975:2966,7.55,116.65,0.10014962363956466,irrawaddy_dolphin,Orcaella brevirostris,logistic_regression
975:2967,7.55,116.75,0.10217003633133354,irrawaddy_dolphin,Orcaella brevirostris,logistic_regression
975:2968,7.55,116.85,0.10422648766083203,irrawaddy_dolphin,Orcaella brevirostris,logistic_regression
975:2969,7.55,116.95,0.1063194291637411,irrawaddy_dolphin,Orcaella brevirostris,logistic_regression
975:2970,7.55,117.05,0.10844931020494254,irrawaddy_dolphin,Orcaella brevirostris,logistic_regression
976:2829,7.65,102.95,0.004846660759739906,irrawaddy_dolphin,Orcaella brevirostris,logistic_regression
976:2925,7.65,112.55,0.0394907867892985,irrawaddy_dolphin,Orcaella brevirostris,logistic_regression
976:2926,7.65,112.65,0.04034233412506074,irrawaddy_dolphin,Orcaella brevirostris,logistic_regression
976:2927,7.65,112.75,0.041211455697397245,irrawaddy_dolphin,Orcaella brevirostris,logistic_regression
976:2928,7.65,112.85,0.04209847993896738,irrawaddy_dolphin,Orcaella brevirostris,logistic_regression
976:2929,7.65,112.95,0.043003739930093855,irrawaddy_dolphin,Orcaella brevirostris,logistic_regression
976:2930,7.65,113.05,0.04392757339735808,irrawaddy_dolphin,Orcaella brevirostris,logistic_regression
976:2931,7.65,113.15,0.044870322708486926,irrawaddy_dolphin,Orcaella brevirostris,logistic_regression
976:2932,7.65,113.25,0.04583233486334414,irrawaddy_dolphin,Orcaella brevirostris,logistic_regression
976:2933,7.65,113.35,0.04681396148084135,irrawaddy_dolphin,Orcaella brevirostris,logistic_regression
976:2934,7.65,113.45,0.047815558781572114,irrawaddy_dolphin,Orcaella brevirostris,logistic_regression
976:2935,7.65,113.55,0.04883748756597129,irrawaddy_dolphin,Orcaella brevirostris,logistic_regression
976:2936,7.65,113.65,0.0498801131877981,irrawaddy_dolphin,Orcaella brevirostris,logistic_regression
976:2937,7.65,113.75,0.0509438055227304,irrawaddy_dolphin,Orcaella brevirostris,logistic_regression
976:2938,7.65,113.85,0.052028938931862403,irrawaddy_dolphin,Orcaella brevirostris,logistic_regression
976:2939,7.65,113.95,0.05313589221988361,irrawaddy_dolphin,Orcaella brevirostris,logistic_regression
976:2940,7.65,114.05,0.05426504858771904,irrawaddy_dolphin,Orcaella brevirostris,logistic_regression
976:2941,7.65,114.15,0.05541679557940568,irrawaddy_dolphin,Orcaella brevirostris,logistic_regression
976:2942,7.65,114.25,0.056591525022970234,irrawaddy_dolphin,Orcaella brevirostris,logistic_regression
976:2943,7.65,114.35,0.057789632965079454,irrawaddy_dolphin,Orcaella brevirostris,logistic_regression
976:2944,7.65,114.45,0.05901151959921933,irrawaddy_dolphin,Orcaella brevirostris,logistic_regression
976:2945,7.65,114.55,0.060257589187164166,irrawaddy_dolphin,Orcaella brevirostris,logistic_regression
976:2946,7.65,114.65,0.06152824997349131,irrawaddy_dolphin,Orcaella brevirostris,logistic_regression
976:2947,7.65,114.75,0.06282391409288994,irrawaddy_dolphin,Orcaella brevirostris,logistic_regression
976:2948,7.65,114.85,0.06414499747001773,irrawaddy_dolphin,Orcaella brevirostris,logistic_regression
976:2949,7.65,114.95,0.06549191971164899,irrawaddy_dolphin,Orcaella brevirostris,logistic_regression
976:2950,7.65,115.05,0.06686510399086029,irrawaddy_dolphin,Orcaella brevirostris,logistic_regression
976:2951,7.65,115.15,0.06826497692300006,irrawaddy_dolphin,Orcaella brevirostris,logistic_regression
976:2952,7.65,115.25,0.06969196843317972,irrawaddy_dolphin,Orcaella brevirostris,logistic_regression
976:2953,7.65,115.35,0.07114651161503444,irrawaddy_dolphin,Orcaella brevirostris,logistic_regression
976:2954,7.65,115.45,0.07262904258049088,irrawaddy_dolphin,Orcaella brevirostris,logistic_regression
976:2955,7.65,115.55,0.07414000030028706,irrawaddy_dolphin,Orcaella brevirostris,logistic_regression
976:2956,7.65,115.65,0.0756798264349897,irrawaddy_dolphin,Orcaella brevirostris,logistic_regression
976:2957,7.65,115.75,0.07724896515625053,irrawaddy_dolphin,Orcaella brevirostris,logistic_regression
976:2958,7.65,115.85,0.07884786295805582,irrawaddy_dolphin,Orcaella brevirostris,logistic_regression
976:2959,7.65,115.95,0.08047696845771528,irrawaddy_dolphin,Orcaella brevirostris,logistic_regression
976:2960,7.65,116.05,0.08213673218634844,irrawaddy_dolphin,Orcaella brevirostris,logistic_regression
976:2961,7.65,116.15,0.08382760636863108,irrawaddy_dolphin,Orcaella brevirostris,logistic_regression
977:2926,7.75,112.65,0.03718522757173647,irrawaddy_dolphin,Orcaella brevirostris,logistic_regression
977:2927,7.75,112.75,0.03798902597870661,irrawaddy_dolphin,Orcaella brevirostris,logistic_regression
977:2928,7.75,112.85,0.03880949899023708,irrawaddy_dolphin,Orcaella brevirostris,logistic_regression
977:2929,7.75,112.95,0.03964696197775108,irrawaddy_dolphin,Orcaella brevirostris,logistic_regression
977:2930,7.75,113.05,0.040501734945887546,irrawaddy_dolphin,Orcaella brevirostris,logistic_regression
977:2931,7.75,113.15,0.04137414254059777,irrawaddy_dolphin,Orcaella brevirostris,logistic_regression
977:2932,7.75,113.25,0.042264514054020604,irrawaddy_dolphin,Orcaella brevirostris,logistic_regression
977:2933,7.75,113.35,0.043173183425970325,irrawaddy_dolphin,Orcaella brevirostris,logistic_regression
977:2934,7.75,113.45,0.04410048924185955,irrawaddy_dolphin,Orcaella brevirostris,logistic_regression
977:2935,7.75,113.55,0.045046774726878534,irrawaddy_dolphin,Orcaella brevirostris,logistic_regression
977:2936,7.75,113.65,0.04601238773624796,irrawaddy_dolphin,Orcaella brevirostris,logistic_regression
977:2937,7.75,113.75,0.04699768074135201,irrawaddy_dolphin,Orcaella brevirostris,logistic_regression
977:2938,7.75,113.85,0.04800301081156135,irrawaddy_dolphin,Orcaella brevirostris,logistic_regression
977:2939,7.75,113.95,0.04902873959154283,irrawaddy_dolphin,Orcaella brevirostris,logistic_regression
977:2940,7.75,114.05,0.050075233273853194,irrawaddy_dolphin,Orcaella brevirostris,logistic_regression
977:2941,7.75,114.15,0.05114286256660896,irrawaddy_dolphin,Orcaella brevirostris,logistic_regression
977:2942,7.75,114.25,0.05223200265601476,irrawaddy_dolphin,Orcaella brevirostris,logistic_regression
977:2943,7.75,114.35,0.05334303316353667,irrawaddy_dolphin,Orcaella brevirostris,logistic_regression
977:2944,7.75,114.45,0.05447633809749308,irrawaddy_dolphin,Orcaella brevirostris,logistic_regression
977:2945,7.75,114.55,0.05563230579883838,irrawaddy_dolphin,Orcaella brevirostris,logistic_regression
977:2946,7.75,114.65,0.0568113288809086,irrawaddy_dolphin,Orcaella brevirostris,logistic_regression
977:2947,7.75,114.75,0.058013804162890883,irrawaddy_dolphin,Orcaella brevirostris,logistic_regression
977:2948,7.75,114.85,0.05924013259678186,irrawaddy_dolphin,Orcaella brevirostris,logistic_regression
977:2949,7.75,114.95,0.060490719187588624,irrawaddy_dolphin,Orcaella brevirostris,logistic_regression
977:2950,7.75,115.05,0.06176597290652844,irrawaddy_dolphin,Orcaella brevirostris,logistic_regression
977:2951,7.75,115.15,0.06306630659698051,irrawaddy_dolphin,Orcaella brevirostris,logistic_regression
977:2952,7.75,115.25,0.06439213687293363,irrawaddy_dolphin,Orcaella brevirostris,logistic_regression
977:2953,7.75,115.35,0.06574388400968295,irrawaddy_dolphin,Orcaella brevirostris,logistic_regression
977:2954,7.75,115.45,0.06712197182651512,irrawaddy_dolphin,Orcaella brevirostris,logistic_regression
977:2955,7.75,115.55,0.06852682756112788,irrawaddy_dolphin,Orcaella brevirostris,logistic_regression
977:2956,7.75,115.65,0.06995888173552836,irrawaddy_dolphin,Orcaella brevirostris,logistic_regression
977:2957,7.75,115.75,0.07141856801314768,irrawaddy_dolphin,Orcaella brevirostris,logistic_regression
977:2958,7.75,115.85,0.07290632304691952,irrawaddy_dolphin,Orcaella brevirostris,logistic_regression
978:2927,7.85,112.75,0.035009365850597246,irrawaddy_dolphin,Orcaella brevirostris,logistic_regression
978:2928,7.85,112.85,0.03576787794625094,irrawaddy_dolphin,Orcaella brevirostris,logistic_regression
978:2929,7.85,112.95,0.03654220162906075,irrawaddy_dolphin,Orcaella brevirostris,logistic_regression
978:2930,7.85,113.05,0.037332639296849775,irrawaddy_dolphin,Orcaella brevirostris,logistic_regression
978:2931,7.85,113.15,0.03813949794197738,irrawaddy_dolphin,Orcaella brevirostris,logistic_regression
978:2932,7.85,113.25,0.03896308916763006,irrawaddy_dolphin,Orcaella brevirostris,logistic_regression
978:2933,7.85,113.35,0.03980372920134496,irrawaddy_dolphin,Orcaella brevirostris,logistic_regression
978:2934,7.85,113.45,0.040661738905607585,irrawaddy_dolphin,Orcaella brevirostris,logistic_regression
978:2935,7.85,113.55,0.041537443785364385,irrawaddy_dolphin,Orcaella brevirostris,logistic_regression
978:2936,7.85,113.65,0.04243117399228598,irrawaddy_dolphin,Orcaella brevirostris,logistic_regression
978:2937,7.85,113.75,0.043343264325607325,irrawaddy_dolphin,Orcaella brevirostris,logistic_regression
978:2938,7.85,113.85,0.04427405422937318,irrawaddy_dolphin,Orcaella brevirostris,logistic_regression
978:2939,7.85,113.95,0.04522388778590527,irrawaddy_dolphin,Orcaella brevirostris,logistic_regression
978:2940,7.85,114.05,0.04619311370530645,irrawaddy_dolphin,Orcaella brevirostris,logistic_regression
978:2941,7.85,114.15,0.047182085310813256,irrawaddy_dolphin,Orcaella brevirostris,logistic_regression
978:2942,7.85,114.25,0.04819116051979747,irrawaddy_dolphin,Orcaella brevirostris,logistic_regression
978:2943,7.85,114.35,0.04922070182022076,irrawaddy_dolphin,Orcaella brevirostris,logistic_regression
978:2944,7.85,114.45,0.050271076242333235,irrawaddy_dolphin,Orcaella brevirostris,logistic_regression
978:2945,7.85,114.55,0.05134265532540779,irrawaddy_dolphin,Orcaella brevirostris,logistic_regression
978:2946,7.85,114.65,0.05243581507929643,irrawaddy_dolphin,Orcaella brevirostris,logistic_regression
978:2947,7.85,114.75,0.053550935940586186,irrawaddy_dolphin,Orcaella brevirostris,logistic_regression
978:2948,7.85,114.85,0.05468840272313475,irrawaddy_dolphin,Orcaella brevirostris,logistic_regression
978:2949,7.85,114.95,0.05584860456275469,irrawaddy_dolphin,Orcaella brevirostris,logistic_regression
978:2950,7.85,115.05,0.05703193485581528,irrawaddy_dolphin,Orcaella brevirostris,logistic_regression
978:2951,7.85,115.15,0.05823879119152768,irrawaddy_dolphin,Orcaella brevirostris,logistic_regression
978:2952,7.85,115.25,0.059469575277669856,irrawaddy_dolphin,Orcaella brevirostris,logistic_regression
978:2953,7.85,115.35,0.06072469285951315,irrawaddy_dolphin,Orcaella brevirostris,logistic_regression
978:2954,7.85,115.45,0.06200455363170002,irrawaddy_dolphin,Orcaella brevirostris,logistic_regression
978:2955,7.85,115.55,0.06330957114282547,irrawaddy_dolphin,Orcaella brevirostris,logistic_regression
978:2956,7.85,115.65,0.06464016269247302,irrawaddy_dolphin,Orcaella brevirostris,logistic_regression
979:2927,7.95,112.75,0.03225557854641817,irrawaddy_dolphin,Orcaella brevirostris,logistic_regression
979:2928,7.95,112.85,0.03295646478523195,irrawaddy_dolphin,Orcaella brevirostris,logistic_regression
979:2929,7.95,112.95,0.03367205077848589,irrawaddy_dolphin,Orcaella brevirostris,logistic_regression
979:2930,7.95,113.05,0.03440262159002197,irrawaddy_dolphin,Orcaella brevirostris,logistic_regression
979:2931,7.95,113.15,0.03514846679325224,irrawaddy_dolphin,Orcaella brevirostris,logistic_regression
979:2932,7.95,113.25,0.03590988049667192,irrawaddy_dolphin,Orcaella brevirostris,logistic_regression
979:2933,7.95,113.35,0.03668716136715375,irrawaddy_dolphin,Orcaella brevirostris,logistic_regression
979:2934,7.95,113.45,0.03748061265088398,irrawaddy_dolphin,Orcaella brevirostris,logistic_regression
979:2935,7.95,113.55,0.038290542191799046,irrawaddy_dolphin,Orcaella brevirostris,logistic_regression
979:2936,7.95,113.65,0.03911726244737759,irrawaddy_dolphin,Orcaella brevirostris,logistic_regression
979:2937,7.95,113.75,0.0399610905016332,irrawaddy_dolphin,Orcaella brevirostris,logistic_regression
979:2938,7.95,113.85,0.04082234807515506,irrawaddy_dolphin,Orcaella brevirostris,logistic_regression
979:2939,7.95,113.95,0.0417013615320319,irrawaddy_dolphin,Orcaella brevirostris,logistic_regression
979:2940,7.95,114.05,0.0425984618834943,irrawaddy_dolphin,Orcaella brevirostris,logistic_regression
979:2941,7.95,114.15,0.04351398478810507,irrawaddy_dolphin,Orcaella brevirostris,logistic_regression
979:2942,7.95,114.25,0.04444827054831788,irrawaddy_dolphin,Orcaella brevirostris,logistic_regression
979:2943,7.95,114.35,0.04540166410322698,irrawaddy_dolphin,Orcaella brevirostris,logistic_regression
979:2944,7.95,114.45,0.04637451501731788,irrawaddy_dolphin,Orcaella brevirostris,logistic_regression
979:2945,7.95,114.55,0.04736717746502918,irrawaddy_dolphin,Orcaella brevirostris,logistic_regression
979:2946,7.95,114.65,0.04838001021093001,irrawaddy_dolphin,Orcaella brevirostris,logistic_regression
979:2947,7.95,114.75,0.04941337658530895,irrawaddy_dolphin,Orcaella brevirostris,logistic_regression
979:2948,7.95,114.85,0.05046764445497195,irrawaddy_dolphin,Orcaella brevirostris,logistic_regression
979:2949,7.95,114.95,0.051543186189034945,irrawaddy_dolphin,Orcaella brevirostris,logistic_regression
979:2950,7.95,115.05,0.052640378619497274,irrawaddy_dolphin,Orcaella brevirostris,logistic_regression
979:2951,7.95,115.15,0.05375960299637671,irrawaddy_dolphin,Orcaella brevirostris,logistic_regression
979:2952,7.95,115.25,0.05490124493717842,irrawaddy_dolphin,Orcaella brevirostris,logistic_regression
979:2953,7.95,115.35,0.05606569437047353,irrawaddy_dolphin,Orcaella brevirostris,logistic_regression
979:2954,7.95,115.45,0.05725334547335012,irrawaddy_dolphin,Orcaella brevirostris,logistic_regression
980:2928,8.05,112.85,0.030359075595292075,irrawaddy_dolphin,Orcaella brevirostris,logistic_regression
980:2929,8.05,112.95,0.031020073366493456,irrawaddy_dolphin,Orcaella brevirostris,logistic_regression
980:2930,8.05,113.05,0.0316949923902973,irrawaddy_dolphin,Orcaella brevirostris,logistic_regression
980:2931,8.05,113.15,0.03238410519033628,irrawaddy_dolphin,Orcaella brevirostris,logistic_regression
980:2932,8.05,113.25,0.03308768871719085,irrawaddy_dolphin,Orcaella brevirostris,logistic_regression
980:2933,8.05,113.35,0.03380602437945761,irrawaddy_dolphin,Orcaella brevirostris,logistic_regression
980:2934,8.05,113.45,0.034539398072957334,irrawaddy_dolphin,Orcaella brevirostris,logistic_regression
980:2935,8.05,113.55,0.03528810020795999,irrawaddy_dolphin,Orcaella brevirostris,logistic_regression
980:2936,8.05,113.65,0.036052425734298836,irrawaddy_dolphin,Orcaella brevirostris,logistic_regression
980:2937,8.05,113.75,0.03683267416423763,irrawaddy_dolphin,Orcaella brevirostris,logistic_regression
980:2938,8.05,113.85,0.03762914959295636,irrawaddy_dolphin,Orcaella brevirostris,logistic_regression
980:2939,8.05,113.95,0.03844216071650988,irrawaddy_dolphin,Orcaella brevirostris,logistic_regression
980:2940,8.05,114.05,0.039272020847112905,irrawaddy_dolphin,Orcaella brevirostris,logistic_regression
980:2941,8.05,114.15,0.04011904792560015,irrawaddy_dolphin,Orcaella brevirostris,logistic_regression
980:2942,8.05,114.25,0.04098356453090134,irrawaddy_dolphin,Orcaella brevirostris,logistic_regression
980:2943,8.05,114.35,0.041865897886372225,irrawaddy_dolphin,Orcaella brevirostris,logistic_regression
980:2944,8.05,114.45,0.04276637986281124,irrawaddy_dolphin,Orcaella brevirostris,logistic_regression
980:2945,8.05,114.55,0.043685346977990765,irrawaddy_dolphin,Orcaella brevirostris,logistic_regression
980:2946,8.05,114.65,0.044623140392526774,irrawaddy_dolphin,Orcaella brevirostris,logistic_regression
980:2947,8.05,114.75,0.04558010590190152,irrawaddy_dolphin,Orcaella brevirostris,logistic_regression
980:2948,8.05,114.85,0.04655659392445528,irrawaddy_dolphin,Orcaella brevirostris,logistic_regression
980:2949,8.05,114.95,0.04755295948515217,irrawaddy_dolphin,Orcaella brevirostris,logistic_regression
980:2950,8.05,115.05,0.048569562194923255,irrawaddy_dolphin,Orcaella brevirostris,logistic_regression
980:2951,8.05,115.15,0.04960676622538681,irrawaddy_dolphin,Orcaella brevirostris,logistic_regression
980:2952,8.05,115.25,0.05066494027873473,irrawaddy_dolphin,Orcaella brevirostris,logistic_regression
981:2928,8.15,112.85,0.027960474979615277,irrawaddy_dolphin,Orcaella brevirostris,logistic_regression
981:2929,8.15,112.95,0.028570787634501396,irrawaddy_dolphin,Orcaella brevirostris,logistic_regression
981:2930,8.15,113.05,0.02919402190492498,irrawaddy_dolphin,Orcaella brevirostris,logistic_regression
981:2931,8.15,113.15,0.02983043374033939,irrawaddy_dolphin,Orcaella brevirostris,logistic_regression
981:2932,8.15,113.25,0.030480283383621395,irrawaddy_dolphin,Orcaella brevirostris,logistic_regression
981:2933,8.15,113.35,0.0311438354081703,irrawaddy_dolphin,Orcaella brevirostris,logistic_regression
981:2934,8.15,113.45,0.0318213587535804,irrawaddy_dolphin,Orcaella brevirostris,logistic_regression
981:2935,8.15,113.55,0.032513126759780034,irrawaddy_dolphin,Orcaella brevirostris,logistic_regression
981:2936,8.15,113.65,0.03321941719952637,irrawaddy_dolphin,Orcaella brevirostris,logistic_regression
981:2937,8.15,113.75,0.03394051230913746,irrawaddy_dolphin,Orcaella brevirostris,logistic_regression
981:2938,8.15,113.85,0.03467669881734418,irrawaddy_dolphin,Orcaella brevirostris,logistic_regression
981:2939,8.15,113.95,0.03542826797213446,irrawaddy_dolphin,Orcaella brevirostris,logistic_regression
981:2940,8.15,114.05,0.03619551556546124,irrawaddy_dolphin,Orcaella brevirostris,logistic_regression
981:2941,8.15,114.15,0.03697874195568108,irrawaddy_dolphin,Orcaella brevirostris,logistic_regression
981:2942,8.15,114.25,0.03777825208758208,irrawaddy_dolphin,Orcaella brevirostris,logistic_regression
981:2943,8.15,114.35,0.038594355509860366,irrawaddy_dolphin,Orcaella brevirostris,logistic_regression
981:2944,8.15,114.45,0.03942736638989408,irrawaddy_dolphin,Orcaella brevirostris,logistic_regression
981:2945,8.15,114.55,0.0402776035256627,irrawaddy_dolphin,Orcaella brevirostris,logistic_regression
981:2946,8.15,114.65,0.04114539035465431,irrawaddy_dolphin,Orcaella brevirostris,logistic_regression
981:2947,8.15,114.75,0.04203105495959497,irrawaddy_dolphin,Orcaella brevirostris,logistic_regression
981:2948,8.15,114.85,0.04293493007083502,irrawaddy_dolphin,Orcaella brevirostris,logistic_regression
981:2949,8.15,114.95,0.04385735306521656,irrawaddy_dolphin,Orcaella brevirostris,logistic_regression
981:2950,8.15,115.05,0.044798665961244585,irrawaddy_dolphin,Orcaella brevirostris,logistic_regression
982:2929,8.25,112.95,0.026309641894621188,irrawaddy_dolphin,Orcaella brevirostris,logistic_regression
982:2930,8.25,113.05,0.02688491730644582,irrawaddy_dolphin,Orcaella brevirostris,logistic_regression
982:2931,8.25,113.15,0.027472416539681244,irrawaddy_dolphin,Orcaella brevirostris,logistic_regression
982:2932,8.25,113.25,0.028072383667758664,irrawaddy_dolphin,Orcaella brevirostris,logistic_regression
982:2933,8.25,113.35,0.0286850669463169,irrawaddy_dolphin,Orcaella brevirostris,logistic_regression
982:2934,8.25,113.45,0.029310718853772726,irrawaddy_dolphin,Orcaella brevirostris,logistic_regression
982:2935,8.25,113.55,0.029949596130745906,irrawaddy_dolphin,Orcaella brevirostris,logistic_regression
982:2936,8.25,113.65,0.030601959818243967,irrawaddy_dolphin,Orcaella brevirostris,logistic_regression
982:2937,8.25,113.75,0.03126807529450428,irrawaddy_dolphin,Orcaella brevirostris,logistic_regression
982:2938,8.25,113.85,0.0319482123103921,irrawaddy_dolphin,Orcaella brevirostris,logistic_regression
982:2939,8.25,113.95,0.03264264502324375,irrawaddy_dolphin,Orcaella brevirostris,logistic_regression
982:2940,8.25,114.05,0.03335165202904373,irrawaddy_dolphin,Orcaella brevirostris,logistic_regression
982:2941,8.25,114.15,0.03407551639281949,irrawaddy_dolphin,Orcaella brevirostris,logistic_regression
982:2942,8.25,114.25,0.03481452567713021,irrawaddy_dolphin,Orcaella brevirostris,logistic_regression
982:2943,8.25,114.35,0.03556897196852688,irrawaddy_dolphin,Orcaella brevirostris,logistic_regression
982:2944,8.25,114.45,0.03633915190185065,irrawaddy_dolphin,Orcaella brevirostris,logistic_regression
982:2945,8.25,114.55,0.03712536668223554,irrawaddy_dolphin,Orcaella brevirostris,logistic_regression
982:2946,8.25,114.65,0.03792792210467662,irrawaddy_dolphin,Orcaella brevirostris,logistic_regression
982:2947,8.25,114.75,0.03874712857101665,irrawaddy_dolphin,Orcaella brevirostris,logistic_regression
982:2948,8.25,114.85,0.03958330110420505,irrawaddy_dolphin,Orcaella brevirostris,logistic_regression
983:2930,8.35,113.05,0.024753794646693562,irrawaddy_dolphin,Orcaella brevirostris,logistic_regression
983:2931,8.35,113.15,0.025295934373483493,irrawaddy_dolphin,Orcaella brevirostris,logistic_regression
983:2932,8.35,113.25,0.02584963293546911,irrawaddy_dolphin,Orcaella brevirostris,logistic_regression
983:2933,8.35,113.35,0.02641512285950326,irrawaddy_dolphin,Orcaella brevirostris,logistic_regression
983:2934,8.35,113.45,0.026992640735068556,irrawaddy_dolphin,Orcaella brevirostris,logistic_regression
983:2935,8.35,113.55,0.02758242725758834,irrawaddy_dolphin,Orcaella brevirostris,logistic_regression
983:2936,8.35,113.65,0.02818472727084336,irrawaddy_dolphin,Orcaella brevirostris,logistic_regression
983:2937,8.35,113.75,0.028799789808406532,irrawaddy_dolphin,Orcaella brevirostris,logistic_regression
983:2938,8.35,113.85,0.02942786813400937,irrawaddy_dolphin,Orcaella brevirostris,logistic_regression
983:2939,8.35,113.95,0.030069219780744935,irrawaddy_dolphin,Orcaella brevirostris,logistic_regression
983:2940,8.35,114.05,0.030724106589011254,irrawaddy_dolphin,Orcaella brevirostris,logistic_regression
983:2941,8.35,114.15,0.0313927947430954,irrawaddy_dolphin,Orcaella brevirostris,logistic_regression
983:2942,8.35,114.25,0.03207555480629105,irrawaddy_dolphin,Orcaella brevirostris,logistic_regression
983:2943,8.35,114.35,0.03277266175444319,irrawaddy_dolphin,Orcaella brevirostris,logistic_regression
983:2944,8.35,114.45,0.033484395007804243,irrawaddy_dolphin,Orcaella brevirostris,logistic_regression
983:2945,8.35,114.55,0.03421103846108496,irrawaddy_dolphin,Orcaella brevirostris,logistic_regression
983:2946,8.35,114.65,0.034952880511578875,irrawaddy_dolphin,Orcaella brevirostris,logistic_regression
984:2931,8.45,113.15,0.023287753475353216,irrawaddy_dolphin,Orcaella brevirostris,logistic_regression
984:2932,8.45,113.25,0.023798568551341284,irrawaddy_dolphin,Orcaella brevirostris,logistic_regression
984:2933,8.45,113.35,0.024320309317851528,irrawaddy_dolphin,Orcaella brevirostris,logistic_regression
984:2934,8.45,113.45,0.024853197104467435,irrawaddy_dolphin,Orcaella brevirostris,logistic_regression
984:2935,8.45,113.55,0.02539745717736329,irrawaddy_dolphin,Orcaella brevirostris,logistic_regression
984:2936,8.45,113.65,0.025953318784707722,irrawaddy_dolphin,Orcaella brevirostris,logistic_regression
984:2937,8.45,113.75,0.026521015201392394,irrawaddy_dolphin,Orcaella brevirostris,logistic_regression
984:2938,8.45,113.85,0.027100783773012588,irrawaddy_dolphin,Orcaella brevirostris,logistic_regression
984:2939,8.45,113.95,0.027692865959019004,irrawaddy_dolphin,Orcaella brevirostris,logistic_regression
984:2940,8.45,114.05,0.02829750737495866,irrawaddy_dolphin,Orcaella brevirostris,logistic_regression
984:2941,8.45,114.15,0.028914957833720046,irrawaddy_dolphin,Orcaella brevirostris,logistic_regression
984:2942,8.45,114.25,0.029545471385690313,irrawaddy_dolphin,Orcaella brevirostris,logistic_regression
984:2943,8.45,114.35,0.030189306357733592,irrawaddy_dolphin,Orcaella brevirostris,logistic_regression
984:2944,8.45,114.45,0.03084672539089056,irrawaddy_dolphin,Orcaella brevirostris,logistic_regression
984:2945,8.45,114.55,0.0315179954766987,irrawaddy_dolphin,Orcaella brevirostris,logistic_regression
985:2932,8.55,113.25,0.021906588112060137,irrawaddy_dolphin,Orcaella brevirostris,logistic_regression
985:2933,8.55,113.35,0.02238780185937297,irrawaddy_dolphin,Orcaella brevirostris,logistic_regression
985:2934,8.55,113.45,0.02287933898130143,irrawaddy_dolphin,Orcaella brevirostris,logistic_regression
985:2935,8.55,113.55,0.023381409974409597,irrawaddy_dolphin,Orcaella brevirostris,logistic_regression
985:2936,8.55,113.65,0.02389422914103273,irrawaddy_dolphin,Orcaella brevirostris,logistic_regression
985:2937,8.55,113.75,0.024418014636198977,irrawaddy_dolphin,Orcaella brevirostris,logistic_regression
985:2938,8.55,113.85,0.024952988514073446,irrawaddy_dolphin,Orcaella brevirostris,logistic_regression
985:2939,8.55,113.95,0.025499376773856507,irrawaddy_dolphin,Orcaella brevirostris,logistic_regression
985:2940,8.55,114.05,0.026057409405067553,irrawaddy_dolphin,Orcaella brevirostris,logistic_regression
985:2941,8.55,114.15,0.026627320432142058,irrawaddy_dolphin,Orcaella brevirostris,logistic_regression
985:2942,8.55,114.25,0.02720934795826393,irrawaddy_dolphin,Orcaella brevirostris,logistic_regression
985:2943,8.55,114.35,0.027803734208355902,irrawaddy_dolphin,Orcaella brevirostris,logistic_regression
986:2933,8.65,113.35,0.020605609655756658,irrawaddy_dolphin,Orcaella brevirostris,logistic_regression
986:2934,8.65,113.45,0.02105886060210686,irrawaddy_dolphin,Orcaella brevirostris,logistic_regression
986:2935,8.65,113.55,0.02152186238948853,irrawaddy_dolphin,Orcaella brevirostris,logistic_regression
986:2936,8.65,113.65,0.021994815056300354,irrawaddy_dolphin,Orcaella brevirostris,logistic_regression
986:2937,8.65,113.75,0.022477922312586697,irrawaddy_dolphin,Orcaella brevirostris,logistic_regression
986:2938,8.65,113.85,0.022971391587977265,irrawaddy_dolphin,Orcaella brevirostris,logistic_regression
986:2939,8.65,113.95,0.02347543407931826,irrawaddy_dolphin,Orcaella brevirostris,logistic_regression
986:2940,8.65,114.05,0.02399026479793748,irrawaddy_dolphin,Orcaella brevirostris,logistic_regression
986:2941,8.65,114.15,0.024516102616483446,irrawaddy_dolphin,Orcaella brevirostris,logistic_regression
987:2934,8.75,113.45,0.019380362213525244,irrawaddy_dolphin,Orcaella brevirostris,logistic_regression
987:2935,8.75,113.55,0.019807207083071376,irrawaddy_dolphin,Orcaella brevirostris,logistic_regression
987:2936,8.75,113.65,0.02024325897344407,irrawaddy_dolphin,Orcaella brevirostris,logistic_regression
987:2937,8.75,113.75,0.020688707846535388,irrawaddy_dolphin,Orcaella brevirostris,logistic_regression
987:2938,8.75,113.85,0.021143747199743892,irrawaddy_dolphin,Orcaella brevirostris,logistic_regression
987:2939,8.75,113.95,0.02160857411449261,irrawaddy_dolphin,Orcaella brevirostris,logistic_regression
987:2940,8.75,114.05,0.02208338930458766,irrawaddy_dolphin,Orcaella brevirostris,logistic_regression
988:2935,8.85,113.55,0.018226614390812503,irrawaddy_dolphin,Orcaella brevirostris,logistic_regression
988:2936,8.85,113.65,0.018628531139498566,irrawaddy_dolphin,Orcaella brevirostris,logistic_regression
988:2937,8.85,113.75,0.019039138720481335,irrawaddy_dolphin,Orcaella brevirostris,logistic_regression
988:2938,8.85,113.85,0.019458617404307953,irrawaddy_dolphin,Orcaella brevirostris,logistic_regression
989:2936,8.95,113.65,0.017140350704687543,irrawaddy_dolphin,Orcaella brevirostris,logistic_regression
989:2937,8.95,113.75,0.017518741575156625,irrawaddy_dolphin,Orcaella brevirostris,logistic_regression
