cell_id,latitude,longitude,relative_occurrence_score,species_slug,scientific_name,selected_model
912:2834,1.25,103.45,0.23505956842454204,moorish_idol,Zanclus cornutus,random_forest
912:2835,1.25,103.55,0.23300786774426993,moorish_idol,Zanclus cornutus,random_forest
913:2830,1.35,103.05,0.26404642058975913,moorish_idol,Zanclus cornutus,random_forest
913:2831,1.35,103.15,0.26404642058975913,moorish_idol,Zanclus cornutus,random_forest
913:2832,1.35,103.25,0.24108234505917653,moorish_idol,Zanclus cornutus,random_forest
913:2833,1.35,103.35,0.2357671808004183,moorish_idol,Zanclus cornutus,random_forest
913:2842,1.35,104.25,0.14841356100729847,moorish_idol,Zanclus cornutus,random_forest
913:2843,1.35,104.35,0.1133489553042231,moorish_idol,Zanclus cornutus,random_forest
913:2913,1.35,111.35,0.08337233837816826,moorish_idol,Zanclus cornutus,random_forest
914:2829,1.45,102.95,0.2623695397120162,moorish_idol,Zanclus cornutus,random_forest
914:2830,1.45,103.05,0.26404642058975913,moorish_idol,Zanclus cornutus,random_forest
914:2831,1.45,103.15,0.26404642058975913,moorish_idol,Zanclus cornutus,random_forest
914:2832,1.45,103.25,0.24108234505917653,moorish_idol,Zanclus cornutus,random_forest
914:2833,1.45,103.35,0.2357671808004183,moorish_idol,Zanclus cornutus,random_forest
914:2837,1.45,103.75,0.23218830252687864,moorish_idol,Zanclus cornutus,random_forest
914:2840,1.45,104.05,0.2328471814630685,moorish_idol,Zanclus cornutus,random_forest
914:2843,1.45,104.35,0.1133489553042231,moorish_idol,Zanclus cornutus,random_forest
914:2910,1.45,111.05,0.08337233837816826,moorish_idol,Zanclus cornutus,random_forest
915:2828,1.55,102.85,0.2623695397120162,moorish_idol,Zanclus cornutus,random_forest
915:2829,1.55,102.95,0.2623695397120162,moorish_idol,Zanclus cornutus,random_forest
915:2830,1.55,103.05,0.26404642058975913,moorish_idol,Zanclus cornutus,random_forest
915:2831,1.55,103.15,0.26404642058975913,moorish_idol,Zanclus cornutus,random_forest
915:2832,1.55,103.25,0.24108234505917653,moorish_idol,Zanclus cornutus,random_forest
915:2843,1.55,104.35,0.1133489553042231,moorish_idol,Zanclus cornutus,random_forest
915:2844,1.55,104.45,0.1021842933077384,moorish_idol,Zanclus cornutus,random_forest
915:2845,1.55,104.55,0.09362845515221405,moorish_idol,Zanclus cornutus,random_forest
915:2846,1.55,104.65,0.09362845515221405,moorish_idol,Zanclus cornutus,random_forest
915:2907,1.55,110.75,0.08396995973739158,moorish_idol,Zanclus cornutus,random_forest
915:2909,1.55,110.95,0.08337233837816826,moorish_idol,Zanclus cornutus,random_forest
916:2826,1.65,102.65,0.25265797851451816,moorish_idol,Zanclus cornutus,random_forest
916:2827,1.65,102.75,0.25265797851451816,moorish_idol,Zanclus cornutus,random_forest
916:2828,1.65,102.85,0.2623695397120162,moorish_idol,Zanclus cornutus,random_forest
916:2829,1.65,102.95,0.2623695397120162,moorish_idol,Zanclus cornutus,random_forest
916:2830,1.65,103.05,0.26404642058975913,moorish_idol,Zanclus cornutus,random_forest
916:2839,1.65,103.95,0.23077653782099627,moorish_idol,Zanclus cornutus,random_forest
916:2842,1.65,104.25,0.14841356100729847,moorish_idol,Zanclus cornutus,random_forest
916:2843,1.65,104.35,0.1133489553042231,moorish_idol,Zanclus cornutus,random_forest
916:2844,1.65,104.45,0.1021842933077384,moorish_idol,Zanclus cornutus,random_forest
916:2845,1.65,104.55,0.09362845515221405,moorish_idol,Zanclus cornutus,random_forest
916:2846,1.65,104.65,0.09362845515221405,moorish_idol,Zanclus cornutus,random_forest
916:2847,1.65,104.75,0.09362845515221405,moorish_idol,Zanclus cornutus,random_forest
916:2848,1.65,104.85,0.09362845515221405,moorish_idol,Zanclus cornutus,random_forest
916:2902,1.65,110.25,0.08471445977010279,moorish_idol,Zanclus cornutus,random_forest
916:2903,1.65,110.35,0.08471445977010279,moorish_idol,Zanclus cornutus,random_forest
916:2905,1.65,110.55,0.0845084212758531,moorish_idol,Zanclus cornutus,random_forest
916:2906,1.65,110.65,0.0845084212758531,moorish_idol,Zanclus cornutus,random_forest
916:2907,1.65,110.75,0.08396995973739158,moorish_idol,Zanclus cornutus,random_forest
916:2908,1.65,110.85,0.08396995973739158,moorish_idol,Zanclus cornutus,random_forest
916:2909,1.65,110.95,0.08337233837816826,moorish_idol,Zanclus cornutus,random_forest
916:2911,1.65,111.15,0.08337233837816826,moorish_idol,Zanclus cornutus,random_forest
917:2825,1.75,102.55,0.25265797851451816,moorish_idol,Zanclus cornutus,random_forest
917:2826,1.75,102.65,0.25265797851451816,moorish_idol,Zanclus cornutus,random_forest
917:2827,1.75,102.75,0.25265797851451816,moorish_idol,Zanclus cornutus,random_forest
917:2828,1.75,102.85,0.2623695397120162,moorish_idol,Zanclus cornutus,random_forest
917:2842,1.75,104.25,0.14841356100729847,moorish_idol,Zanclus cornutus,random_forest
917:2843,1.75,104.35,0.1133489553042231,moorish_idol,Zanclus cornutus,random_forest
917:2844,1.75,104.45,0.1021842933077384,moorish_idol,Zanclus cornutus,random_forest
917:2845,1.75,104.55,0.09362845515221405,moorish_idol,Zanclus cornutus,random_forest
917:2846,1.75,104.65,0.09362845515221405,moorish_idol,Zanclus cornutus,random_forest
917:2847,1.75,104.75,0.09362845515221405,moorish_idol,Zanclus cornutus,random_forest
917:2848,1.75,104.85,0.09362845515221405,moorish_idol,Zanclus cornutus,random_forest
917:2849,1.75,104.95,0.09362845515221405,moorish_idol,Zanclus cornutus,random_forest
917:2899,1.75,109.95,0.08744536291914351,moorish_idol,Zanclus cornutus,random_forest
917:2900,1.75,110.05,0.08471445977010279,moorish_idol,Zanclus cornutus,random_forest
917:2901,1.75,110.15,0.08471445977010279,moorish_idol,Zanclus cornutus,random_forest
917:2902,1.75,110.25,0.08471445977010279,moorish_idol,Zanclus cornutus,random_forest
917:2904,1.75,110.45,0.08543294957773989,moorish_idol,Zanclus cornutus,random_forest
917:2905,1.75,110.55,0.0845084212758531,moorish_idol,Zanclus cornutus,random_forest
917:2906,1.75,110.65,0.0845084212758531,moorish_idol,Zanclus cornutus,random_forest
917:2907,1.75,110.75,0.08396995973739158,moorish_idol,Zanclus cornutus,random_forest
917:2908,1.75,110.85,0.08396995973739158,moorish_idol,Zanclus cornutus,random_forest
917:2909,1.75,110.95,0.08337233837816826,moorish_idol,Zanclus cornutus,random_forest
917:2910,1.75,111.05,0.08337233837816826,moorish_idol,Zanclus cornutus,random_forest
918:2823,1.85,102.35,0.25265797851451816,moorish_idol,Zanclus cornutus,random_forest
918:2824,1.85,102.45,0.25265797851451816,moorish_idol,Zanclus cornutus,random_forest
918:2825,1.85,102.55,0.25265797851451816,moorish_idol,Zanclus cornutus,random_forest
918:2826,1.85,102.65,0.25265797851451816,moorish_idol,Zanclus cornutus,random_forest
918:2827,1.85,102.75,0.25265797851451816,moorish_idol,Zanclus cornutus,random_forest
918:2841,1.85,104.15,0.23449722134857362,moorish_idol,Zanclus cornutus,random_forest
918:2842,1.85,104.25,0.14841356100729847,moorish_idol,Zanclus cornutus,random_forest
918:2843,1.85,104.35,0.1133489553042231,moorish_idol,Zanclus cornutus,random_forest
918:2844,1.85,104.45,0.1021842933077384,moorish_idol,Zanclus cornutus,random_forest
918:2845,1.85,104.55,0.09362845515221405,moorish_idol,Zanclus cornutus,random_forest
918:2846,1.85,104.65,0.09362845515221405,moorish_idol,Zanclus cornutus,random_forest
918:2847,1.85,104.75,0.09362845515221405,moorish_idol,Zanclus cornutus,random_forest
918:2848,1.85,104.85,0.09362845515221405,moorish_idol,Zanclus cornutus,random_forest
918:2849,1.85,104.95,0.09362845515221405,moorish_idol,Zanclus cornutus,random_forest
918:2897,1.85,109.75,0.08744536291914351,moorish_idol,Zanclus cornutus,random_forest
918:2898,1.85,109.85,0.08744536291914351,moorish_idol,Zanclus cornutus,random_forest
918:2899,1.85,109.95,0.08744536291914351,moorish_idol,Zanclus cornutus,random_forest
918:2900,1.85,110.05,0.08471445977010279,moorish_idol,Zanclus cornutus,random_forest
918:2901,1.85,110.15,0.08471445977010279,moorish_idol,Zanclus cornutus,random_forest
918:2902,1.85,110.25,0.08471445977010279,moorish_idol,Zanclus cornutus,random_forest
918:2903,1.85,110.35,0.08471445977010279,moorish_idol,Zanclus cornutus,random_forest
918:2904,1.85,110.45,0.08543294957773989,moorish_idol,Zanclus cornutus,random_forest
918:2905,1.85,110.55,0.0845084212758531,moorish_idol,Zanclus cornutus,random_forest
918:2906,1.85,110.65,0.0845084212758531,moorish_idol,Zanclus cornutus,random_forest
918:2907,1.85,110.75,0.08396995973739158,moorish_idol,Zanclus cornutus,random_forest
918:2908,1.85,110.85,0.08396995973739158,moorish_idol,Zanclus cornutus,random_forest
918:2909,1.85,110.95,0.08337233837816826,moorish_idol,Zanclus cornutus,random_forest
918:2910,1.85,111.05,0.08337233837816826,moorish_idol,Zanclus cornutus,random_forest
919:2822,1.95,102.25,0.25265797851451816,moorish_idol,Zanclus cornutus,random_forest
919:2823,1.95,102.35,0.25265797851451816,moorish_idol,Zanclus cornutus,random_forest
919:2824,1.95,102.45,0.25265797851451816,moorish_idol,Zanclus cornutus,random_forest
919:2825,1.95,102.55,0.25265797851451816,moorish_idol,Zanclus cornutus,random_forest
919:2841,1.95,104.15,0.23449722134857362,moorish_idol,Zanclus cornutus,random_forest
919:2842,1.95,104.25,0.14841356100729847,moorish_idol,Zanclus cornutus,random_forest
919:2843,1.95,104.35,0.1133489553042231,moorish_idol,Zanclus cornutus,random_forest
919:2844,1.95,104.45,0.1021842933077384,moorish_idol,Zanclus cornutus,random_forest
919:2845,1.95,104.55,0.09362845515221405,moorish_idol,Zanclus cornutus,random_forest
919:2846,1.95,104.65,0.09362845515221405,moorish_idol,Zanclus cornutus,random_forest
919:2847,1.95,104.75,0.09362845515221405,moorish_idol,Zanclus cornutus,random_forest
919:2848,1.95,104.85,0.09362845515221405,moorish_idol,Zanclus cornutus,random_forest
919:2849,1.95,104.95,0.09362845515221405,moorish_idol,Zanclus cornutus,random_forest
919:2850,1.95,105.05,0.09362845515221405,moorish_idol,Zanclus cornutus,random_forest
919:2896,1.95,109.65,0.08744536291914351,moorish_idol,Zanclus cornutus,random_forest
919:2897,1.95,109.75,0.08744536291914351,moorish_idol,Zanclus cornutus,random_forest
919:2898,1.95,109.85,0.08744536291914351,moorish_idol,Zanclus cornutus,random_forest
919:2899,1.95,109.95,0.08744536291914351,moorish_idol,Zanclus cornutus,random_forest
919:2900,1.95,110.05,0.08471445977010279,moorish_idol,Zanclus cornutus,random_forest
919:2901,1.95,110.15,0.08471445977010279,moorish_idol,Zanclus cornutus,random_forest
919:2902,1.95,110.25,0.08471445977010279,moorish_idol,Zanclus cornutus,random_forest
919:2903,1.95,110.35,0.08471445977010279,moorish_idol,Zanclus cornutus,random_forest
919:2904,1.95,110.45,0.08543294957773989,moorish_idol,Zanclus cornutus,random_forest
919:2905,1.95,110.55,0.0845084212758531,moorish_idol,Zanclus cornutus,random_forest
919:2906,1.95,110.65,0.0845084212758531,moorish_idol,Zanclus cornutus,random_forest
919:2907,1.95,110.75,0.08396995973739158,moorish_idol,Zanclus cornutus,random_forest
919:2908,1.95,110.85,0.08396995973739158,moorish_idol,Zanclus cornutus,random_forest
919:2909,1.95,110.95,0.08337233837816826,moorish_idol,Zanclus cornutus,random_forest
919:2910,1.95,111.05,0.08337233837816826,moorish_idol,Zanclus cornutus,random_forest
919:2911,1.95,111.15,0.08337233837816826,moorish_idol,Zanclus cornutus,random_forest
920:2821,2.05,102.15,0.25265797851451816,moorish_idol,Zanclus cornutus,random_forest
920:2822,2.05,102.25,0.25265797851451816,moorish_idol,Zanclus cornutus,random_forest
920:2823,2.05,102.35,0.25265797851451816,moorish_idol,Zanclus cornutus,random_forest
920:2824,2.05,102.45,0.25265797851451816,moorish_idol,Zanclus cornutus,random_forest
920:2825,2.05,102.55,0.25265797851451816,moorish_idol,Zanclus cornutus,random_forest
920:2841,2.05,104.15,0.23449722134857362,moorish_idol,Zanclus cornutus,random_forest
920:2842,2.05,104.25,0.14841356100729847,moorish_idol,Zanclus cornutus,random_forest
920:2843,2.05,104.35,0.1133489553042231,moorish_idol,Zanclus cornutus,random_forest
920:2844,2.05,104.45,0.1021842933077384,moorish_idol,Zanclus cornutus,random_forest
920:2845,2.05,104.55,0.09362845515221405,moorish_idol,Zanclus cornutus,random_forest
920:2846,2.05,104.65,0.09362845515221405,moorish_idol,Zanclus cornutus,random_forest
920:2847,2.05,104.75,0.09362845515221405,moorish_idol,Zanclus cornutus,random_forest
920:2848,2.05,104.85,0.09362845515221405,moorish_idol,Zanclus cornutus,random_forest
920:2849,2.05,104.95,0.09362845515221405,moorish_idol,Zanclus cornutus,random_forest
920:2850,2.05,105.05,0.09362845515221405,moorish_idol,Zanclus cornutus,random_forest
920:2896,2.05,109.65,0.08744536291914351,moorish_idol,Zanclus cornutus,random_forest
920:2897,2.05,109.75,0.08744536291914351,moorish_idol,Zanclus cornutus,random_forest
920:2898,2.05,109.85,0.08744536291914351,moorish_idol,Zanclus cornutus,random_forest
920:2899,2.05,109.95,0.08744536291914351,moorish_idol,Zanclus cornutus,random_forest
920:2900,2.05,110.05,0.08471445977010279,moorish_idol,Zanclus cornutus,random_forest
920:2901,2.05,110.15,0.08471445977010279,moorish_idol,Zanclus cornutus,random_forest
920:2902,2.05,110.25,0.08471445977010279,moorish_idol,Zanclus cornutus,random_forest
920:2903,2.05,110.35,0.08471445977010279,moorish_idol,Zanclus cornutus,random_forest
920:2904,2.05,110.45,0.08543294957773989,moorish_idol,Zanclus cornutus,random_forest
920:2905,2.05,110.55,0.0845084212758531,moorish_idol,Zanclus cornutus,random_forest
920:2906,2.05,110.65,0.0845084212758531,moorish_idol,Zanclus cornutus,random_forest
920:2907,2.05,110.75,0.08396995973739158,moorish_idol,Zanclus cornutus,random_forest
920:2908,2.05,110.85,0.08396995973739158,moorish_idol,Zanclus cornutus,random_forest
920:2909,2.05,110.95,0.08337233837816826,moorish_idol,Zanclus cornutus,random_forest
920:2910,2.05,111.05,0.08337233837816826,moorish_idol,Zanclus cornutus,random_forest
920:2911,2.05,111.15,0.08337233837816826,moorish_idol,Zanclus cornutus,random_forest
921:2819,2.15,101.95,0.2514079785145181,moorish_idol,Zanclus cornutus,random_forest
921:2820,2.15,102.05,0.25265797851451816,moorish_idol,Zanclus cornutus,random_forest
921:2821,2.15,102.15,0.25265797851451816,moorish_idol,Zanclus cornutus,random_forest
921:2822,2.15,102.25,0.25265797851451816,moorish_idol,Zanclus cornutus,random_forest
921:2840,2.15,104.05,0.2328471814630685,moorish_idol,Zanclus cornutus,random_forest
921:2841,2.15,104.15,0.23449722134857362,moorish_idol,Zanclus cornutus,random_forest
921:2842,2.15,104.25,0.14841356100729847,moorish_idol,Zanclus cornutus,random_forest
921:2843,2.15,104.35,0.1133489553042231,moorish_idol,Zanclus cornutus,random_forest
921:2844,2.15,104.45,0.1021842933077384,moorish_idol,Zanclus cornutus,random_forest
921:2845,2.15,104.55,0.09362845515221405,moorish_idol,Zanclus cornutus,random_forest
921:2846,2.15,104.65,0.09362845515221405,moorish_idol,Zanclus cornutus,random_forest
921:2847,2.15,104.75,0.09362845515221405,moorish_idol,Zanclus cornutus,random_forest
921:2848,2.15,104.85,0.09362845515221405,moorish_idol,Zanclus cornutus,random_forest
921:2849,2.15,104.95,0.09362845515221405,moorish_idol,Zanclus cornutus,random_forest
921:2850,2.15,105.05,0.09362845515221405,moorish_idol,Zanclus cornutus,random_forest
921:2897,2.15,109.75,0.08744536291914351,moorish_idol,Zanclus cornutus,random_forest
921:2898,2.15,109.85,0.08744536291914351,moorish_idol,Zanclus cornutus,random_forest
921:2899,2.15,109.95,0.08744536291914351,moorish_idol,Zanclus cornutus,random_forest
921:2900,2.15,110.05,0.08471445977010279,moorish_idol,Zanclus cornutus,random_forest
921:2901,2.15,110.15,0.08471445977010279,moorish_idol,Zanclus cornutus,random_forest
921:2902,2.15,110.25,0.08471445977010279,moorish_idol,Zanclus cornutus,random_forest
921:2903,2.15,110.35,0.08471445977010279,moorish_idol,Zanclus cornutus,random_forest
921:2904,2.15,110.45,0.08543294957773989,moorish_idol,Zanclus cornutus,random_forest
921:2905,2.15,110.55,0.0845084212758531,moorish_idol,Zanclus cornutus,random_forest
921:2906,2.15,110.65,0.0845084212758531,moorish_idol,Zanclus cornutus,random_forest
921:2907,2.15,110.75,0.08396995973739158,moorish_idol,Zanclus cornutus,random_forest
921:2908,2.15,110.85,0.08396995973739158,moorish_idol,Zanclus cornutus,random_forest
921:2909,2.15,110.95,0.08337233837816826,moorish_idol,Zanclus cornutus,random_forest
921:2910,2.15,111.05,0.08337233837816826,moorish_idol,Zanclus cornutus,random_forest
921:2911,2.15,111.15,0.08337233837816826,moorish_idol,Zanclus cornutus,random_forest
921:2912,2.15,111.25,0.08337233837816826,moorish_idol,Zanclus cornutus,random_forest
921:2913,2.15,111.35,0.08337233837816826,moorish_idol,Zanclus cornutus,random_forest
921:2920,2.15,112.05,0.08639772295454737,moorish_idol,Zanclus cornutus,random_forest
922:2818,2.25,101.85,0.2514079785145181,moorish_idol,Zanclus cornutus,random_forest
922:2819,2.25,101.95,0.2514079785145181,moorish_idol,Zanclus cornutus,random_forest
922:2820,2.25,102.05,0.25265797851451816,moorish_idol,Zanclus cornutus,random_forest
922:2840,2.25,104.05,0.2328471814630685,moorish_idol,Zanclus cornutus,random_forest
922:2841,2.25,104.15,0.23449722134857362,moorish_idol,Zanclus cornutus,random_forest
922:2842,2.25,104.25,0.14841356100729847,moorish_idol,Zanclus cornutus,random_forest
922:2843,2.25,104.35,0.1133489553042231,moorish_idol,Zanclus cornutus,random_forest
922:2844,2.25,104.45,0.1021842933077384,moorish_idol,Zanclus cornutus,random_forest
922:2845,2.25,104.55,0.09362845515221405,moorish_idol,Zanclus cornutus,random_forest
922:2846,2.25,104.65,0.09362845515221405,moorish_idol,Zanclus cornutus,random_forest
922:2847,2.25,104.75,0.09362845515221405,moorish_idol,Zanclus cornutus,random_forest
922:2848,2.25,104.85,0.09362845515221405,moorish_idol,Zanclus cornutus,random_forest
922:2849,2.25,104.95,0.09362845515221405,moorish_idol,Zanclus cornutus,random_forest
922:2897,2.25,109.75,0.08744536291914351,moorish_idol,Zanclus cornutus,random_forest
922:2898,2.25,109.85,0.08744536291914351,moorish_idol,Zanclus cornutus,random_forest
922:2899,2.25,109.95,0.08744536291914351,moorish_idol,Zanclus cornutus,random_forest
922:2900,2.25,110.05,0.08471445977010279,moorish_idol,Zanclus cornutus,random_forest
922:2901,2.25,110.15,0.08471445977010279,moorish_idol,Zanclus cornutus,random_forest
922:2902,2.25,110.25,0.08471445977010279,moorish_idol,Zanclus cornutus,random_forest
922:2903,2.25,110.35,0.08471445977010279,moorish_idol,Zanclus cornutus,random_forest
922:2904,2.25,110.45,0.08543294957773989,moorish_idol,Zanclus cornutus,random_forest
922:2905,2.25,110.55,0.0845084212758531,moorish_idol,Zanclus cornutus,random_forest
922:2906,2.25,110.65,0.0845084212758531,moorish_idol,Zanclus cornutus,random_forest
922:2907,2.25,110.75,0.08396995973739158,moorish_idol,Zanclus cornutus,random_forest
922:2908,2.25,110.85,0.08396995973739158,moorish_idol,Zanclus cornutus,random_forest
922:2909,2.25,110.95,0.08337233837816826,moorish_idol,Zanclus cornutus,random_forest
922:2910,2.25,111.05,0.08337233837816826,moorish_idol,Zanclus cornutus,random_forest
922:2911,2.25,111.15,0.08337233837816826,moorish_idol,Zanclus cornutus,random_forest
923:2817,2.35,101.75,0.24896855453643438,moorish_idol,Zanclus cornutus,random_forest
923:2818,2.35,101.85,0.2514079785145181,moorish_idol,Zanclus cornutus,random_forest
923:2819,2.35,101.95,0.2514079785145181,moorish_idol,Zanclus cornutus,random_forest
923:2839,2.35,103.95,0.23077653782099627,moorish_idol,Zanclus cornutus,random_forest
923:2840,2.35,104.05,0.2328471814630685,moorish_idol,Zanclus cornutus,random_forest
923:2841,2.35,104.15,0.23449722134857362,moorish_idol,Zanclus cornutus,random_forest
923:2842,2.35,104.25,0.14841356100729847,moorish_idol,Zanclus cornutus,random_forest
923:2843,2.35,104.35,0.1133489553042231,moorish_idol,Zanclus cornutus,random_forest
923:2844,2.35,104.45,0.1021842933077384,moorish_idol,Zanclus cornutus,random_forest
923:2845,2.35,104.55,0.09362845515221405,moorish_idol,Zanclus cornutus,random_forest
923:2846,2.35,104.65,0.09362845515221405,moorish_idol,Zanclus cornutus,random_forest
923:2847,2.35,104.75,0.09362845515221405,moorish_idol,Zanclus cornutus,random_forest
923:2848,2.35,104.85,0.09362845515221405,moorish_idol,Zanclus cornutus,random_forest
923:2849,2.35,104.95,0.09362845515221405,moorish_idol,Zanclus cornutus,random_forest
923:2897,2.35,109.75,0.08744536291914351,moorish_idol,Zanclus cornutus,random_forest
923:2898,2.35,109.85,0.08744536291914351,moorish_idol,Zanclus cornutus,random_forest
923:2899,2.35,109.95,0.08744536291914351,moorish_idol,Zanclus cornutus,random_forest
923:2900,2.35,110.05,0.08471445977010279,moorish_idol,Zanclus cornutus,random_forest
923:2901,2.35,110.15,0.08471445977010279,moorish_idol,Zanclus cornutus,random_forest
923:2902,2.35,110.25,0.08471445977010279,moorish_idol,Zanclus cornutus,random_forest
923:2903,2.35,110.35,0.08471445977010279,moorish_idol,Zanclus cornutus,random_forest
923:2904,2.35,110.45,0.08543294957773989,moorish_idol,Zanclus cornutus,random_forest
923:2905,2.35,110.55,0.0845084212758531,moorish_idol,Zanclus cornutus,random_forest
923:2906,2.35,110.65,0.0845084212758531,moorish_idol,Zanclus cornutus,random_forest
923:2907,2.35,110.75,0.08396995973739158,moorish_idol,Zanclus cornutus,random_forest
923:2908,2.35,110.85,0.08396995973739158,moorish_idol,Zanclus cornutus,random_forest
923:2909,2.35,110.95,0.08337233837816826,moorish_idol,Zanclus cornutus,random_forest
923:2910,2.35,111.05,0.08337233837816826,moorish_idol,Zanclus cornutus,random_forest
923:2911,2.35,111.15,0.08337233837816826,moorish_idol,Zanclus cornutus,random_forest
923:2912,2.35,111.25,0.08337233837816826,moorish_idol,Zanclus cornutus,random_forest
923:2913,2.35,111.35,0.08337233837816826,moorish_idol,Zanclus cornutus,random_forest
924:2815,2.45,101.55,0.24737994078397646,moorish_idol,Zanclus cornutus,random_forest
924:2816,2.45,101.65,0.24981791622792454,moorish_idol,Zanclus cornutus,random_forest
924:2817,2.45,101.75,0.24896855453643438,moorish_idol,Zanclus cornutus,random_forest
924:2818,2.45,101.85,0.2514079785145181,moorish_idol,Zanclus cornutus,random_forest
924:2838,2.45,103.85,0.23218830252687864,moorish_idol,Zanclus cornutus,random_forest
924:2839,2.45,103.95,0.23077653782099627,moorish_idol,Zanclus cornutus,random_forest
924:2840,2.45,104.05,0.2328471814630685,moorish_idol,Zanclus cornutus,random_forest
924:2841,2.45,104.15,0.23449722134857362,moorish_idol,Zanclus cornutus,random_forest
924:2842,2.45,104.25,0.14841356100729847,moorish_idol,Zanclus cornutus,random_forest
924:2843,2.45,104.35,0.1133489553042231,moorish_idol,Zanclus cornutus,random_forest
924:2844,2.45,104.45,0.1021842933077384,moorish_idol,Zanclus cornutus,random_forest
924:2845,2.45,104.55,0.09362845515221405,moorish_idol,Zanclus cornutus,random_forest
924:2846,2.45,104.65,0.09362845515221405,moorish_idol,Zanclus cornutus,random_forest
924:2847,2.45,104.75,0.09362845515221405,moorish_idol,Zanclus cornutus,random_forest
924:2848,2.45,104.85,0.09362845515221405,moorish_idol,Zanclus cornutus,random_forest
924:2849,2.45,104.95,0.09362845515221405,moorish_idol,Zanclus cornutus,random_forest
924:2898,2.45,109.85,0.08744536291914351,moorish_idol,Zanclus cornutus,random_forest
924:2899,2.45,109.95,0.08744536291914351,moorish_idol,Zanclus cornutus,random_forest
924:2900,2.45,110.05,0.08471445977010279,moorish_idol,Zanclus cornutus,random_forest
924:2901,2.45,110.15,0.08471445977010279,moorish_idol,Zanclus cornutus,random_forest
924:2902,2.45,110.25,0.08471445977010279,moorish_idol,Zanclus cornutus,random_forest
924:2903,2.45,110.35,0.08471445977010279,moorish_idol,Zanclus cornutus,random_forest
924:2904,2.45,110.45,0.08543294957773989,moorish_idol,Zanclus cornutus,random_forest
924:2905,2.45,110.55,0.0845084212758531,moorish_idol,Zanclus cornutus,random_forest
924:2906,2.45,110.65,0.0845084212758531,moorish_idol,Zanclus cornutus,random_forest
924:2907,2.45,110.75,0.08396995973739158,moorish_idol,Zanclus cornutus,random_forest
924:2908,2.45,110.85,0.08396995973739158,moorish_idol,Zanclus cornutus,random_forest
924:2909,2.45,110.95,0.08337233837816826,moorish_idol,Zanclus cornutus,random_forest
924:2910,2.45,111.05,0.08337233837816826,moorish_idol,Zanclus cornutus,random_forest
924:2911,2.45,111.15,0.08337233837816826,moorish_idol,Zanclus cornutus,random_forest
924:2912,2.45,111.25,0.08337233837816826,moorish_idol,Zanclus cornutus,random_forest
925:2814,2.55,101.45,0.24737994078397646,moorish_idol,Zanclus cornutus,random_forest
925:2815,2.55,101.55,0.24737994078397646,moorish_idol,Zanclus cornutus,random_forest
925:2816,2.55,101.65,0.24981791622792454,moorish_idol,Zanclus cornutus,random_forest
925:2817,2.55,101.75,0.24896855453643438,moorish_idol,Zanclus cornutus,random_forest
925:2838,2.55,103.85,0.23218830252687864,moorish_idol,Zanclus cornutus,random_forest
925:2839,2.55,103.95,0.23077653782099627,moorish_idol,Zanclus cornutus,random_forest
925:2840,2.55,104.05,0.2328471814630685,moorish_idol,Zanclus cornutus,random_forest
925:2841,2.55,104.15,0.23449722134857362,moorish_idol,Zanclus cornutus,random_forest
925:2842,2.55,104.25,0.14841356100729847,moorish_idol,Zanclus cornutus,random_forest
925:2843,2.55,104.35,0.1133489553042231,moorish_idol,Zanclus cornutus,random_forest
925:2844,2.55,104.45,0.1021842933077384,moorish_idol,Zanclus cornutus,random_forest
925:2845,2.55,104.55,0.09362845515221405,moorish_idol,Zanclus cornutus,random_forest
925:2846,2.55,104.65,0.09362845515221405,moorish_idol,Zanclus cornutus,random_forest
925:2847,2.55,104.75,0.09362845515221405,moorish_idol,Zanclus cornutus,random_forest
925:2848,2.55,104.85,0.09362845515221405,moorish_idol,Zanclus cornutus,random_forest
925:2849,2.55,104.95,0.09362845515221405,moorish_idol,Zanclus cornutus,random_forest
925:2898,2.55,109.85,0.08744536291914351,moorish_idol,Zanclus cornutus,random_forest
925:2899,2.55,109.95,0.08744536291914351,moorish_idol,Zanclus cornutus,random_forest
925:2900,2.55,110.05,0.08471445977010279,moorish_idol,Zanclus cornutus,random_forest
925:2901,2.55,110.15,0.08471445977010279,moorish_idol,Zanclus cornutus,random_forest
925:2902,2.55,110.25,0.08471445977010279,moorish_idol,Zanclus cornutus,random_forest
925:2903,2.55,110.35,0.08471445977010279,moorish_idol,Zanclus cornutus,random_forest
925:2904,2.55,110.45,0.08543294957773989,moorish_idol,Zanclus cornutus,random_forest
925:2905,2.55,110.55,0.0845084212758531,moorish_idol,Zanclus cornutus,random_forest
925:2906,2.55,110.65,0.0845084212758531,moorish_idol,Zanclus cornutus,random_forest
925:2907,2.55,110.75,0.08396995973739158,moorish_idol,Zanclus cornutus,random_forest
925:2908,2.55,110.85,0.08396995973739158,moorish_idol,Zanclus cornutus,random_forest
925:2909,2.55,110.95,0.08337233837816826,moorish_idol,Zanclus cornutus,random_forest
925:2910,2.55,111.05,0.08337233837816826,moorish_idol,Zanclus cornutus,random_forest
925:2911,2.55,111.15,0.08337233837816826,moorish_idol,Zanclus cornutus,random_forest
925:2912,2.55,111.25,0.08337233837816826,moorish_idol,Zanclus cornutus,random_forest
926:2813,2.65,101.35,0.2484386886398941,moorish_idol,Zanclus cornutus,random_forest
926:2814,2.65,101.45,0.2478705068217123,moorish_idol,Zanclus cornutus,random_forest
926:2815,2.65,101.55,0.2478705068217123,moorish_idol,Zanclus cornutus,random_forest
926:2837,2.65,103.75,0.23267886856461448,moorish_idol,Zanclus cornutus,random_forest
926:2838,2.65,103.85,0.23267886856461448,moorish_idol,Zanclus cornutus,random_forest
926:2839,2.65,103.95,0.23126710385873211,moorish_idol,Zanclus cornutus,random_forest
926:2840,2.65,104.05,0.23333774750080433,moorish_idol,Zanclus cornutus,random_forest
926:2841,2.65,104.15,0.23498778738630946,moorish_idol,Zanclus cornutus,random_forest
926:2842,2.65,104.25,0.1489041270450343,moorish_idol,Zanclus cornutus,random_forest
926:2843,2.65,104.35,0.11383952134195899,moorish_idol,Zanclus cornutus,random_forest
926:2844,2.65,104.45,0.10267485934547428,moorish_idol,Zanclus cornutus,random_forest
926:2845,2.65,104.55,0.09411902118994989,moorish_idol,Zanclus cornutus,random_forest
926:2846,2.65,104.65,0.09411902118994989,moorish_idol,Zanclus cornutus,random_forest
926:2847,2.65,104.75,0.09411902118994989,moorish_idol,Zanclus cornutus,random_forest
926:2848,2.65,104.85,0.09411902118994989,moorish_idol,Zanclus cornutus,random_forest
926:2898,2.65,109.85,0.08793592895687935,moorish_idol,Zanclus cornutus,random_forest
926:2899,2.65,109.95,0.08793592895687935,moorish_idol,Zanclus cornutus,random_forest
926:2900,2.65,110.05,0.08520502580783865,moorish_idol,Zanclus cornutus,random_forest
926:2901,2.65,110.15,0.08520502580783865,moorish_idol,Zanclus cornutus,random_forest
926:2902,2.65,110.25,0.08520502580783865,moorish_idol,Zanclus cornutus,random_forest
926:2903,2.65,110.35,0.08520502580783865,moorish_idol,Zanclus cornutus,random_forest
926:2904,2.65,110.45,0.08592351561547575,moorish_idol,Zanclus cornutus,random_forest
926:2905,2.65,110.55,0.08499898731358896,moorish_idol,Zanclus cornutus,random_forest
926:2906,2.65,110.65,0.08499898731358896,moorish_idol,Zanclus cornutus,random_forest
926:2907,2.65,110.75,0.08446052577512743,moorish_idol,Zanclus cornutus,random_forest
926:2908,2.65,110.85,0.08446052577512743,moorish_idol,Zanclus cornutus,random_forest
926:2909,2.65,110.95,0.0838629044159041,moorish_idol,Zanclus cornutus,random_forest
926:2910,2.65,111.05,0.0838629044159041,moorish_idol,Zanclus cornutus,random_forest
926:2911,2.65,111.15,0.0838629044159041,moorish_idol,Zanclus cornutus,random_forest
926:2912,2.65,111.25,0.0838629044159041,moorish_idol,Zanclus cornutus,random_forest
927:2811,2.75,101.15,0.28623715040854086,moorish_idol,Zanclus cornutus,random_forest
927:2812,2.75,101.25,0.28623715040854086,moorish_idol,Zanclus cornutus,random_forest
927:2813,2.75,101.35,0.2847371504085409,moorish_idol,Zanclus cornutus,random_forest
927:2835,2.75,103.55,0.27139149014524727,moorish_idol,Zanclus cornutus,random_forest
927:2836,2.75,103.65,0.27132192492785595,moorish_idol,Zanclus cornutus,random_forest
927:2837,2.75,103.75,0.270571924927856,moorish_idol,Zanclus cornutus,random_forest
927:2838,2.75,103.85,0.270571924927856,moorish_idol,Zanclus cornutus,random_forest
927:2839,2.75,103.95,0.26916016022197364,moorish_idol,Zanclus cornutus,random_forest
927:2840,2.75,104.05,0.2714701655661735,moorish_idol,Zanclus cornutus,random_forest
927:2842,2.75,104.25,0.18703654511040352,moorish_idol,Zanclus cornutus,random_forest
927:2843,2.75,104.35,0.14619119876870504,moorish_idol,Zanclus cornutus,random_forest
927:2844,2.75,104.45,0.13148345842292938,moorish_idol,Zanclus cornutus,random_forest
927:2845,2.75,104.55,0.12292762026740499,moorish_idol,Zanclus cornutus,random_forest
927:2846,2.75,104.65,0.12292762026740499,moorish_idol,Zanclus cornutus,random_forest
927:2847,2.75,104.75,0.12292762026740499,moorish_idol,Zanclus cornutus,random_forest
927:2848,2.75,104.85,0.12292762026740499,moorish_idol,Zanclus cornutus,random_forest
927:2898,2.75,109.85,0.11674452803433442,moorish_idol,Zanclus cornutus,random_forest
927:2899,2.75,109.95,0.11674452803433442,moorish_idol,Zanclus cornutus,random_forest
927:2900,2.75,110.05,0.11401362488529372,moorish_idol,Zanclus cornutus,random_forest
927:2901,2.75,110.15,0.11401362488529372,moorish_idol,Zanclus cornutus,random_forest
927:2902,2.75,110.25,0.11401362488529372,moorish_idol,Zanclus cornutus,random_forest
927:2903,2.75,110.35,0.11401362488529372,moorish_idol,Zanclus cornutus,random_forest
927:2904,2.75,110.45,0.11473211469293082,moorish_idol,Zanclus cornutus,random_forest
927:2905,2.75,110.55,0.11380758639104403,moorish_idol,Zanclus cornutus,random_forest
927:2906,2.75,110.65,0.11380758639104403,moorish_idol,Zanclus cornutus,random_forest
927:2907,2.75,110.75,0.11326912485258249,moorish_idol,Zanclus cornutus,random_forest
927:2908,2.75,110.85,0.11326912485258249,moorish_idol,Zanclus cornutus,random_forest
927:2909,2.75,110.95,0.11267150349335919,moorish_idol,Zanclus cornutus,random_forest
927:2910,2.75,111.05,0.11267150349335919,moorish_idol,Zanclus cornutus,random_forest
927:2911,2.75,111.15,0.11274585301014307,moorish_idol,Zanclus cornutus,random_forest
927:2912,2.75,111.25,0.11274585301014307,moorish_idol,Zanclus cornutus,random_forest
927:2914,2.75,111.45,0.11274585301014307,moorish_idol,Zanclus cornutus,random_forest
928:2810,2.85,101.05,0.28623715040854086,moorish_idol,Zanclus cornutus,random_forest
928:2811,2.85,101.15,0.28623715040854086,moorish_idol,Zanclus cornutus,random_forest
928:2812,2.85,101.25,0.28623715040854086,moorish_idol,Zanclus cornutus,random_forest
928:2835,2.85,103.55,0.27139149014524727,moorish_idol,Zanclus cornutus,random_forest
928:2836,2.85,103.65,0.27132192492785595,moorish_idol,Zanclus cornutus,random_forest
928:2837,2.85,103.75,0.270571924927856,moorish_idol,Zanclus cornutus,random_forest
928:2838,2.85,103.85,0.270571924927856,moorish_idol,Zanclus cornutus,random_forest
928:2839,2.85,103.95,0.26916016022197364,moorish_idol,Zanclus cornutus,random_forest
928:2840,2.85,104.05,0.2714701655661735,moorish_idol,Zanclus cornutus,random_forest
928:2841,2.85,104.15,0.2731202054516786,moorish_idol,Zanclus cornutus,random_forest
928:2842,2.85,104.25,0.18703654511040352,moorish_idol,Zanclus cornutus,random_forest
928:2843,2.85,104.35,0.14619119876870504,moorish_idol,Zanclus cornutus,random_forest
928:2844,2.85,104.45,0.13148345842292938,moorish_idol,Zanclus cornutus,random_forest
928:2845,2.85,104.55,0.12292762026740499,moorish_idol,Zanclus cornutus,random_forest
928:2846,2.85,104.65,0.12292762026740499,moorish_idol,Zanclus cornutus,random_forest
928:2847,2.85,104.75,0.12292762026740499,moorish_idol,Zanclus cornutus,random_forest
928:2848,2.85,104.85,0.12292762026740499,moorish_idol,Zanclus cornutus,random_forest
928:2899,2.85,109.95,0.11674452803433442,moorish_idol,Zanclus cornutus,random_forest
928:2900,2.85,110.05,0.11401362488529372,moorish_idol,Zanclus cornutus,random_forest
928:2901,2.85,110.15,0.11401362488529372,moorish_idol,Zanclus cornutus,random_forest
928:2902,2.85,110.25,0.11401362488529372,moorish_idol,Zanclus cornutus,random_forest
928:2903,2.85,110.35,0.11401362488529372,moorish_idol,Zanclus cornutus,random_forest
928:2904,2.85,110.45,0.11473211469293082,moorish_idol,Zanclus cornutus,random_forest
928:2905,2.85,110.55,0.11380758639104403,moorish_idol,Zanclus cornutus,random_forest
928:2906,2.85,110.65,0.11380758639104403,moorish_idol,Zanclus cornutus,random_forest
928:2907,2.85,110.75,0.11326912485258249,moorish_idol,Zanclus cornutus,random_forest
928:2908,2.85,110.85,0.11326912485258249,moorish_idol,Zanclus cornutus,random_forest
928:2909,2.85,110.95,0.11267150349335919,moorish_idol,Zanclus cornutus,random_forest
928:2910,2.85,111.05,0.11267150349335919,moorish_idol,Zanclus cornutus,random_forest
928:2911,2.85,111.15,0.11274585301014307,moorish_idol,Zanclus cornutus,random_forest
928:2912,2.85,111.25,0.11274585301014307,moorish_idol,Zanclus cornutus,random_forest
928:2913,2.85,111.35,0.11274585301014307,moorish_idol,Zanclus cornutus,random_forest
928:2914,2.85,111.45,0.11274585301014307,moorish_idol,Zanclus cornutus,random_forest
928:2915,2.85,111.55,0.11274585301014307,moorish_idol,Zanclus cornutus,random_forest
928:2916,2.85,111.65,0.11274585301014307,moorish_idol,Zanclus cornutus,random_forest
929:2809,2.95,100.95,0.2502646565217396,moorish_idol,Zanclus cornutus,random_forest
929:2810,2.95,101.05,0.2502646565217396,moorish_idol,Zanclus cornutus,random_forest
929:2811,2.95,101.15,0.2502646565217396,moorish_idol,Zanclus cornutus,random_forest
929:2834,2.95,103.45,0.23464594581992762,moorish_idol,Zanclus cornutus,random_forest
929:2835,2.95,103.55,0.2325942451396555,moorish_idol,Zanclus cornutus,random_forest
929:2836,2.95,103.65,0.23145560613890467,moorish_idol,Zanclus cornutus,random_forest
929:2837,2.95,103.75,0.23070560613890467,moorish_idol,Zanclus cornutus,random_forest
929:2838,2.95,103.85,0.23070560613890467,moorish_idol,Zanclus cornutus,random_forest
929:2839,2.95,103.95,0.2292938414330223,moorish_idol,Zanclus cornutus,random_forest
929:2840,2.95,104.05,0.2316038467772222,moorish_idol,Zanclus cornutus,random_forest
929:2841,2.95,104.15,0.23325388666272734,moorish_idol,Zanclus cornutus,random_forest
929:2842,2.95,104.25,0.14717022632145219,moorish_idol,Zanclus cornutus,random_forest
929:2843,2.95,104.35,0.10632487997975365,moorish_idol,Zanclus cornutus,random_forest
929:2844,2.95,104.45,0.091617139633978,moorish_idol,Zanclus cornutus,random_forest
929:2845,2.95,104.55,0.08306130147845363,moorish_idol,Zanclus cornutus,random_forest
929:2846,2.95,104.65,0.08306130147845363,moorish_idol,Zanclus cornutus,random_forest
929:2847,2.95,104.75,0.08306130147845363,moorish_idol,Zanclus cornutus,random_forest
929:2848,2.95,104.85,0.08306130147845363,moorish_idol,Zanclus cornutus,random_forest
929:2899,2.95,109.95,0.07687820924538309,moorish_idol,Zanclus cornutus,random_forest
929:2900,2.95,110.05,0.07414730609634239,moorish_idol,Zanclus cornutus,random_forest
929:2901,2.95,110.15,0.07414730609634239,moorish_idol,Zanclus cornutus,random_forest
929:2902,2.95,110.25,0.07414730609634239,moorish_idol,Zanclus cornutus,random_forest
929:2903,2.95,110.35,0.07414730609634239,moorish_idol,Zanclus cornutus,random_forest
929:2904,2.95,110.45,0.07486579590397949,moorish_idol,Zanclus cornutus,random_forest
929:2905,2.95,110.55,0.0739412676020927,moorish_idol,Zanclus cornutus,random_forest
929:2906,2.95,110.65,0.0739412676020927,moorish_idol,Zanclus cornutus,random_forest
929:2907,2.95,110.75,0.07340280606363114,moorish_idol,Zanclus cornutus,random_forest
929:2908,2.95,110.85,0.07340280606363114,moorish_idol,Zanclus cornutus,random_forest
929:2909,2.95,110.95,0.07280518470440783,moorish_idol,Zanclus cornutus,random_forest
929:2910,2.95,111.05,0.07280518470440783,moorish_idol,Zanclus cornutus,random_forest
929:2911,2.95,111.15,0.07287953422119173,moorish_idol,Zanclus cornutus,random_forest
929:2912,2.95,111.25,0.07287953422119173,moorish_idol,Zanclus cornutus,random_forest
929:2913,2.95,111.35,0.07287953422119173,moorish_idol,Zanclus cornutus,random_forest
929:2914,2.95,111.45,0.07287953422119173,moorish_idol,Zanclus cornutus,random_forest
929:2915,2.95,111.55,0.07287953422119173,moorish_idol,Zanclus cornutus,random_forest
929:2916,2.95,111.65,0.07287953422119173,moorish_idol,Zanclus cornutus,random_forest
929:2917,2.95,111.75,0.07411920451185657,moorish_idol,Zanclus cornutus,random_forest
929:2918,2.95,111.85,0.07411920451185657,moorish_idol,Zanclus cornutus,random_forest
929:2919,2.95,111.95,0.07411920451185657,moorish_idol,Zanclus cornutus,random_forest
929:2920,2.95,112.05,0.07590491879757084,moorish_idol,Zanclus cornutus,random_forest
929:2921,2.95,112.15,0.07696920638613028,moorish_idol,Zanclus cornutus,random_forest
930:2808,3.05,100.85,0.2502646565217396,moorish_idol,Zanclus cornutus,random_forest
930:2809,3.05,100.95,0.2502646565217396,moorish_idol,Zanclus cornutus,random_forest
930:2810,3.05,101.05,0.2502646565217396,moorish_idol,Zanclus cornutus,random_forest
930:2811,3.05,101.15,0.2502646565217396,moorish_idol,Zanclus cornutus,random_forest
930:2813,3.05,101.35,0.24876465652173962,moorish_idol,Zanclus cornutus,random_forest
930:2834,3.05,103.45,0.23464594581992762,moorish_idol,Zanclus cornutus,random_forest
930:2835,3.05,103.55,0.2325942451396555,moorish_idol,Zanclus cornutus,random_forest
930:2836,3.05,103.65,0.23145560613890467,moorish_idol,Zanclus cornutus,random_forest
930:2837,3.05,103.75,0.23070560613890467,moorish_idol,Zanclus cornutus,random_forest
930:2838,3.05,103.85,0.23070560613890467,moorish_idol,Zanclus cornutus,random_forest
930:2839,3.05,103.95,0.2292938414330223,moorish_idol,Zanclus cornutus,random_forest
930:2840,3.05,104.05,0.2316038467772222,moorish_idol,Zanclus cornutus,random_forest
930:2841,3.05,104.15,0.23325388666272734,moorish_idol,Zanclus cornutus,random_forest
930:2842,3.05,104.25,0.14717022632145219,moorish_idol,Zanclus cornutus,random_forest
930:2843,3.05,104.35,0.10632487997975365,moorish_idol,Zanclus cornutus,random_forest
930:2844,3.05,104.45,0.091617139633978,moorish_idol,Zanclus cornutus,random_forest
930:2845,3.05,104.55,0.08306130147845363,moorish_idol,Zanclus cornutus,random_forest
930:2846,3.05,104.65,0.08306130147845363,moorish_idol,Zanclus cornutus,random_forest
930:2847,3.05,104.75,0.08306130147845363,moorish_idol,Zanclus cornutus,random_forest
930:2899,3.05,109.95,0.07687820924538309,moorish_idol,Zanclus cornutus,random_forest
930:2900,3.05,110.05,0.07414730609634239,moorish_idol,Zanclus cornutus,random_forest
930:2901,3.05,110.15,0.07414730609634239,moorish_idol,Zanclus cornutus,random_forest
930:2902,3.05,110.25,0.07414730609634239,moorish_idol,Zanclus cornutus,random_forest
930:2903,3.05,110.35,0.07414730609634239,moorish_idol,Zanclus cornutus,random_forest
930:2904,3.05,110.45,0.07486579590397949,moorish_idol,Zanclus cornutus,random_forest
930:2905,3.05,110.55,0.0739412676020927,moorish_idol,Zanclus cornutus,random_forest
930:2906,3.05,110.65,0.0739412676020927,moorish_idol,Zanclus cornutus,random_forest
930:2907,3.05,110.75,0.07340280606363114,moorish_idol,Zanclus cornutus,random_forest
930:2908,3.05,110.85,0.07340280606363114,moorish_idol,Zanclus cornutus,random_forest
930:2909,3.05,110.95,0.07280518470440783,moorish_idol,Zanclus cornutus,random_forest
930:2910,3.05,111.05,0.07280518470440783,moorish_idol,Zanclus cornutus,random_forest
930:2911,3.05,111.15,0.07287953422119173,moorish_idol,Zanclus cornutus,random_forest
930:2912,3.05,111.25,0.07287953422119173,moorish_idol,Zanclus cornutus,random_forest
930:2913,3.05,111.35,0.07287953422119173,moorish_idol,Zanclus cornutus,random_forest
930:2914,3.05,111.45,0.07287953422119173,moorish_idol,Zanclus cornutus,random_forest
930:2915,3.05,111.55,0.07287953422119173,moorish_idol,Zanclus cornutus,random_forest
930:2916,3.05,111.65,0.07287953422119173,moorish_idol,Zanclus cornutus,random_forest
930:2917,3.05,111.75,0.07411920451185657,moorish_idol,Zanclus cornutus,random_forest
930:2918,3.05,111.85,0.07411920451185657,moorish_idol,Zanclus cornutus,random_forest
930:2919,3.05,111.95,0.07411920451185657,moorish_idol,Zanclus cornutus,random_forest
930:2920,3.05,112.05,0.07590491879757084,moorish_idol,Zanclus cornutus,random_forest
930:2921,3.05,112.15,0.07696920638613028,moorish_idol,Zanclus cornutus,random_forest
930:2922,3.05,112.25,0.07696920638613028,moorish_idol,Zanclus cornutus,random_forest
930:2923,3.05,112.35,0.07984078593347393,moorish_idol,Zanclus cornutus,random_forest
930:2924,3.05,112.45,0.07984078593347393,moorish_idol,Zanclus cornutus,random_forest
930:2925,3.05,112.55,0.07984078593347393,moorish_idol,Zanclus cornutus,random_forest
930:2926,3.05,112.65,0.08140723568944942,moorish_idol,Zanclus cornutus,random_forest
931:2807,3.15,100.75,0.2338859049884483,moorish_idol,Zanclus cornutus,random_forest
931:2808,3.15,100.85,0.2338859049884483,moorish_idol,Zanclus cornutus,random_forest
931:2809,3.15,100.95,0.2338859049884483,moorish_idol,Zanclus cornutus,random_forest
931:2810,3.15,101.05,0.2338859049884483,moorish_idol,Zanclus cornutus,random_forest
931:2811,3.15,101.15,0.2338859049884483,moorish_idol,Zanclus cornutus,random_forest
931:2812,3.15,101.25,0.2338859049884483,moorish_idol,Zanclus cornutus,random_forest
931:2834,3.15,103.45,0.21297812050456563,moorish_idol,Zanclus cornutus,random_forest
931:2835,3.15,103.55,0.2109264198242935,moorish_idol,Zanclus cornutus,random_forest
931:2836,3.15,103.65,0.2097877808235427,moorish_idol,Zanclus cornutus,random_forest
931:2837,3.15,103.75,0.2090377808235427,moorish_idol,Zanclus cornutus,random_forest
931:2838,3.15,103.85,0.2090377808235427,moorish_idol,Zanclus cornutus,random_forest
931:2839,3.15,103.95,0.20762601611766035,moorish_idol,Zanclus cornutus,random_forest
931:2840,3.15,104.05,0.20993602146186024,moorish_idol,Zanclus cornutus,random_forest
931:2841,3.15,104.15,0.21158606134736535,moorish_idol,Zanclus cornutus,random_forest
931:2842,3.15,104.25,0.12550240100609017,moorish_idol,Zanclus cornutus,random_forest
931:2843,3.15,104.35,0.08400012035782226,moorish_idol,Zanclus cornutus,random_forest
931:2844,3.15,104.45,0.0692923800120466,moorish_idol,Zanclus cornutus,random_forest
931:2845,3.15,104.55,0.06073654185652224,moorish_idol,Zanclus cornutus,random_forest
931:2846,3.15,104.65,0.06073654185652224,moorish_idol,Zanclus cornutus,random_forest
931:2847,3.15,104.75,0.06073654185652224,moorish_idol,Zanclus cornutus,random_forest
931:2899,3.15,109.95,0.0545534496234517,moorish_idol,Zanclus cornutus,random_forest
931:2900,3.15,110.05,0.051822546474411015,moorish_idol,Zanclus cornutus,random_forest
931:2901,3.15,110.15,0.051822546474411015,moorish_idol,Zanclus cornutus,random_forest
931:2902,3.15,110.25,0.051822546474411015,moorish_idol,Zanclus cornutus,random_forest
931:2903,3.15,110.35,0.051822546474411015,moorish_idol,Zanclus cornutus,random_forest
931:2904,3.15,110.45,0.05254103628204811,moorish_idol,Zanclus cornutus,random_forest
931:2905,3.15,110.55,0.05161650798016132,moorish_idol,Zanclus cornutus,random_forest
931:2906,3.15,110.65,0.05161650798016132,moorish_idol,Zanclus cornutus,random_forest
931:2907,3.15,110.75,0.051078046441699776,moorish_idol,Zanclus cornutus,random_forest
931:2908,3.15,110.85,0.051078046441699776,moorish_idol,Zanclus cornutus,random_forest
931:2909,3.15,110.95,0.05048042508247647,moorish_idol,Zanclus cornutus,random_forest
931:2910,3.15,111.05,0.05048042508247647,moorish_idol,Zanclus cornutus,random_forest
931:2911,3.15,111.15,0.05055477459926037,moorish_idol,Zanclus cornutus,random_forest
931:2912,3.15,111.25,0.05055477459926037,moorish_idol,Zanclus cornutus,random_forest
931:2913,3.15,111.35,0.05055477459926037,moorish_idol,Zanclus cornutus,random_forest
931:2914,3.15,111.45,0.05055477459926037,moorish_idol,Zanclus cornutus,random_forest
931:2915,3.15,111.55,0.05055477459926037,moorish_idol,Zanclus cornutus,random_forest
931:2916,3.15,111.65,0.05055477459926037,moorish_idol,Zanclus cornutus,random_forest
931:2917,3.15,111.75,0.05179444488992517,moorish_idol,Zanclus cornutus,random_forest
931:2918,3.15,111.85,0.05179444488992517,moorish_idol,Zanclus cornutus,random_forest
931:2919,3.15,111.95,0.05179444488992517,moorish_idol,Zanclus cornutus,random_forest
931:2920,3.15,112.05,0.05358015917563945,moorish_idol,Zanclus cornutus,random_forest
931:2921,3.15,112.15,0.054644446764198884,moorish_idol,Zanclus cornutus,random_forest
931:2922,3.15,112.25,0.054644446764198884,moorish_idol,Zanclus cornutus,random_forest
931:2923,3.15,112.35,0.057516026311542554,moorish_idol,Zanclus cornutus,random_forest
931:2924,3.15,112.45,0.057516026311542554,moorish_idol,Zanclus cornutus,random_forest
931:2925,3.15,112.55,0.057516026311542554,moorish_idol,Zanclus cornutus,random_forest
931:2926,3.15,112.65,0.05998323942629666,moorish_idol,Zanclus cornutus,random_forest
931:2927,3.15,112.75,0.05998323942629666,moorish_idol,Zanclus cornutus,random_forest
931:2928,3.15,112.85,0.06577850379893377,moorish_idol,Zanclus cornutus,random_forest
931:2929,3.15,112.95,0.06617427546912404,moorish_idol,Zanclus cornutus,random_forest
931:2933,3.15,113.35,0.0715700828493735,moorish_idol,Zanclus cornutus,random_forest
931:2997,3.15,119.75,0.6464490689838213,moorish_idol,Zanclus cornutus,random_forest
931:2998,3.15,119.85,0.6464490689838213,moorish_idol,Zanclus cornutus,random_forest
931:2999,3.15,119.95,0.6464490689838213,moorish_idol,Zanclus cornutus,random_forest
932:2805,3.25,100.55,0.23325368614346348,moorish_idol,Zanclus cornutus,random_forest
932:2806,3.25,100.65,0.23325368614346348,moorish_idol,Zanclus cornutus,random_forest
932:2807,3.25,100.75,0.23325368614346348,moorish_idol,Zanclus cornutus,random_forest
932:2808,3.25,100.85,0.23325368614346348,moorish_idol,Zanclus cornutus,random_forest
932:2809,3.25,100.95,0.23325368614346348,moorish_idol,Zanclus cornutus,random_forest
932:2810,3.25,101.05,0.23325368614346348,moorish_idol,Zanclus cornutus,random_forest
932:2811,3.25,101.15,0.23325368614346348,moorish_idol,Zanclus cornutus,random_forest
932:2812,3.25,101.25,0.23325368614346348,moorish_idol,Zanclus cornutus,random_forest
932:2834,3.25,103.45,0.2123459016595808,moorish_idol,Zanclus cornutus,random_forest
932:2835,3.25,103.55,0.2102942009793087,moorish_idol,Zanclus cornutus,random_forest
932:2836,3.25,103.65,0.2091555619785579,moorish_idol,Zanclus cornutus,random_forest
932:2837,3.25,103.75,0.2084055619785579,moorish_idol,Zanclus cornutus,random_forest
932:2838,3.25,103.85,0.2084055619785579,moorish_idol,Zanclus cornutus,random_forest
932:2839,3.25,103.95,0.2064831589748032,moorish_idol,Zanclus cornutus,random_forest
932:2840,3.25,104.05,0.2087931643190031,moorish_idol,Zanclus cornutus,random_forest
932:2841,3.25,104.15,0.2104432042045082,moorish_idol,Zanclus cornutus,random_forest
932:2842,3.25,104.25,0.12435954386323303,moorish_idol,Zanclus cornutus,random_forest
932:2843,3.25,104.35,0.08285726321496512,moorish_idol,Zanclus cornutus,random_forest
932:2844,3.25,104.45,0.06814952286918947,moorish_idol,Zanclus cornutus,random_forest
932:2845,3.25,104.55,0.05959368471366509,moorish_idol,Zanclus cornutus,random_forest
932:2846,3.25,104.65,0.05959368471366509,moorish_idol,Zanclus cornutus,random_forest
932:2847,3.25,104.75,0.05959368471366509,moorish_idol,Zanclus cornutus,random_forest
932:2899,3.25,109.95,0.05341059248059455,moorish_idol,Zanclus cornutus,random_forest
932:2900,3.25,110.05,0.05067968933155387,moorish_idol,Zanclus cornutus,random_forest
932:2901,3.25,110.15,0.05067968933155387,moorish_idol,Zanclus cornutus,random_forest
932:2902,3.25,110.25,0.05067968933155387,moorish_idol,Zanclus cornutus,random_forest
932:2903,3.25,110.35,0.05067968933155387,moorish_idol,Zanclus cornutus,random_forest
932:2904,3.25,110.45,0.051398179139190966,moorish_idol,Zanclus cornutus,random_forest
932:2905,3.25,110.55,0.05047365083730417,moorish_idol,Zanclus cornutus,random_forest
932:2906,3.25,110.65,0.05047365083730417,moorish_idol,Zanclus cornutus,random_forest
932:2907,3.25,110.75,0.04993518929884263,moorish_idol,Zanclus cornutus,random_forest
932:2908,3.25,110.85,0.04993518929884263,moorish_idol,Zanclus cornutus,random_forest
932:2909,3.25,110.95,0.049337567939619326,moorish_idol,Zanclus cornutus,random_forest
932:2910,3.25,111.05,0.049337567939619326,moorish_idol,Zanclus cornutus,random_forest
932:2911,3.25,111.15,0.04941191745640322,moorish_idol,Zanclus cornutus,random_forest
932:2912,3.25,111.25,0.04941191745640322,moorish_idol,Zanclus cornutus,random_forest
932:2913,3.25,111.35,0.04941191745640322,moorish_idol,Zanclus cornutus,random_forest
932:2914,3.25,111.45,0.04941191745640322,moorish_idol,Zanclus cornutus,random_forest
932:2915,3.25,111.55,0.04941191745640322,moorish_idol,Zanclus cornutus,random_forest
932:2916,3.25,111.65,0.04941191745640322,moorish_idol,Zanclus cornutus,random_forest
932:2917,3.25,111.75,0.05065158774706802,moorish_idol,Zanclus cornutus,random_forest
932:2918,3.25,111.85,0.05065158774706802,moorish_idol,Zanclus cornutus,random_forest
932:2919,3.25,111.95,0.05065158774706802,moorish_idol,Zanclus cornutus,random_forest
932:2920,3.25,112.05,0.0524373020327823,moorish_idol,Zanclus cornutus,random_forest
932:2921,3.25,112.15,0.05350158962134174,moorish_idol,Zanclus cornutus,random_forest
932:2922,3.25,112.25,0.05350158962134174,moorish_idol,Zanclus cornutus,random_forest
932:2923,3.25,112.35,0.05637316916868541,moorish_idol,Zanclus cornutus,random_forest
932:2924,3.25,112.45,0.05637316916868541,moorish_idol,Zanclus cornutus,random_forest
932:2925,3.25,112.55,0.05637316916868541,moorish_idol,Zanclus cornutus,random_forest
932:2926,3.25,112.65,0.05884038228343951,moorish_idol,Zanclus cornutus,random_forest
932:2927,3.25,112.75,0.05884038228343951,moorish_idol,Zanclus cornutus,random_forest
932:2928,3.25,112.85,0.06463564665607661,moorish_idol,Zanclus cornutus,random_forest
932:2929,3.25,112.95,0.0650314183262669,moorish_idol,Zanclus cornutus,random_forest
932:2930,3.25,113.05,0.06590238606820238,moorish_idol,Zanclus cornutus,random_forest
932:2994,3.25,119.45,0.6464490689838213,moorish_idol,Zanclus cornutus,random_forest
932:2995,3.25,119.55,0.6464490689838213,moorish_idol,Zanclus cornutus,random_forest
932:2996,3.25,119.65,0.6464490689838213,moorish_idol,Zanclus cornutus,random_forest
932:2997,3.25,119.75,0.6464490689838213,moorish_idol,Zanclus cornutus,random_forest
932:2998,3.25,119.85,0.6464490689838213,moorish_idol,Zanclus cornutus,random_forest
933:2804,3.35,100.45,0.22870548806701488,moorish_idol,Zanclus cornutus,random_forest
933:2805,3.35,100.55,0.22870548806701488,moorish_idol,Zanclus cornutus,random_forest
933:2806,3.35,100.65,0.22870548806701488,moorish_idol,Zanclus cornutus,random_forest
933:2807,3.35,100.75,0.22870548806701488,moorish_idol,Zanclus cornutus,random_forest
933:2808,3.35,100.85,0.22870548806701488,moorish_idol,Zanclus cornutus,random_forest
933:2809,3.35,100.95,0.22870548806701488,moorish_idol,Zanclus cornutus,random_forest
933:2810,3.35,101.05,0.22870548806701488,moorish_idol,Zanclus cornutus,random_forest
933:2811,3.35,101.15,0.22870548806701488,moorish_idol,Zanclus cornutus,random_forest
933:2834,3.35,103.45,0.20730590030444368,moorish_idol,Zanclus cornutus,random_forest
933:2835,3.35,103.55,0.20525419962417155,moorish_idol,Zanclus cornutus,random_forest
933:2836,3.35,103.65,0.20411556062342076,moorish_idol,Zanclus cornutus,random_forest
933:2837,3.35,103.75,0.20336556062342076,moorish_idol,Zanclus cornutus,random_forest
933:2838,3.35,103.85,0.20336556062342076,moorish_idol,Zanclus cornutus,random_forest
933:2839,3.35,103.95,0.20144315761966608,moorish_idol,Zanclus cornutus,random_forest
933:2840,3.35,104.05,0.20375316296386592,moorish_idol,Zanclus cornutus,random_forest
933:2841,3.35,104.15,0.20540320284937105,moorish_idol,Zanclus cornutus,random_forest
933:2842,3.35,104.25,0.11931954250809586,moorish_idol,Zanclus cornutus,random_forest
933:2843,3.35,104.35,0.07781726185982797,moorish_idol,Zanclus cornutus,random_forest
933:2844,3.35,104.45,0.0631095215140523,moorish_idol,Zanclus cornutus,random_forest
933:2845,3.35,104.55,0.05455368335852794,moorish_idol,Zanclus cornutus,random_forest
933:2846,3.35,104.65,0.05455368335852794,moorish_idol,Zanclus cornutus,random_forest
933:2847,3.35,104.75,0.05455368335852794,moorish_idol,Zanclus cornutus,random_forest
933:2899,3.35,109.95,0.0483705911254574,moorish_idol,Zanclus cornutus,random_forest
933:2900,3.35,110.05,0.0456396879764167,moorish_idol,Zanclus cornutus,random_forest
933:2901,3.35,110.15,0.0456396879764167,moorish_idol,Zanclus cornutus,random_forest
933:2902,3.35,110.25,0.0456396879764167,moorish_idol,Zanclus cornutus,random_forest
933:2903,3.35,110.35,0.0456396879764167,moorish_idol,Zanclus cornutus,random_forest
933:2904,3.35,110.45,0.0463581777840538,moorish_idol,Zanclus cornutus,random_forest
933:2905,3.35,110.55,0.04543364948216701,moorish_idol,Zanclus cornutus,random_forest
933:2906,3.35,110.65,0.04543364948216701,moorish_idol,Zanclus cornutus,random_forest
933:2907,3.35,110.75,0.044895187943705464,moorish_idol,Zanclus cornutus,random_forest
933:2908,3.35,110.85,0.044895187943705464,moorish_idol,Zanclus cornutus,random_forest
933:2909,3.35,110.95,0.04429756658448216,moorish_idol,Zanclus cornutus,random_forest
933:2910,3.35,111.05,0.04429756658448216,moorish_idol,Zanclus cornutus,random_forest
933:2911,3.35,111.15,0.04437191610126606,moorish_idol,Zanclus cornutus,random_forest
933:2912,3.35,111.25,0.04437191610126606,moorish_idol,Zanclus cornutus,random_forest
933:2913,3.35,111.35,0.04437191610126606,moorish_idol,Zanclus cornutus,random_forest
933:2914,3.35,111.45,0.04437191610126606,moorish_idol,Zanclus cornutus,random_forest
933:2915,3.35,111.55,0.04437191610126606,moorish_idol,Zanclus cornutus,random_forest
933:2916,3.35,111.65,0.04437191610126606,moorish_idol,Zanclus cornutus,random_forest
933:2917,3.35,111.75,0.045611586391930865,moorish_idol,Zanclus cornutus,random_forest
933:2918,3.35,111.85,0.045611586391930865,moorish_idol,Zanclus cornutus,random_forest
933:2919,3.35,111.95,0.045611586391930865,moorish_idol,Zanclus cornutus,random_forest
933:2920,3.35,112.05,0.04739730067764515,moorish_idol,Zanclus cornutus,random_forest
933:2921,3.35,112.15,0.048461588266204586,moorish_idol,Zanclus cornutus,random_forest
933:2922,3.35,112.25,0.048461588266204586,moorish_idol,Zanclus cornutus,random_forest
933:2923,3.35,112.35,0.051333167813548256,moorish_idol,Zanclus cornutus,random_forest
933:2924,3.35,112.45,0.051333167813548256,moorish_idol,Zanclus cornutus,random_forest
933:2925,3.35,112.55,0.051333167813548256,moorish_idol,Zanclus cornutus,random_forest
933:2926,3.35,112.65,0.05380038092830236,moorish_idol,Zanclus cornutus,random_forest
933:2927,3.35,112.75,0.05380038092830236,moorish_idol,Zanclus cornutus,random_forest
933:2928,3.35,112.85,0.059595645300939463,moorish_idol,Zanclus cornutus,random_forest
933:2929,3.35,112.95,0.05999141697112974,moorish_idol,Zanclus cornutus,random_forest
933:2930,3.35,113.05,0.06086238471306522,moorish_idol,Zanclus cornutus,random_forest
933:2931,3.35,113.15,0.06086238471306522,moorish_idol,Zanclus cornutus,random_forest
933:2992,3.35,119.25,0.6464490689838213,moorish_idol,Zanclus cornutus,random_forest
933:2993,3.35,119.35,0.6464490689838213,moorish_idol,Zanclus cornutus,random_forest
933:2994,3.35,119.45,0.6464490689838213,moorish_idol,Zanclus cornutus,random_forest
933:2995,3.35,119.55,0.6464490689838213,moorish_idol,Zanclus cornutus,random_forest
933:2996,3.35,119.65,0.6464490689838213,moorish_idol,Zanclus cornutus,random_forest
933:2997,3.35,119.75,0.6464490689838213,moorish_idol,Zanclus cornutus,random_forest
934:2803,3.45,100.35,0.23354173422275953,moorish_idol,Zanclus cornutus,random_forest
934:2804,3.45,100.45,0.2308216180019541,moorish_idol,Zanclus cornutus,random_forest
934:2805,3.45,100.55,0.2308216180019541,moorish_idol,Zanclus cornutus,random_forest
934:2806,3.45,100.65,0.2308216180019541,moorish_idol,Zanclus cornutus,random_forest
934:2807,3.45,100.75,0.2308216180019541,moorish_idol,Zanclus cornutus,random_forest
934:2808,3.45,100.85,0.2308216180019541,moorish_idol,Zanclus cornutus,random_forest
934:2809,3.45,100.95,0.2308216180019541,moorish_idol,Zanclus cornutus,random_forest
934:2810,3.45,101.05,0.2308216180019541,moorish_idol,Zanclus cornutus,random_forest
934:2834,3.45,103.45,0.2094220302393829,moorish_idol,Zanclus cornutus,random_forest
934:2835,3.45,103.55,0.20737032955911078,moorish_idol,Zanclus cornutus,random_forest
934:2836,3.45,103.65,0.20623169055836,moorish_idol,Zanclus cornutus,random_forest
934:2837,3.45,103.75,0.20548169055836,moorish_idol,Zanclus cornutus,random_forest
934:2838,3.45,103.85,0.20548169055836,moorish_idol,Zanclus cornutus,random_forest
934:2839,3.45,103.95,0.2035592875546053,moorish_idol,Zanclus cornutus,random_forest
934:2840,3.45,104.05,0.20586929289880518,moorish_idol,Zanclus cornutus,random_forest
934:2841,3.45,104.15,0.2075193327843103,moorish_idol,Zanclus cornutus,random_forest
934:2842,3.45,104.25,0.12143567244303512,moorish_idol,Zanclus cornutus,random_forest
934:2843,3.45,104.35,0.07993339179476723,moorish_idol,Zanclus cornutus,random_forest
934:2844,3.45,104.45,0.06522565144899156,moorish_idol,Zanclus cornutus,random_forest
934:2845,3.45,104.55,0.05666981329346719,moorish_idol,Zanclus cornutus,random_forest
934:2846,3.45,104.65,0.05666981329346719,moorish_idol,Zanclus cornutus,random_forest
934:2847,3.45,104.75,0.05666981329346719,moorish_idol,Zanclus cornutus,random_forest
934:2899,3.45,109.95,0.05048672106039666,moorish_idol,Zanclus cornutus,random_forest
934:2900,3.45,110.05,0.047755817911355955,moorish_idol,Zanclus cornutus,random_forest
934:2901,3.45,110.15,0.047755817911355955,moorish_idol,Zanclus cornutus,random_forest
934:2902,3.45,110.25,0.047755817911355955,moorish_idol,Zanclus cornutus,random_forest
934:2903,3.45,110.35,0.047755817911355955,moorish_idol,Zanclus cornutus,random_forest
934:2904,3.45,110.45,0.048474307718993054,moorish_idol,Zanclus cornutus,random_forest
934:2905,3.45,110.55,0.04754977941710627,moorish_idol,Zanclus cornutus,random_forest
934:2906,3.45,110.65,0.04754977941710627,moorish_idol,Zanclus cornutus,random_forest
934:2907,3.45,110.75,0.04701131787864472,moorish_idol,Zanclus cornutus,random_forest
934:2908,3.45,110.85,0.04701131787864472,moorish_idol,Zanclus cornutus,random_forest
934:2909,3.45,110.95,0.04641369651942142,moorish_idol,Zanclus cornutus,random_forest
934:2910,3.45,111.05,0.04641369651942142,moorish_idol,Zanclus cornutus,random_forest
934:2911,3.45,111.15,0.04648804603620532,moorish_idol,Zanclus cornutus,random_forest
934:2912,3.45,111.25,0.04648804603620532,moorish_idol,Zanclus cornutus,random_forest
934:2913,3.45,111.35,0.04648804603620532,moorish_idol,Zanclus cornutus,random_forest
934:2914,3.45,111.45,0.04648804603620532,moorish_idol,Zanclus cornutus,random_forest
934:2915,3.45,111.55,0.04648804603620532,moorish_idol,Zanclus cornutus,random_forest
934:2916,3.45,111.65,0.04648804603620532,moorish_idol,Zanclus cornutus,random_forest
934:2917,3.45,111.75,0.047727716326870125,moorish_idol,Zanclus cornutus,random_forest
934:2918,3.45,111.85,0.047727716326870125,moorish_idol,Zanclus cornutus,random_forest
934:2919,3.45,111.95,0.047727716326870125,moorish_idol,Zanclus cornutus,random_forest
934:2920,3.45,112.05,0.04951343061258442,moorish_idol,Zanclus cornutus,random_forest
934:2921,3.45,112.15,0.05057771820114385,moorish_idol,Zanclus cornutus,random_forest
934:2922,3.45,112.25,0.05057771820114385,moorish_idol,Zanclus cornutus,random_forest
934:2923,3.45,112.35,0.05344929774848752,moorish_idol,Zanclus cornutus,random_forest
934:2924,3.45,112.45,0.05344929774848752,moorish_idol,Zanclus cornutus,random_forest
934:2925,3.45,112.55,0.05344929774848752,moorish_idol,Zanclus cornutus,random_forest
934:2926,3.45,112.65,0.05591651086324161,moorish_idol,Zanclus cornutus,random_forest
934:2927,3.45,112.75,0.05591651086324161,moorish_idol,Zanclus cornutus,random_forest
934:2928,3.45,112.85,0.061711775235878716,moorish_idol,Zanclus cornutus,random_forest
934:2929,3.45,112.95,0.06210754690606899,moorish_idol,Zanclus cornutus,random_forest
934:2930,3.45,113.05,0.06297851464800448,moorish_idol,Zanclus cornutus,random_forest
934:2931,3.45,113.15,0.06297851464800448,moorish_idol,Zanclus cornutus,random_forest
934:2990,3.45,119.05,0.6485651989187604,moorish_idol,Zanclus cornutus,random_forest
934:2991,3.45,119.15,0.6485651989187604,moorish_idol,Zanclus cornutus,random_forest
934:2992,3.45,119.25,0.6485651989187604,moorish_idol,Zanclus cornutus,random_forest
934:2993,3.45,119.35,0.6485651989187604,moorish_idol,Zanclus cornutus,random_forest
934:2994,3.45,119.45,0.6485651989187604,moorish_idol,Zanclus cornutus,random_forest
934:2995,3.45,119.55,0.6485651989187604,moorish_idol,Zanclus cornutus,random_forest
934:2996,3.45,119.65,0.6485651989187604,moorish_idol,Zanclus cornutus,random_forest
935:2802,3.55,100.25,0.2330034267395335,moorish_idol,Zanclus cornutus,random_forest
935:2803,3.55,100.35,0.2308511862547867,moorish_idol,Zanclus cornutus,random_forest
935:2804,3.55,100.45,0.2281310700339813,moorish_idol,Zanclus cornutus,random_forest
935:2805,3.55,100.55,0.2281310700339813,moorish_idol,Zanclus cornutus,random_forest
935:2806,3.55,100.65,0.2281310700339813,moorish_idol,Zanclus cornutus,random_forest
935:2807,3.55,100.75,0.2281310700339813,moorish_idol,Zanclus cornutus,random_forest
935:2808,3.55,100.85,0.2281310700339813,moorish_idol,Zanclus cornutus,random_forest
935:2809,3.55,100.95,0.2281310700339813,moorish_idol,Zanclus cornutus,random_forest
935:2810,3.55,101.05,0.2281310700339813,moorish_idol,Zanclus cornutus,random_forest
935:2834,3.55,103.45,0.20673148227141008,moorish_idol,Zanclus cornutus,random_forest
935:2835,3.55,103.55,0.20467978159113795,moorish_idol,Zanclus cornutus,random_forest
935:2836,3.55,103.65,0.2035411425903872,moorish_idol,Zanclus cornutus,random_forest
935:2837,3.55,103.75,0.2027911425903872,moorish_idol,Zanclus cornutus,random_forest
935:2838,3.55,103.85,0.2027911425903872,moorish_idol,Zanclus cornutus,random_forest
935:2839,3.55,103.95,0.2008687395866325,moorish_idol,Zanclus cornutus,random_forest
935:2840,3.55,104.05,0.20317874493083235,moorish_idol,Zanclus cornutus,random_forest
935:2841,3.55,104.15,0.20482878481633748,moorish_idol,Zanclus cornutus,random_forest
935:2842,3.55,104.25,0.12143567244303512,moorish_idol,Zanclus cornutus,random_forest
935:2843,3.55,104.35,0.07993339179476723,moorish_idol,Zanclus cornutus,random_forest
935:2844,3.55,104.45,0.06522565144899156,moorish_idol,Zanclus cornutus,random_forest
935:2845,3.55,104.55,0.05666981329346719,moorish_idol,Zanclus cornutus,random_forest
935:2846,3.55,104.65,0.05666981329346719,moorish_idol,Zanclus cornutus,random_forest
935:2847,3.55,104.75,0.05666981329346719,moorish_idol,Zanclus cornutus,random_forest
935:2899,3.55,109.95,0.05048672106039666,moorish_idol,Zanclus cornutus,random_forest
935:2900,3.55,110.05,0.047755817911355955,moorish_idol,Zanclus cornutus,random_forest
935:2901,3.55,110.15,0.047755817911355955,moorish_idol,Zanclus cornutus,random_forest
935:2902,3.55,110.25,0.047755817911355955,moorish_idol,Zanclus cornutus,random_forest
935:2903,3.55,110.35,0.047755817911355955,moorish_idol,Zanclus cornutus,random_forest
935:2904,3.55,110.45,0.048474307718993054,moorish_idol,Zanclus cornutus,random_forest
935:2905,3.55,110.55,0.04754977941710627,moorish_idol,Zanclus cornutus,random_forest
935:2906,3.55,110.65,0.04754977941710627,moorish_idol,Zanclus cornutus,random_forest
935:2907,3.55,110.75,0.04701131787864472,moorish_idol,Zanclus cornutus,random_forest
935:2908,3.55,110.85,0.04701131787864472,moorish_idol,Zanclus cornutus,random_forest
935:2909,3.55,110.95,0.04641369651942142,moorish_idol,Zanclus cornutus,random_forest
935:2910,3.55,111.05,0.04641369651942142,moorish_idol,Zanclus cornutus,random_forest
935:2911,3.55,111.15,0.04648804603620532,moorish_idol,Zanclus cornutus,random_forest
935:2912,3.55,111.25,0.04648804603620532,moorish_idol,Zanclus cornutus,random_forest
935:2913,3.55,111.35,0.04648804603620532,moorish_idol,Zanclus cornutus,random_forest
935:2914,3.55,111.45,0.04648804603620532,moorish_idol,Zanclus cornutus,random_forest
935:2915,3.55,111.55,0.04648804603620532,moorish_idol,Zanclus cornutus,random_forest
935:2916,3.55,111.65,0.04648804603620532,moorish_idol,Zanclus cornutus,random_forest
935:2917,3.55,111.75,0.047727716326870125,moorish_idol,Zanclus cornutus,random_forest
935:2918,3.55,111.85,0.047727716326870125,moorish_idol,Zanclus cornutus,random_forest
935:2919,3.55,111.95,0.047727716326870125,moorish_idol,Zanclus cornutus,random_forest
935:2920,3.55,112.05,0.04951343061258442,moorish_idol,Zanclus cornutus,random_forest
935:2921,3.55,112.15,0.05057771820114385,moorish_idol,Zanclus cornutus,random_forest
935:2922,3.55,112.25,0.05057771820114385,moorish_idol,Zanclus cornutus,random_forest
935:2923,3.55,112.35,0.05344929774848752,moorish_idol,Zanclus cornutus,random_forest
935:2924,3.55,112.45,0.05344929774848752,moorish_idol,Zanclus cornutus,random_forest
935:2925,3.55,112.55,0.05344929774848752,moorish_idol,Zanclus cornutus,random_forest
935:2926,3.55,112.65,0.05591651086324161,moorish_idol,Zanclus cornutus,random_forest
935:2927,3.55,112.75,0.05591651086324161,moorish_idol,Zanclus cornutus,random_forest
935:2928,3.55,112.85,0.061711775235878716,moorish_idol,Zanclus cornutus,random_forest
935:2929,3.55,112.95,0.06210754690606899,moorish_idol,Zanclus cornutus,random_forest
935:2930,3.55,113.05,0.06297851464800448,moorish_idol,Zanclus cornutus,random_forest
935:2931,3.55,113.15,0.06297851464800448,moorish_idol,Zanclus cornutus,random_forest
935:2932,3.55,113.25,0.06597687453553963,moorish_idol,Zanclus cornutus,random_forest
935:2988,3.55,118.85,0.6485651989187604,moorish_idol,Zanclus cornutus,random_forest
935:2989,3.55,118.95,0.6485651989187604,moorish_idol,Zanclus cornutus,random_forest
935:2990,3.55,119.05,0.6485651989187604,moorish_idol,Zanclus cornutus,random_forest
935:2991,3.55,119.15,0.6485651989187604,moorish_idol,Zanclus cornutus,random_forest
935:2992,3.55,119.25,0.6485651989187604,moorish_idol,Zanclus cornutus,random_forest
935:2993,3.55,119.35,0.6485651989187604,moorish_idol,Zanclus cornutus,random_forest
935:2994,3.55,119.45,0.6485651989187604,moorish_idol,Zanclus cornutus,random_forest
935:2995,3.55,119.55,0.6485651989187604,moorish_idol,Zanclus cornutus,random_forest
936:2801,3.65,100.15,0.23916104033932367,moorish_idol,Zanclus cornutus,random_forest
936:2802,3.65,100.25,0.23221255683790865,moorish_idol,Zanclus cornutus,random_forest
936:2803,3.65,100.35,0.23006031635316185,moorish_idol,Zanclus cornutus,random_forest
936:2804,3.65,100.45,0.22734020013235645,moorish_idol,Zanclus cornutus,random_forest
936:2805,3.65,100.55,0.22734020013235645,moorish_idol,Zanclus cornutus,random_forest
936:2806,3.65,100.65,0.22734020013235645,moorish_idol,Zanclus cornutus,random_forest
936:2807,3.65,100.75,0.22734020013235645,moorish_idol,Zanclus cornutus,random_forest
936:2808,3.65,100.85,0.22734020013235645,moorish_idol,Zanclus cornutus,random_forest
936:2809,3.65,100.95,0.22734020013235645,moorish_idol,Zanclus cornutus,random_forest
936:2834,3.65,103.45,0.20594061236978523,moorish_idol,Zanclus cornutus,random_forest
936:2835,3.65,103.55,0.2038889116895131,moorish_idol,Zanclus cornutus,random_forest
936:2836,3.65,103.65,0.20275027268876233,moorish_idol,Zanclus cornutus,random_forest
936:2837,3.65,103.75,0.20200027268876233,moorish_idol,Zanclus cornutus,random_forest
936:2838,3.65,103.85,0.20200027268876233,moorish_idol,Zanclus cornutus,random_forest
936:2839,3.65,103.95,0.20007786968500765,moorish_idol,Zanclus cornutus,random_forest
936:2840,3.65,104.05,0.2023878750292075,moorish_idol,Zanclus cornutus,random_forest
936:2841,3.65,104.15,0.2035123766466001,moorish_idol,Zanclus cornutus,random_forest
936:2842,3.65,104.25,0.12011926427329775,moorish_idol,Zanclus cornutus,random_forest
936:2843,3.65,104.35,0.0794078535266547,moorish_idol,Zanclus cornutus,random_forest
936:2844,3.65,104.45,0.06470011318087901,moorish_idol,Zanclus cornutus,random_forest
936:2845,3.65,104.55,0.056144275025354656,moorish_idol,Zanclus cornutus,random_forest
936:2846,3.65,104.65,0.056144275025354656,moorish_idol,Zanclus cornutus,random_forest
936:2847,3.65,104.75,0.056144275025354656,moorish_idol,Zanclus cornutus,random_forest
936:2900,3.65,110.05,0.04723027964324343,moorish_idol,Zanclus cornutus,random_forest
936:2901,3.65,110.15,0.04723027964324343,moorish_idol,Zanclus cornutus,random_forest
936:2902,3.65,110.25,0.04723027964324343,moorish_idol,Zanclus cornutus,random_forest
936:2903,3.65,110.35,0.04723027964324343,moorish_idol,Zanclus cornutus,random_forest
936:2904,3.65,110.45,0.04794876945088053,moorish_idol,Zanclus cornutus,random_forest
936:2905,3.65,110.55,0.047024241148993735,moorish_idol,Zanclus cornutus,random_forest
936:2906,3.65,110.65,0.047024241148993735,moorish_idol,Zanclus cornutus,random_forest
936:2907,3.65,110.75,0.0464857796105322,moorish_idol,Zanclus cornutus,random_forest
936:2908,3.65,110.85,0.0464857796105322,moorish_idol,Zanclus cornutus,random_forest
936:2909,3.65,110.95,0.045888158251308896,moorish_idol,Zanclus cornutus,random_forest
936:2910,3.65,111.05,0.045888158251308896,moorish_idol,Zanclus cornutus,random_forest
936:2911,3.65,111.15,0.04596250776809279,moorish_idol,Zanclus cornutus,random_forest
936:2912,3.65,111.25,0.04596250776809279,moorish_idol,Zanclus cornutus,random_forest
936:2913,3.65,111.35,0.04596250776809279,moorish_idol,Zanclus cornutus,random_forest
936:2914,3.65,111.45,0.04596250776809279,moorish_idol,Zanclus cornutus,random_forest
936:2915,3.65,111.55,0.04596250776809279,moorish_idol,Zanclus cornutus,random_forest
936:2916,3.65,111.65,0.04596250776809279,moorish_idol,Zanclus cornutus,random_forest
936:2917,3.65,111.75,0.04720217805875759,moorish_idol,Zanclus cornutus,random_forest
936:2918,3.65,111.85,0.04720217805875759,moorish_idol,Zanclus cornutus,random_forest
936:2919,3.65,111.95,0.04720217805875759,moorish_idol,Zanclus cornutus,random_forest
936:2920,3.65,112.05,0.04898789234447189,moorish_idol,Zanclus cornutus,random_forest
936:2921,3.65,112.15,0.05005217993303133,moorish_idol,Zanclus cornutus,random_forest
936:2922,3.65,112.25,0.05005217993303133,moorish_idol,Zanclus cornutus,random_forest
936:2923,3.65,112.35,0.052923759480375,moorish_idol,Zanclus cornutus,random_forest
936:2924,3.65,112.45,0.052923759480375,moorish_idol,Zanclus cornutus,random_forest
936:2925,3.65,112.55,0.052923759480375,moorish_idol,Zanclus cornutus,random_forest
936:2926,3.65,112.65,0.05539097259512909,moorish_idol,Zanclus cornutus,random_forest
936:2927,3.65,112.75,0.05539097259512909,moorish_idol,Zanclus cornutus,random_forest
936:2928,3.65,112.85,0.06118623696776619,moorish_idol,Zanclus cornutus,random_forest
936:2929,3.65,112.95,0.061582008637956466,moorish_idol,Zanclus cornutus,random_forest
936:2930,3.65,113.05,0.06245297637989195,moorish_idol,Zanclus cornutus,random_forest
936:2931,3.65,113.15,0.06245297637989195,moorish_idol,Zanclus cornutus,random_forest
936:2932,3.65,113.25,0.06545133626742711,moorish_idol,Zanclus cornutus,random_forest
936:2933,3.65,113.35,0.06697781601820595,moorish_idol,Zanclus cornutus,random_forest
936:2987,3.65,118.75,0.6480396606506479,moorish_idol,Zanclus cornutus,random_forest
936:2988,3.65,118.85,0.6480396606506479,moorish_idol,Zanclus cornutus,random_forest
936:2989,3.65,118.95,0.6480396606506479,moorish_idol,Zanclus cornutus,random_forest
936:2990,3.65,119.05,0.6480396606506479,moorish_idol,Zanclus cornutus,random_forest
936:2991,3.65,119.15,0.6480396606506479,moorish_idol,Zanclus cornutus,random_forest
936:2992,3.65,119.25,0.6480396606506479,moorish_idol,Zanclus cornutus,random_forest
936:2993,3.65,119.35,0.6480396606506479,moorish_idol,Zanclus cornutus,random_forest
936:2994,3.65,119.45,0.6480396606506479,moorish_idol,Zanclus cornutus,random_forest
936:2995,3.65,119.55,0.6480396606506479,moorish_idol,Zanclus cornutus,random_forest
937:2800,3.75,100.05,0.2386944880834923,moorish_idol,Zanclus cornutus,random_forest
937:2801,3.75,100.15,0.23856956315856737,moorish_idol,Zanclus cornutus,random_forest
937:2802,3.75,100.25,0.23162107965715234,moorish_idol,Zanclus cornutus,random_forest
937:2803,3.75,100.35,0.22946883917240551,moorish_idol,Zanclus cornutus,random_forest
937:2804,3.75,100.45,0.22674872295160012,moorish_idol,Zanclus cornutus,random_forest
937:2805,3.75,100.55,0.22674872295160012,moorish_idol,Zanclus cornutus,random_forest
937:2806,3.75,100.65,0.22674872295160012,moorish_idol,Zanclus cornutus,random_forest
937:2807,3.75,100.75,0.22674872295160012,moorish_idol,Zanclus cornutus,random_forest
937:2808,3.75,100.85,0.22674872295160012,moorish_idol,Zanclus cornutus,random_forest
937:2833,3.75,103.35,0.20871188734663176,moorish_idol,Zanclus cornutus,random_forest
937:2834,3.75,103.45,0.20262127966110463,moorish_idol,Zanclus cornutus,random_forest
937:2835,3.75,103.55,0.20056957898083252,moorish_idol,Zanclus cornutus,random_forest
937:2836,3.75,103.65,0.1994309399800817,moorish_idol,Zanclus cornutus,random_forest
937:2837,3.75,103.75,0.1986809399800817,moorish_idol,Zanclus cornutus,random_forest
937:2838,3.75,103.85,0.1986809399800817,moorish_idol,Zanclus cornutus,random_forest
937:2839,3.75,103.95,0.19675853697632703,moorish_idol,Zanclus cornutus,random_forest
937:2840,3.75,104.05,0.19798690966746568,moorish_idol,Zanclus cornutus,random_forest
937:2841,3.75,104.15,0.1991114112848583,moorish_idol,Zanclus cornutus,random_forest
937:2842,3.75,104.25,0.11543139220124493,moorish_idol,Zanclus cornutus,random_forest
937:2843,3.75,104.35,0.07466923518594513,moorish_idol,Zanclus cornutus,random_forest
937:2844,3.75,104.45,0.06013952814975298,moorish_idol,Zanclus cornutus,random_forest
937:2845,3.75,104.55,0.05158368999422862,moorish_idol,Zanclus cornutus,random_forest
937:2846,3.75,104.65,0.05158368999422862,moorish_idol,Zanclus cornutus,random_forest
937:2847,3.75,104.75,0.05158368999422862,moorish_idol,Zanclus cornutus,random_forest
937:2900,3.75,110.05,0.04266969461211739,moorish_idol,Zanclus cornutus,random_forest
937:2901,3.75,110.15,0.04266969461211739,moorish_idol,Zanclus cornutus,random_forest
937:2902,3.75,110.25,0.04266969461211739,moorish_idol,Zanclus cornutus,random_forest
937:2903,3.75,110.35,0.04266969461211739,moorish_idol,Zanclus cornutus,random_forest
937:2904,3.75,110.45,0.04338818441975448,moorish_idol,Zanclus cornutus,random_forest
937:2905,3.75,110.55,0.04246365611786769,moorish_idol,Zanclus cornutus,random_forest
937:2906,3.75,110.65,0.04246365611786769,moorish_idol,Zanclus cornutus,random_forest
937:2907,3.75,110.75,0.041925194579406154,moorish_idol,Zanclus cornutus,random_forest
937:2908,3.75,110.85,0.041925194579406154,moorish_idol,Zanclus cornutus,random_forest
937:2909,3.75,110.95,0.04132757322018285,moorish_idol,Zanclus cornutus,random_forest
937:2910,3.75,111.05,0.04132757322018285,moorish_idol,Zanclus cornutus,random_forest
937:2911,3.75,111.15,0.041401922736966745,moorish_idol,Zanclus cornutus,random_forest
937:2912,3.75,111.25,0.041401922736966745,moorish_idol,Zanclus cornutus,random_forest
937:2913,3.75,111.35,0.041401922736966745,moorish_idol,Zanclus cornutus,random_forest
937:2914,3.75,111.45,0.041401922736966745,moorish_idol,Zanclus cornutus,random_forest
937:2915,3.75,111.55,0.041401922736966745,moorish_idol,Zanclus cornutus,random_forest
937:2916,3.75,111.65,0.041401922736966745,moorish_idol,Zanclus cornutus,random_forest
937:2917,3.75,111.75,0.04264159302763155,moorish_idol,Zanclus cornutus,random_forest
937:2918,3.75,111.85,0.04264159302763155,moorish_idol,Zanclus cornutus,random_forest
937:2919,3.75,111.95,0.04264159302763155,moorish_idol,Zanclus cornutus,random_forest
937:2920,3.75,112.05,0.044427307313345835,moorish_idol,Zanclus cornutus,random_forest
937:2921,3.75,112.15,0.04549159490190527,moorish_idol,Zanclus cornutus,random_forest
937:2922,3.75,112.25,0.04549159490190527,moorish_idol,Zanclus cornutus,random_forest
937:2923,3.75,112.35,0.04836317444924894,moorish_idol,Zanclus cornutus,random_forest
937:2924,3.75,112.45,0.04836317444924894,moorish_idol,Zanclus cornutus,random_forest
937:2925,3.75,112.55,0.04836317444924894,moorish_idol,Zanclus cornutus,random_forest
937:2926,3.75,112.65,0.050830387564003036,moorish_idol,Zanclus cornutus,random_forest
937:2927,3.75,112.75,0.050830387564003036,moorish_idol,Zanclus cornutus,random_forest
937:2928,3.75,112.85,0.056625651936640146,moorish_idol,Zanclus cornutus,random_forest
937:2929,3.75,112.95,0.05702142360683042,moorish_idol,Zanclus cornutus,random_forest
937:2930,3.75,113.05,0.057892391348765906,moorish_idol,Zanclus cornutus,random_forest
937:2931,3.75,113.15,0.057892391348765906,moorish_idol,Zanclus cornutus,random_forest
937:2932,3.75,113.25,0.06089075123630105,moorish_idol,Zanclus cornutus,random_forest
937:2933,3.75,113.35,0.062417230987079866,moorish_idol,Zanclus cornutus,random_forest
937:2985,3.75,118.55,0.6319130717460453,moorish_idol,Zanclus cornutus,random_forest
937:2986,3.75,118.65,0.6501146941508085,moorish_idol,Zanclus cornutus,random_forest
937:2987,3.75,118.75,0.6501146941508085,moorish_idol,Zanclus cornutus,random_forest
937:2988,3.75,118.85,0.6501146941508085,moorish_idol,Zanclus cornutus,random_forest
937:2989,3.75,118.95,0.6501146941508085,moorish_idol,Zanclus cornutus,random_forest
937:2990,3.75,119.05,0.6501146941508085,moorish_idol,Zanclus cornutus,random_forest
937:2991,3.75,119.15,0.6501146941508085,moorish_idol,Zanclus cornutus,random_forest
937:2992,3.75,119.25,0.6501146941508085,moorish_idol,Zanclus cornutus,random_forest
937:2993,3.75,119.35,0.6501146941508085,moorish_idol,Zanclus cornutus,random_forest
937:2994,3.75,119.45,0.6501146941508085,moorish_idol,Zanclus cornutus,random_forest
938:2799,3.85,99.95,0.23858326946992056,moorish_idol,Zanclus cornutus,random_forest
938:2800,3.85,100.05,0.2396494383192178,moorish_idol,Zanclus cornutus,random_forest
938:2801,3.85,100.15,0.23952451339429287,moorish_idol,Zanclus cornutus,random_forest
938:2802,3.85,100.25,0.23257602989287784,moorish_idol,Zanclus cornutus,random_forest
938:2803,3.85,100.35,0.23042378940813102,moorish_idol,Zanclus cornutus,random_forest
938:2804,3.85,100.45,0.22770367318732562,moorish_idol,Zanclus cornutus,random_forest
938:2805,3.85,100.55,0.22770367318732562,moorish_idol,Zanclus cornutus,random_forest
938:2806,3.85,100.65,0.22770367318732562,moorish_idol,Zanclus cornutus,random_forest
938:2807,3.85,100.75,0.22770367318732562,moorish_idol,Zanclus cornutus,random_forest
938:2808,3.85,100.85,0.22770367318732562,moorish_idol,Zanclus cornutus,random_forest
938:2834,3.85,103.45,0.20357622989683016,moorish_idol,Zanclus cornutus,random_forest
938:2835,3.85,103.55,0.20152452921655806,moorish_idol,Zanclus cornutus,random_forest
938:2836,3.85,103.65,0.20038589021580724,moorish_idol,Zanclus cornutus,random_forest
938:2837,3.85,103.75,0.19963589021580724,moorish_idol,Zanclus cornutus,random_forest
938:2838,3.85,103.85,0.19963589021580724,moorish_idol,Zanclus cornutus,random_forest
938:2839,3.85,103.95,0.19771348721205256,moorish_idol,Zanclus cornutus,random_forest
938:2840,3.85,104.05,0.19795284891418022,moorish_idol,Zanclus cornutus,random_forest
938:2841,3.85,104.15,0.19907735053157283,moorish_idol,Zanclus cornutus,random_forest
938:2842,3.85,104.25,0.11539733144795944,moorish_idol,Zanclus cornutus,random_forest
938:2843,3.85,104.35,0.07463517443265966,moorish_idol,Zanclus cornutus,random_forest
938:2844,3.85,104.45,0.060105467396467493,moorish_idol,Zanclus cornutus,random_forest
938:2845,3.85,104.55,0.05154962924094315,moorish_idol,Zanclus cornutus,random_forest
938:2846,3.85,104.65,0.05154962924094315,moorish_idol,Zanclus cornutus,random_forest
938:2847,3.85,104.75,0.05154962924094315,moorish_idol,Zanclus cornutus,random_forest
938:2900,3.85,110.05,0.041985031449193355,moorish_idol,Zanclus cornutus,random_forest
938:2901,3.85,110.15,0.041985031449193355,moorish_idol,Zanclus cornutus,random_forest
938:2902,3.85,110.25,0.041985031449193355,moorish_idol,Zanclus cornutus,random_forest
938:2903,3.85,110.35,0.041985031449193355,moorish_idol,Zanclus cornutus,random_forest
938:2904,3.85,110.45,0.042703521256830454,moorish_idol,Zanclus cornutus,random_forest
938:2905,3.85,110.55,0.04177899295494366,moorish_idol,Zanclus cornutus,random_forest
938:2906,3.85,110.65,0.04177899295494366,moorish_idol,Zanclus cornutus,random_forest
938:2907,3.85,110.75,0.041240531416482124,moorish_idol,Zanclus cornutus,random_forest
938:2908,3.85,110.85,0.041240531416482124,moorish_idol,Zanclus cornutus,random_forest
938:2909,3.85,110.95,0.04064291005725882,moorish_idol,Zanclus cornutus,random_forest
938:2910,3.85,111.05,0.04064291005725882,moorish_idol,Zanclus cornutus,random_forest
938:2911,3.85,111.15,0.040717259574042715,moorish_idol,Zanclus cornutus,random_forest
938:2912,3.85,111.25,0.040717259574042715,moorish_idol,Zanclus cornutus,random_forest
938:2913,3.85,111.35,0.040717259574042715,moorish_idol,Zanclus cornutus,random_forest
938:2914,3.85,111.45,0.040717259574042715,moorish_idol,Zanclus cornutus,random_forest
938:2915,3.85,111.55,0.040717259574042715,moorish_idol,Zanclus cornutus,random_forest
938:2916,3.85,111.65,0.040717259574042715,moorish_idol,Zanclus cornutus,random_forest
938:2917,3.85,111.75,0.041956929864707525,moorish_idol,Zanclus cornutus,random_forest
938:2918,3.85,111.85,0.041956929864707525,moorish_idol,Zanclus cornutus,random_forest
938:2919,3.85,111.95,0.041956929864707525,moorish_idol,Zanclus cornutus,random_forest
938:2920,3.85,112.05,0.043742644150421804,moorish_idol,Zanclus cornutus,random_forest
938:2921,3.85,112.15,0.04480693173898123,moorish_idol,Zanclus cornutus,random_forest
938:2922,3.85,112.25,0.04480693173898123,moorish_idol,Zanclus cornutus,random_forest
938:2923,3.85,112.35,0.04767851128632491,moorish_idol,Zanclus cornutus,random_forest
938:2924,3.85,112.45,0.04767851128632491,moorish_idol,Zanclus cornutus,random_forest
938:2925,3.85,112.55,0.04767851128632491,moorish_idol,Zanclus cornutus,random_forest
938:2926,3.85,112.65,0.050145724401079006,moorish_idol,Zanclus cornutus,random_forest
938:2927,3.85,112.75,0.050145724401079006,moorish_idol,Zanclus cornutus,random_forest
938:2928,3.85,112.85,0.055940988773716116,moorish_idol,Zanclus cornutus,random_forest
938:2929,3.85,112.95,0.056336760443906383,moorish_idol,Zanclus cornutus,random_forest
938:2930,3.85,113.05,0.057207728185841876,moorish_idol,Zanclus cornutus,random_forest
938:2931,3.85,113.15,0.057207728185841876,moorish_idol,Zanclus cornutus,random_forest
938:2932,3.85,113.25,0.06020608807337702,moorish_idol,Zanclus cornutus,random_forest
938:2933,3.85,113.35,0.061732567824155836,moorish_idol,Zanclus cornutus,random_forest
938:2934,3.85,113.45,0.061732567824155836,moorish_idol,Zanclus cornutus,random_forest
938:2935,3.85,113.55,0.06475127388873346,moorish_idol,Zanclus cornutus,random_forest
938:2984,3.85,118.45,0.5987631909609392,moorish_idol,Zanclus cornutus,random_forest
938:2985,3.85,118.55,0.6330000282677843,moorish_idol,Zanclus cornutus,random_forest
938:2986,3.85,118.65,0.6512016506725475,moorish_idol,Zanclus cornutus,random_forest
938:2987,3.85,118.75,0.6512016506725475,moorish_idol,Zanclus cornutus,random_forest
938:2988,3.85,118.85,0.6512016506725475,moorish_idol,Zanclus cornutus,random_forest
938:2989,3.85,118.95,0.6512016506725475,moorish_idol,Zanclus cornutus,random_forest
938:2990,3.85,119.05,0.6512016506725475,moorish_idol,Zanclus cornutus,random_forest
938:2991,3.85,119.15,0.6512016506725475,moorish_idol,Zanclus cornutus,random_forest
938:2992,3.85,119.25,0.6512016506725475,moorish_idol,Zanclus cornutus,random_forest
938:2993,3.85,119.35,0.6512016506725475,moorish_idol,Zanclus cornutus,random_forest
939:2798,3.95,99.85,0.2415493940674496,moorish_idol,Zanclus cornutus,random_forest
939:2799,3.95,99.95,0.2415493940674496,moorish_idol,Zanclus cornutus,random_forest
939:2800,3.95,100.05,0.24261556291674682,moorish_idol,Zanclus cornutus,random_forest
939:2801,3.95,100.15,0.2424906379918219,moorish_idol,Zanclus cornutus,random_forest
939:2802,3.95,100.25,0.23554215449040686,moorish_idol,Zanclus cornutus,random_forest
939:2803,3.95,100.35,0.23338991400566006,moorish_idol,Zanclus cornutus,random_forest
939:2804,3.95,100.45,0.23066979778485464,moorish_idol,Zanclus cornutus,random_forest
939:2805,3.95,100.55,0.23066979778485464,moorish_idol,Zanclus cornutus,random_forest
939:2806,3.95,100.65,0.23066979778485464,moorish_idol,Zanclus cornutus,random_forest
939:2834,3.95,103.45,0.2065423544943592,moorish_idol,Zanclus cornutus,random_forest
939:2835,3.95,103.55,0.20347656930704486,moorish_idol,Zanclus cornutus,random_forest
939:2836,3.95,103.65,0.20233793030629404,moorish_idol,Zanclus cornutus,random_forest
939:2837,3.95,103.75,0.20158793030629404,moorish_idol,Zanclus cornutus,random_forest
939:2838,3.95,103.85,0.20158793030629404,moorish_idol,Zanclus cornutus,random_forest
939:2839,3.95,103.95,0.19966552730253936,moorish_idol,Zanclus cornutus,random_forest
939:2840,3.95,104.05,0.19990488900466702,moorish_idol,Zanclus cornutus,random_forest
939:2841,3.95,104.15,0.20102939062205963,moorish_idol,Zanclus cornutus,random_forest
939:2842,3.95,104.25,0.11784117481713476,moorish_idol,Zanclus cornutus,random_forest
939:2843,3.95,104.35,0.07707901780183497,moorish_idol,Zanclus cornutus,random_forest
939:2844,3.95,104.45,0.06254931076564282,moorish_idol,Zanclus cornutus,random_forest
939:2845,3.95,104.55,0.053993472610118456,moorish_idol,Zanclus cornutus,random_forest
939:2846,3.95,104.65,0.053993472610118456,moorish_idol,Zanclus cornutus,random_forest
939:2847,3.95,104.75,0.053993472610118456,moorish_idol,Zanclus cornutus,random_forest
939:2900,3.95,110.05,0.04442887481836868,moorish_idol,Zanclus cornutus,random_forest
939:2901,3.95,110.15,0.04442887481836868,moorish_idol,Zanclus cornutus,random_forest
939:2902,3.95,110.25,0.04442887481836868,moorish_idol,Zanclus cornutus,random_forest
939:2903,3.95,110.35,0.04442887481836868,moorish_idol,Zanclus cornutus,random_forest
939:2904,3.95,110.45,0.04514736462600578,moorish_idol,Zanclus cornutus,random_forest
939:2905,3.95,110.55,0.04422283632411898,moorish_idol,Zanclus cornutus,random_forest
939:2906,3.95,110.65,0.04422283632411898,moorish_idol,Zanclus cornutus,random_forest
939:2907,3.95,110.75,0.04368437478565744,moorish_idol,Zanclus cornutus,random_forest
939:2908,3.95,110.85,0.04368437478565744,moorish_idol,Zanclus cornutus,random_forest
939:2909,3.95,110.95,0.043086753426434136,moorish_idol,Zanclus cornutus,random_forest
939:2910,3.95,111.05,0.043086753426434136,moorish_idol,Zanclus cornutus,random_forest
939:2911,3.95,111.15,0.04316110294321803,moorish_idol,Zanclus cornutus,random_forest
939:2912,3.95,111.25,0.04316110294321803,moorish_idol,Zanclus cornutus,random_forest
939:2913,3.95,111.35,0.04316110294321803,moorish_idol,Zanclus cornutus,random_forest
939:2914,3.95,111.45,0.04316110294321803,moorish_idol,Zanclus cornutus,random_forest
939:2915,3.95,111.55,0.04316110294321803,moorish_idol,Zanclus cornutus,random_forest
939:2916,3.95,111.65,0.04316110294321803,moorish_idol,Zanclus cornutus,random_forest
939:2917,3.95,111.75,0.044400773233882834,moorish_idol,Zanclus cornutus,random_forest
939:2918,3.95,111.85,0.044400773233882834,moorish_idol,Zanclus cornutus,random_forest
939:2919,3.95,111.95,0.044400773233882834,moorish_idol,Zanclus cornutus,random_forest
939:2920,3.95,112.05,0.04618648751959712,moorish_idol,Zanclus cornutus,random_forest
939:2921,3.95,112.15,0.04725077510815656,moorish_idol,Zanclus cornutus,random_forest
939:2922,3.95,112.25,0.04725077510815656,moorish_idol,Zanclus cornutus,random_forest
939:2923,3.95,112.35,0.05012235465550023,moorish_idol,Zanclus cornutus,random_forest
939:2924,3.95,112.45,0.05012235465550023,moorish_idol,Zanclus cornutus,random_forest
939:2925,3.95,112.55,0.05012235465550023,moorish_idol,Zanclus cornutus,random_forest
939:2926,3.95,112.65,0.052589567770254336,moorish_idol,Zanclus cornutus,random_forest
939:2927,3.95,112.75,0.052589567770254336,moorish_idol,Zanclus cornutus,random_forest
939:2928,3.95,112.85,0.05838483214289144,moorish_idol,Zanclus cornutus,random_forest
939:2929,3.95,112.95,0.058780603813081714,moorish_idol,Zanclus cornutus,random_forest
939:2930,3.95,113.05,0.0596515715550172,moorish_idol,Zanclus cornutus,random_forest
939:2931,3.95,113.15,0.0596515715550172,moorish_idol,Zanclus cornutus,random_forest
939:2932,3.95,113.25,0.06264993144255235,moorish_idol,Zanclus cornutus,random_forest
939:2933,3.95,113.35,0.06417641119333116,moorish_idol,Zanclus cornutus,random_forest
939:2934,3.95,113.45,0.06417641119333116,moorish_idol,Zanclus cornutus,random_forest
939:2935,3.95,113.55,0.0671951172579088,moorish_idol,Zanclus cornutus,random_forest
939:2936,3.95,113.65,0.0671951172579088,moorish_idol,Zanclus cornutus,random_forest
939:2983,3.95,118.35,0.6107072138067083,moorish_idol,Zanclus cornutus,random_forest
939:2984,3.95,118.45,0.6102539629917819,moorish_idol,Zanclus cornutus,random_forest
939:2985,3.95,118.55,0.6444908002986269,moorish_idol,Zanclus cornutus,random_forest
939:2986,3.95,118.65,0.6629272053120859,moorish_idol,Zanclus cornutus,random_forest
939:2987,3.95,118.75,0.6629272053120859,moorish_idol,Zanclus cornutus,random_forest
939:2988,3.95,118.85,0.6629272053120859,moorish_idol,Zanclus cornutus,random_forest
939:2989,3.95,118.95,0.6629272053120859,moorish_idol,Zanclus cornutus,random_forest
939:2990,3.95,119.05,0.6629272053120859,moorish_idol,Zanclus cornutus,random_forest
939:2991,3.95,119.15,0.6629272053120859,moorish_idol,Zanclus cornutus,random_forest
939:2992,3.95,119.25,0.6629272053120859,moorish_idol,Zanclus cornutus,random_forest
940:2797,4.05,99.75,0.3407001821242162,moorish_idol,Zanclus cornutus,random_forest
940:2798,4.05,99.85,0.3407001821242162,moorish_idol,Zanclus cornutus,random_forest
940:2799,4.05,99.95,0.3407001821242162,moorish_idol,Zanclus cornutus,random_forest
940:2800,4.05,100.05,0.34176635097351343,moorish_idol,Zanclus cornutus,random_forest
940:2801,4.05,100.15,0.34164142604858855,moorish_idol,Zanclus cornutus,random_forest
940:2802,4.05,100.25,0.33469294254717347,moorish_idol,Zanclus cornutus,random_forest
940:2803,4.05,100.35,0.33110591945373097,moorish_idol,Zanclus cornutus,random_forest
940:2804,4.05,100.45,0.3283858032329256,moorish_idol,Zanclus cornutus,random_forest
940:2805,4.05,100.55,0.3283858032329256,moorish_idol,Zanclus cornutus,random_forest
940:2806,4.05,100.65,0.3283858032329256,moorish_idol,Zanclus cornutus,random_forest
940:2807,4.05,100.75,0.3283858032329256,moorish_idol,Zanclus cornutus,random_forest
940:2834,4.05,103.45,0.2873611737454148,moorish_idol,Zanclus cornutus,random_forest
940:2835,4.05,103.55,0.28161048123241655,moorish_idol,Zanclus cornutus,random_forest
940:2836,4.05,103.65,0.28047184223166577,moorish_idol,Zanclus cornutus,random_forest
940:2837,4.05,103.75,0.2797218422316658,moorish_idol,Zanclus cornutus,random_forest
940:2838,4.05,103.85,0.2759344268230245,moorish_idol,Zanclus cornutus,random_forest
940:2839,4.05,103.95,0.27035596608278223,moorish_idol,Zanclus cornutus,random_forest
940:2840,4.05,104.05,0.2705953277849099,moorish_idol,Zanclus cornutus,random_forest
940:2841,4.05,104.15,0.2687389554625181,moorish_idol,Zanclus cornutus,random_forest
940:2842,4.05,104.25,0.18416319422905944,moorish_idol,Zanclus cornutus,random_forest
940:2843,4.05,104.35,0.1419598607431716,moorish_idol,Zanclus cornutus,random_forest
940:2844,4.05,104.45,0.12693958766924357,moorish_idol,Zanclus cornutus,random_forest
940:2845,4.05,104.55,0.118010868157787,moorish_idol,Zanclus cornutus,random_forest
940:2846,4.05,104.65,0.118010868157787,moorish_idol,Zanclus cornutus,random_forest
940:2847,4.05,104.75,0.118010868157787,moorish_idol,Zanclus cornutus,random_forest
940:2848,4.05,104.85,0.118010868157787,moorish_idol,Zanclus cornutus,random_forest
940:2900,4.05,110.05,0.11464117002905272,moorish_idol,Zanclus cornutus,random_forest
940:2901,4.05,110.15,0.11464117002905272,moorish_idol,Zanclus cornutus,random_forest
940:2902,4.05,110.25,0.11464117002905272,moorish_idol,Zanclus cornutus,random_forest
940:2903,4.05,110.35,0.11464117002905272,moorish_idol,Zanclus cornutus,random_forest
940:2904,4.05,110.45,0.11535965983668982,moorish_idol,Zanclus cornutus,random_forest
940:2905,4.05,110.55,0.11535965983668982,moorish_idol,Zanclus cornutus,random_forest
940:2906,4.05,110.65,0.11535965983668982,moorish_idol,Zanclus cornutus,random_forest
940:2907,4.05,110.75,0.11535965983668982,moorish_idol,Zanclus cornutus,random_forest
940:2908,4.05,110.85,0.11535965983668982,moorish_idol,Zanclus cornutus,random_forest
940:2909,4.05,110.95,0.11476203847746652,moorish_idol,Zanclus cornutus,random_forest
940:2910,4.05,111.05,0.11476203847746652,moorish_idol,Zanclus cornutus,random_forest
940:2911,4.05,111.15,0.11483638799425042,moorish_idol,Zanclus cornutus,random_forest
940:2912,4.05,111.25,0.11483638799425042,moorish_idol,Zanclus cornutus,random_forest
940:2913,4.05,111.35,0.11483638799425042,moorish_idol,Zanclus cornutus,random_forest
940:2914,4.05,111.45,0.11483638799425042,moorish_idol,Zanclus cornutus,random_forest
940:2915,4.05,111.55,0.11483638799425042,moorish_idol,Zanclus cornutus,random_forest
940:2916,4.05,111.65,0.11483638799425042,moorish_idol,Zanclus cornutus,random_forest
940:2917,4.05,111.75,0.11607605828491524,moorish_idol,Zanclus cornutus,random_forest
940:2918,4.05,111.85,0.11607605828491524,moorish_idol,Zanclus cornutus,random_forest
940:2919,4.05,111.95,0.11607605828491524,moorish_idol,Zanclus cornutus,random_forest
940:2920,4.05,112.05,0.11786177257062949,moorish_idol,Zanclus cornutus,random_forest
940:2921,4.05,112.15,0.11892606015918893,moorish_idol,Zanclus cornutus,random_forest
940:2922,4.05,112.25,0.11892606015918893,moorish_idol,Zanclus cornutus,random_forest
940:2923,4.05,112.35,0.12179763970653258,moorish_idol,Zanclus cornutus,random_forest
940:2924,4.05,112.45,0.12179763970653258,moorish_idol,Zanclus cornutus,random_forest
940:2925,4.05,112.55,0.12179763970653258,moorish_idol,Zanclus cornutus,random_forest
940:2926,4.05,112.65,0.12426485282128669,moorish_idol,Zanclus cornutus,random_forest
940:2927,4.05,112.75,0.12426485282128669,moorish_idol,Zanclus cornutus,random_forest
940:2928,4.05,112.85,0.13006011719392377,moorish_idol,Zanclus cornutus,random_forest
940:2929,4.05,112.95,0.13045588886411402,moorish_idol,Zanclus cornutus,random_forest
940:2930,4.05,113.05,0.1313268566060495,moorish_idol,Zanclus cornutus,random_forest
940:2931,4.05,113.15,0.1313268566060495,moorish_idol,Zanclus cornutus,random_forest
940:2932,4.05,113.25,0.13432521649358467,moorish_idol,Zanclus cornutus,random_forest
940:2933,4.05,113.35,0.1358516962443635,moorish_idol,Zanclus cornutus,random_forest
940:2934,4.05,113.45,0.1358516962443635,moorish_idol,Zanclus cornutus,random_forest
940:2935,4.05,113.55,0.1388704023089411,moorish_idol,Zanclus cornutus,random_forest
940:2936,4.05,113.65,0.1388704023089411,moorish_idol,Zanclus cornutus,random_forest
940:2937,4.05,113.75,0.1388704023089411,moorish_idol,Zanclus cornutus,random_forest
940:2982,4.05,118.25,0.8127358396989567,moorish_idol,Zanclus cornutus,random_forest
940:2983,4.05,118.35,0.8094101365585454,moorish_idol,Zanclus cornutus,random_forest
940:2984,4.05,118.45,0.8087035917113717,moorish_idol,Zanclus cornutus,random_forest
940:2985,4.05,118.55,0.8498952960142842,moorish_idol,Zanclus cornutus,random_forest
940:2986,4.05,118.65,0.8780813634363408,moorish_idol,Zanclus cornutus,random_forest
940:2987,4.05,118.75,0.8780813634363408,moorish_idol,Zanclus cornutus,random_forest
940:2988,4.05,118.85,0.8780813634363408,moorish_idol,Zanclus cornutus,random_forest
940:2989,4.05,118.95,0.8780813634363408,moorish_idol,Zanclus cornutus,random_forest
940:2990,4.05,119.05,0.8780813634363408,moorish_idol,Zanclus cornutus,random_forest
940:2991,4.05,119.15,0.8780813634363408,moorish_idol,Zanclus cornutus,random_forest
941:2796,4.15,99.65,0.3402957131195558,moorish_idol,Zanclus cornutus,random_forest
941:2797,4.15,99.75,0.3402957131195558,moorish_idol,Zanclus cornutus,random_forest
941:2798,4.15,99.85,0.3402957131195558,moorish_idol,Zanclus cornutus,random_forest
941:2799,4.15,99.95,0.3402957131195558,moorish_idol,Zanclus cornutus,random_forest
941:2800,4.15,100.05,0.3413618819688531,moorish_idol,Zanclus cornutus,random_forest
941:2801,4.15,100.15,0.34123695704392815,moorish_idol,Zanclus cornutus,random_forest
941:2802,4.15,100.25,0.334288473542513,moorish_idol,Zanclus cornutus,random_forest
941:2803,4.15,100.35,0.33070145044907057,moorish_idol,Zanclus cornutus,random_forest
941:2804,4.15,100.45,0.3279813342282652,moorish_idol,Zanclus cornutus,random_forest
941:2805,4.15,100.55,0.3279813342282652,moorish_idol,Zanclus cornutus,random_forest
941:2806,4.15,100.65,0.3279813342282652,moorish_idol,Zanclus cornutus,random_forest
941:2834,4.15,103.45,0.2869567047407545,moorish_idol,Zanclus cornutus,random_forest
941:2835,4.15,103.55,0.2812060122277562,moorish_idol,Zanclus cornutus,random_forest
941:2836,4.15,103.65,0.2800673732270054,moorish_idol,Zanclus cornutus,random_forest
941:2837,4.15,103.75,0.2793173732270054,moorish_idol,Zanclus cornutus,random_forest
941:2838,4.15,103.85,0.27552995781836415,moorish_idol,Zanclus cornutus,random_forest
941:2839,4.15,103.95,0.2699514970781219,moorish_idol,Zanclus cornutus,random_forest
941:2840,4.15,104.05,0.2701908587802495,moorish_idol,Zanclus cornutus,random_forest
941:2841,4.15,104.15,0.26833448645785773,moorish_idol,Zanclus cornutus,random_forest
941:2842,4.15,104.25,0.1857136679609874,moorish_idol,Zanclus cornutus,random_forest
941:2843,4.15,104.35,0.1435103344750995,moorish_idol,Zanclus cornutus,random_forest
941:2844,4.15,104.45,0.12849006140117153,moorish_idol,Zanclus cornutus,random_forest
941:2845,4.15,104.55,0.11956134188971496,moorish_idol,Zanclus cornutus,random_forest
941:2846,4.15,104.65,0.11956134188971496,moorish_idol,Zanclus cornutus,random_forest
941:2847,4.15,104.75,0.11956134188971496,moorish_idol,Zanclus cornutus,random_forest
941:2848,4.15,104.85,0.11956134188971496,moorish_idol,Zanclus cornutus,random_forest
941:2900,4.15,110.05,0.11619164376098066,moorish_idol,Zanclus cornutus,random_forest
941:2901,4.15,110.15,0.11619164376098066,moorish_idol,Zanclus cornutus,random_forest
941:2902,4.15,110.25,0.11619164376098066,moorish_idol,Zanclus cornutus,random_forest
941:2903,4.15,110.35,0.11619164376098066,moorish_idol,Zanclus cornutus,random_forest
941:2904,4.15,110.45,0.11691013356861776,moorish_idol,Zanclus cornutus,random_forest
941:2905,4.15,110.55,0.11691013356861776,moorish_idol,Zanclus cornutus,random_forest
941:2906,4.15,110.65,0.11691013356861776,moorish_idol,Zanclus cornutus,random_forest
941:2907,4.15,110.75,0.11691013356861776,moorish_idol,Zanclus cornutus,random_forest
941:2908,4.15,110.85,0.11691013356861776,moorish_idol,Zanclus cornutus,random_forest
941:2909,4.15,110.95,0.11631251220939447,moorish_idol,Zanclus cornutus,random_forest
941:2910,4.15,111.05,0.11631251220939447,moorish_idol,Zanclus cornutus,random_forest
941:2911,4.15,111.15,0.11638686172617836,moorish_idol,Zanclus cornutus,random_forest
941:2912,4.15,111.25,0.11638686172617836,moorish_idol,Zanclus cornutus,random_forest
941:2913,4.15,111.35,0.11638686172617836,moorish_idol,Zanclus cornutus,random_forest
941:2914,4.15,111.45,0.11638686172617836,moorish_idol,Zanclus cornutus,random_forest
941:2915,4.15,111.55,0.11638686172617836,moorish_idol,Zanclus cornutus,random_forest
941:2916,4.15,111.65,0.11638686172617836,moorish_idol,Zanclus cornutus,random_forest
941:2917,4.15,111.75,0.11762653201684319,moorish_idol,Zanclus cornutus,random_forest
941:2918,4.15,111.85,0.11762653201684319,moorish_idol,Zanclus cornutus,random_forest
941:2919,4.15,111.95,0.11762653201684319,moorish_idol,Zanclus cornutus,random_forest
941:2920,4.15,112.05,0.11941224630255745,moorish_idol,Zanclus cornutus,random_forest
941:2921,4.15,112.15,0.12047653389111687,moorish_idol,Zanclus cornutus,random_forest
941:2922,4.15,112.25,0.12047653389111687,moorish_idol,Zanclus cornutus,random_forest
941:2923,4.15,112.35,0.12334811343846053,moorish_idol,Zanclus cornutus,random_forest
941:2924,4.15,112.45,0.12334811343846053,moorish_idol,Zanclus cornutus,random_forest
941:2925,4.15,112.55,0.12334811343846053,moorish_idol,Zanclus cornutus,random_forest
941:2926,4.15,112.65,0.12581532655321465,moorish_idol,Zanclus cornutus,random_forest
941:2927,4.15,112.75,0.12581532655321465,moorish_idol,Zanclus cornutus,random_forest
941:2928,4.15,112.85,0.1316105909258517,moorish_idol,Zanclus cornutus,random_forest
941:2929,4.15,112.95,0.13200636259604198,moorish_idol,Zanclus cornutus,random_forest
941:2930,4.15,113.05,0.13287733033797747,moorish_idol,Zanclus cornutus,random_forest
941:2931,4.15,113.15,0.13287733033797747,moorish_idol,Zanclus cornutus,random_forest
941:2932,4.15,113.25,0.1358756902255126,moorish_idol,Zanclus cornutus,random_forest
941:2933,4.15,113.35,0.13740216997629146,moorish_idol,Zanclus cornutus,random_forest
941:2934,4.15,113.45,0.13740216997629146,moorish_idol,Zanclus cornutus,random_forest
941:2935,4.15,113.55,0.14042087604086906,moorish_idol,Zanclus cornutus,random_forest
941:2936,4.15,113.65,0.14042087604086906,moorish_idol,Zanclus cornutus,random_forest
941:2937,4.15,113.75,0.14042087604086906,moorish_idol,Zanclus cornutus,random_forest
941:2980,4.15,118.05,0.8196376153295762,moorish_idol,Zanclus cornutus,random_forest
941:2981,4.15,118.15,0.8171878345428699,moorish_idol,Zanclus cornutus,random_forest
941:2982,4.15,118.25,0.8171878345428699,moorish_idol,Zanclus cornutus,random_forest
941:2983,4.15,118.35,0.8138621314024586,moorish_idol,Zanclus cornutus,random_forest
941:2984,4.15,118.45,0.8131555865552847,moorish_idol,Zanclus cornutus,random_forest
941:2985,4.15,118.55,0.8543472908581973,moorish_idol,Zanclus cornutus,random_forest
941:2986,4.15,118.65,0.8825333582802539,moorish_idol,Zanclus cornutus,random_forest
941:2987,4.15,118.75,0.8825333582802539,moorish_idol,Zanclus cornutus,random_forest
941:2988,4.15,118.85,0.8825333582802539,moorish_idol,Zanclus cornutus,random_forest
941:2989,4.15,118.95,0.8825333582802539,moorish_idol,Zanclus cornutus,random_forest
941:2990,4.15,119.05,0.8825333582802539,moorish_idol,Zanclus cornutus,random_forest
941:2991,4.15,119.15,0.8825333582802539,moorish_idol,Zanclus cornutus,random_forest
942:2794,4.25,99.45,0.3401280372928208,moorish_idol,Zanclus cornutus,random_forest
942:2795,4.25,99.55,0.3401280372928208,moorish_idol,Zanclus cornutus,random_forest
942:2796,4.25,99.65,0.3401280372928208,moorish_idol,Zanclus cornutus,random_forest
942:2797,4.25,99.75,0.3401280372928208,moorish_idol,Zanclus cornutus,random_forest
942:2798,4.25,99.85,0.3401280372928208,moorish_idol,Zanclus cornutus,random_forest
942:2799,4.25,99.95,0.3401280372928208,moorish_idol,Zanclus cornutus,random_forest
942:2800,4.25,100.05,0.3411942061421181,moorish_idol,Zanclus cornutus,random_forest
942:2801,4.25,100.15,0.34106928121719315,moorish_idol,Zanclus cornutus,random_forest
942:2802,4.25,100.25,0.3341207977157781,moorish_idol,Zanclus cornutus,random_forest
942:2803,4.25,100.35,0.33053377462233563,moorish_idol,Zanclus cornutus,random_forest
942:2804,4.25,100.45,0.32781365840153015,moorish_idol,Zanclus cornutus,random_forest
942:2806,4.25,100.65,0.32781365840153015,moorish_idol,Zanclus cornutus,random_forest
942:2835,4.25,103.55,0.2810383364010212,moorish_idol,Zanclus cornutus,random_forest
942:2836,4.25,103.65,0.27989969740027043,moorish_idol,Zanclus cornutus,random_forest
942:2837,4.25,103.75,0.27914969740027046,moorish_idol,Zanclus cornutus,random_forest
942:2838,4.25,103.85,0.27536228199162915,moorish_idol,Zanclus cornutus,random_forest
942:2839,4.25,103.95,0.2697838212513869,moorish_idol,Zanclus cornutus,random_forest
942:2840,4.25,104.05,0.2700231829535146,moorish_idol,Zanclus cornutus,random_forest
942:2841,4.25,104.15,0.26816681063112274,moorish_idol,Zanclus cornutus,random_forest
942:2842,4.25,104.25,0.18554599213425244,moorish_idol,Zanclus cornutus,random_forest
942:2843,4.25,104.35,0.1435103344750995,moorish_idol,Zanclus cornutus,random_forest
942:2844,4.25,104.45,0.12849006140117153,moorish_idol,Zanclus cornutus,random_forest
942:2845,4.25,104.55,0.11956134188971496,moorish_idol,Zanclus cornutus,random_forest
942:2846,4.25,104.65,0.11956134188971496,moorish_idol,Zanclus cornutus,random_forest
942:2847,4.25,104.75,0.11956134188971496,moorish_idol,Zanclus cornutus,random_forest
942:2848,4.25,104.85,0.11956134188971496,moorish_idol,Zanclus cornutus,random_forest
942:2849,4.25,104.95,0.11956134188971496,moorish_idol,Zanclus cornutus,random_forest
942:2900,4.25,110.05,0.11619164376098066,moorish_idol,Zanclus cornutus,random_forest
942:2901,4.25,110.15,0.11619164376098066,moorish_idol,Zanclus cornutus,random_forest
942:2902,4.25,110.25,0.11619164376098066,moorish_idol,Zanclus cornutus,random_forest
942:2903,4.25,110.35,0.11619164376098066,moorish_idol,Zanclus cornutus,random_forest
942:2904,4.25,110.45,0.11691013356861776,moorish_idol,Zanclus cornutus,random_forest
942:2905,4.25,110.55,0.11691013356861776,moorish_idol,Zanclus cornutus,random_forest
942:2906,4.25,110.65,0.11691013356861776,moorish_idol,Zanclus cornutus,random_forest
942:2907,4.25,110.75,0.11691013356861776,moorish_idol,Zanclus cornutus,random_forest
942:2908,4.25,110.85,0.11691013356861776,moorish_idol,Zanclus cornutus,random_forest
942:2909,4.25,110.95,0.11631251220939447,moorish_idol,Zanclus cornutus,random_forest
942:2910,4.25,111.05,0.11631251220939447,moorish_idol,Zanclus cornutus,random_forest
942:2911,4.25,111.15,0.11638686172617836,moorish_idol,Zanclus cornutus,random_forest
942:2912,4.25,111.25,0.11638686172617836,moorish_idol,Zanclus cornutus,random_forest
942:2913,4.25,111.35,0.11638686172617836,moorish_idol,Zanclus cornutus,random_forest
942:2914,4.25,111.45,0.11638686172617836,moorish_idol,Zanclus cornutus,random_forest
942:2915,4.25,111.55,0.11638686172617836,moorish_idol,Zanclus cornutus,random_forest
942:2916,4.25,111.65,0.11638686172617836,moorish_idol,Zanclus cornutus,random_forest
942:2917,4.25,111.75,0.11762653201684319,moorish_idol,Zanclus cornutus,random_forest
942:2918,4.25,111.85,0.11762653201684319,moorish_idol,Zanclus cornutus,random_forest
942:2919,4.25,111.95,0.11762653201684319,moorish_idol,Zanclus cornutus,random_forest
942:2920,4.25,112.05,0.11941224630255745,moorish_idol,Zanclus cornutus,random_forest
942:2921,4.25,112.15,0.12047653389111687,moorish_idol,Zanclus cornutus,random_forest
942:2922,4.25,112.25,0.12047653389111687,moorish_idol,Zanclus cornutus,random_forest
942:2923,4.25,112.35,0.12334811343846053,moorish_idol,Zanclus cornutus,random_forest
942:2924,4.25,112.45,0.12334811343846053,moorish_idol,Zanclus cornutus,random_forest
942:2925,4.25,112.55,0.12334811343846053,moorish_idol,Zanclus cornutus,random_forest
942:2926,4.25,112.65,0.12581532655321465,moorish_idol,Zanclus cornutus,random_forest
942:2927,4.25,112.75,0.12581532655321465,moorish_idol,Zanclus cornutus,random_forest
942:2928,4.25,112.85,0.1316105909258517,moorish_idol,Zanclus cornutus,random_forest
942:2929,4.25,112.95,0.13200636259604198,moorish_idol,Zanclus cornutus,random_forest
942:2930,4.25,113.05,0.13287733033797747,moorish_idol,Zanclus cornutus,random_forest
942:2931,4.25,113.15,0.13287733033797747,moorish_idol,Zanclus cornutus,random_forest
942:2932,4.25,113.25,0.1358756902255126,moorish_idol,Zanclus cornutus,random_forest
942:2933,4.25,113.35,0.13740216997629146,moorish_idol,Zanclus cornutus,random_forest
942:2934,4.25,113.45,0.13740216997629146,moorish_idol,Zanclus cornutus,random_forest
942:2935,4.25,113.55,0.14042087604086906,moorish_idol,Zanclus cornutus,random_forest
942:2936,4.25,113.65,0.14042087604086906,moorish_idol,Zanclus cornutus,random_forest
942:2937,4.25,113.75,0.14042087604086906,moorish_idol,Zanclus cornutus,random_forest
942:2938,4.25,113.85,0.14042087604086906,moorish_idol,Zanclus cornutus,random_forest
942:2975,4.25,117.55,0.7810914375266453,moorish_idol,Zanclus cornutus,random_forest
942:2976,4.25,117.65,0.8137374871061749,moorish_idol,Zanclus cornutus,random_forest
942:2978,4.25,117.85,0.8183413051743403,moorish_idol,Zanclus cornutus,random_forest
942:2981,4.25,118.15,0.8171878345428699,moorish_idol,Zanclus cornutus,random_forest
942:2982,4.25,118.25,0.8171878345428699,moorish_idol,Zanclus cornutus,random_forest
942:2983,4.25,118.35,0.8138621314024586,moorish_idol,Zanclus cornutus,random_forest
942:2984,4.25,118.45,0.8131555865552847,moorish_idol,Zanclus cornutus,random_forest
942:2985,4.25,118.55,0.8543472908581973,moorish_idol,Zanclus cornutus,random_forest
942:2986,4.25,118.65,0.8825333582802539,moorish_idol,Zanclus cornutus,random_forest
942:2987,4.25,118.75,0.8825333582802539,moorish_idol,Zanclus cornutus,random_forest
942:2988,4.25,118.85,0.8825333582802539,moorish_idol,Zanclus cornutus,random_forest
942:2989,4.25,118.95,0.8825333582802539,moorish_idol,Zanclus cornutus,random_forest
942:2990,4.25,119.05,0.8825333582802539,moorish_idol,Zanclus cornutus,random_forest
943:2793,4.35,99.35,0.3357164789709975,moorish_idol,Zanclus cornutus,random_forest
943:2794,4.35,99.45,0.3357164789709975,moorish_idol,Zanclus cornutus,random_forest
943:2795,4.35,99.55,0.3357164789709975,moorish_idol,Zanclus cornutus,random_forest
943:2796,4.35,99.65,0.3357164789709975,moorish_idol,Zanclus cornutus,random_forest
943:2797,4.35,99.75,0.3357164789709975,moorish_idol,Zanclus cornutus,random_forest
943:2798,4.35,99.85,0.3357164789709975,moorish_idol,Zanclus cornutus,random_forest
943:2799,4.35,99.95,0.3357164789709975,moorish_idol,Zanclus cornutus,random_forest
943:2800,4.35,100.05,0.3367826478202948,moorish_idol,Zanclus cornutus,random_forest
943:2801,4.35,100.15,0.3366577228953699,moorish_idol,Zanclus cornutus,random_forest
943:2802,4.35,100.25,0.3297092393939548,moorish_idol,Zanclus cornutus,random_forest
943:2803,4.35,100.35,0.32612221630051236,moorish_idol,Zanclus cornutus,random_forest
943:2804,4.35,100.45,0.323402100079707,moorish_idol,Zanclus cornutus,random_forest
943:2805,4.35,100.55,0.323402100079707,moorish_idol,Zanclus cornutus,random_forest
943:2835,4.35,103.55,0.27662677807919805,moorish_idol,Zanclus cornutus,random_forest
943:2836,4.35,103.65,0.27548813907844727,moorish_idol,Zanclus cornutus,random_forest
943:2837,4.35,103.75,0.2747381390784473,moorish_idol,Zanclus cornutus,random_forest
943:2838,4.35,103.85,0.270950723669806,moorish_idol,Zanclus cornutus,random_forest
943:2839,4.35,103.95,0.26537226292956373,moorish_idol,Zanclus cornutus,random_forest
943:2840,4.35,104.05,0.2656116246316913,moorish_idol,Zanclus cornutus,random_forest
943:2841,4.35,104.15,0.2637552523092996,moorish_idol,Zanclus cornutus,random_forest
943:2842,4.35,104.25,0.18301788188485607,moorish_idol,Zanclus cornutus,random_forest
943:2843,4.35,104.35,0.14165311030165256,moorish_idol,Zanclus cornutus,random_forest
943:2844,4.35,104.45,0.12642429700925387,moorish_idol,Zanclus cornutus,random_forest
943:2845,4.35,104.55,0.11749557749779731,moorish_idol,Zanclus cornutus,random_forest
943:2846,4.35,104.65,0.11749557749779731,moorish_idol,Zanclus cornutus,random_forest
943:2847,4.35,104.75,0.11749557749779731,moorish_idol,Zanclus cornutus,random_forest
943:2848,4.35,104.85,0.11749557749779731,moorish_idol,Zanclus cornutus,random_forest
943:2849,4.35,104.95,0.11749557749779731,moorish_idol,Zanclus cornutus,random_forest
943:2900,4.35,110.05,0.11412587936906303,moorish_idol,Zanclus cornutus,random_forest
943:2901,4.35,110.15,0.11412587936906303,moorish_idol,Zanclus cornutus,random_forest
943:2902,4.35,110.25,0.11412587936906303,moorish_idol,Zanclus cornutus,random_forest
943:2903,4.35,110.35,0.11412587936906303,moorish_idol,Zanclus cornutus,random_forest
943:2904,4.35,110.45,0.11412587936906303,moorish_idol,Zanclus cornutus,random_forest
943:2905,4.35,110.55,0.11412587936906303,moorish_idol,Zanclus cornutus,random_forest
943:2906,4.35,110.65,0.11412587936906303,moorish_idol,Zanclus cornutus,random_forest
943:2907,4.35,110.75,0.11412587936906303,moorish_idol,Zanclus cornutus,random_forest
943:2908,4.35,110.85,0.11412587936906303,moorish_idol,Zanclus cornutus,random_forest
943:2909,4.35,110.95,0.11352825800983973,moorish_idol,Zanclus cornutus,random_forest
943:2910,4.35,111.05,0.11352825800983973,moorish_idol,Zanclus cornutus,random_forest
943:2911,4.35,111.15,0.11360260752662363,moorish_idol,Zanclus cornutus,random_forest
943:2912,4.35,111.25,0.11360260752662363,moorish_idol,Zanclus cornutus,random_forest
943:2913,4.35,111.35,0.11360260752662363,moorish_idol,Zanclus cornutus,random_forest
943:2914,4.35,111.45,0.11360260752662363,moorish_idol,Zanclus cornutus,random_forest
943:2915,4.35,111.55,0.11360260752662363,moorish_idol,Zanclus cornutus,random_forest
943:2916,4.35,111.65,0.11360260752662363,moorish_idol,Zanclus cornutus,random_forest
943:2917,4.35,111.75,0.11484227781728844,moorish_idol,Zanclus cornutus,random_forest
943:2918,4.35,111.85,0.11484227781728844,moorish_idol,Zanclus cornutus,random_forest
943:2919,4.35,111.95,0.11484227781728844,moorish_idol,Zanclus cornutus,random_forest
943:2920,4.35,112.05,0.11662799210300272,moorish_idol,Zanclus cornutus,random_forest
943:2921,4.35,112.15,0.11769227969156214,moorish_idol,Zanclus cornutus,random_forest
943:2922,4.35,112.25,0.11769227969156214,moorish_idol,Zanclus cornutus,random_forest
943:2923,4.35,112.35,0.1205638592389058,moorish_idol,Zanclus cornutus,random_forest
943:2924,4.35,112.45,0.1205638592389058,moorish_idol,Zanclus cornutus,random_forest
943:2925,4.35,112.55,0.1205638592389058,moorish_idol,Zanclus cornutus,random_forest
943:2926,4.35,112.65,0.12303107235365988,moorish_idol,Zanclus cornutus,random_forest
943:2927,4.35,112.75,0.12303107235365988,moorish_idol,Zanclus cornutus,random_forest
943:2928,4.35,112.85,0.12882633672629698,moorish_idol,Zanclus cornutus,random_forest
943:2929,4.35,112.95,0.12922210839648723,moorish_idol,Zanclus cornutus,random_forest
943:2930,4.35,113.05,0.13009307613842272,moorish_idol,Zanclus cornutus,random_forest
943:2931,4.35,113.15,0.13009307613842272,moorish_idol,Zanclus cornutus,random_forest
943:2932,4.35,113.25,0.13309143602595788,moorish_idol,Zanclus cornutus,random_forest
943:2933,4.35,113.35,0.13461791577673668,moorish_idol,Zanclus cornutus,random_forest
943:2934,4.35,113.45,0.13461791577673668,moorish_idol,Zanclus cornutus,random_forest
943:2935,4.35,113.55,0.1376366218413143,moorish_idol,Zanclus cornutus,random_forest
943:2936,4.35,113.65,0.1376366218413143,moorish_idol,Zanclus cornutus,random_forest
943:2937,4.35,113.75,0.1376366218413143,moorish_idol,Zanclus cornutus,random_forest
943:2938,4.35,113.85,0.1376366218413143,moorish_idol,Zanclus cornutus,random_forest
943:2939,4.35,113.95,0.1376366218413143,moorish_idol,Zanclus cornutus,random_forest
943:2976,4.35,117.65,0.8109532329066204,moorish_idol,Zanclus cornutus,random_forest
943:2985,4.35,118.55,0.8515630366586426,moorish_idol,Zanclus cornutus,random_forest
943:2986,4.35,118.65,0.8797491040806993,moorish_idol,Zanclus cornutus,random_forest
943:2987,4.35,118.75,0.8797491040806993,moorish_idol,Zanclus cornutus,random_forest
943:2988,4.35,118.85,0.8797491040806993,moorish_idol,Zanclus cornutus,random_forest
943:2989,4.35,118.95,0.8797491040806993,moorish_idol,Zanclus cornutus,random_forest
943:2990,4.35,119.05,0.8797491040806993,moorish_idol,Zanclus cornutus,random_forest
944:2792,4.45,99.25,0.3288242600394657,moorish_idol,Zanclus cornutus,random_forest
944:2793,4.45,99.35,0.3288242600394657,moorish_idol,Zanclus cornutus,random_forest
944:2794,4.45,99.45,0.3288242600394657,moorish_idol,Zanclus cornutus,random_forest
944:2795,4.45,99.55,0.3288242600394657,moorish_idol,Zanclus cornutus,random_forest
944:2796,4.45,99.65,0.3288242600394657,moorish_idol,Zanclus cornutus,random_forest
944:2797,4.45,99.75,0.3288242600394657,moorish_idol,Zanclus cornutus,random_forest
944:2798,4.45,99.85,0.3288242600394657,moorish_idol,Zanclus cornutus,random_forest
944:2799,4.45,99.95,0.3288242600394657,moorish_idol,Zanclus cornutus,random_forest
944:2800,4.45,100.05,0.32989042888876297,moorish_idol,Zanclus cornutus,random_forest
944:2801,4.45,100.15,0.3297655039638381,moorish_idol,Zanclus cornutus,random_forest
944:2802,4.45,100.25,0.32281702046242305,moorish_idol,Zanclus cornutus,random_forest
944:2803,4.45,100.35,0.3192299973689806,moorish_idol,Zanclus cornutus,random_forest
944:2804,4.45,100.45,0.3165098811481752,moorish_idol,Zanclus cornutus,random_forest
944:2805,4.45,100.55,0.3165098811481752,moorish_idol,Zanclus cornutus,random_forest
944:2834,4.45,103.45,0.27408869993652674,moorish_idol,Zanclus cornutus,random_forest
944:2835,4.45,103.55,0.2683380074235283,moorish_idol,Zanclus cornutus,random_forest
944:2836,4.45,103.65,0.26719936842277753,moorish_idol,Zanclus cornutus,random_forest
944:2837,4.45,103.75,0.26644936842277755,moorish_idol,Zanclus cornutus,random_forest
944:2838,4.45,103.85,0.26266195301413625,moorish_idol,Zanclus cornutus,random_forest
944:2839,4.45,103.95,0.257083492273894,moorish_idol,Zanclus cornutus,random_forest
944:2840,4.45,104.05,0.25732285397602156,moorish_idol,Zanclus cornutus,random_forest
944:2841,4.45,104.15,0.25546648165362984,moorish_idol,Zanclus cornutus,random_forest
944:2842,4.45,104.25,0.1751168911707638,moorish_idol,Zanclus cornutus,random_forest
944:2843,4.45,104.35,0.13375211958756023,moorish_idol,Zanclus cornutus,random_forest
944:2844,4.45,104.45,0.11852330629516154,moorish_idol,Zanclus cornutus,random_forest
944:2845,4.45,104.55,0.10959458678370497,moorish_idol,Zanclus cornutus,random_forest
944:2846,4.45,104.65,0.10959458678370497,moorish_idol,Zanclus cornutus,random_forest
944:2847,4.45,104.75,0.10959458678370497,moorish_idol,Zanclus cornutus,random_forest
944:2848,4.45,104.85,0.10959458678370497,moorish_idol,Zanclus cornutus,random_forest
944:2849,4.45,104.95,0.10959458678370497,moorish_idol,Zanclus cornutus,random_forest
944:2850,4.45,105.05,0.10959458678370497,moorish_idol,Zanclus cornutus,random_forest
944:2900,4.45,110.05,0.10680852903816891,moorish_idol,Zanclus cornutus,random_forest
944:2901,4.45,110.15,0.10680852903816891,moorish_idol,Zanclus cornutus,random_forest
944:2902,4.45,110.25,0.10680852903816891,moorish_idol,Zanclus cornutus,random_forest
944:2903,4.45,110.35,0.10680852903816891,moorish_idol,Zanclus cornutus,random_forest
944:2904,4.45,110.45,0.10680852903816891,moorish_idol,Zanclus cornutus,random_forest
944:2905,4.45,110.55,0.10680852903816891,moorish_idol,Zanclus cornutus,random_forest
944:2906,4.45,110.65,0.10680852903816891,moorish_idol,Zanclus cornutus,random_forest
944:2907,4.45,110.75,0.10680852903816891,moorish_idol,Zanclus cornutus,random_forest
944:2908,4.45,110.85,0.10680852903816891,moorish_idol,Zanclus cornutus,random_forest
944:2909,4.45,110.95,0.10589590767894562,moorish_idol,Zanclus cornutus,random_forest
944:2910,4.45,111.05,0.10589590767894562,moorish_idol,Zanclus cornutus,random_forest
944:2911,4.45,111.15,0.1060347965678345,moorish_idol,Zanclus cornutus,random_forest
944:2912,4.45,111.25,0.1060347965678345,moorish_idol,Zanclus cornutus,random_forest
944:2913,4.45,111.35,0.1060347965678345,moorish_idol,Zanclus cornutus,random_forest
944:2914,4.45,111.45,0.1060347965678345,moorish_idol,Zanclus cornutus,random_forest
944:2915,4.45,111.55,0.1060347965678345,moorish_idol,Zanclus cornutus,random_forest
944:2916,4.45,111.65,0.1060347965678345,moorish_idol,Zanclus cornutus,random_forest
944:2917,4.45,111.75,0.10693134829197244,moorish_idol,Zanclus cornutus,random_forest
944:2918,4.45,111.85,0.10693134829197244,moorish_idol,Zanclus cornutus,random_forest
944:2919,4.45,111.95,0.10693134829197244,moorish_idol,Zanclus cornutus,random_forest
944:2920,4.45,112.05,0.10693134829197244,moorish_idol,Zanclus cornutus,random_forest
944:2921,4.45,112.15,0.10799563588053186,moorish_idol,Zanclus cornutus,random_forest
944:2922,4.45,112.25,0.10799563588053186,moorish_idol,Zanclus cornutus,random_forest
944:2923,4.45,112.35,0.11086721542787552,moorish_idol,Zanclus cornutus,random_forest
944:2924,4.45,112.45,0.11086721542787552,moorish_idol,Zanclus cornutus,random_forest
944:2925,4.45,112.55,0.11086721542787552,moorish_idol,Zanclus cornutus,random_forest
944:2926,4.45,112.65,0.11333442854262961,moorish_idol,Zanclus cornutus,random_forest
944:2927,4.45,112.75,0.11333442854262961,moorish_idol,Zanclus cornutus,random_forest
944:2928,4.45,112.85,0.11912969291526672,moorish_idol,Zanclus cornutus,random_forest
944:2929,4.45,112.95,0.11952546458545699,moorish_idol,Zanclus cornutus,random_forest
944:2930,4.45,113.05,0.12039643232739247,moorish_idol,Zanclus cornutus,random_forest
944:2931,4.45,113.15,0.12039643232739247,moorish_idol,Zanclus cornutus,random_forest
944:2932,4.45,113.25,0.12339479221492762,moorish_idol,Zanclus cornutus,random_forest
944:2933,4.45,113.35,0.12492127196570643,moorish_idol,Zanclus cornutus,random_forest
944:2934,4.45,113.45,0.12492127196570643,moorish_idol,Zanclus cornutus,random_forest
944:2935,4.45,113.55,0.1279399780302841,moorish_idol,Zanclus cornutus,random_forest
944:2936,4.45,113.65,0.1279399780302841,moorish_idol,Zanclus cornutus,random_forest
944:2937,4.45,113.75,0.1279399780302841,moorish_idol,Zanclus cornutus,random_forest
944:2938,4.45,113.85,0.1279399780302841,moorish_idol,Zanclus cornutus,random_forest
944:2939,4.45,113.95,0.1279399780302841,moorish_idol,Zanclus cornutus,random_forest
944:2986,4.45,118.65,0.8713505328828473,moorish_idol,Zanclus cornutus,random_forest
944:2987,4.45,118.75,0.8713505328828473,moorish_idol,Zanclus cornutus,random_forest
944:2988,4.45,118.85,0.8713505328828473,moorish_idol,Zanclus cornutus,random_forest
944:2989,4.45,118.95,0.8713505328828473,moorish_idol,Zanclus cornutus,random_forest
944:2990,4.45,119.05,0.8713505328828473,moorish_idol,Zanclus cornutus,random_forest
945:2791,4.55,99.15,0.3254433908559471,moorish_idol,Zanclus cornutus,random_forest
945:2792,4.55,99.25,0.3254433908559471,moorish_idol,Zanclus cornutus,random_forest
945:2793,4.55,99.35,0.3254433908559471,moorish_idol,Zanclus cornutus,random_forest
945:2794,4.55,99.45,0.3254433908559471,moorish_idol,Zanclus cornutus,random_forest
945:2795,4.55,99.55,0.3254433908559471,moorish_idol,Zanclus cornutus,random_forest
945:2796,4.55,99.65,0.3254433908559471,moorish_idol,Zanclus cornutus,random_forest
945:2797,4.55,99.75,0.3254433908559471,moorish_idol,Zanclus cornutus,random_forest
945:2798,4.55,99.85,0.3254433908559471,moorish_idol,Zanclus cornutus,random_forest
945:2799,4.55,99.95,0.3254433908559471,moorish_idol,Zanclus cornutus,random_forest
945:2800,4.55,100.05,0.32650955970524437,moorish_idol,Zanclus cornutus,random_forest
945:2801,4.55,100.15,0.3263846347803195,moorish_idol,Zanclus cornutus,random_forest
945:2802,4.55,100.25,0.31943615127890446,moorish_idol,Zanclus cornutus,random_forest
945:2803,4.55,100.35,0.315849128185462,moorish_idol,Zanclus cornutus,random_forest
945:2804,4.55,100.45,0.31312901196465664,moorish_idol,Zanclus cornutus,random_forest
945:2805,4.55,100.55,0.31312901196465664,moorish_idol,Zanclus cornutus,random_forest
945:2835,4.55,103.55,0.26436739465026626,moorish_idol,Zanclus cornutus,random_forest
945:2836,4.55,103.65,0.2632287556495154,moorish_idol,Zanclus cornutus,random_forest
945:2837,4.55,103.75,0.26247875564951545,moorish_idol,Zanclus cornutus,random_forest
945:2838,4.55,103.85,0.25869134024087415,moorish_idol,Zanclus cornutus,random_forest
945:2839,4.55,103.95,0.2531128795006318,moorish_idol,Zanclus cornutus,random_forest
945:2840,4.55,104.05,0.25335224120275945,moorish_idol,Zanclus cornutus,random_forest
945:2841,4.55,104.15,0.2508926942771931,moorish_idol,Zanclus cornutus,random_forest
945:2842,4.55,104.25,0.17054310379432705,moorish_idol,Zanclus cornutus,random_forest
945:2843,4.55,104.35,0.1291783322111235,moorish_idol,Zanclus cornutus,random_forest
945:2844,4.55,104.45,0.11394951891872479,moorish_idol,Zanclus cornutus,random_forest
945:2845,4.55,104.55,0.1050207994072682,moorish_idol,Zanclus cornutus,random_forest
945:2846,4.55,104.65,0.1050207994072682,moorish_idol,Zanclus cornutus,random_forest
945:2847,4.55,104.75,0.1050207994072682,moorish_idol,Zanclus cornutus,random_forest
945:2848,4.55,104.85,0.1050207994072682,moorish_idol,Zanclus cornutus,random_forest
945:2849,4.55,104.95,0.1050207994072682,moorish_idol,Zanclus cornutus,random_forest
945:2850,4.55,105.05,0.1050207994072682,moorish_idol,Zanclus cornutus,random_forest
945:2851,4.55,105.15,0.10437019699762963,moorish_idol,Zanclus cornutus,random_forest
945:2900,4.55,110.05,0.10290140832839881,moorish_idol,Zanclus cornutus,random_forest
945:2901,4.55,110.15,0.10290140832839881,moorish_idol,Zanclus cornutus,random_forest
945:2902,4.55,110.25,0.10290140832839881,moorish_idol,Zanclus cornutus,random_forest
945:2903,4.55,110.35,0.10290140832839881,moorish_idol,Zanclus cornutus,random_forest
945:2904,4.55,110.45,0.10290140832839881,moorish_idol,Zanclus cornutus,random_forest
945:2905,4.55,110.55,0.10290140832839881,moorish_idol,Zanclus cornutus,random_forest
945:2906,4.55,110.65,0.10290140832839881,moorish_idol,Zanclus cornutus,random_forest
945:2907,4.55,110.75,0.10290140832839881,moorish_idol,Zanclus cornutus,random_forest
945:2908,4.55,110.85,0.10290140832839881,moorish_idol,Zanclus cornutus,random_forest
945:2909,4.55,110.95,0.1019887869691755,moorish_idol,Zanclus cornutus,random_forest
945:2910,4.55,111.05,0.1019887869691755,moorish_idol,Zanclus cornutus,random_forest
945:2911,4.55,111.15,0.10212767585806441,moorish_idol,Zanclus cornutus,random_forest
945:2912,4.55,111.25,0.10212767585806441,moorish_idol,Zanclus cornutus,random_forest
945:2913,4.55,111.35,0.10212767585806441,moorish_idol,Zanclus cornutus,random_forest
945:2914,4.55,111.45,0.10212767585806441,moorish_idol,Zanclus cornutus,random_forest
945:2915,4.55,111.55,0.10212767585806441,moorish_idol,Zanclus cornutus,random_forest
945:2916,4.55,111.65,0.10212767585806441,moorish_idol,Zanclus cornutus,random_forest
945:2917,4.55,111.75,0.10302422758220234,moorish_idol,Zanclus cornutus,random_forest
945:2918,4.55,111.85,0.10331055070114349,moorish_idol,Zanclus cornutus,random_forest
945:2919,4.55,111.95,0.10331055070114349,moorish_idol,Zanclus cornutus,random_forest
945:2920,4.55,112.05,0.10331055070114349,moorish_idol,Zanclus cornutus,random_forest
945:2921,4.55,112.15,0.10437483828970293,moorish_idol,Zanclus cornutus,random_forest
945:2922,4.55,112.25,0.10437483828970293,moorish_idol,Zanclus cornutus,random_forest
945:2923,4.55,112.35,0.10724641783704658,moorish_idol,Zanclus cornutus,random_forest
945:2924,4.55,112.45,0.10724641783704658,moorish_idol,Zanclus cornutus,random_forest
945:2925,4.55,112.55,0.10724641783704658,moorish_idol,Zanclus cornutus,random_forest
945:2926,4.55,112.65,0.10971363095180067,moorish_idol,Zanclus cornutus,random_forest
945:2927,4.55,112.75,0.10971363095180067,moorish_idol,Zanclus cornutus,random_forest
945:2928,4.55,112.85,0.11366274147828394,moorish_idol,Zanclus cornutus,random_forest
945:2929,4.55,112.95,0.1140585131484742,moorish_idol,Zanclus cornutus,random_forest
945:2930,4.55,113.05,0.11492948089040969,moorish_idol,Zanclus cornutus,random_forest
945:2931,4.55,113.15,0.11492948089040969,moorish_idol,Zanclus cornutus,random_forest
945:2932,4.55,113.25,0.11792784077794484,moorish_idol,Zanclus cornutus,random_forest
945:2933,4.55,113.35,0.11945432052872365,moorish_idol,Zanclus cornutus,random_forest
945:2934,4.55,113.45,0.11945432052872365,moorish_idol,Zanclus cornutus,random_forest
945:2935,4.55,113.55,0.12247302659330127,moorish_idol,Zanclus cornutus,random_forest
945:2936,4.55,113.65,0.12247302659330127,moorish_idol,Zanclus cornutus,random_forest
945:2937,4.55,113.75,0.12247302659330127,moorish_idol,Zanclus cornutus,random_forest
945:2938,4.55,113.85,0.12247302659330127,moorish_idol,Zanclus cornutus,random_forest
945:2939,4.55,113.95,0.12247302659330127,moorish_idol,Zanclus cornutus,random_forest
945:2986,4.55,118.65,0.8684981197761278,moorish_idol,Zanclus cornutus,random_forest
945:2987,4.55,118.75,0.8684981197761278,moorish_idol,Zanclus cornutus,random_forest
945:2988,4.55,118.85,0.8684981197761278,moorish_idol,Zanclus cornutus,random_forest
945:2989,4.55,118.95,0.8684981197761278,moorish_idol,Zanclus cornutus,random_forest
946:2790,4.65,99.05,0.24688434307555843,moorish_idol,Zanclus cornutus,random_forest
946:2791,4.65,99.15,0.24688434307555843,moorish_idol,Zanclus cornutus,random_forest
946:2792,4.65,99.25,0.24688434307555843,moorish_idol,Zanclus cornutus,random_forest
946:2793,4.65,99.35,0.24688434307555843,moorish_idol,Zanclus cornutus,random_forest
946:2794,4.65,99.45,0.24688434307555843,moorish_idol,Zanclus cornutus,random_forest
946:2795,4.65,99.55,0.24688434307555843,moorish_idol,Zanclus cornutus,random_forest
946:2796,4.65,99.65,0.24688434307555843,moorish_idol,Zanclus cornutus,random_forest
946:2797,4.65,99.75,0.24688434307555843,moorish_idol,Zanclus cornutus,random_forest
946:2798,4.65,99.85,0.24688434307555843,moorish_idol,Zanclus cornutus,random_forest
946:2799,4.65,99.95,0.24688434307555843,moorish_idol,Zanclus cornutus,random_forest
946:2800,4.65,100.05,0.24795051192485565,moorish_idol,Zanclus cornutus,random_forest
946:2801,4.65,100.15,0.2478255869999307,moorish_idol,Zanclus cornutus,random_forest
946:2802,4.65,100.25,0.2408771034985157,moorish_idol,Zanclus cornutus,random_forest
946:2803,4.65,100.35,0.23566614878114162,moorish_idol,Zanclus cornutus,random_forest
946:2804,4.65,100.45,0.2329460325603362,moorish_idol,Zanclus cornutus,random_forest
946:2805,4.65,100.55,0.2329460325603362,moorish_idol,Zanclus cornutus,random_forest
946:2834,4.65,103.45,0.1875437675391495,moorish_idol,Zanclus cornutus,random_forest
946:2835,4.65,103.55,0.1801431307675112,moorish_idol,Zanclus cornutus,random_forest
946:2836,4.65,103.65,0.17900449176676045,moorish_idol,Zanclus cornutus,random_forest
946:2837,4.65,103.75,0.17825449176676045,moorish_idol,Zanclus cornutus,random_forest
946:2838,4.65,103.85,0.17404316331464087,moorish_idol,Zanclus cornutus,random_forest
946:2839,4.65,103.95,0.1666930828897354,moorish_idol,Zanclus cornutus,random_forest
946:2840,4.65,104.05,0.16693244459186304,moorish_idol,Zanclus cornutus,random_forest
946:2841,4.65,104.15,0.16447289766629672,moorish_idol,Zanclus cornutus,random_forest
946:2842,4.65,104.25,0.08331759126476491,moorish_idol,Zanclus cornutus,random_forest
946:2843,4.65,104.35,0.041648471855474295,moorish_idol,Zanclus cornutus,random_forest
946:2844,4.65,104.45,0.025571173714590743,moorish_idol,Zanclus cornutus,random_forest
946:2845,4.65,104.55,0.016642454203134177,moorish_idol,Zanclus cornutus,random_forest
946:2846,4.65,104.65,0.01607995420313418,moorish_idol,Zanclus cornutus,random_forest
946:2847,4.65,104.75,0.015377251500431479,moorish_idol,Zanclus cornutus,random_forest
946:2848,4.65,104.85,0.015377251500431479,moorish_idol,Zanclus cornutus,random_forest
946:2849,4.65,104.95,0.015377251500431479,moorish_idol,Zanclus cornutus,random_forest
946:2850,4.65,105.05,0.015377251500431479,moorish_idol,Zanclus cornutus,random_forest
946:2851,4.65,105.15,0.014726649090792927,moorish_idol,Zanclus cornutus,random_forest
946:2900,4.65,110.05,0.014998601162302845,moorish_idol,Zanclus cornutus,random_forest
946:2901,4.65,110.15,0.014998601162302845,moorish_idol,Zanclus cornutus,random_forest
946:2902,4.65,110.25,0.014998601162302845,moorish_idol,Zanclus cornutus,random_forest
946:2903,4.65,110.35,0.014998601162302845,moorish_idol,Zanclus cornutus,random_forest
946:2904,4.65,110.45,0.014998601162302845,moorish_idol,Zanclus cornutus,random_forest
946:2905,4.65,110.55,0.014998601162302845,moorish_idol,Zanclus cornutus,random_forest
946:2906,4.65,110.65,0.014998601162302845,moorish_idol,Zanclus cornutus,random_forest
946:2907,4.65,110.75,0.014998601162302845,moorish_idol,Zanclus cornutus,random_forest
946:2908,4.65,110.85,0.014998601162302845,moorish_idol,Zanclus cornutus,random_forest
946:2909,4.65,110.95,0.014998601162302845,moorish_idol,Zanclus cornutus,random_forest
946:2910,4.65,111.05,0.014998601162302845,moorish_idol,Zanclus cornutus,random_forest
946:2911,4.65,111.15,0.015137490051191735,moorish_idol,Zanclus cornutus,random_forest
946:2912,4.65,111.25,0.015137490051191735,moorish_idol,Zanclus cornutus,random_forest
946:2913,4.65,111.35,0.015137490051191735,moorish_idol,Zanclus cornutus,random_forest
946:2914,4.65,111.45,0.015137490051191735,moorish_idol,Zanclus cornutus,random_forest
946:2915,4.65,111.55,0.015137490051191735,moorish_idol,Zanclus cornutus,random_forest
946:2916,4.65,111.65,0.015137490051191735,moorish_idol,Zanclus cornutus,random_forest
946:2917,4.65,111.75,0.016034041775329664,moorish_idol,Zanclus cornutus,random_forest
946:2918,4.65,111.85,0.01632036489427081,moorish_idol,Zanclus cornutus,random_forest
946:2919,4.65,111.95,0.01632036489427081,moorish_idol,Zanclus cornutus,random_forest
946:2920,4.65,112.05,0.01632036489427081,moorish_idol,Zanclus cornutus,random_forest
946:2921,4.65,112.15,0.01738465248283024,moorish_idol,Zanclus cornutus,random_forest
946:2922,4.65,112.25,0.01738465248283024,moorish_idol,Zanclus cornutus,random_forest
946:2923,4.65,112.35,0.01738465248283024,moorish_idol,Zanclus cornutus,random_forest
946:2924,4.65,112.45,0.01738465248283024,moorish_idol,Zanclus cornutus,random_forest
946:2925,4.65,112.55,0.01738465248283024,moorish_idol,Zanclus cornutus,random_forest
946:2926,4.65,112.65,0.01985186559758434,moorish_idol,Zanclus cornutus,random_forest
946:2927,4.65,112.75,0.01985186559758434,moorish_idol,Zanclus cornutus,random_forest
946:2928,4.65,112.85,0.01985186559758434,moorish_idol,Zanclus cornutus,random_forest
946:2929,4.65,112.95,0.01985186559758434,moorish_idol,Zanclus cornutus,random_forest
946:2930,4.65,113.05,0.020722833339519825,moorish_idol,Zanclus cornutus,random_forest
946:2931,4.65,113.15,0.020722833339519825,moorish_idol,Zanclus cornutus,random_forest
946:2932,4.65,113.25,0.021927378794065276,moorish_idol,Zanclus cornutus,random_forest
946:2933,4.65,113.35,0.02345385854484409,moorish_idol,Zanclus cornutus,random_forest
946:2934,4.65,113.45,0.02345385854484409,moorish_idol,Zanclus cornutus,random_forest
946:2935,4.65,113.55,0.02647256460942172,moorish_idol,Zanclus cornutus,random_forest
946:2936,4.65,113.65,0.02647256460942172,moorish_idol,Zanclus cornutus,random_forest
946:2937,4.65,113.75,0.027789637780153423,moorish_idol,Zanclus cornutus,random_forest
946:2938,4.65,113.85,0.027789637780153423,moorish_idol,Zanclus cornutus,random_forest
946:2939,4.65,113.95,0.027789637780153423,moorish_idol,Zanclus cornutus,random_forest
946:2940,4.65,114.05,0.02948455303439071,moorish_idol,Zanclus cornutus,random_forest
946:2986,4.65,118.65,0.7794271620264291,moorish_idol,Zanclus cornutus,random_forest
946:2987,4.65,118.75,0.7794271620264291,moorish_idol,Zanclus cornutus,random_forest
946:2988,4.65,118.85,0.7794271620264291,moorish_idol,Zanclus cornutus,random_forest
946:2989,4.65,118.95,0.7794271620264291,moorish_idol,Zanclus cornutus,random_forest
947:2789,4.75,98.95,0.23760778065130747,moorish_idol,Zanclus cornutus,random_forest
947:2790,4.75,99.05,0.23760778065130747,moorish_idol,Zanclus cornutus,random_forest
947:2791,4.75,99.15,0.23760778065130747,moorish_idol,Zanclus cornutus,random_forest
947:2792,4.75,99.25,0.23760778065130747,moorish_idol,Zanclus cornutus,random_forest
947:2793,4.75,99.35,0.23760778065130747,moorish_idol,Zanclus cornutus,random_forest
947:2794,4.75,99.45,0.23760778065130747,moorish_idol,Zanclus cornutus,random_forest
947:2795,4.75,99.55,0.23760778065130747,moorish_idol,Zanclus cornutus,random_forest
947:2796,4.75,99.65,0.23760778065130747,moorish_idol,Zanclus cornutus,random_forest
947:2797,4.75,99.75,0.23760778065130747,moorish_idol,Zanclus cornutus,random_forest
947:2798,4.75,99.85,0.23760778065130747,moorish_idol,Zanclus cornutus,random_forest
947:2799,4.75,99.95,0.23760778065130747,moorish_idol,Zanclus cornutus,random_forest
947:2800,4.75,100.05,0.2386739495006047,moorish_idol,Zanclus cornutus,random_forest
947:2801,4.75,100.15,0.23854902457567978,moorish_idol,Zanclus cornutus,random_forest
947:2802,4.75,100.25,0.23160054107426475,moorish_idol,Zanclus cornutus,random_forest
947:2803,4.75,100.35,0.2263895863568907,moorish_idol,Zanclus cornutus,random_forest
947:2804,4.75,100.45,0.22366947013608526,moorish_idol,Zanclus cornutus,random_forest
947:2805,4.75,100.55,0.22366947013608526,moorish_idol,Zanclus cornutus,random_forest
947:2834,4.75,103.45,0.17826720511489852,moorish_idol,Zanclus cornutus,random_forest
947:2835,4.75,103.55,0.1694981472906287,moorish_idol,Zanclus cornutus,random_forest
947:2836,4.75,103.65,0.16835950828987792,moorish_idol,Zanclus cornutus,random_forest
947:2837,4.75,103.75,0.16760950828987792,moorish_idol,Zanclus cornutus,random_forest
947:2838,4.75,103.85,0.1633981798377583,moorish_idol,Zanclus cornutus,random_forest
947:2839,4.75,103.95,0.15604809941285286,moorish_idol,Zanclus cornutus,random_forest
947:2840,4.75,104.05,0.1562874611149805,moorish_idol,Zanclus cornutus,random_forest
947:2841,4.75,104.15,0.15382791418941413,moorish_idol,Zanclus cornutus,random_forest
947:2842,4.75,104.25,0.07325593398888239,moorish_idol,Zanclus cornutus,random_forest
947:2843,4.75,104.35,0.0315868145795918,moorish_idol,Zanclus cornutus,random_forest
947:2844,4.75,104.45,0.015509516438708251,moorish_idol,Zanclus cornutus,random_forest
947:2845,4.75,104.55,0.00658079692725168,moorish_idol,Zanclus cornutus,random_forest
947:2846,4.75,104.65,0.00601829692725168,moorish_idol,Zanclus cornutus,random_forest
947:2847,4.75,104.75,0.005315594224548977,moorish_idol,Zanclus cornutus,random_forest
947:2848,4.75,104.85,0.005315594224548977,moorish_idol,Zanclus cornutus,random_forest
947:2849,4.75,104.95,0.005315594224548977,moorish_idol,Zanclus cornutus,random_forest
947:2850,4.75,105.05,0.005315594224548977,moorish_idol,Zanclus cornutus,random_forest
947:2851,4.75,105.15,0.003500812710432811,moorish_idol,Zanclus cornutus,random_forest
947:2852,4.75,105.25,0.003500812710432811,moorish_idol,Zanclus cornutus,random_forest
947:2900,4.75,110.05,0.0037727647819427307,moorish_idol,Zanclus cornutus,random_forest
947:2901,4.75,110.15,0.0037727647819427307,moorish_idol,Zanclus cornutus,random_forest
947:2902,4.75,110.25,0.0037727647819427307,moorish_idol,Zanclus cornutus,random_forest
947:2903,4.75,110.35,0.0037727647819427307,moorish_idol,Zanclus cornutus,random_forest
947:2904,4.75,110.45,0.0037727647819427307,moorish_idol,Zanclus cornutus,random_forest
947:2905,4.75,110.55,0.0037727647819427307,moorish_idol,Zanclus cornutus,random_forest
947:2906,4.75,110.65,0.0037727647819427307,moorish_idol,Zanclus cornutus,random_forest
947:2907,4.75,110.75,0.0037727647819427307,moorish_idol,Zanclus cornutus,random_forest
947:2908,4.75,110.85,0.0037727647819427307,moorish_idol,Zanclus cornutus,random_forest
947:2909,4.75,110.95,0.0037727647819427307,moorish_idol,Zanclus cornutus,random_forest
947:2910,4.75,111.05,0.0037727647819427307,moorish_idol,Zanclus cornutus,random_forest
947:2911,4.75,111.15,0.00391165367083162,moorish_idol,Zanclus cornutus,random_forest
947:2912,4.75,111.25,0.00391165367083162,moorish_idol,Zanclus cornutus,random_forest
947:2913,4.75,111.35,0.00391165367083162,moorish_idol,Zanclus cornutus,random_forest
947:2914,4.75,111.45,0.00391165367083162,moorish_idol,Zanclus cornutus,random_forest
947:2915,4.75,111.55,0.00391165367083162,moorish_idol,Zanclus cornutus,random_forest
947:2916,4.75,111.65,0.00391165367083162,moorish_idol,Zanclus cornutus,random_forest
947:2917,4.75,111.75,0.00480820539496955,moorish_idol,Zanclus cornutus,random_forest
947:2918,4.75,111.85,0.005094528513910695,moorish_idol,Zanclus cornutus,random_forest
947:2919,4.75,111.95,0.005094528513910695,moorish_idol,Zanclus cornutus,random_forest
947:2920,4.75,112.05,0.005094528513910695,moorish_idol,Zanclus cornutus,random_forest
947:2921,4.75,112.15,0.005094528513910695,moorish_idol,Zanclus cornutus,random_forest
947:2922,4.75,112.25,0.005094528513910695,moorish_idol,Zanclus cornutus,random_forest
947:2923,4.75,112.35,0.005094528513910695,moorish_idol,Zanclus cornutus,random_forest
947:2924,4.75,112.45,0.005094528513910695,moorish_idol,Zanclus cornutus,random_forest
947:2925,4.75,112.55,0.005094528513910695,moorish_idol,Zanclus cornutus,random_forest
947:2926,4.75,112.65,0.007561741628664793,moorish_idol,Zanclus cornutus,random_forest
947:2927,4.75,112.75,0.007561741628664793,moorish_idol,Zanclus cornutus,random_forest
947:2928,4.75,112.85,0.007561741628664793,moorish_idol,Zanclus cornutus,random_forest
947:2929,4.75,112.95,0.007561741628664793,moorish_idol,Zanclus cornutus,random_forest
947:2930,4.75,113.05,0.008432709370600278,moorish_idol,Zanclus cornutus,random_forest
947:2931,4.75,113.15,0.008432709370600278,moorish_idol,Zanclus cornutus,random_forest
947:2932,4.75,113.25,0.008432709370600278,moorish_idol,Zanclus cornutus,random_forest
947:2933,4.75,113.35,0.009959189121379096,moorish_idol,Zanclus cornutus,random_forest
947:2934,4.75,113.45,0.009959189121379096,moorish_idol,Zanclus cornutus,random_forest
947:2935,4.75,113.55,0.012977895185956718,moorish_idol,Zanclus cornutus,random_forest
947:2936,4.75,113.65,0.012977895185956718,moorish_idol,Zanclus cornutus,random_forest
947:2937,4.75,113.75,0.014294968356688425,moorish_idol,Zanclus cornutus,random_forest
947:2938,4.75,113.85,0.014294968356688425,moorish_idol,Zanclus cornutus,random_forest
947:2939,4.75,113.95,0.014294968356688425,moorish_idol,Zanclus cornutus,random_forest
947:2940,4.75,114.05,0.015989883610925713,moorish_idol,Zanclus cornutus,random_forest
947:2982,4.75,118.25,0.699914745712749,moorish_idol,Zanclus cornutus,random_forest
947:2983,4.75,118.35,0.6965890425723376,moorish_idol,Zanclus cornutus,random_forest
947:2984,4.75,118.45,0.6958824977251639,moorish_idol,Zanclus cornutus,random_forest
947:2985,4.75,118.55,0.7370742020280759,moorish_idol,Zanclus cornutus,random_forest
947:2986,4.75,118.65,0.7652602694501327,moorish_idol,Zanclus cornutus,random_forest
947:2987,4.75,118.75,0.7652602694501327,moorish_idol,Zanclus cornutus,random_forest
947:2988,4.75,118.85,0.7652602694501327,moorish_idol,Zanclus cornutus,random_forest
947:2989,4.75,118.95,0.7652602694501327,moorish_idol,Zanclus cornutus,random_forest
948:2788,4.85,98.85,0.23754293173904892,moorish_idol,Zanclus cornutus,random_forest
948:2789,4.85,98.95,0.23754293173904892,moorish_idol,Zanclus cornutus,random_forest
948:2790,4.85,99.05,0.23754293173904892,moorish_idol,Zanclus cornutus,random_forest
948:2791,4.85,99.15,0.23754293173904892,moorish_idol,Zanclus cornutus,random_forest
948:2792,4.85,99.25,0.23754293173904892,moorish_idol,Zanclus cornutus,random_forest
948:2793,4.85,99.35,0.23754293173904892,moorish_idol,Zanclus cornutus,random_forest
948:2794,4.85,99.45,0.23754293173904892,moorish_idol,Zanclus cornutus,random_forest
948:2795,4.85,99.55,0.23754293173904892,moorish_idol,Zanclus cornutus,random_forest
948:2796,4.85,99.65,0.23754293173904892,moorish_idol,Zanclus cornutus,random_forest
948:2797,4.85,99.75,0.23754293173904892,moorish_idol,Zanclus cornutus,random_forest
948:2798,4.85,99.85,0.23754293173904892,moorish_idol,Zanclus cornutus,random_forest
948:2799,4.85,99.95,0.23754293173904892,moorish_idol,Zanclus cornutus,random_forest
948:2800,4.85,100.05,0.23860910058834617,moorish_idol,Zanclus cornutus,random_forest
948:2801,4.85,100.15,0.23848417566342123,moorish_idol,Zanclus cornutus,random_forest
948:2802,4.85,100.25,0.23153569216200617,moorish_idol,Zanclus cornutus,random_forest
948:2803,4.85,100.35,0.22632473744463208,moorish_idol,Zanclus cornutus,random_forest
948:2804,4.85,100.45,0.2236046212238267,moorish_idol,Zanclus cornutus,random_forest
948:2805,4.85,100.55,0.2236046212238267,moorish_idol,Zanclus cornutus,random_forest
948:2834,4.85,103.45,0.17820235620263997,moorish_idol,Zanclus cornutus,random_forest
948:2835,4.85,103.55,0.16943329837837012,moorish_idol,Zanclus cornutus,random_forest
948:2836,4.85,103.65,0.16829465937761937,moorish_idol,Zanclus cornutus,random_forest
948:2837,4.85,103.75,0.16754465937761936,moorish_idol,Zanclus cornutus,random_forest
948:2838,4.85,103.85,0.16333333092549976,moorish_idol,Zanclus cornutus,random_forest
948:2839,4.85,103.95,0.1559832505005943,moorish_idol,Zanclus cornutus,random_forest
948:2840,4.85,104.05,0.15622261220272193,moorish_idol,Zanclus cornutus,random_forest
948:2841,4.85,104.15,0.15376306527715558,moorish_idol,Zanclus cornutus,random_forest
948:2842,4.85,104.25,0.07271269621003747,moorish_idol,Zanclus cornutus,random_forest
948:2843,4.85,104.35,0.029975507159097105,moorish_idol,Zanclus cornutus,random_forest
948:2844,4.85,104.45,0.01389820901821355,moorish_idol,Zanclus cornutus,random_forest
948:2845,4.85,104.55,0.004969489506756981,moorish_idol,Zanclus cornutus,random_forest
948:2846,4.85,104.65,0.004406989506756981,moorish_idol,Zanclus cornutus,random_forest
948:2847,4.85,104.75,0.0037042868040542782,moorish_idol,Zanclus cornutus,random_forest
948:2848,4.85,104.85,0.0037042868040542782,moorish_idol,Zanclus cornutus,random_forest
948:2849,4.85,104.95,0.0037042868040542782,moorish_idol,Zanclus cornutus,random_forest
948:2850,4.85,105.05,0.0037042868040542782,moorish_idol,Zanclus cornutus,random_forest
948:2851,4.85,105.15,0.0018895052899381116,moorish_idol,Zanclus cornutus,random_forest
948:2852,4.85,105.25,0.0018895052899381116,moorish_idol,Zanclus cornutus,random_forest
948:2900,4.85,110.05,0.002161457361448031,moorish_idol,Zanclus cornutus,random_forest
948:2901,4.85,110.15,0.002161457361448031,moorish_idol,Zanclus cornutus,random_forest
948:2902,4.85,110.25,0.002161457361448031,moorish_idol,Zanclus cornutus,random_forest
948:2903,4.85,110.35,0.002161457361448031,moorish_idol,Zanclus cornutus,random_forest
948:2904,4.85,110.45,0.002161457361448031,moorish_idol,Zanclus cornutus,random_forest
948:2905,4.85,110.55,0.002161457361448031,moorish_idol,Zanclus cornutus,random_forest
948:2906,4.85,110.65,0.002161457361448031,moorish_idol,Zanclus cornutus,random_forest
948:2907,4.85,110.75,0.002161457361448031,moorish_idol,Zanclus cornutus,random_forest
948:2908,4.85,110.85,0.002161457361448031,moorish_idol,Zanclus cornutus,random_forest
948:2909,4.85,110.95,0.002161457361448031,moorish_idol,Zanclus cornutus,random_forest
948:2910,4.85,111.05,0.002161457361448031,moorish_idol,Zanclus cornutus,random_forest
948:2911,4.85,111.15,0.0023003462503369205,moorish_idol,Zanclus cornutus,random_forest
948:2912,4.85,111.25,0.0023003462503369205,moorish_idol,Zanclus cornutus,random_forest
948:2913,4.85,111.35,0.0023003462503369205,moorish_idol,Zanclus cornutus,random_forest
948:2914,4.85,111.45,0.0023003462503369205,moorish_idol,Zanclus cornutus,random_forest
948:2915,4.85,111.55,0.0023003462503369205,moorish_idol,Zanclus cornutus,random_forest
948:2916,4.85,111.65,0.0023003462503369205,moorish_idol,Zanclus cornutus,random_forest
948:2917,4.85,111.75,0.003196897974474851,moorish_idol,Zanclus cornutus,random_forest
948:2918,4.85,111.85,0.0034832210934159957,moorish_idol,Zanclus cornutus,random_forest
948:2919,4.85,111.95,0.0034832210934159957,moorish_idol,Zanclus cornutus,random_forest
948:2920,4.85,112.05,0.0034832210934159957,moorish_idol,Zanclus cornutus,random_forest
948:2921,4.85,112.15,0.0034832210934159957,moorish_idol,Zanclus cornutus,random_forest
948:2922,4.85,112.25,0.0034832210934159957,moorish_idol,Zanclus cornutus,random_forest
948:2923,4.85,112.35,0.0034832210934159957,moorish_idol,Zanclus cornutus,random_forest
948:2924,4.85,112.45,0.0034832210934159957,moorish_idol,Zanclus cornutus,random_forest
948:2925,4.85,112.55,0.0034832210934159957,moorish_idol,Zanclus cornutus,random_forest
948:2926,4.85,112.65,0.005950434208170094,moorish_idol,Zanclus cornutus,random_forest
948:2927,4.85,112.75,0.005950434208170094,moorish_idol,Zanclus cornutus,random_forest
948:2928,4.85,112.85,0.005950434208170094,moorish_idol,Zanclus cornutus,random_forest
948:2929,4.85,112.95,0.005950434208170094,moorish_idol,Zanclus cornutus,random_forest
948:2930,4.85,113.05,0.006821401950105578,moorish_idol,Zanclus cornutus,random_forest
948:2931,4.85,113.15,0.006821401950105578,moorish_idol,Zanclus cornutus,random_forest
948:2932,4.85,113.25,0.006821401950105578,moorish_idol,Zanclus cornutus,random_forest
948:2933,4.85,113.35,0.008347881700884395,moorish_idol,Zanclus cornutus,random_forest
948:2934,4.85,113.45,0.008347881700884395,moorish_idol,Zanclus cornutus,random_forest
948:2935,4.85,113.55,0.011366587765462018,moorish_idol,Zanclus cornutus,random_forest
948:2936,4.85,113.65,0.011366587765462018,moorish_idol,Zanclus cornutus,random_forest
948:2937,4.85,113.75,0.012683660936193724,moorish_idol,Zanclus cornutus,random_forest
948:2938,4.85,113.85,0.012683660936193724,moorish_idol,Zanclus cornutus,random_forest
948:2950,4.85,115.05,0.024288719215996634,moorish_idol,Zanclus cornutus,random_forest
948:2981,4.85,118.15,0.700075459017643,moorish_idol,Zanclus cornutus,random_forest
948:2982,4.85,118.25,0.700075459017643,moorish_idol,Zanclus cornutus,random_forest
948:2983,4.85,118.35,0.6967497558772315,moorish_idol,Zanclus cornutus,random_forest
948:2984,4.85,118.45,0.6960432110300578,moorish_idol,Zanclus cornutus,random_forest
948:2985,4.85,118.55,0.7372349153329699,moorish_idol,Zanclus cornutus,random_forest
948:2986,4.85,118.65,0.7654209827550267,moorish_idol,Zanclus cornutus,random_forest
948:2987,4.85,118.75,0.7654209827550267,moorish_idol,Zanclus cornutus,random_forest
948:2988,4.85,118.85,0.7654209827550267,moorish_idol,Zanclus cornutus,random_forest
948:2989,4.85,118.95,0.7654209827550267,moorish_idol,Zanclus cornutus,random_forest
948:2990,4.85,119.05,0.7654209827550267,moorish_idol,Zanclus cornutus,random_forest
949:2787,4.95,98.75,0.2381054317390489,moorish_idol,Zanclus cornutus,random_forest
949:2788,4.95,98.85,0.2381054317390489,moorish_idol,Zanclus cornutus,random_forest
949:2789,4.95,98.95,0.2381054317390489,moorish_idol,Zanclus cornutus,random_forest
949:2790,4.95,99.05,0.2381054317390489,moorish_idol,Zanclus cornutus,random_forest
949:2791,4.95,99.15,0.2381054317390489,moorish_idol,Zanclus cornutus,random_forest
949:2792,4.95,99.25,0.2381054317390489,moorish_idol,Zanclus cornutus,random_forest
949:2793,4.95,99.35,0.2381054317390489,moorish_idol,Zanclus cornutus,random_forest
949:2794,4.95,99.45,0.2381054317390489,moorish_idol,Zanclus cornutus,random_forest
949:2795,4.95,99.55,0.2381054317390489,moorish_idol,Zanclus cornutus,random_forest
949:2796,4.95,99.65,0.2381054317390489,moorish_idol,Zanclus cornutus,random_forest
949:2797,4.95,99.75,0.2381054317390489,moorish_idol,Zanclus cornutus,random_forest
949:2798,4.95,99.85,0.2381054317390489,moorish_idol,Zanclus cornutus,random_forest
949:2799,4.95,99.95,0.2381054317390489,moorish_idol,Zanclus cornutus,random_forest
949:2800,4.95,100.05,0.23917160058834613,moorish_idol,Zanclus cornutus,random_forest
949:2801,4.95,100.15,0.23904667566342122,moorish_idol,Zanclus cornutus,random_forest
949:2802,4.95,100.25,0.2320981921620062,moorish_idol,Zanclus cornutus,random_forest
949:2803,4.95,100.35,0.2268872374446321,moorish_idol,Zanclus cornutus,random_forest
949:2833,4.95,103.35,0.20167646873320288,moorish_idol,Zanclus cornutus,random_forest
949:2834,4.95,103.45,0.17876485620264,moorish_idol,Zanclus cornutus,random_forest
949:2835,4.95,103.55,0.16999579837837012,moorish_idol,Zanclus cornutus,random_forest
949:2836,4.95,103.65,0.16885715937761936,moorish_idol,Zanclus cornutus,random_forest
949:2837,4.95,103.75,0.16810715937761936,moorish_idol,Zanclus cornutus,random_forest
949:2838,4.95,103.85,0.16389583092549975,moorish_idol,Zanclus cornutus,random_forest
949:2839,4.95,103.95,0.15654575050059427,moorish_idol,Zanclus cornutus,random_forest
949:2840,4.95,104.05,0.15678511220272193,moorish_idol,Zanclus cornutus,random_forest
949:2841,4.95,104.15,0.1543255652771556,moorish_idol,Zanclus cornutus,random_forest
949:2842,4.95,104.25,0.07327519621003746,moorish_idol,Zanclus cornutus,random_forest
949:2843,4.95,104.35,0.030538007159097113,moorish_idol,Zanclus cornutus,random_forest
949:2844,4.95,104.45,0.01446070901821355,moorish_idol,Zanclus cornutus,random_forest
949:2845,4.95,104.55,0.00553198950675698,moorish_idol,Zanclus cornutus,random_forest
949:2846,4.95,104.65,0.004969489506756981,moorish_idol,Zanclus cornutus,random_forest
949:2847,4.95,104.75,0.004266786804054278,moorish_idol,Zanclus cornutus,random_forest
949:2848,4.95,104.85,0.004266786804054278,moorish_idol,Zanclus cornutus,random_forest
949:2849,4.95,104.95,0.004266786804054278,moorish_idol,Zanclus cornutus,random_forest
949:2850,4.95,105.05,0.004266786804054278,moorish_idol,Zanclus cornutus,random_forest
949:2851,4.95,105.15,0.0024520052899381114,moorish_idol,Zanclus cornutus,random_forest
949:2852,4.95,105.25,0.0024520052899381114,moorish_idol,Zanclus cornutus,random_forest
949:2853,4.95,105.35,0.0024520052899381114,moorish_idol,Zanclus cornutus,random_forest
949:2900,4.95,110.05,0.002723957361448031,moorish_idol,Zanclus cornutus,random_forest
949:2901,4.95,110.15,0.002723957361448031,moorish_idol,Zanclus cornutus,random_forest
949:2902,4.95,110.25,0.002723957361448031,moorish_idol,Zanclus cornutus,random_forest
949:2903,4.95,110.35,0.002723957361448031,moorish_idol,Zanclus cornutus,random_forest
949:2904,4.95,110.45,0.002723957361448031,moorish_idol,Zanclus cornutus,random_forest
949:2905,4.95,110.55,0.002723957361448031,moorish_idol,Zanclus cornutus,random_forest
949:2906,4.95,110.65,0.002723957361448031,moorish_idol,Zanclus cornutus,random_forest
949:2907,4.95,110.75,0.002723957361448031,moorish_idol,Zanclus cornutus,random_forest
949:2908,4.95,110.85,0.002723957361448031,moorish_idol,Zanclus cornutus,random_forest
949:2909,4.95,110.95,0.002723957361448031,moorish_idol,Zanclus cornutus,random_forest
949:2910,4.95,111.05,0.002723957361448031,moorish_idol,Zanclus cornutus,random_forest
949:2911,4.95,111.15,0.0028628462503369197,moorish_idol,Zanclus cornutus,random_forest
949:2912,4.95,111.25,0.0028628462503369197,moorish_idol,Zanclus cornutus,random_forest
949:2913,4.95,111.35,0.0028628462503369197,moorish_idol,Zanclus cornutus,random_forest
949:2914,4.95,111.45,0.0028628462503369197,moorish_idol,Zanclus cornutus,random_forest
949:2915,4.95,111.55,0.0028628462503369197,moorish_idol,Zanclus cornutus,random_forest
949:2916,4.95,111.65,0.0028628462503369197,moorish_idol,Zanclus cornutus,random_forest
949:2917,4.95,111.75,0.003759397974474851,moorish_idol,Zanclus cornutus,random_forest
949:2918,4.95,111.85,0.004045721093415995,moorish_idol,Zanclus cornutus,random_forest
949:2919,4.95,111.95,0.004045721093415995,moorish_idol,Zanclus cornutus,random_forest
949:2920,4.95,112.05,0.004045721093415995,moorish_idol,Zanclus cornutus,random_forest
949:2921,4.95,112.15,0.004045721093415995,moorish_idol,Zanclus cornutus,random_forest
949:2922,4.95,112.25,0.004045721093415995,moorish_idol,Zanclus cornutus,random_forest
949:2923,4.95,112.35,0.004045721093415995,moorish_idol,Zanclus cornutus,random_forest
949:2924,4.95,112.45,0.004045721093415995,moorish_idol,Zanclus cornutus,random_forest
949:2925,4.95,112.55,0.004045721093415995,moorish_idol,Zanclus cornutus,random_forest
949:2926,4.95,112.65,0.006512934208170094,moorish_idol,Zanclus cornutus,random_forest
949:2927,4.95,112.75,0.006512934208170094,moorish_idol,Zanclus cornutus,random_forest
949:2928,4.95,112.85,0.006512934208170094,moorish_idol,Zanclus cornutus,random_forest
949:2929,4.95,112.95,0.006512934208170094,moorish_idol,Zanclus cornutus,random_forest
949:2930,4.95,113.05,0.007383901950105578,moorish_idol,Zanclus cornutus,random_forest
949:2931,4.95,113.15,0.007383901950105578,moorish_idol,Zanclus cornutus,random_forest
949:2932,4.95,113.25,0.007383901950105578,moorish_idol,Zanclus cornutus,random_forest
949:2933,4.95,113.35,0.008910381700884396,moorish_idol,Zanclus cornutus,random_forest
949:2934,4.95,113.45,0.008910381700884396,moorish_idol,Zanclus cornutus,random_forest
949:2935,4.95,113.55,0.011929087765462018,moorish_idol,Zanclus cornutus,random_forest
949:2936,4.95,113.65,0.011929087765462018,moorish_idol,Zanclus cornutus,random_forest
949:2937,4.95,113.75,0.013246160936193727,moorish_idol,Zanclus cornutus,random_forest
949:2951,4.95,115.15,0.02485121921599663,moorish_idol,Zanclus cornutus,random_forest
949:2952,4.95,115.25,0.02607245815404973,moorish_idol,Zanclus cornutus,random_forest
949:2953,4.95,115.35,0.031031657785336248,moorish_idol,Zanclus cornutus,random_forest
949:2982,4.95,118.25,0.700075459017643,moorish_idol,Zanclus cornutus,random_forest
949:2983,4.95,118.35,0.6967497558772315,moorish_idol,Zanclus cornutus,random_forest
949:2984,4.95,118.45,0.6960432110300578,moorish_idol,Zanclus cornutus,random_forest
949:2985,4.95,118.55,0.7372349153329699,moorish_idol,Zanclus cornutus,random_forest
949:2987,4.95,118.75,0.7654209827550267,moorish_idol,Zanclus cornutus,random_forest
949:2988,4.95,118.85,0.7654209827550267,moorish_idol,Zanclus cornutus,random_forest
949:2989,4.95,118.95,0.7654209827550267,moorish_idol,Zanclus cornutus,random_forest
949:2990,4.95,119.05,0.7654209827550267,moorish_idol,Zanclus cornutus,random_forest
949:2991,4.95,119.15,0.7654209827550267,moorish_idol,Zanclus cornutus,random_forest
950:2786,5.05,98.65,0.23960922289912898,moorish_idol,Zanclus cornutus,random_forest
950:2787,5.05,98.75,0.23960922289912898,moorish_idol,Zanclus cornutus,random_forest
950:2788,5.05,98.85,0.23960922289912898,moorish_idol,Zanclus cornutus,random_forest
950:2789,5.05,98.95,0.23960922289912898,moorish_idol,Zanclus cornutus,random_forest
950:2790,5.05,99.05,0.23960922289912898,moorish_idol,Zanclus cornutus,random_forest
950:2791,5.05,99.15,0.23960922289912898,moorish_idol,Zanclus cornutus,random_forest
950:2792,5.05,99.25,0.23960922289912898,moorish_idol,Zanclus cornutus,random_forest
950:2793,5.05,99.35,0.23960922289912898,moorish_idol,Zanclus cornutus,random_forest
950:2794,5.05,99.45,0.23960922289912898,moorish_idol,Zanclus cornutus,random_forest
950:2795,5.05,99.55,0.23960922289912898,moorish_idol,Zanclus cornutus,random_forest
950:2796,5.05,99.65,0.23960922289912898,moorish_idol,Zanclus cornutus,random_forest
950:2797,5.05,99.75,0.23960922289912898,moorish_idol,Zanclus cornutus,random_forest
950:2798,5.05,99.85,0.23960922289912898,moorish_idol,Zanclus cornutus,random_forest
950:2799,5.05,99.95,0.23960922289912898,moorish_idol,Zanclus cornutus,random_forest
950:2800,5.05,100.05,0.24067539174842623,moorish_idol,Zanclus cornutus,random_forest
950:2801,5.05,100.15,0.24055046682350129,moorish_idol,Zanclus cornutus,random_forest
950:2802,5.05,100.25,0.23360198332208626,moorish_idol,Zanclus cornutus,random_forest
950:2803,5.05,100.35,0.22839102860471217,moorish_idol,Zanclus cornutus,random_forest
950:2833,5.05,103.35,0.20318025989328298,moorish_idol,Zanclus cornutus,random_forest
950:2834,5.05,103.45,0.18026864736272002,moorish_idol,Zanclus cornutus,random_forest
950:2835,5.05,103.55,0.1714995895384502,moorish_idol,Zanclus cornutus,random_forest
950:2836,5.05,103.65,0.17036095053769945,moorish_idol,Zanclus cornutus,random_forest
950:2837,5.05,103.75,0.16961095053769945,moorish_idol,Zanclus cornutus,random_forest
950:2838,5.05,103.85,0.16539962208557982,moorish_idol,Zanclus cornutus,random_forest
950:2839,5.05,103.95,0.15804954166067436,moorish_idol,Zanclus cornutus,random_forest
950:2840,5.05,104.05,0.15828890336280202,moorish_idol,Zanclus cornutus,random_forest
950:2841,5.05,104.15,0.15582935643723567,moorish_idol,Zanclus cornutus,random_forest
950:2842,5.05,104.25,0.0749496574080442,moorish_idol,Zanclus cornutus,random_forest
950:2843,5.05,104.35,0.031614580852479444,moorish_idol,Zanclus cornutus,random_forest
950:2844,5.05,104.45,0.015592113192786606,moorish_idol,Zanclus cornutus,random_forest
950:2845,5.05,104.55,0.00553198950675698,moorish_idol,Zanclus cornutus,random_forest
950:2846,5.05,104.65,0.004969489506756981,moorish_idol,Zanclus cornutus,random_forest
950:2847,5.05,104.75,0.004266786804054278,moorish_idol,Zanclus cornutus,random_forest
950:2848,5.05,104.85,0.004266786804054278,moorish_idol,Zanclus cornutus,random_forest
950:2849,5.05,104.95,0.004266786804054278,moorish_idol,Zanclus cornutus,random_forest
950:2850,5.05,105.05,0.004266786804054278,moorish_idol,Zanclus cornutus,random_forest
950:2851,5.05,105.15,0.0024520052899381114,moorish_idol,Zanclus cornutus,random_forest
950:2852,5.05,105.25,0.0024520052899381114,moorish_idol,Zanclus cornutus,random_forest
950:2853,5.05,105.35,0.0024520052899381114,moorish_idol,Zanclus cornutus,random_forest
950:2854,5.05,105.45,0.0024520052899381114,moorish_idol,Zanclus cornutus,random_forest
950:2900,5.05,110.05,0.002723957361448031,moorish_idol,Zanclus cornutus,random_forest
950:2901,5.05,110.15,0.002723957361448031,moorish_idol,Zanclus cornutus,random_forest
950:2902,5.05,110.25,0.002723957361448031,moorish_idol,Zanclus cornutus,random_forest
950:2903,5.05,110.35,0.002723957361448031,moorish_idol,Zanclus cornutus,random_forest
950:2904,5.05,110.45,0.002723957361448031,moorish_idol,Zanclus cornutus,random_forest
950:2905,5.05,110.55,0.002723957361448031,moorish_idol,Zanclus cornutus,random_forest
950:2906,5.05,110.65,0.002723957361448031,moorish_idol,Zanclus cornutus,random_forest
950:2907,5.05,110.75,0.002723957361448031,moorish_idol,Zanclus cornutus,random_forest
950:2908,5.05,110.85,0.002723957361448031,moorish_idol,Zanclus cornutus,random_forest
950:2909,5.05,110.95,0.002723957361448031,moorish_idol,Zanclus cornutus,random_forest
950:2910,5.05,111.05,0.002723957361448031,moorish_idol,Zanclus cornutus,random_forest
950:2911,5.05,111.15,0.0028628462503369197,moorish_idol,Zanclus cornutus,random_forest
950:2912,5.05,111.25,0.0028628462503369197,moorish_idol,Zanclus cornutus,random_forest
950:2913,5.05,111.35,0.0028628462503369197,moorish_idol,Zanclus cornutus,random_forest
950:2914,5.05,111.45,0.0028628462503369197,moorish_idol,Zanclus cornutus,random_forest
950:2915,5.05,111.55,0.0028628462503369197,moorish_idol,Zanclus cornutus,random_forest
950:2916,5.05,111.65,0.0028628462503369197,moorish_idol,Zanclus cornutus,random_forest
950:2917,5.05,111.75,0.003759397974474851,moorish_idol,Zanclus cornutus,random_forest
950:2918,5.05,111.85,0.004045721093415995,moorish_idol,Zanclus cornutus,random_forest
950:2919,5.05,111.95,0.004045721093415995,moorish_idol,Zanclus cornutus,random_forest
950:2920,5.05,112.05,0.004045721093415995,moorish_idol,Zanclus cornutus,random_forest
950:2921,5.05,112.15,0.004045721093415995,moorish_idol,Zanclus cornutus,random_forest
950:2922,5.05,112.25,0.004045721093415995,moorish_idol,Zanclus cornutus,random_forest
950:2923,5.05,112.35,0.004045721093415995,moorish_idol,Zanclus cornutus,random_forest
950:2924,5.05,112.45,0.004045721093415995,moorish_idol,Zanclus cornutus,random_forest
950:2925,5.05,112.55,0.004045721093415995,moorish_idol,Zanclus cornutus,random_forest
950:2926,5.05,112.65,0.006512934208170094,moorish_idol,Zanclus cornutus,random_forest
950:2927,5.05,112.75,0.006512934208170094,moorish_idol,Zanclus cornutus,random_forest
950:2928,5.05,112.85,0.006512934208170094,moorish_idol,Zanclus cornutus,random_forest
950:2929,5.05,112.95,0.006512934208170094,moorish_idol,Zanclus cornutus,random_forest
950:2930,5.05,113.05,0.007383901950105578,moorish_idol,Zanclus cornutus,random_forest
950:2931,5.05,113.15,0.007383901950105578,moorish_idol,Zanclus cornutus,random_forest
950:2932,5.05,113.25,0.007383901950105578,moorish_idol,Zanclus cornutus,random_forest
950:2933,5.05,113.35,0.008910381700884396,moorish_idol,Zanclus cornutus,random_forest
950:2934,5.05,113.45,0.008910381700884396,moorish_idol,Zanclus cornutus,random_forest
950:2935,5.05,113.55,0.011929087765462018,moorish_idol,Zanclus cornutus,random_forest
950:2936,5.05,113.65,0.011929087765462018,moorish_idol,Zanclus cornutus,random_forest
950:2952,5.05,115.25,0.02607245815404973,moorish_idol,Zanclus cornutus,random_forest
950:2953,5.05,115.35,0.031031657785336248,moorish_idol,Zanclus cornutus,random_forest
950:2954,5.05,115.45,0.031031657785336248,moorish_idol,Zanclus cornutus,random_forest
950:2990,5.05,119.05,0.7654209827550267,moorish_idol,Zanclus cornutus,random_forest
950:2991,5.05,119.15,0.7654209827550267,moorish_idol,Zanclus cornutus,random_forest
950:2992,5.05,119.25,0.7654209827550267,moorish_idol,Zanclus cornutus,random_forest
951:2785,5.15,98.55,0.2426917105962546,moorish_idol,Zanclus cornutus,random_forest
951:2786,5.15,98.65,0.2426917105962546,moorish_idol,Zanclus cornutus,random_forest
951:2787,5.15,98.75,0.2426917105962546,moorish_idol,Zanclus cornutus,random_forest
951:2788,5.15,98.85,0.2426917105962546,moorish_idol,Zanclus cornutus,random_forest
951:2789,5.15,98.95,0.2426917105962546,moorish_idol,Zanclus cornutus,random_forest
951:2790,5.15,99.05,0.2426917105962546,moorish_idol,Zanclus cornutus,random_forest
951:2791,5.15,99.15,0.2426917105962546,moorish_idol,Zanclus cornutus,random_forest
951:2792,5.15,99.25,0.2426917105962546,moorish_idol,Zanclus cornutus,random_forest
951:2793,5.15,99.35,0.2426917105962546,moorish_idol,Zanclus cornutus,random_forest
951:2794,5.15,99.45,0.2426917105962546,moorish_idol,Zanclus cornutus,random_forest
951:2795,5.15,99.55,0.2426917105962546,moorish_idol,Zanclus cornutus,random_forest
951:2796,5.15,99.65,0.2426917105962546,moorish_idol,Zanclus cornutus,random_forest
951:2797,5.15,99.75,0.2426917105962546,moorish_idol,Zanclus cornutus,random_forest
951:2798,5.15,99.85,0.2426917105962546,moorish_idol,Zanclus cornutus,random_forest
951:2799,5.15,99.95,0.2426917105962546,moorish_idol,Zanclus cornutus,random_forest
951:2800,5.15,100.05,0.24375787944555183,moorish_idol,Zanclus cornutus,random_forest
951:2801,5.15,100.15,0.2436329545206269,moorish_idol,Zanclus cornutus,random_forest
951:2802,5.15,100.25,0.23668447101921186,moorish_idol,Zanclus cornutus,random_forest
951:2803,5.15,100.35,0.23147351630183777,moorish_idol,Zanclus cornutus,random_forest
951:2832,5.15,103.25,0.21472272188585753,moorish_idol,Zanclus cornutus,random_forest
951:2833,5.15,103.35,0.2062627475904086,moorish_idol,Zanclus cornutus,random_forest
951:2834,5.15,103.45,0.18335113505984565,moorish_idol,Zanclus cornutus,random_forest
951:2835,5.15,103.55,0.1745820772355758,moorish_idol,Zanclus cornutus,random_forest
951:2836,5.15,103.65,0.173443438234825,moorish_idol,Zanclus cornutus,random_forest
951:2837,5.15,103.75,0.17269343823482503,moorish_idol,Zanclus cornutus,random_forest
951:2838,5.15,103.85,0.16848210978270545,moorish_idol,Zanclus cornutus,random_forest
951:2839,5.15,103.95,0.16113202935779994,moorish_idol,Zanclus cornutus,random_forest
951:2840,5.15,104.05,0.1613713910599276,moorish_idol,Zanclus cornutus,random_forest
951:2841,5.15,104.15,0.15891184413436127,moorish_idol,Zanclus cornutus,random_forest
951:2842,5.15,104.25,0.07485897640445996,moorish_idol,Zanclus cornutus,random_forest
951:2843,5.15,104.35,0.03152389984889521,moorish_idol,Zanclus cornutus,random_forest
951:2844,5.15,104.45,0.015592113192786606,moorish_idol,Zanclus cornutus,random_forest
951:2845,5.15,104.55,0.00553198950675698,moorish_idol,Zanclus cornutus,random_forest
951:2846,5.15,104.65,0.004969489506756981,moorish_idol,Zanclus cornutus,random_forest
951:2847,5.15,104.75,0.004266786804054278,moorish_idol,Zanclus cornutus,random_forest
951:2848,5.15,104.85,0.004266786804054278,moorish_idol,Zanclus cornutus,random_forest
951:2849,5.15,104.95,0.004266786804054278,moorish_idol,Zanclus cornutus,random_forest
951:2850,5.15,105.05,0.004266786804054278,moorish_idol,Zanclus cornutus,random_forest
951:2851,5.15,105.15,0.0024520052899381114,moorish_idol,Zanclus cornutus,random_forest
951:2852,5.15,105.25,0.0024520052899381114,moorish_idol,Zanclus cornutus,random_forest
951:2853,5.15,105.35,0.0024520052899381114,moorish_idol,Zanclus cornutus,random_forest
951:2854,5.15,105.45,0.0024520052899381114,moorish_idol,Zanclus cornutus,random_forest
951:2900,5.15,110.05,0.002723957361448031,moorish_idol,Zanclus cornutus,random_forest
951:2901,5.15,110.15,0.002723957361448031,moorish_idol,Zanclus cornutus,random_forest
951:2902,5.15,110.25,0.002723957361448031,moorish_idol,Zanclus cornutus,random_forest
951:2903,5.15,110.35,0.002723957361448031,moorish_idol,Zanclus cornutus,random_forest
951:2904,5.15,110.45,0.002723957361448031,moorish_idol,Zanclus cornutus,random_forest
951:2905,5.15,110.55,0.002723957361448031,moorish_idol,Zanclus cornutus,random_forest
951:2906,5.15,110.65,0.002723957361448031,moorish_idol,Zanclus cornutus,random_forest
951:2907,5.15,110.75,0.002723957361448031,moorish_idol,Zanclus cornutus,random_forest
951:2908,5.15,110.85,0.002723957361448031,moorish_idol,Zanclus cornutus,random_forest
951:2909,5.15,110.95,0.002723957361448031,moorish_idol,Zanclus cornutus,random_forest
951:2910,5.15,111.05,0.002723957361448031,moorish_idol,Zanclus cornutus,random_forest
951:2911,5.15,111.15,0.0028628462503369197,moorish_idol,Zanclus cornutus,random_forest
951:2912,5.15,111.25,0.0028628462503369197,moorish_idol,Zanclus cornutus,random_forest
951:2913,5.15,111.35,0.0028628462503369197,moorish_idol,Zanclus cornutus,random_forest
951:2914,5.15,111.45,0.0028628462503369197,moorish_idol,Zanclus cornutus,random_forest
951:2915,5.15,111.55,0.0028628462503369197,moorish_idol,Zanclus cornutus,random_forest
951:2916,5.15,111.65,0.0028628462503369197,moorish_idol,Zanclus cornutus,random_forest
951:2917,5.15,111.75,0.003759397974474851,moorish_idol,Zanclus cornutus,random_forest
951:2918,5.15,111.85,0.004045721093415995,moorish_idol,Zanclus cornutus,random_forest
951:2919,5.15,111.95,0.004045721093415995,moorish_idol,Zanclus cornutus,random_forest
951:2920,5.15,112.05,0.004045721093415995,moorish_idol,Zanclus cornutus,random_forest
951:2921,5.15,112.15,0.004045721093415995,moorish_idol,Zanclus cornutus,random_forest
951:2922,5.15,112.25,0.004045721093415995,moorish_idol,Zanclus cornutus,random_forest
951:2923,5.15,112.35,0.004045721093415995,moorish_idol,Zanclus cornutus,random_forest
951:2924,5.15,112.45,0.004045721093415995,moorish_idol,Zanclus cornutus,random_forest
951:2925,5.15,112.55,0.004045721093415995,moorish_idol,Zanclus cornutus,random_forest
951:2926,5.15,112.65,0.006512934208170094,moorish_idol,Zanclus cornutus,random_forest
951:2927,5.15,112.75,0.006512934208170094,moorish_idol,Zanclus cornutus,random_forest
951:2928,5.15,112.85,0.006512934208170094,moorish_idol,Zanclus cornutus,random_forest
951:2929,5.15,112.95,0.006512934208170094,moorish_idol,Zanclus cornutus,random_forest
951:2930,5.15,113.05,0.007383901950105578,moorish_idol,Zanclus cornutus,random_forest
951:2931,5.15,113.15,0.007383901950105578,moorish_idol,Zanclus cornutus,random_forest
951:2932,5.15,113.25,0.007383901950105578,moorish_idol,Zanclus cornutus,random_forest
951:2933,5.15,113.35,0.008910381700884396,moorish_idol,Zanclus cornutus,random_forest
951:2934,5.15,113.45,0.008910381700884396,moorish_idol,Zanclus cornutus,random_forest
951:2935,5.15,113.55,0.011929087765462018,moorish_idol,Zanclus cornutus,random_forest
951:2951,5.15,115.15,0.02485121921599663,moorish_idol,Zanclus cornutus,random_forest
951:2952,5.15,115.25,0.02607245815404973,moorish_idol,Zanclus cornutus,random_forest
951:2953,5.15,115.35,0.031031657785336248,moorish_idol,Zanclus cornutus,random_forest
951:2954,5.15,115.45,0.031031657785336248,moorish_idol,Zanclus cornutus,random_forest
951:2955,5.15,115.55,0.06665899362545492,moorish_idol,Zanclus cornutus,random_forest
951:2992,5.15,119.25,0.7652186466033235,moorish_idol,Zanclus cornutus,random_forest
951:2993,5.15,119.35,0.7652186466033235,moorish_idol,Zanclus cornutus,random_forest
952:2784,5.25,98.45,0.2435928370042646,moorish_idol,Zanclus cornutus,random_forest
952:2785,5.25,98.55,0.2435928370042646,moorish_idol,Zanclus cornutus,random_forest
952:2786,5.25,98.65,0.2435928370042646,moorish_idol,Zanclus cornutus,random_forest
952:2787,5.25,98.75,0.2435928370042646,moorish_idol,Zanclus cornutus,random_forest
952:2788,5.25,98.85,0.2435928370042646,moorish_idol,Zanclus cornutus,random_forest
952:2789,5.25,98.95,0.2435928370042646,moorish_idol,Zanclus cornutus,random_forest
952:2790,5.25,99.05,0.2435928370042646,moorish_idol,Zanclus cornutus,random_forest
952:2791,5.25,99.15,0.2435928370042646,moorish_idol,Zanclus cornutus,random_forest
952:2792,5.25,99.25,0.2435928370042646,moorish_idol,Zanclus cornutus,random_forest
952:2793,5.25,99.35,0.2435928370042646,moorish_idol,Zanclus cornutus,random_forest
952:2794,5.25,99.45,0.2435928370042646,moorish_idol,Zanclus cornutus,random_forest
952:2795,5.25,99.55,0.2435928370042646,moorish_idol,Zanclus cornutus,random_forest
952:2796,5.25,99.65,0.2435928370042646,moorish_idol,Zanclus cornutus,random_forest
952:2797,5.25,99.75,0.2435928370042646,moorish_idol,Zanclus cornutus,random_forest
952:2798,5.25,99.85,0.2435928370042646,moorish_idol,Zanclus cornutus,random_forest
952:2799,5.25,99.95,0.2435928370042646,moorish_idol,Zanclus cornutus,random_forest
952:2800,5.25,100.05,0.24465900585356182,moorish_idol,Zanclus cornutus,random_forest
952:2801,5.25,100.15,0.24453408092863688,moorish_idol,Zanclus cornutus,random_forest
952:2802,5.25,100.25,0.23758559742722188,moorish_idol,Zanclus cornutus,random_forest
952:2803,5.25,100.35,0.23237464270984778,moorish_idol,Zanclus cornutus,random_forest
952:2832,5.25,103.25,0.21562384829386752,moorish_idol,Zanclus cornutus,random_forest
952:2833,5.25,103.35,0.2071638739984186,moorish_idol,Zanclus cornutus,random_forest
952:2834,5.25,103.45,0.18425226146785567,moorish_idol,Zanclus cornutus,random_forest
952:2835,5.25,103.55,0.1754832036435858,moorish_idol,Zanclus cornutus,random_forest
952:2836,5.25,103.65,0.17434456464283501,moorish_idol,Zanclus cornutus,random_forest
952:2837,5.25,103.75,0.17359456464283501,moorish_idol,Zanclus cornutus,random_forest
952:2838,5.25,103.85,0.16938323619071544,moorish_idol,Zanclus cornutus,random_forest
952:2839,5.25,103.95,0.16203315576580993,moorish_idol,Zanclus cornutus,random_forest
952:2840,5.25,104.05,0.1622725174679376,moorish_idol,Zanclus cornutus,random_forest
952:2841,5.25,104.15,0.15981297054237126,moorish_idol,Zanclus cornutus,random_forest
952:2842,5.25,104.25,0.07485897640445996,moorish_idol,Zanclus cornutus,random_forest
952:2843,5.25,104.35,0.03152389984889521,moorish_idol,Zanclus cornutus,random_forest
952:2844,5.25,104.45,0.015592113192786606,moorish_idol,Zanclus cornutus,random_forest
952:2845,5.25,104.55,0.00553198950675698,moorish_idol,Zanclus cornutus,random_forest
952:2846,5.25,104.65,0.004969489506756981,moorish_idol,Zanclus cornutus,random_forest
952:2847,5.25,104.75,0.004266786804054278,moorish_idol,Zanclus cornutus,random_forest
952:2848,5.25,104.85,0.004266786804054278,moorish_idol,Zanclus cornutus,random_forest
952:2849,5.25,104.95,0.004266786804054278,moorish_idol,Zanclus cornutus,random_forest
952:2850,5.25,105.05,0.004266786804054278,moorish_idol,Zanclus cornutus,random_forest
952:2851,5.25,105.15,0.0024520052899381114,moorish_idol,Zanclus cornutus,random_forest
952:2852,5.25,105.25,0.0024520052899381114,moorish_idol,Zanclus cornutus,random_forest
952:2853,5.25,105.35,0.0024520052899381114,moorish_idol,Zanclus cornutus,random_forest
952:2854,5.25,105.45,0.0024520052899381114,moorish_idol,Zanclus cornutus,random_forest
952:2855,5.25,105.55,0.0024520052899381114,moorish_idol,Zanclus cornutus,random_forest
952:2900,5.25,110.05,0.002723957361448031,moorish_idol,Zanclus cornutus,random_forest
952:2901,5.25,110.15,0.002723957361448031,moorish_idol,Zanclus cornutus,random_forest
952:2902,5.25,110.25,0.002723957361448031,moorish_idol,Zanclus cornutus,random_forest
952:2903,5.25,110.35,0.002723957361448031,moorish_idol,Zanclus cornutus,random_forest
952:2904,5.25,110.45,0.002723957361448031,moorish_idol,Zanclus cornutus,random_forest
952:2905,5.25,110.55,0.002723957361448031,moorish_idol,Zanclus cornutus,random_forest
952:2906,5.25,110.65,0.002723957361448031,moorish_idol,Zanclus cornutus,random_forest
952:2907,5.25,110.75,0.002723957361448031,moorish_idol,Zanclus cornutus,random_forest
952:2908,5.25,110.85,0.002723957361448031,moorish_idol,Zanclus cornutus,random_forest
952:2909,5.25,110.95,0.002723957361448031,moorish_idol,Zanclus cornutus,random_forest
952:2910,5.25,111.05,0.002723957361448031,moorish_idol,Zanclus cornutus,random_forest
952:2911,5.25,111.15,0.0028628462503369197,moorish_idol,Zanclus cornutus,random_forest
952:2912,5.25,111.25,0.0028628462503369197,moorish_idol,Zanclus cornutus,random_forest
952:2913,5.25,111.35,0.0028628462503369197,moorish_idol,Zanclus cornutus,random_forest
952:2914,5.25,111.45,0.0028628462503369197,moorish_idol,Zanclus cornutus,random_forest
952:2915,5.25,111.55,0.0028628462503369197,moorish_idol,Zanclus cornutus,random_forest
952:2916,5.25,111.65,0.0028628462503369197,moorish_idol,Zanclus cornutus,random_forest
952:2917,5.25,111.75,0.003759397974474851,moorish_idol,Zanclus cornutus,random_forest
952:2918,5.25,111.85,0.004045721093415995,moorish_idol,Zanclus cornutus,random_forest
952:2919,5.25,111.95,0.004045721093415995,moorish_idol,Zanclus cornutus,random_forest
952:2920,5.25,112.05,0.004045721093415995,moorish_idol,Zanclus cornutus,random_forest
952:2921,5.25,112.15,0.004045721093415995,moorish_idol,Zanclus cornutus,random_forest
952:2922,5.25,112.25,0.004045721093415995,moorish_idol,Zanclus cornutus,random_forest
952:2923,5.25,112.35,0.004045721093415995,moorish_idol,Zanclus cornutus,random_forest
952:2924,5.25,112.45,0.004045721093415995,moorish_idol,Zanclus cornutus,random_forest
952:2925,5.25,112.55,0.004045721093415995,moorish_idol,Zanclus cornutus,random_forest
952:2926,5.25,112.65,0.006512934208170094,moorish_idol,Zanclus cornutus,random_forest
952:2927,5.25,112.75,0.006512934208170094,moorish_idol,Zanclus cornutus,random_forest
952:2928,5.25,112.85,0.006512934208170094,moorish_idol,Zanclus cornutus,random_forest
952:2929,5.25,112.95,0.006512934208170094,moorish_idol,Zanclus cornutus,random_forest
952:2930,5.25,113.05,0.007383901950105578,moorish_idol,Zanclus cornutus,random_forest
952:2931,5.25,113.15,0.007383901950105578,moorish_idol,Zanclus cornutus,random_forest
952:2932,5.25,113.25,0.007383901950105578,moorish_idol,Zanclus cornutus,random_forest
952:2933,5.25,113.35,0.008910381700884396,moorish_idol,Zanclus cornutus,random_forest
952:2934,5.25,113.45,0.008910381700884396,moorish_idol,Zanclus cornutus,random_forest
952:2950,5.25,115.05,0.02485121921599663,moorish_idol,Zanclus cornutus,random_forest
952:2951,5.25,115.15,0.02485121921599663,moorish_idol,Zanclus cornutus,random_forest
952:2952,5.25,115.25,0.02607245815404973,moorish_idol,Zanclus cornutus,random_forest
952:2953,5.25,115.35,0.030896690229460257,moorish_idol,Zanclus cornutus,random_forest
952:2993,5.25,119.35,0.7514611242918139,moorish_idol,Zanclus cornutus,random_forest
952:2994,5.25,119.45,0.7514611242918139,moorish_idol,Zanclus cornutus,random_forest
953:2784,5.35,98.45,0.2435928370042646,moorish_idol,Zanclus cornutus,random_forest
953:2785,5.35,98.55,0.2435928370042646,moorish_idol,Zanclus cornutus,random_forest
953:2786,5.35,98.65,0.2435928370042646,moorish_idol,Zanclus cornutus,random_forest
953:2787,5.35,98.75,0.2435928370042646,moorish_idol,Zanclus cornutus,random_forest
953:2788,5.35,98.85,0.2435928370042646,moorish_idol,Zanclus cornutus,random_forest
953:2789,5.35,98.95,0.2435928370042646,moorish_idol,Zanclus cornutus,random_forest
953:2790,5.35,99.05,0.2435928370042646,moorish_idol,Zanclus cornutus,random_forest
953:2791,5.35,99.15,0.2435928370042646,moorish_idol,Zanclus cornutus,random_forest
953:2792,5.35,99.25,0.2435928370042646,moorish_idol,Zanclus cornutus,random_forest
953:2793,5.35,99.35,0.2435928370042646,moorish_idol,Zanclus cornutus,random_forest
953:2794,5.35,99.45,0.2435928370042646,moorish_idol,Zanclus cornutus,random_forest
953:2795,5.35,99.55,0.2435928370042646,moorish_idol,Zanclus cornutus,random_forest
953:2796,5.35,99.65,0.2435928370042646,moorish_idol,Zanclus cornutus,random_forest
953:2797,5.35,99.75,0.2435928370042646,moorish_idol,Zanclus cornutus,random_forest
953:2798,5.35,99.85,0.2435928370042646,moorish_idol,Zanclus cornutus,random_forest
953:2799,5.35,99.95,0.2435928370042646,moorish_idol,Zanclus cornutus,random_forest
953:2800,5.35,100.05,0.24465900585356182,moorish_idol,Zanclus cornutus,random_forest
953:2801,5.35,100.15,0.24453408092863688,moorish_idol,Zanclus cornutus,random_forest
953:2803,5.35,100.35,0.23237464270984778,moorish_idol,Zanclus cornutus,random_forest
953:2831,5.35,103.15,0.23996374580954857,moorish_idol,Zanclus cornutus,random_forest
953:2832,5.35,103.25,0.21562384829386752,moorish_idol,Zanclus cornutus,random_forest
953:2833,5.35,103.35,0.2071638739984186,moorish_idol,Zanclus cornutus,random_forest
953:2834,5.35,103.45,0.18425226146785567,moorish_idol,Zanclus cornutus,random_forest
953:2835,5.35,103.55,0.1754832036435858,moorish_idol,Zanclus cornutus,random_forest
953:2836,5.35,103.65,0.17434456464283501,moorish_idol,Zanclus cornutus,random_forest
953:2837,5.35,103.75,0.17359456464283501,moorish_idol,Zanclus cornutus,random_forest
953:2838,5.35,103.85,0.16938323619071544,moorish_idol,Zanclus cornutus,random_forest
953:2839,5.35,103.95,0.16203315576580993,moorish_idol,Zanclus cornutus,random_forest
953:2840,5.35,104.05,0.1622725174679376,moorish_idol,Zanclus cornutus,random_forest
953:2841,5.35,104.15,0.15981297054237126,moorish_idol,Zanclus cornutus,random_forest
953:2842,5.35,104.25,0.075460203398325,moorish_idol,Zanclus cornutus,random_forest
953:2843,5.35,104.35,0.03212512684276025,moorish_idol,Zanclus cornutus,random_forest
953:2844,5.35,104.45,0.016193340186651636,moorish_idol,Zanclus cornutus,random_forest
953:2845,5.35,104.55,0.006133216500622011,moorish_idol,Zanclus cornutus,random_forest
953:2846,5.35,104.65,0.005570716500622012,moorish_idol,Zanclus cornutus,random_forest
953:2847,5.35,104.75,0.004868013797919309,moorish_idol,Zanclus cornutus,random_forest
953:2848,5.35,104.85,0.004868013797919309,moorish_idol,Zanclus cornutus,random_forest
953:2849,5.35,104.95,0.004868013797919309,moorish_idol,Zanclus cornutus,random_forest
953:2850,5.35,105.05,0.004868013797919309,moorish_idol,Zanclus cornutus,random_forest
953:2851,5.35,105.15,0.0030532322838031424,moorish_idol,Zanclus cornutus,random_forest
953:2852,5.35,105.25,0.0030532322838031424,moorish_idol,Zanclus cornutus,random_forest
953:2853,5.35,105.35,0.0030532322838031424,moorish_idol,Zanclus cornutus,random_forest
953:2854,5.35,105.45,0.0030532322838031424,moorish_idol,Zanclus cornutus,random_forest
953:2855,5.35,105.55,0.0030532322838031424,moorish_idol,Zanclus cornutus,random_forest
953:2900,5.35,110.05,0.0033251843553130617,moorish_idol,Zanclus cornutus,random_forest
953:2901,5.35,110.15,0.0033251843553130617,moorish_idol,Zanclus cornutus,random_forest
953:2902,5.35,110.25,0.0033251843553130617,moorish_idol,Zanclus cornutus,random_forest
953:2903,5.35,110.35,0.0033251843553130617,moorish_idol,Zanclus cornutus,random_forest
953:2904,5.35,110.45,0.0033251843553130617,moorish_idol,Zanclus cornutus,random_forest
953:2905,5.35,110.55,0.0033251843553130617,moorish_idol,Zanclus cornutus,random_forest
953:2906,5.35,110.65,0.0033251843553130617,moorish_idol,Zanclus cornutus,random_forest
953:2907,5.35,110.75,0.0033251843553130617,moorish_idol,Zanclus cornutus,random_forest
953:2908,5.35,110.85,0.0033251843553130617,moorish_idol,Zanclus cornutus,random_forest
953:2909,5.35,110.95,0.0033251843553130617,moorish_idol,Zanclus cornutus,random_forest
953:2910,5.35,111.05,0.0033251843553130617,moorish_idol,Zanclus cornutus,random_forest
953:2911,5.35,111.15,0.0034640732442019506,moorish_idol,Zanclus cornutus,random_forest
953:2912,5.35,111.25,0.0034640732442019506,moorish_idol,Zanclus cornutus,random_forest
953:2913,5.35,111.35,0.0034640732442019506,moorish_idol,Zanclus cornutus,random_forest
953:2914,5.35,111.45,0.0034640732442019506,moorish_idol,Zanclus cornutus,random_forest
953:2915,5.35,111.55,0.0034640732442019506,moorish_idol,Zanclus cornutus,random_forest
953:2916,5.35,111.65,0.0034640732442019506,moorish_idol,Zanclus cornutus,random_forest
953:2917,5.35,111.75,0.004360624968339882,moorish_idol,Zanclus cornutus,random_forest
953:2918,5.35,111.85,0.004646948087281027,moorish_idol,Zanclus cornutus,random_forest
953:2919,5.35,111.95,0.004646948087281027,moorish_idol,Zanclus cornutus,random_forest
953:2920,5.35,112.05,0.004646948087281027,moorish_idol,Zanclus cornutus,random_forest
953:2921,5.35,112.15,0.004646948087281027,moorish_idol,Zanclus cornutus,random_forest
953:2922,5.35,112.25,0.004646948087281027,moorish_idol,Zanclus cornutus,random_forest
953:2923,5.35,112.35,0.004646948087281027,moorish_idol,Zanclus cornutus,random_forest
953:2924,5.35,112.45,0.004646948087281027,moorish_idol,Zanclus cornutus,random_forest
953:2925,5.35,112.55,0.004646948087281027,moorish_idol,Zanclus cornutus,random_forest
953:2926,5.35,112.65,0.0071141612020351255,moorish_idol,Zanclus cornutus,random_forest
953:2927,5.35,112.75,0.0071141612020351255,moorish_idol,Zanclus cornutus,random_forest
953:2928,5.35,112.85,0.0071141612020351255,moorish_idol,Zanclus cornutus,random_forest
953:2929,5.35,112.95,0.0071141612020351255,moorish_idol,Zanclus cornutus,random_forest
953:2930,5.35,113.05,0.00798512894397061,moorish_idol,Zanclus cornutus,random_forest
953:2931,5.35,113.15,0.00798512894397061,moorish_idol,Zanclus cornutus,random_forest
953:2932,5.35,113.25,0.00798512894397061,moorish_idol,Zanclus cornutus,random_forest
953:2933,5.35,113.35,0.009511608694749426,moorish_idol,Zanclus cornutus,random_forest
953:2948,5.35,114.85,0.025015553005978165,moorish_idol,Zanclus cornutus,random_forest
953:2949,5.35,114.95,0.025452446209861663,moorish_idol,Zanclus cornutus,random_forest
953:2950,5.35,115.05,0.025452446209861663,moorish_idol,Zanclus cornutus,random_forest
953:2951,5.35,115.15,0.025452446209861663,moorish_idol,Zanclus cornutus,random_forest
953:2952,5.35,115.25,0.02667368514791476,moorish_idol,Zanclus cornutus,random_forest
953:2953,5.35,115.35,0.03149791722332528,moorish_idol,Zanclus cornutus,random_forest
953:2993,5.35,119.35,0.7483522483602644,moorish_idol,Zanclus cornutus,random_forest
953:2994,5.35,119.45,0.7483522483602644,moorish_idol,Zanclus cornutus,random_forest
954:2783,5.45,98.35,0.248476039510565,moorish_idol,Zanclus cornutus,random_forest
954:2784,5.45,98.45,0.248476039510565,moorish_idol,Zanclus cornutus,random_forest
954:2785,5.45,98.55,0.248476039510565,moorish_idol,Zanclus cornutus,random_forest
954:2786,5.45,98.65,0.248476039510565,moorish_idol,Zanclus cornutus,random_forest
954:2787,5.45,98.75,0.248476039510565,moorish_idol,Zanclus cornutus,random_forest
954:2788,5.45,98.85,0.248476039510565,moorish_idol,Zanclus cornutus,random_forest
954:2789,5.45,98.95,0.248476039510565,moorish_idol,Zanclus cornutus,random_forest
954:2790,5.45,99.05,0.248476039510565,moorish_idol,Zanclus cornutus,random_forest
954:2791,5.45,99.15,0.248476039510565,moorish_idol,Zanclus cornutus,random_forest
954:2792,5.45,99.25,0.248476039510565,moorish_idol,Zanclus cornutus,random_forest
954:2793,5.45,99.35,0.248476039510565,moorish_idol,Zanclus cornutus,random_forest
954:2794,5.45,99.45,0.248476039510565,moorish_idol,Zanclus cornutus,random_forest
954:2795,5.45,99.55,0.248476039510565,moorish_idol,Zanclus cornutus,random_forest
954:2796,5.45,99.65,0.248476039510565,moorish_idol,Zanclus cornutus,random_forest
954:2797,5.45,99.75,0.248476039510565,moorish_idol,Zanclus cornutus,random_forest
954:2798,5.45,99.85,0.248476039510565,moorish_idol,Zanclus cornutus,random_forest
954:2799,5.45,99.95,0.248476039510565,moorish_idol,Zanclus cornutus,random_forest
954:2800,5.45,100.05,0.24954220835986224,moorish_idol,Zanclus cornutus,random_forest
954:2801,5.45,100.15,0.2494172834349373,moorish_idol,Zanclus cornutus,random_forest
954:2803,5.45,100.35,0.23725784521614818,moorish_idol,Zanclus cornutus,random_forest
954:2830,5.45,103.05,0.244846948315849,moorish_idol,Zanclus cornutus,random_forest
954:2831,5.45,103.15,0.244846948315849,moorish_idol,Zanclus cornutus,random_forest
954:2832,5.45,103.25,0.22050705080016794,moorish_idol,Zanclus cornutus,random_forest
954:2833,5.45,103.35,0.212047076504719,moorish_idol,Zanclus cornutus,random_forest
954:2834,5.45,103.45,0.1891354639741561,moorish_idol,Zanclus cornutus,random_forest
954:2835,5.45,103.55,0.1803664061498862,moorish_idol,Zanclus cornutus,random_forest
954:2836,5.45,103.65,0.17922776714913538,moorish_idol,Zanclus cornutus,random_forest
954:2837,5.45,103.75,0.1784777671491354,moorish_idol,Zanclus cornutus,random_forest
954:2838,5.45,103.85,0.17426643869701583,moorish_idol,Zanclus cornutus,random_forest
954:2839,5.45,103.95,0.16691635827211035,moorish_idol,Zanclus cornutus,random_forest
954:2840,5.45,104.05,0.16715571997423803,moorish_idol,Zanclus cornutus,random_forest
954:2841,5.45,104.15,0.16469617304867168,moorish_idol,Zanclus cornutus,random_forest
954:2842,5.45,104.25,0.07842575951876124,moorish_idol,Zanclus cornutus,random_forest
954:2843,5.45,104.35,0.03362023820412162,moorish_idol,Zanclus cornutus,random_forest
954:2844,5.45,104.45,0.017056747374324107,moorish_idol,Zanclus cornutus,random_forest
954:2845,5.45,104.55,0.006471345997024889,moorish_idol,Zanclus cornutus,random_forest
954:2846,5.45,104.65,0.005908845997024889,moorish_idol,Zanclus cornutus,random_forest
954:2847,5.45,104.75,0.005206143294322186,moorish_idol,Zanclus cornutus,random_forest
954:2848,5.45,104.85,0.005206143294322186,moorish_idol,Zanclus cornutus,random_forest
954:2849,5.45,104.95,0.005206143294322186,moorish_idol,Zanclus cornutus,random_forest
954:2850,5.45,105.05,0.005206143294322186,moorish_idol,Zanclus cornutus,random_forest
954:2851,5.45,105.15,0.00339136178020602,moorish_idol,Zanclus cornutus,random_forest
954:2852,5.45,105.25,0.00339136178020602,moorish_idol,Zanclus cornutus,random_forest
954:2853,5.45,105.35,0.00339136178020602,moorish_idol,Zanclus cornutus,random_forest
954:2854,5.45,105.45,0.00339136178020602,moorish_idol,Zanclus cornutus,random_forest
954:2855,5.45,105.55,0.00339136178020602,moorish_idol,Zanclus cornutus,random_forest
954:2856,5.45,105.65,0.00339136178020602,moorish_idol,Zanclus cornutus,random_forest
954:2900,5.45,110.05,0.0036633138517159396,moorish_idol,Zanclus cornutus,random_forest
954:2901,5.45,110.15,0.0036633138517159396,moorish_idol,Zanclus cornutus,random_forest
954:2902,5.45,110.25,0.0036633138517159396,moorish_idol,Zanclus cornutus,random_forest
954:2903,5.45,110.35,0.0036633138517159396,moorish_idol,Zanclus cornutus,random_forest
954:2904,5.45,110.45,0.0036633138517159396,moorish_idol,Zanclus cornutus,random_forest
954:2905,5.45,110.55,0.0036633138517159396,moorish_idol,Zanclus cornutus,random_forest
954:2906,5.45,110.65,0.0036633138517159396,moorish_idol,Zanclus cornutus,random_forest
954:2907,5.45,110.75,0.0036633138517159396,moorish_idol,Zanclus cornutus,random_forest
954:2908,5.45,110.85,0.0036633138517159396,moorish_idol,Zanclus cornutus,random_forest
954:2909,5.45,110.95,0.0036633138517159396,moorish_idol,Zanclus cornutus,random_forest
954:2910,5.45,111.05,0.0036633138517159396,moorish_idol,Zanclus cornutus,random_forest
954:2911,5.45,111.15,0.0038022027406048285,moorish_idol,Zanclus cornutus,random_forest
954:2912,5.45,111.25,0.0038022027406048285,moorish_idol,Zanclus cornutus,random_forest
954:2913,5.45,111.35,0.0038022027406048285,moorish_idol,Zanclus cornutus,random_forest
954:2914,5.45,111.45,0.0038022027406048285,moorish_idol,Zanclus cornutus,random_forest
954:2915,5.45,111.55,0.0038022027406048285,moorish_idol,Zanclus cornutus,random_forest
954:2916,5.45,111.65,0.0038022027406048285,moorish_idol,Zanclus cornutus,random_forest
954:2917,5.45,111.75,0.004698754464742759,moorish_idol,Zanclus cornutus,random_forest
954:2918,5.45,111.85,0.004985077583683904,moorish_idol,Zanclus cornutus,random_forest
954:2919,5.45,111.95,0.004985077583683904,moorish_idol,Zanclus cornutus,random_forest
954:2920,5.45,112.05,0.004985077583683904,moorish_idol,Zanclus cornutus,random_forest
954:2921,5.45,112.15,0.004985077583683904,moorish_idol,Zanclus cornutus,random_forest
954:2922,5.45,112.25,0.004985077583683904,moorish_idol,Zanclus cornutus,random_forest
954:2923,5.45,112.35,0.004985077583683904,moorish_idol,Zanclus cornutus,random_forest
954:2924,5.45,112.45,0.004985077583683904,moorish_idol,Zanclus cornutus,random_forest
954:2925,5.45,112.55,0.004985077583683904,moorish_idol,Zanclus cornutus,random_forest
954:2926,5.45,112.65,0.007452290698438003,moorish_idol,Zanclus cornutus,random_forest
954:2927,5.45,112.75,0.007452290698438003,moorish_idol,Zanclus cornutus,random_forest
954:2928,5.45,112.85,0.007452290698438003,moorish_idol,Zanclus cornutus,random_forest
954:2929,5.45,112.95,0.007452290698438003,moorish_idol,Zanclus cornutus,random_forest
954:2930,5.45,113.05,0.008323258440373488,moorish_idol,Zanclus cornutus,random_forest
954:2931,5.45,113.15,0.008323258440373488,moorish_idol,Zanclus cornutus,random_forest
954:2932,5.45,113.25,0.008323258440373488,moorish_idol,Zanclus cornutus,random_forest
954:2947,5.45,114.75,0.02379485897296928,moorish_idol,Zanclus cornutus,random_forest
954:2948,5.45,114.85,0.025353682502381045,moorish_idol,Zanclus cornutus,random_forest
954:2949,5.45,114.95,0.02579057570626454,moorish_idol,Zanclus cornutus,random_forest
954:2950,5.45,115.05,0.02579057570626454,moorish_idol,Zanclus cornutus,random_forest
954:2951,5.45,115.15,0.02579057570626454,moorish_idol,Zanclus cornutus,random_forest
954:2952,5.45,115.25,0.02701181464431764,moorish_idol,Zanclus cornutus,random_forest
954:2953,5.45,115.35,0.031836046719728166,moorish_idol,Zanclus cornutus,random_forest
954:2989,5.45,118.95,0.7486903778566673,moorish_idol,Zanclus cornutus,random_forest
954:2990,5.45,119.05,0.7486903778566673,moorish_idol,Zanclus cornutus,random_forest
954:2992,5.45,119.25,0.7486903778566673,moorish_idol,Zanclus cornutus,random_forest
954:2993,5.45,119.35,0.7486903778566673,moorish_idol,Zanclus cornutus,random_forest
954:2994,5.45,119.45,0.7486903778566673,moorish_idol,Zanclus cornutus,random_forest
955:2782,5.55,98.25,0.25815853328159444,moorish_idol,Zanclus cornutus,random_forest
955:2783,5.55,98.35,0.25815853328159444,moorish_idol,Zanclus cornutus,random_forest
955:2784,5.55,98.45,0.25815853328159444,moorish_idol,Zanclus cornutus,random_forest
955:2785,5.55,98.55,0.25815853328159444,moorish_idol,Zanclus cornutus,random_forest
955:2786,5.55,98.65,0.25815853328159444,moorish_idol,Zanclus cornutus,random_forest
955:2787,5.55,98.75,0.25815853328159444,moorish_idol,Zanclus cornutus,random_forest
955:2788,5.55,98.85,0.25815853328159444,moorish_idol,Zanclus cornutus,random_forest
955:2789,5.55,98.95,0.25815853328159444,moorish_idol,Zanclus cornutus,random_forest
955:2790,5.55,99.05,0.25815853328159444,moorish_idol,Zanclus cornutus,random_forest
955:2791,5.55,99.15,0.25815853328159444,moorish_idol,Zanclus cornutus,random_forest
955:2792,5.55,99.25,0.25815853328159444,moorish_idol,Zanclus cornutus,random_forest
955:2793,5.55,99.35,0.25815853328159444,moorish_idol,Zanclus cornutus,random_forest
955:2794,5.55,99.45,0.25815853328159444,moorish_idol,Zanclus cornutus,random_forest
955:2795,5.55,99.55,0.25815853328159444,moorish_idol,Zanclus cornutus,random_forest
955:2796,5.55,99.65,0.25815853328159444,moorish_idol,Zanclus cornutus,random_forest
955:2797,5.55,99.75,0.25815853328159444,moorish_idol,Zanclus cornutus,random_forest
955:2798,5.55,99.85,0.25815853328159444,moorish_idol,Zanclus cornutus,random_forest
955:2799,5.55,99.95,0.25815853328159444,moorish_idol,Zanclus cornutus,random_forest
955:2800,5.55,100.05,0.25922470213089166,moorish_idol,Zanclus cornutus,random_forest
955:2801,5.55,100.15,0.2590997772059667,moorish_idol,Zanclus cornutus,random_forest
955:2802,5.55,100.25,0.2521512937045517,moorish_idol,Zanclus cornutus,random_forest
955:2803,5.55,100.35,0.24694033898717763,moorish_idol,Zanclus cornutus,random_forest
955:2829,5.55,102.95,0.2528525612091356,moorish_idol,Zanclus cornutus,random_forest
955:2830,5.55,103.05,0.2545294420868785,moorish_idol,Zanclus cornutus,random_forest
955:2831,5.55,103.15,0.2545294420868785,moorish_idol,Zanclus cornutus,random_forest
955:2832,5.55,103.25,0.23018954457119736,moorish_idol,Zanclus cornutus,random_forest
955:2833,5.55,103.35,0.22172957027574838,moorish_idol,Zanclus cornutus,random_forest
955:2834,5.55,103.45,0.19881795774518546,moorish_idol,Zanclus cornutus,random_forest
955:2835,5.55,103.55,0.19004889992091561,moorish_idol,Zanclus cornutus,random_forest
955:2836,5.55,103.65,0.1889102609201648,moorish_idol,Zanclus cornutus,random_forest
955:2837,5.55,103.75,0.1881602609201648,moorish_idol,Zanclus cornutus,random_forest
955:2838,5.55,103.85,0.1839489324680452,moorish_idol,Zanclus cornutus,random_forest
955:2839,5.55,103.95,0.17659885204313974,moorish_idol,Zanclus cornutus,random_forest
955:2840,5.55,104.05,0.17683821374526737,moorish_idol,Zanclus cornutus,random_forest
955:2841,5.55,104.15,0.17437866681970104,moorish_idol,Zanclus cornutus,random_forest
955:2842,5.55,104.25,0.08443338220482194,moorish_idol,Zanclus cornutus,random_forest
955:2843,5.55,104.35,0.03784228395869065,moorish_idol,Zanclus cornutus,random_forest
955:2844,5.55,104.45,0.02127879312889312,moorish_idol,Zanclus cornutus,random_forest
955:2845,5.55,104.55,0.01069339175159391,moorish_idol,Zanclus cornutus,random_forest
955:2846,5.55,104.65,0.010130891751593912,moorish_idol,Zanclus cornutus,random_forest
955:2847,5.55,104.75,0.009428189048891209,moorish_idol,Zanclus cornutus,random_forest
955:2848,5.55,104.85,0.009428189048891209,moorish_idol,Zanclus cornutus,random_forest
955:2849,5.55,104.95,0.009428189048891209,moorish_idol,Zanclus cornutus,random_forest
955:2850,5.55,105.05,0.009428189048891209,moorish_idol,Zanclus cornutus,random_forest
955:2851,5.55,105.15,0.007613407534775043,moorish_idol,Zanclus cornutus,random_forest
955:2852,5.55,105.25,0.007613407534775043,moorish_idol,Zanclus cornutus,random_forest
955:2853,5.55,105.35,0.007613407534775043,moorish_idol,Zanclus cornutus,random_forest
955:2854,5.55,105.45,0.007613407534775043,moorish_idol,Zanclus cornutus,random_forest
955:2855,5.55,105.55,0.007613407534775043,moorish_idol,Zanclus cornutus,random_forest
955:2856,5.55,105.65,0.007613407534775043,moorish_idol,Zanclus cornutus,random_forest
955:2900,5.55,110.05,0.007885359606284961,moorish_idol,Zanclus cornutus,random_forest
955:2901,5.55,110.15,0.007885359606284961,moorish_idol,Zanclus cornutus,random_forest
955:2902,5.55,110.25,0.007885359606284961,moorish_idol,Zanclus cornutus,random_forest
955:2903,5.55,110.35,0.007885359606284961,moorish_idol,Zanclus cornutus,random_forest
955:2904,5.55,110.45,0.007885359606284961,moorish_idol,Zanclus cornutus,random_forest
955:2905,5.55,110.55,0.007885359606284961,moorish_idol,Zanclus cornutus,random_forest
955:2906,5.55,110.65,0.007885359606284961,moorish_idol,Zanclus cornutus,random_forest
955:2907,5.55,110.75,0.007885359606284961,moorish_idol,Zanclus cornutus,random_forest
955:2908,5.55,110.85,0.007885359606284961,moorish_idol,Zanclus cornutus,random_forest
955:2909,5.55,110.95,0.007885359606284961,moorish_idol,Zanclus cornutus,random_forest
955:2910,5.55,111.05,0.007885359606284961,moorish_idol,Zanclus cornutus,random_forest
955:2911,5.55,111.15,0.008024248495173853,moorish_idol,Zanclus cornutus,random_forest
955:2912,5.55,111.25,0.008024248495173853,moorish_idol,Zanclus cornutus,random_forest
955:2913,5.55,111.35,0.008024248495173853,moorish_idol,Zanclus cornutus,random_forest
955:2914,5.55,111.45,0.008024248495173853,moorish_idol,Zanclus cornutus,random_forest
955:2915,5.55,111.55,0.008024248495173853,moorish_idol,Zanclus cornutus,random_forest
955:2916,5.55,111.65,0.008024248495173853,moorish_idol,Zanclus cornutus,random_forest
955:2917,5.55,111.75,0.008920800219311784,moorish_idol,Zanclus cornutus,random_forest
955:2918,5.55,111.85,0.009207123338252927,moorish_idol,Zanclus cornutus,random_forest
955:2919,5.55,111.95,0.009207123338252927,moorish_idol,Zanclus cornutus,random_forest
955:2920,5.55,112.05,0.009207123338252927,moorish_idol,Zanclus cornutus,random_forest
955:2921,5.55,112.15,0.009207123338252927,moorish_idol,Zanclus cornutus,random_forest
955:2922,5.55,112.25,0.009207123338252927,moorish_idol,Zanclus cornutus,random_forest
955:2923,5.55,112.35,0.009207123338252927,moorish_idol,Zanclus cornutus,random_forest
955:2924,5.55,112.45,0.009207123338252927,moorish_idol,Zanclus cornutus,random_forest
955:2925,5.55,112.55,0.009207123338252927,moorish_idol,Zanclus cornutus,random_forest
955:2926,5.55,112.65,0.011674336453007026,moorish_idol,Zanclus cornutus,random_forest
955:2927,5.55,112.75,0.011674336453007026,moorish_idol,Zanclus cornutus,random_forest
955:2928,5.55,112.85,0.011674336453007026,moorish_idol,Zanclus cornutus,random_forest
955:2929,5.55,112.95,0.011674336453007026,moorish_idol,Zanclus cornutus,random_forest
955:2930,5.55,113.05,0.01254530419494251,moorish_idol,Zanclus cornutus,random_forest
955:2931,5.55,113.15,0.01254530419494251,moorish_idol,Zanclus cornutus,random_forest
955:2946,5.55,114.65,0.02714593698560282,moorish_idol,Zanclus cornutus,random_forest
955:2947,5.55,114.75,0.02564593698560282,moorish_idol,Zanclus cornutus,random_forest
955:2948,5.55,114.85,0.027204760515014585,moorish_idol,Zanclus cornutus,random_forest
955:2949,5.55,114.95,0.027641653718898075,moorish_idol,Zanclus cornutus,random_forest
955:2950,5.55,115.05,0.027641653718898075,moorish_idol,Zanclus cornutus,random_forest
955:2951,5.55,115.15,0.027641653718898075,moorish_idol,Zanclus cornutus,random_forest
955:2952,5.55,115.25,0.028862892656951175,moorish_idol,Zanclus cornutus,random_forest
955:2953,5.55,115.35,0.03368712473236171,moorish_idol,Zanclus cornutus,random_forest
955:2954,5.55,115.45,0.03368712473236171,moorish_idol,Zanclus cornutus,random_forest
955:2955,5.55,115.55,0.06869671516051114,moorish_idol,Zanclus cornutus,random_forest
955:2956,5.55,115.65,0.14611292948266388,moorish_idol,Zanclus cornutus,random_forest
955:2957,5.55,115.75,0.14611292948266388,moorish_idol,Zanclus cornutus,random_forest
955:2985,5.55,118.55,0.7223237040487039,moorish_idol,Zanclus cornutus,random_forest
955:2987,5.55,118.75,0.7499085444768958,moorish_idol,Zanclus cornutus,random_forest
955:2988,5.55,118.85,0.7499085444768958,moorish_idol,Zanclus cornutus,random_forest
955:2989,5.55,118.95,0.7499085444768958,moorish_idol,Zanclus cornutus,random_forest
955:2990,5.55,119.05,0.7499085444768958,moorish_idol,Zanclus cornutus,random_forest
955:2991,5.55,119.15,0.7499085444768958,moorish_idol,Zanclus cornutus,random_forest
955:2992,5.55,119.25,0.7499085444768958,moorish_idol,Zanclus cornutus,random_forest
955:2993,5.55,119.35,0.7499085444768958,moorish_idol,Zanclus cornutus,random_forest
956:2782,5.65,98.25,0.26445177720243557,moorish_idol,Zanclus cornutus,random_forest
956:2783,5.65,98.35,0.26445177720243557,moorish_idol,Zanclus cornutus,random_forest
956:2784,5.65,98.45,0.26445177720243557,moorish_idol,Zanclus cornutus,random_forest
956:2785,5.65,98.55,0.26445177720243557,moorish_idol,Zanclus cornutus,random_forest
956:2786,5.65,98.65,0.26445177720243557,moorish_idol,Zanclus cornutus,random_forest
956:2787,5.65,98.75,0.26445177720243557,moorish_idol,Zanclus cornutus,random_forest
956:2788,5.65,98.85,0.26445177720243557,moorish_idol,Zanclus cornutus,random_forest
956:2789,5.65,98.95,0.26445177720243557,moorish_idol,Zanclus cornutus,random_forest
956:2790,5.65,99.05,0.26445177720243557,moorish_idol,Zanclus cornutus,random_forest
956:2791,5.65,99.15,0.26445177720243557,moorish_idol,Zanclus cornutus,random_forest
956:2792,5.65,99.25,0.26445177720243557,moorish_idol,Zanclus cornutus,random_forest
956:2793,5.65,99.35,0.26445177720243557,moorish_idol,Zanclus cornutus,random_forest
956:2794,5.65,99.45,0.26445177720243557,moorish_idol,Zanclus cornutus,random_forest
956:2795,5.65,99.55,0.26445177720243557,moorish_idol,Zanclus cornutus,random_forest
956:2796,5.65,99.65,0.26445177720243557,moorish_idol,Zanclus cornutus,random_forest
956:2797,5.65,99.75,0.26445177720243557,moorish_idol,Zanclus cornutus,random_forest
956:2798,5.65,99.85,0.26445177720243557,moorish_idol,Zanclus cornutus,random_forest
956:2799,5.65,99.95,0.26445177720243557,moorish_idol,Zanclus cornutus,random_forest
956:2800,5.65,100.05,0.2655179460517328,moorish_idol,Zanclus cornutus,random_forest
956:2801,5.65,100.15,0.26539302112680785,moorish_idol,Zanclus cornutus,random_forest
956:2802,5.65,100.25,0.2584445376253928,moorish_idol,Zanclus cornutus,random_forest
956:2828,5.65,102.85,0.25914580512997665,moorish_idol,Zanclus cornutus,random_forest
956:2829,5.65,102.95,0.25914580512997665,moorish_idol,Zanclus cornutus,random_forest
956:2830,5.65,103.05,0.2608226860077195,moorish_idol,Zanclus cornutus,random_forest
956:2831,5.65,103.15,0.2608226860077195,moorish_idol,Zanclus cornutus,random_forest
956:2832,5.65,103.25,0.2364827884920385,moorish_idol,Zanclus cornutus,random_forest
956:2833,5.65,103.35,0.22802281419658954,moorish_idol,Zanclus cornutus,random_forest
956:2834,5.65,103.45,0.20511120166602656,moorish_idol,Zanclus cornutus,random_forest
956:2835,5.65,103.55,0.19634214384175666,moorish_idol,Zanclus cornutus,random_forest
956:2836,5.65,103.65,0.1952035048410059,moorish_idol,Zanclus cornutus,random_forest
956:2837,5.65,103.75,0.1944535048410059,moorish_idol,Zanclus cornutus,random_forest
956:2838,5.65,103.85,0.1902421763888863,moorish_idol,Zanclus cornutus,random_forest
956:2839,5.65,103.95,0.18289209596398084,moorish_idol,Zanclus cornutus,random_forest
956:2840,5.65,104.05,0.18313145766610847,moorish_idol,Zanclus cornutus,random_forest
956:2841,5.65,104.15,0.18067191074054215,moorish_idol,Zanclus cornutus,random_forest
956:2842,5.65,104.25,0.09072662612566301,moorish_idol,Zanclus cornutus,random_forest
956:2843,5.65,104.35,0.04413552787953174,moorish_idol,Zanclus cornutus,random_forest
956:2844,5.65,104.45,0.027572037049734214,moorish_idol,Zanclus cornutus,random_forest
956:2845,5.65,104.55,0.016986635672434997,moorish_idol,Zanclus cornutus,random_forest
956:2846,5.65,104.65,0.016424135672434996,moorish_idol,Zanclus cornutus,random_forest
956:2847,5.65,104.75,0.015721432969732295,moorish_idol,Zanclus cornutus,random_forest
956:2848,5.65,104.85,0.015721432969732295,moorish_idol,Zanclus cornutus,random_forest
956:2849,5.65,104.95,0.015721432969732295,moorish_idol,Zanclus cornutus,random_forest
956:2850,5.65,105.05,0.015721432969732295,moorish_idol,Zanclus cornutus,random_forest
956:2851,5.65,105.15,0.013906651455616127,moorish_idol,Zanclus cornutus,random_forest
956:2852,5.65,105.25,0.013906651455616127,moorish_idol,Zanclus cornutus,random_forest
956:2853,5.65,105.35,0.013906651455616127,moorish_idol,Zanclus cornutus,random_forest
956:2854,5.65,105.45,0.013906651455616127,moorish_idol,Zanclus cornutus,random_forest
956:2855,5.65,105.55,0.013906651455616127,moorish_idol,Zanclus cornutus,random_forest
956:2856,5.65,105.65,0.013906651455616127,moorish_idol,Zanclus cornutus,random_forest
956:2857,5.65,105.75,0.013906651455616127,moorish_idol,Zanclus cornutus,random_forest
956:2899,5.65,109.95,0.014178603527126049,moorish_idol,Zanclus cornutus,random_forest
956:2900,5.65,110.05,0.014178603527126049,moorish_idol,Zanclus cornutus,random_forest
956:2901,5.65,110.15,0.014178603527126049,moorish_idol,Zanclus cornutus,random_forest
956:2902,5.65,110.25,0.014178603527126049,moorish_idol,Zanclus cornutus,random_forest
956:2903,5.65,110.35,0.014178603527126049,moorish_idol,Zanclus cornutus,random_forest
956:2904,5.65,110.45,0.014178603527126049,moorish_idol,Zanclus cornutus,random_forest
956:2905,5.65,110.55,0.014178603527126049,moorish_idol,Zanclus cornutus,random_forest
956:2906,5.65,110.65,0.014178603527126049,moorish_idol,Zanclus cornutus,random_forest
956:2907,5.65,110.75,0.014178603527126049,moorish_idol,Zanclus cornutus,random_forest
956:2908,5.65,110.85,0.014178603527126049,moorish_idol,Zanclus cornutus,random_forest
956:2909,5.65,110.95,0.014178603527126049,moorish_idol,Zanclus cornutus,random_forest
956:2910,5.65,111.05,0.014178603527126049,moorish_idol,Zanclus cornutus,random_forest
956:2911,5.65,111.15,0.014317492416014937,moorish_idol,Zanclus cornutus,random_forest
956:2912,5.65,111.25,0.014317492416014937,moorish_idol,Zanclus cornutus,random_forest
956:2913,5.65,111.35,0.014317492416014937,moorish_idol,Zanclus cornutus,random_forest
956:2914,5.65,111.45,0.014317492416014937,moorish_idol,Zanclus cornutus,random_forest
956:2915,5.65,111.55,0.014317492416014937,moorish_idol,Zanclus cornutus,random_forest
956:2916,5.65,111.65,0.014317492416014937,moorish_idol,Zanclus cornutus,random_forest
956:2917,5.65,111.75,0.015214044140152868,moorish_idol,Zanclus cornutus,random_forest
956:2918,5.65,111.85,0.015500367259094015,moorish_idol,Zanclus cornutus,random_forest
956:2919,5.65,111.95,0.015500367259094015,moorish_idol,Zanclus cornutus,random_forest
956:2920,5.65,112.05,0.015500367259094015,moorish_idol,Zanclus cornutus,random_forest
956:2921,5.65,112.15,0.015500367259094015,moorish_idol,Zanclus cornutus,random_forest
956:2922,5.65,112.25,0.015500367259094015,moorish_idol,Zanclus cornutus,random_forest
956:2923,5.65,112.35,0.015500367259094015,moorish_idol,Zanclus cornutus,random_forest
956:2924,5.65,112.45,0.015500367259094015,moorish_idol,Zanclus cornutus,random_forest
956:2925,5.65,112.55,0.015500367259094015,moorish_idol,Zanclus cornutus,random_forest
956:2926,5.65,112.65,0.017967580373848113,moorish_idol,Zanclus cornutus,random_forest
956:2927,5.65,112.75,0.017967580373848113,moorish_idol,Zanclus cornutus,random_forest
956:2928,5.65,112.85,0.017967580373848113,moorish_idol,Zanclus cornutus,random_forest
956:2929,5.65,112.95,0.017967580373848113,moorish_idol,Zanclus cornutus,random_forest
956:2930,5.65,113.05,0.018838548115783595,moorish_idol,Zanclus cornutus,random_forest
956:2945,5.65,114.55,0.03199473646199946,moorish_idol,Zanclus cornutus,random_forest
956:2946,5.65,114.65,0.033439180906443905,moorish_idol,Zanclus cornutus,random_forest
956:2947,5.65,114.75,0.031939180906443904,moorish_idol,Zanclus cornutus,random_forest
956:2948,5.65,114.85,0.03349800443585567,moorish_idol,Zanclus cornutus,random_forest
956:2949,5.65,114.95,0.03393489763973917,moorish_idol,Zanclus cornutus,random_forest
956:2950,5.65,115.05,0.03393489763973917,moorish_idol,Zanclus cornutus,random_forest
956:2951,5.65,115.15,0.03393489763973917,moorish_idol,Zanclus cornutus,random_forest
956:2952,5.65,115.25,0.03515613657779227,moorish_idol,Zanclus cornutus,random_forest
956:2953,5.65,115.35,0.0399803686532028,moorish_idol,Zanclus cornutus,random_forest
956:2954,5.65,115.45,0.0399803686532028,moorish_idol,Zanclus cornutus,random_forest
956:2955,5.65,115.55,0.07498995908135221,moorish_idol,Zanclus cornutus,random_forest
956:2956,5.65,115.65,0.15148309648042804,moorish_idol,Zanclus cornutus,random_forest
956:2957,5.65,115.75,0.15148309648042804,moorish_idol,Zanclus cornutus,random_forest
956:2958,5.65,115.85,0.15148309648042804,moorish_idol,Zanclus cornutus,random_forest
956:2986,5.65,118.65,0.7504767262950777,moorish_idol,Zanclus cornutus,random_forest
956:2987,5.65,118.75,0.7504767262950777,moorish_idol,Zanclus cornutus,random_forest
956:2988,5.65,118.85,0.7504767262950777,moorish_idol,Zanclus cornutus,random_forest
956:2989,5.65,118.95,0.7504767262950777,moorish_idol,Zanclus cornutus,random_forest
956:2990,5.65,119.05,0.7504767262950777,moorish_idol,Zanclus cornutus,random_forest
956:2991,5.65,119.15,0.7504767262950777,moorish_idol,Zanclus cornutus,random_forest
956:2992,5.65,119.25,0.7504767262950777,moorish_idol,Zanclus cornutus,random_forest
957:2781,5.75,98.15,0.42897023265953715,moorish_idol,Zanclus cornutus,random_forest
957:2782,5.75,98.25,0.42897023265953715,moorish_idol,Zanclus cornutus,random_forest
957:2783,5.75,98.35,0.42897023265953715,moorish_idol,Zanclus cornutus,random_forest
957:2784,5.75,98.45,0.42897023265953715,moorish_idol,Zanclus cornutus,random_forest
957:2785,5.75,98.55,0.42897023265953715,moorish_idol,Zanclus cornutus,random_forest
957:2786,5.75,98.65,0.42897023265953715,moorish_idol,Zanclus cornutus,random_forest
957:2787,5.75,98.75,0.42897023265953715,moorish_idol,Zanclus cornutus,random_forest
957:2788,5.75,98.85,0.42897023265953715,moorish_idol,Zanclus cornutus,random_forest
957:2789,5.75,98.95,0.42897023265953715,moorish_idol,Zanclus cornutus,random_forest
957:2790,5.75,99.05,0.42897023265953715,moorish_idol,Zanclus cornutus,random_forest
957:2791,5.75,99.15,0.42897023265953715,moorish_idol,Zanclus cornutus,random_forest
957:2792,5.75,99.25,0.42897023265953715,moorish_idol,Zanclus cornutus,random_forest
957:2793,5.75,99.35,0.42897023265953715,moorish_idol,Zanclus cornutus,random_forest
957:2794,5.75,99.45,0.42897023265953715,moorish_idol,Zanclus cornutus,random_forest
957:2795,5.75,99.55,0.42897023265953715,moorish_idol,Zanclus cornutus,random_forest
957:2796,5.75,99.65,0.42897023265953715,moorish_idol,Zanclus cornutus,random_forest
957:2797,5.75,99.75,0.42897023265953715,moorish_idol,Zanclus cornutus,random_forest
957:2798,5.75,99.85,0.42897023265953715,moorish_idol,Zanclus cornutus,random_forest
957:2799,5.75,99.95,0.42897023265953715,moorish_idol,Zanclus cornutus,random_forest
957:2800,5.75,100.05,0.4300364015088344,moorish_idol,Zanclus cornutus,random_forest
957:2801,5.75,100.15,0.42991147658390944,moorish_idol,Zanclus cornutus,random_forest
957:2802,5.75,100.25,0.42296299308249447,moorish_idol,Zanclus cornutus,random_forest
957:2803,5.75,100.35,0.4177520383651203,moorish_idol,Zanclus cornutus,random_forest
957:2827,5.75,102.75,0.4127392162435128,moorish_idol,Zanclus cornutus,random_forest
957:2828,5.75,102.85,0.4224507774410107,moorish_idol,Zanclus cornutus,random_forest
957:2829,5.75,102.95,0.4224507774410107,moorish_idol,Zanclus cornutus,random_forest
957:2830,5.75,103.05,0.4241276583187536,moorish_idol,Zanclus cornutus,random_forest
957:2831,5.75,103.15,0.4241276583187536,moorish_idol,Zanclus cornutus,random_forest
957:2832,5.75,103.25,0.3997877608030726,moorish_idol,Zanclus cornutus,random_forest
957:2833,5.75,103.35,0.39132778650762357,moorish_idol,Zanclus cornutus,random_forest
957:2834,5.75,103.45,0.3684161739770605,moorish_idol,Zanclus cornutus,random_forest
957:2835,5.75,103.55,0.3596471161527907,moorish_idol,Zanclus cornutus,random_forest
957:2836,5.75,103.65,0.35737804236943116,moorish_idol,Zanclus cornutus,random_forest
957:2837,5.75,103.75,0.3566280423694312,moorish_idol,Zanclus cornutus,random_forest
957:2838,5.75,103.85,0.35241671391731155,moorish_idol,Zanclus cornutus,random_forest
957:2839,5.75,103.95,0.34506663349240607,moorish_idol,Zanclus cornutus,random_forest
957:2840,5.75,104.05,0.3453059951945337,moorish_idol,Zanclus cornutus,random_forest
957:2841,5.75,104.15,0.3428464482689673,moorish_idol,Zanclus cornutus,random_forest
957:2842,5.75,104.25,0.25948364709908855,moorish_idol,Zanclus cornutus,random_forest
957:2843,5.75,104.35,0.2158349494475318,moorish_idol,Zanclus cornutus,random_forest
957:2844,5.75,104.45,0.1992714586177342,moorish_idol,Zanclus cornutus,random_forest
957:2845,5.75,104.55,0.18993547448985224,moorish_idol,Zanclus cornutus,random_forest
957:2846,5.75,104.65,0.1893729744898522,moorish_idol,Zanclus cornutus,random_forest
957:2847,5.75,104.75,0.18867027178714957,moorish_idol,Zanclus cornutus,random_forest
957:2848,5.75,104.85,0.18867027178714957,moorish_idol,Zanclus cornutus,random_forest
957:2849,5.75,104.95,0.18867027178714957,moorish_idol,Zanclus cornutus,random_forest
957:2850,5.75,105.05,0.18867027178714957,moorish_idol,Zanclus cornutus,random_forest
957:2851,5.75,105.15,0.18685549027303341,moorish_idol,Zanclus cornutus,random_forest
957:2852,5.75,105.25,0.18685549027303341,moorish_idol,Zanclus cornutus,random_forest
957:2853,5.75,105.35,0.18685549027303341,moorish_idol,Zanclus cornutus,random_forest
957:2854,5.75,105.45,0.18685549027303341,moorish_idol,Zanclus cornutus,random_forest
957:2855,5.75,105.55,0.18685549027303341,moorish_idol,Zanclus cornutus,random_forest
957:2856,5.75,105.65,0.18685549027303341,moorish_idol,Zanclus cornutus,random_forest
957:2857,5.75,105.75,0.18685549027303341,moorish_idol,Zanclus cornutus,random_forest
957:2899,5.75,109.95,0.17510649706757994,moorish_idol,Zanclus cornutus,random_forest
957:2900,5.75,110.05,0.17510649706757994,moorish_idol,Zanclus cornutus,random_forest
957:2901,5.75,110.15,0.17510649706757994,moorish_idol,Zanclus cornutus,random_forest
957:2902,5.75,110.25,0.17510649706757994,moorish_idol,Zanclus cornutus,random_forest
957:2903,5.75,110.35,0.17510649706757994,moorish_idol,Zanclus cornutus,random_forest
957:2904,5.75,110.45,0.17510649706757994,moorish_idol,Zanclus cornutus,random_forest
957:2905,5.75,110.55,0.17510649706757994,moorish_idol,Zanclus cornutus,random_forest
957:2906,5.75,110.65,0.17510649706757994,moorish_idol,Zanclus cornutus,random_forest
957:2907,5.75,110.75,0.17510649706757994,moorish_idol,Zanclus cornutus,random_forest
957:2908,5.75,110.85,0.17510649706757994,moorish_idol,Zanclus cornutus,random_forest
957:2909,5.75,110.95,0.17510649706757994,moorish_idol,Zanclus cornutus,random_forest
957:2910,5.75,111.05,0.17510649706757994,moorish_idol,Zanclus cornutus,random_forest
957:2911,5.75,111.15,0.17524538595646882,moorish_idol,Zanclus cornutus,random_forest
957:2912,5.75,111.25,0.17524538595646882,moorish_idol,Zanclus cornutus,random_forest
957:2913,5.75,111.35,0.17524538595646882,moorish_idol,Zanclus cornutus,random_forest
957:2914,5.75,111.45,0.17524538595646882,moorish_idol,Zanclus cornutus,random_forest
957:2915,5.75,111.55,0.17524538595646882,moorish_idol,Zanclus cornutus,random_forest
957:2916,5.75,111.65,0.17524538595646882,moorish_idol,Zanclus cornutus,random_forest
957:2917,5.75,111.75,0.17524538595646882,moorish_idol,Zanclus cornutus,random_forest
957:2918,5.75,111.85,0.17553170907541,moorish_idol,Zanclus cornutus,random_forest
957:2919,5.75,111.95,0.17553170907541,moorish_idol,Zanclus cornutus,random_forest
957:2920,5.75,112.05,0.17553170907541,moorish_idol,Zanclus cornutus,random_forest
957:2921,5.75,112.15,0.17553170907541,moorish_idol,Zanclus cornutus,random_forest
957:2922,5.75,112.25,0.17553170907541,moorish_idol,Zanclus cornutus,random_forest
957:2923,5.75,112.35,0.17553170907541,moorish_idol,Zanclus cornutus,random_forest
957:2924,5.75,112.45,0.17553170907541,moorish_idol,Zanclus cornutus,random_forest
957:2925,5.75,112.55,0.17553170907541,moorish_idol,Zanclus cornutus,random_forest
957:2926,5.75,112.65,0.17649892219016408,moorish_idol,Zanclus cornutus,random_forest
957:2927,5.75,112.75,0.17649892219016408,moorish_idol,Zanclus cornutus,random_forest
957:2928,5.75,112.85,0.17649892219016408,moorish_idol,Zanclus cornutus,random_forest
957:2929,5.75,112.95,0.17649892219016408,moorish_idol,Zanclus cornutus,random_forest
957:2944,5.75,114.45,0.16851575933591123,moorish_idol,Zanclus cornutus,random_forest
957:2945,5.75,114.55,0.1533262778849058,moorish_idol,Zanclus cornutus,random_forest
957:2946,5.75,114.65,0.15477072232935024,moorish_idol,Zanclus cornutus,random_forest
957:2947,5.75,114.75,0.14702805896380552,moorish_idol,Zanclus cornutus,random_forest
957:2948,5.75,114.85,0.14697389252839602,moorish_idol,Zanclus cornutus,random_forest
957:2949,5.75,114.95,0.14784368616517995,moorish_idol,Zanclus cornutus,random_forest
957:2950,5.75,115.05,0.14784368616517995,moorish_idol,Zanclus cornutus,random_forest
957:2951,5.75,115.15,0.14784368616517995,moorish_idol,Zanclus cornutus,random_forest
957:2952,5.75,115.25,0.14906492510323308,moorish_idol,Zanclus cornutus,random_forest
957:2953,5.75,115.35,0.15388915717864357,moorish_idol,Zanclus cornutus,random_forest
957:2954,5.75,115.45,0.15388915717864357,moorish_idol,Zanclus cornutus,random_forest
957:2955,5.75,115.55,0.18087008386681114,moorish_idol,Zanclus cornutus,random_forest
957:2956,5.75,115.65,0.25472475886747653,moorish_idol,Zanclus cornutus,random_forest
957:2957,5.75,115.75,0.25472475886747653,moorish_idol,Zanclus cornutus,random_forest
957:2958,5.75,115.85,0.25472475886747653,moorish_idol,Zanclus cornutus,random_forest
957:2979,5.75,117.95,0.7303199120915256,moorish_idol,Zanclus cornutus,random_forest
957:2980,5.75,118.05,0.7316162222467614,moorish_idol,Zanclus cornutus,random_forest
957:2981,5.75,118.15,0.7291664414600553,moorish_idol,Zanclus cornutus,random_forest
957:2985,5.75,118.55,0.762535813597547,moorish_idol,Zanclus cornutus,random_forest
957:2986,5.75,118.65,0.7888288301263675,moorish_idol,Zanclus cornutus,random_forest
957:2987,5.75,118.75,0.7888288301263675,moorish_idol,Zanclus cornutus,random_forest
957:2988,5.75,118.85,0.7888288301263675,moorish_idol,Zanclus cornutus,random_forest
957:2989,5.75,118.95,0.7888288301263675,moorish_idol,Zanclus cornutus,random_forest
958:2781,5.85,98.15,0.43510546798728295,moorish_idol,Zanclus cornutus,random_forest
958:2782,5.85,98.25,0.43510546798728295,moorish_idol,Zanclus cornutus,random_forest
958:2783,5.85,98.35,0.43510546798728295,moorish_idol,Zanclus cornutus,random_forest
958:2784,5.85,98.45,0.43510546798728295,moorish_idol,Zanclus cornutus,random_forest
958:2785,5.85,98.55,0.43510546798728295,moorish_idol,Zanclus cornutus,random_forest
958:2786,5.85,98.65,0.43510546798728295,moorish_idol,Zanclus cornutus,random_forest
958:2787,5.85,98.75,0.43510546798728295,moorish_idol,Zanclus cornutus,random_forest
958:2788,5.85,98.85,0.43510546798728295,moorish_idol,Zanclus cornutus,random_forest
958:2789,5.85,98.95,0.43510546798728295,moorish_idol,Zanclus cornutus,random_forest
958:2790,5.85,99.05,0.43510546798728295,moorish_idol,Zanclus cornutus,random_forest
958:2791,5.85,99.15,0.43510546798728295,moorish_idol,Zanclus cornutus,random_forest
958:2792,5.85,99.25,0.43510546798728295,moorish_idol,Zanclus cornutus,random_forest
958:2793,5.85,99.35,0.43510546798728295,moorish_idol,Zanclus cornutus,random_forest
958:2794,5.85,99.45,0.43510546798728295,moorish_idol,Zanclus cornutus,random_forest
958:2795,5.85,99.55,0.43510546798728295,moorish_idol,Zanclus cornutus,random_forest
958:2796,5.85,99.65,0.43510546798728295,moorish_idol,Zanclus cornutus,random_forest
958:2797,5.85,99.75,0.43510546798728295,moorish_idol,Zanclus cornutus,random_forest
958:2798,5.85,99.85,0.43510546798728295,moorish_idol,Zanclus cornutus,random_forest
958:2799,5.85,99.95,0.43510546798728295,moorish_idol,Zanclus cornutus,random_forest
958:2800,5.85,100.05,0.4361716368365802,moorish_idol,Zanclus cornutus,random_forest
958:2801,5.85,100.15,0.4360467119116553,moorish_idol,Zanclus cornutus,random_forest
958:2802,5.85,100.25,0.42909822841024026,moorish_idol,Zanclus cornutus,random_forest
958:2803,5.85,100.35,0.42388727369286616,moorish_idol,Zanclus cornutus,random_forest
958:2825,5.85,102.55,0.4188744515712586,moorish_idol,Zanclus cornutus,random_forest
958:2826,5.85,102.65,0.4188744515712586,moorish_idol,Zanclus cornutus,random_forest
958:2827,5.85,102.75,0.4188744515712586,moorish_idol,Zanclus cornutus,random_forest
958:2828,5.85,102.85,0.4285860127687566,moorish_idol,Zanclus cornutus,random_forest
958:2829,5.85,102.95,0.4285860127687566,moorish_idol,Zanclus cornutus,random_forest
958:2830,5.85,103.05,0.4302628936464995,moorish_idol,Zanclus cornutus,random_forest
958:2831,5.85,103.15,0.4302628936464995,moorish_idol,Zanclus cornutus,random_forest
958:2832,5.85,103.25,0.40592299613081856,moorish_idol,Zanclus cornutus,random_forest
958:2833,5.85,103.35,0.39746302183536947,moorish_idol,Zanclus cornutus,random_forest
958:2834,5.85,103.45,0.37455140930480646,moorish_idol,Zanclus cornutus,random_forest
958:2835,5.85,103.55,0.3657823514805366,moorish_idol,Zanclus cornutus,random_forest
958:2836,5.85,103.65,0.36246327769717707,moorish_idol,Zanclus cornutus,random_forest
958:2837,5.85,103.75,0.3617132776971771,moorish_idol,Zanclus cornutus,random_forest
958:2838,5.85,103.85,0.35750194924505746,moorish_idol,Zanclus cornutus,random_forest
958:2839,5.85,103.95,0.3501518688201519,moorish_idol,Zanclus cornutus,random_forest
958:2840,5.85,104.05,0.3503912305222796,moorish_idol,Zanclus cornutus,random_forest
958:2841,5.85,104.15,0.3479316835967132,moorish_idol,Zanclus cornutus,random_forest
958:2842,5.85,104.25,0.2645688824268343,moorish_idol,Zanclus cornutus,random_forest
958:2843,5.85,104.35,0.22174830977527765,moorish_idol,Zanclus cornutus,random_forest
958:2844,5.85,104.45,0.2051848189454801,moorish_idol,Zanclus cornutus,random_forest
958:2845,5.85,104.55,0.19689883481759812,moorish_idol,Zanclus cornutus,random_forest
958:2846,5.85,104.65,0.19633633481759813,moorish_idol,Zanclus cornutus,random_forest
958:2847,5.85,104.75,0.19563363211489543,moorish_idol,Zanclus cornutus,random_forest
958:2848,5.85,104.85,0.19563363211489543,moorish_idol,Zanclus cornutus,random_forest
958:2849,5.85,104.95,0.19563363211489543,moorish_idol,Zanclus cornutus,random_forest
958:2850,5.85,105.05,0.19563363211489543,moorish_idol,Zanclus cornutus,random_forest
958:2851,5.85,105.15,0.19381885060077922,moorish_idol,Zanclus cornutus,random_forest
958:2852,5.85,105.25,0.19381885060077922,moorish_idol,Zanclus cornutus,random_forest
958:2853,5.85,105.35,0.19381885060077922,moorish_idol,Zanclus cornutus,random_forest
958:2854,5.85,105.45,0.19381885060077922,moorish_idol,Zanclus cornutus,random_forest
958:2855,5.85,105.55,0.19381885060077922,moorish_idol,Zanclus cornutus,random_forest
958:2856,5.85,105.65,0.19381885060077922,moorish_idol,Zanclus cornutus,random_forest
958:2857,5.85,105.75,0.19381885060077922,moorish_idol,Zanclus cornutus,random_forest
958:2898,5.85,109.85,0.1820698573953258,moorish_idol,Zanclus cornutus,random_forest
958:2899,5.85,109.95,0.1820698573953258,moorish_idol,Zanclus cornutus,random_forest
958:2900,5.85,110.05,0.1820698573953258,moorish_idol,Zanclus cornutus,random_forest
958:2901,5.85,110.15,0.1820698573953258,moorish_idol,Zanclus cornutus,random_forest
958:2902,5.85,110.25,0.1820698573953258,moorish_idol,Zanclus cornutus,random_forest
958:2903,5.85,110.35,0.1820698573953258,moorish_idol,Zanclus cornutus,random_forest
958:2904,5.85,110.45,0.1820698573953258,moorish_idol,Zanclus cornutus,random_forest
958:2905,5.85,110.55,0.1820698573953258,moorish_idol,Zanclus cornutus,random_forest
958:2906,5.85,110.65,0.1820698573953258,moorish_idol,Zanclus cornutus,random_forest
958:2907,5.85,110.75,0.1820698573953258,moorish_idol,Zanclus cornutus,random_forest
958:2908,5.85,110.85,0.1820698573953258,moorish_idol,Zanclus cornutus,random_forest
958:2909,5.85,110.95,0.1820698573953258,moorish_idol,Zanclus cornutus,random_forest
958:2910,5.85,111.05,0.1820698573953258,moorish_idol,Zanclus cornutus,random_forest
958:2911,5.85,111.15,0.18220874628421468,moorish_idol,Zanclus cornutus,random_forest
958:2912,5.85,111.25,0.18220874628421468,moorish_idol,Zanclus cornutus,random_forest
958:2913,5.85,111.35,0.18220874628421468,moorish_idol,Zanclus cornutus,random_forest
958:2914,5.85,111.45,0.18220874628421468,moorish_idol,Zanclus cornutus,random_forest
958:2915,5.85,111.55,0.18220874628421468,moorish_idol,Zanclus cornutus,random_forest
958:2916,5.85,111.65,0.18220874628421468,moorish_idol,Zanclus cornutus,random_forest
958:2917,5.85,111.75,0.18220874628421468,moorish_idol,Zanclus cornutus,random_forest
958:2918,5.85,111.85,0.18249506940315585,moorish_idol,Zanclus cornutus,random_forest
958:2919,5.85,111.95,0.18249506940315585,moorish_idol,Zanclus cornutus,random_forest
958:2920,5.85,112.05,0.18249506940315585,moorish_idol,Zanclus cornutus,random_forest
958:2921,5.85,112.15,0.18249506940315585,moorish_idol,Zanclus cornutus,random_forest
958:2922,5.85,112.25,0.18249506940315585,moorish_idol,Zanclus cornutus,random_forest
958:2923,5.85,112.35,0.18249506940315585,moorish_idol,Zanclus cornutus,random_forest
958:2924,5.85,112.45,0.18249506940315585,moorish_idol,Zanclus cornutus,random_forest
958:2925,5.85,112.55,0.18249506940315585,moorish_idol,Zanclus cornutus,random_forest
958:2926,5.85,112.65,0.1834622825179099,moorish_idol,Zanclus cornutus,random_forest
958:2927,5.85,112.75,0.1834622825179099,moorish_idol,Zanclus cornutus,random_forest
958:2928,5.85,112.85,0.1834622825179099,moorish_idol,Zanclus cornutus,random_forest
958:2943,5.85,114.35,0.1739526399128783,moorish_idol,Zanclus cornutus,random_forest
958:2944,5.85,114.45,0.1739526399128783,moorish_idol,Zanclus cornutus,random_forest
958:2945,5.85,114.55,0.15876315846187286,moorish_idol,Zanclus cornutus,random_forest
958:2946,5.85,114.65,0.16020760290631728,moorish_idol,Zanclus cornutus,random_forest
958:2947,5.85,114.75,0.1524649395407726,moorish_idol,Zanclus cornutus,random_forest
958:2948,5.85,114.85,0.15241077310536305,moorish_idol,Zanclus cornutus,random_forest
958:2949,5.85,114.95,0.153280566742147,moorish_idol,Zanclus cornutus,random_forest
958:2950,5.85,115.05,0.153280566742147,moorish_idol,Zanclus cornutus,random_forest
958:2951,5.85,115.15,0.153280566742147,moorish_idol,Zanclus cornutus,random_forest
958:2952,5.85,115.25,0.15450180568020008,moorish_idol,Zanclus cornutus,random_forest
958:2953,5.85,115.35,0.1593260377556106,moorish_idol,Zanclus cornutus,random_forest
958:2954,5.85,115.45,0.1593260377556106,moorish_idol,Zanclus cornutus,random_forest
958:2955,5.85,115.55,0.1863069644437782,moorish_idol,Zanclus cornutus,random_forest
958:2956,5.85,115.65,0.25952749310298023,moorish_idol,Zanclus cornutus,random_forest
958:2957,5.85,115.75,0.25952749310298023,moorish_idol,Zanclus cornutus,random_forest
958:2958,5.85,115.85,0.25952749310298023,moorish_idol,Zanclus cornutus,random_forest
958:2959,5.85,115.95,0.6375961131161431,moorish_idol,Zanclus cornutus,random_forest
958:2981,5.85,118.15,0.7312048877746443,moorish_idol,Zanclus cornutus,random_forest
958:2982,5.85,118.25,0.7312048877746443,moorish_idol,Zanclus cornutus,random_forest
958:2983,5.85,118.35,0.727879184634233,moorish_idol,Zanclus cornutus,random_forest
958:2984,5.85,118.45,0.7271726397870593,moorish_idol,Zanclus cornutus,random_forest
958:2985,5.85,118.55,0.7645742599121361,moorish_idol,Zanclus cornutus,random_forest
958:2986,5.85,118.65,0.7908672764409567,moorish_idol,Zanclus cornutus,random_forest
958:2987,5.85,118.75,0.7908672764409567,moorish_idol,Zanclus cornutus,random_forest
959:2780,5.95,98.05,0.49279302391250535,moorish_idol,Zanclus cornutus,random_forest
959:2781,5.95,98.15,0.49279302391250535,moorish_idol,Zanclus cornutus,random_forest
959:2782,5.95,98.25,0.49279302391250535,moorish_idol,Zanclus cornutus,random_forest
959:2783,5.95,98.35,0.49279302391250535,moorish_idol,Zanclus cornutus,random_forest
959:2784,5.95,98.45,0.49279302391250535,moorish_idol,Zanclus cornutus,random_forest
959:2785,5.95,98.55,0.49279302391250535,moorish_idol,Zanclus cornutus,random_forest
959:2786,5.95,98.65,0.49279302391250535,moorish_idol,Zanclus cornutus,random_forest
959:2787,5.95,98.75,0.49279302391250535,moorish_idol,Zanclus cornutus,random_forest
959:2788,5.95,98.85,0.49279302391250535,moorish_idol,Zanclus cornutus,random_forest
959:2789,5.95,98.95,0.49279302391250535,moorish_idol,Zanclus cornutus,random_forest
959:2790,5.95,99.05,0.49279302391250535,moorish_idol,Zanclus cornutus,random_forest
959:2791,5.95,99.15,0.49279302391250535,moorish_idol,Zanclus cornutus,random_forest
959:2792,5.95,99.25,0.49279302391250535,moorish_idol,Zanclus cornutus,random_forest
959:2793,5.95,99.35,0.49279302391250535,moorish_idol,Zanclus cornutus,random_forest
959:2794,5.95,99.45,0.49279302391250535,moorish_idol,Zanclus cornutus,random_forest
959:2795,5.95,99.55,0.49279302391250535,moorish_idol,Zanclus cornutus,random_forest
959:2796,5.95,99.65,0.49279302391250535,moorish_idol,Zanclus cornutus,random_forest
959:2797,5.95,99.75,0.49279302391250535,moorish_idol,Zanclus cornutus,random_forest
959:2798,5.95,99.85,0.49279302391250535,moorish_idol,Zanclus cornutus,random_forest
959:2799,5.95,99.95,0.49279302391250535,moorish_idol,Zanclus cornutus,random_forest
959:2800,5.95,100.05,0.4938591927618027,moorish_idol,Zanclus cornutus,random_forest
959:2801,5.95,100.15,0.49373426783687774,moorish_idol,Zanclus cornutus,random_forest
959:2802,5.95,100.25,0.48678578433546266,moorish_idol,Zanclus cornutus,random_forest
959:2803,5.95,100.35,0.4815748296180885,moorish_idol,Zanclus cornutus,random_forest
959:2825,5.95,102.55,0.47656200749648103,moorish_idol,Zanclus cornutus,random_forest
959:2826,5.95,102.65,0.47656200749648103,moorish_idol,Zanclus cornutus,random_forest
959:2827,5.95,102.75,0.47656200749648103,moorish_idol,Zanclus cornutus,random_forest
959:2828,5.95,102.85,0.4854190232394335,moorish_idol,Zanclus cornutus,random_forest
959:2829,5.95,102.95,0.4854190232394335,moorish_idol,Zanclus cornutus,random_forest
959:2830,5.95,103.05,0.48622090411717644,moorish_idol,Zanclus cornutus,random_forest
959:2831,5.95,103.15,0.48622090411717644,moorish_idol,Zanclus cornutus,random_forest
959:2832,5.95,103.25,0.4618810066014954,moorish_idol,Zanclus cornutus,random_forest
959:2833,5.95,103.35,0.4534210323060464,moorish_idol,Zanclus cornutus,random_forest
959:2834,5.95,103.45,0.43125067851674226,moorish_idol,Zanclus cornutus,random_forest
959:2835,5.95,103.55,0.423148287359139,moorish_idol,Zanclus cornutus,random_forest
959:2836,5.95,103.65,0.41982921357577957,moorish_idol,Zanclus cornutus,random_forest
959:2837,5.95,103.75,0.4190792135757796,moorish_idol,Zanclus cornutus,random_forest
959:2838,5.95,103.85,0.41529179816713824,moorish_idol,Zanclus cornutus,random_forest
959:2839,5.95,103.95,0.40794171774223276,moorish_idol,Zanclus cornutus,random_forest
959:2840,5.95,104.05,0.40794171774223276,moorish_idol,Zanclus cornutus,random_forest
959:2841,5.95,104.15,0.4054821708166663,moorish_idol,Zanclus cornutus,random_forest
959:2842,5.95,104.25,0.3270369076636346,moorish_idol,Zanclus cornutus,random_forest
959:2843,5.95,104.35,0.28700766360641244,moorish_idol,Zanclus cornutus,random_forest
959:2844,5.95,104.45,0.27184299319556965,moorish_idol,Zanclus cornutus,random_forest
959:2845,5.95,104.55,0.2635570090676877,moorish_idol,Zanclus cornutus,random_forest
959:2846,5.95,104.65,0.2635570090676877,moorish_idol,Zanclus cornutus,random_forest
959:2847,5.95,104.75,0.2635570090676877,moorish_idol,Zanclus cornutus,random_forest
959:2848,5.95,104.85,0.2635570090676877,moorish_idol,Zanclus cornutus,random_forest
959:2849,5.95,104.95,0.2635570090676877,moorish_idol,Zanclus cornutus,random_forest
959:2850,5.95,105.05,0.2635570090676877,moorish_idol,Zanclus cornutus,random_forest
959:2851,5.95,105.15,0.26174222755357157,moorish_idol,Zanclus cornutus,random_forest
959:2852,5.95,105.25,0.26174222755357157,moorish_idol,Zanclus cornutus,random_forest
959:2853,5.95,105.35,0.26174222755357157,moorish_idol,Zanclus cornutus,random_forest
959:2854,5.95,105.45,0.26174222755357157,moorish_idol,Zanclus cornutus,random_forest
959:2855,5.95,105.55,0.26174222755357157,moorish_idol,Zanclus cornutus,random_forest
959:2856,5.95,105.65,0.26174222755357157,moorish_idol,Zanclus cornutus,random_forest
959:2857,5.95,105.75,0.26174222755357157,moorish_idol,Zanclus cornutus,random_forest
959:2898,5.95,109.85,0.24999323434811818,moorish_idol,Zanclus cornutus,random_forest
959:2899,5.95,109.95,0.24999323434811818,moorish_idol,Zanclus cornutus,random_forest
959:2900,5.95,110.05,0.24999323434811818,moorish_idol,Zanclus cornutus,random_forest
959:2901,5.95,110.15,0.24999323434811818,moorish_idol,Zanclus cornutus,random_forest
959:2902,5.95,110.25,0.24999323434811818,moorish_idol,Zanclus cornutus,random_forest
959:2903,5.95,110.35,0.24999323434811818,moorish_idol,Zanclus cornutus,random_forest
959:2904,5.95,110.45,0.24999323434811818,moorish_idol,Zanclus cornutus,random_forest
959:2905,5.95,110.55,0.24999323434811818,moorish_idol,Zanclus cornutus,random_forest
959:2906,5.95,110.65,0.24999323434811818,moorish_idol,Zanclus cornutus,random_forest
959:2907,5.95,110.75,0.24999323434811818,moorish_idol,Zanclus cornutus,random_forest
959:2908,5.95,110.85,0.24999323434811818,moorish_idol,Zanclus cornutus,random_forest
959:2909,5.95,110.95,0.24999323434811818,moorish_idol,Zanclus cornutus,random_forest
959:2910,5.95,111.05,0.24999323434811818,moorish_idol,Zanclus cornutus,random_forest
959:2911,5.95,111.15,0.24999323434811818,moorish_idol,Zanclus cornutus,random_forest
959:2912,5.95,111.25,0.24999323434811818,moorish_idol,Zanclus cornutus,random_forest
959:2913,5.95,111.35,0.24999323434811818,moorish_idol,Zanclus cornutus,random_forest
959:2914,5.95,111.45,0.24999323434811818,moorish_idol,Zanclus cornutus,random_forest
959:2915,5.95,111.55,0.24999323434811818,moorish_idol,Zanclus cornutus,random_forest
959:2916,5.95,111.65,0.24999323434811818,moorish_idol,Zanclus cornutus,random_forest
959:2917,5.95,111.75,0.24999323434811818,moorish_idol,Zanclus cornutus,random_forest
959:2918,5.95,111.85,0.2502795574670593,moorish_idol,Zanclus cornutus,random_forest
959:2919,5.95,111.95,0.2502795574670593,moorish_idol,Zanclus cornutus,random_forest
959:2920,5.95,112.05,0.2502795574670593,moorish_idol,Zanclus cornutus,random_forest
959:2921,5.95,112.15,0.2502795574670593,moorish_idol,Zanclus cornutus,random_forest
959:2922,5.95,112.25,0.2502795574670593,moorish_idol,Zanclus cornutus,random_forest
959:2923,5.95,112.35,0.2502795574670593,moorish_idol,Zanclus cornutus,random_forest
959:2924,5.95,112.45,0.2502795574670593,moorish_idol,Zanclus cornutus,random_forest
959:2925,5.95,112.55,0.2502795574670593,moorish_idol,Zanclus cornutus,random_forest
959:2926,5.95,112.65,0.2502795574670593,moorish_idol,Zanclus cornutus,random_forest
959:2927,5.95,112.75,0.2502795574670593,moorish_idol,Zanclus cornutus,random_forest
959:2942,5.95,114.25,0.2377100971008266,moorish_idol,Zanclus cornutus,random_forest
959:2943,5.95,114.35,0.2377100971008266,moorish_idol,Zanclus cornutus,random_forest
959:2944,5.95,114.45,0.2377100971008266,moorish_idol,Zanclus cornutus,random_forest
959:2945,5.95,114.55,0.2213777585069641,moorish_idol,Zanclus cornutus,random_forest
959:2946,5.95,114.65,0.2228222029514085,moorish_idol,Zanclus cornutus,random_forest
959:2947,5.95,114.75,0.2150795395858638,moorish_idol,Zanclus cornutus,random_forest
959:2948,5.95,114.85,0.21502537315045428,moorish_idol,Zanclus cornutus,random_forest
959:2949,5.95,114.95,0.2158951667872382,moorish_idol,Zanclus cornutus,random_forest
959:2950,5.95,115.05,0.21517837480728833,moorish_idol,Zanclus cornutus,random_forest
959:2951,5.95,115.15,0.2158492608832377,moorish_idol,Zanclus cornutus,random_forest
959:2952,5.95,115.25,0.2170704998212908,moorish_idol,Zanclus cornutus,random_forest
959:2953,5.95,115.35,0.22189473189670134,moorish_idol,Zanclus cornutus,random_forest
959:2954,5.95,115.45,0.22257242613229028,moorish_idol,Zanclus cornutus,random_forest
959:2955,5.95,115.55,0.259479457340618,moorish_idol,Zanclus cornutus,random_forest
959:2956,5.95,115.65,0.32805030462083185,moorish_idol,Zanclus cornutus,random_forest
959:2957,5.95,115.75,0.32805030462083185,moorish_idol,Zanclus cornutus,random_forest
959:2958,5.95,115.85,0.32805030462083185,moorish_idol,Zanclus cornutus,random_forest
959:2959,5.95,115.95,0.7164209449601954,moorish_idol,Zanclus cornutus,random_forest
959:2977,5.95,117.75,0.7941850600959451,moorish_idol,Zanclus cornutus,random_forest
959:2978,5.95,117.85,0.7941850600959451,moorish_idol,Zanclus cornutus,random_forest
959:2981,5.95,118.15,0.7930315894644749,moorish_idol,Zanclus cornutus,random_forest
959:2982,5.95,118.25,0.7930315894644749,moorish_idol,Zanclus cornutus,random_forest
959:2983,5.95,118.35,0.7897058863240634,moorish_idol,Zanclus cornutus,random_forest
959:2984,5.95,118.45,0.7889993414768897,moorish_idol,Zanclus cornutus,random_forest
959:2985,5.95,118.55,0.8063702221211059,moorish_idol,Zanclus cornutus,random_forest
960:2783,6.05,98.35,0.5542569376543605,moorish_idol,Zanclus cornutus,random_forest
960:2784,6.05,98.45,0.5542569376543605,moorish_idol,Zanclus cornutus,random_forest
960:2785,6.05,98.55,0.5542569376543605,moorish_idol,Zanclus cornutus,random_forest
960:2786,6.05,98.65,0.5542569376543605,moorish_idol,Zanclus cornutus,random_forest
960:2787,6.05,98.75,0.5542569376543605,moorish_idol,Zanclus cornutus,random_forest
960:2788,6.05,98.85,0.5542569376543605,moorish_idol,Zanclus cornutus,random_forest
960:2789,6.05,98.95,0.5542569376543605,moorish_idol,Zanclus cornutus,random_forest
960:2790,6.05,99.05,0.5542569376543605,moorish_idol,Zanclus cornutus,random_forest
960:2791,6.05,99.15,0.5542569376543605,moorish_idol,Zanclus cornutus,random_forest
960:2792,6.05,99.25,0.5542569376543605,moorish_idol,Zanclus cornutus,random_forest
960:2793,6.05,99.35,0.5542569376543605,moorish_idol,Zanclus cornutus,random_forest
960:2794,6.05,99.45,0.5542569376543605,moorish_idol,Zanclus cornutus,random_forest
960:2795,6.05,99.55,0.5542569376543605,moorish_idol,Zanclus cornutus,random_forest
960:2796,6.05,99.65,0.5542569376543605,moorish_idol,Zanclus cornutus,random_forest
960:2797,6.05,99.75,0.5542569376543605,moorish_idol,Zanclus cornutus,random_forest
960:2798,6.05,99.85,0.5542569376543605,moorish_idol,Zanclus cornutus,random_forest
960:2799,6.05,99.95,0.5542569376543605,moorish_idol,Zanclus cornutus,random_forest
960:2800,6.05,100.05,0.5553231065036578,moorish_idol,Zanclus cornutus,random_forest
960:2801,6.05,100.15,0.5551981815787328,moorish_idol,Zanclus cornutus,random_forest
960:2802,6.05,100.25,0.5482496980773177,moorish_idol,Zanclus cornutus,random_forest
960:2824,6.05,102.45,0.5376338122264096,moorish_idol,Zanclus cornutus,random_forest
960:2825,6.05,102.55,0.5366957591290645,moorish_idol,Zanclus cornutus,random_forest
960:2826,6.05,102.65,0.5366957591290645,moorish_idol,Zanclus cornutus,random_forest
960:2827,6.05,102.75,0.5366957591290645,moorish_idol,Zanclus cornutus,random_forest
960:2828,6.05,102.85,0.545552774872017,moorish_idol,Zanclus cornutus,random_forest
960:2829,6.05,102.95,0.545552774872017,moorish_idol,Zanclus cornutus,random_forest
960:2830,6.05,103.05,0.5457182921133963,moorish_idol,Zanclus cornutus,random_forest
960:2831,6.05,103.15,0.5457182921133963,moorish_idol,Zanclus cornutus,random_forest
960:2832,6.05,103.25,0.5213783945977148,moorish_idol,Zanclus cornutus,random_forest
960:2833,6.05,103.35,0.5129184203022659,moorish_idol,Zanclus cornutus,random_forest
960:2834,6.05,103.45,0.4904320858834217,moorish_idol,Zanclus cornutus,random_forest
960:2835,6.05,103.55,0.4823296947258184,moorish_idol,Zanclus cornutus,random_forest
960:2836,6.05,103.65,0.48029908248092057,moorish_idol,Zanclus cornutus,random_forest
960:2837,6.05,103.75,0.47954908248092054,moorish_idol,Zanclus cornutus,random_forest
960:2838,6.05,103.85,0.47576166707227924,moorish_idol,Zanclus cornutus,random_forest
960:2839,6.05,103.95,0.4684115866473738,moorish_idol,Zanclus cornutus,random_forest
960:2840,6.05,104.05,0.4684115866473738,moorish_idol,Zanclus cornutus,random_forest
960:2841,6.05,104.15,0.46595203972180743,moorish_idol,Zanclus cornutus,random_forest
960:2842,6.05,104.25,0.39281100881309183,moorish_idol,Zanclus cornutus,random_forest
960:2843,6.05,104.35,0.35595749289083684,moorish_idol,Zanclus cornutus,random_forest
960:2844,6.05,104.45,0.340792822479994,moorish_idol,Zanclus cornutus,random_forest
960:2845,6.05,104.55,0.332506838352112,moorish_idol,Zanclus cornutus,random_forest
960:2846,6.05,104.65,0.332506838352112,moorish_idol,Zanclus cornutus,random_forest
960:2847,6.05,104.75,0.332506838352112,moorish_idol,Zanclus cornutus,random_forest
960:2848,6.05,104.85,0.332506838352112,moorish_idol,Zanclus cornutus,random_forest
960:2849,6.05,104.95,0.332506838352112,moorish_idol,Zanclus cornutus,random_forest
960:2850,6.05,105.05,0.332506838352112,moorish_idol,Zanclus cornutus,random_forest
960:2851,6.05,105.15,0.33069205683799585,moorish_idol,Zanclus cornutus,random_forest
960:2852,6.05,105.25,0.33069205683799585,moorish_idol,Zanclus cornutus,random_forest
960:2853,6.05,105.35,0.33069205683799585,moorish_idol,Zanclus cornutus,random_forest
960:2854,6.05,105.45,0.33069205683799585,moorish_idol,Zanclus cornutus,random_forest
960:2855,6.05,105.55,0.33069205683799585,moorish_idol,Zanclus cornutus,random_forest
960:2856,6.05,105.65,0.33069205683799585,moorish_idol,Zanclus cornutus,random_forest
960:2857,6.05,105.75,0.33069205683799585,moorish_idol,Zanclus cornutus,random_forest
960:2898,6.05,109.85,0.318359423249344,moorish_idol,Zanclus cornutus,random_forest
960:2899,6.05,109.95,0.318359423249344,moorish_idol,Zanclus cornutus,random_forest
960:2900,6.05,110.05,0.318359423249344,moorish_idol,Zanclus cornutus,random_forest
960:2901,6.05,110.15,0.318359423249344,moorish_idol,Zanclus cornutus,random_forest
960:2902,6.05,110.25,0.318359423249344,moorish_idol,Zanclus cornutus,random_forest
960:2903,6.05,110.35,0.318359423249344,moorish_idol,Zanclus cornutus,random_forest
960:2904,6.05,110.45,0.318359423249344,moorish_idol,Zanclus cornutus,random_forest
960:2905,6.05,110.55,0.318359423249344,moorish_idol,Zanclus cornutus,random_forest
960:2906,6.05,110.65,0.318359423249344,moorish_idol,Zanclus cornutus,random_forest
960:2907,6.05,110.75,0.318359423249344,moorish_idol,Zanclus cornutus,random_forest
960:2908,6.05,110.85,0.318359423249344,moorish_idol,Zanclus cornutus,random_forest
960:2909,6.05,110.95,0.318359423249344,moorish_idol,Zanclus cornutus,random_forest
960:2910,6.05,111.05,0.318359423249344,moorish_idol,Zanclus cornutus,random_forest
960:2911,6.05,111.15,0.318359423249344,moorish_idol,Zanclus cornutus,random_forest
960:2912,6.05,111.25,0.318359423249344,moorish_idol,Zanclus cornutus,random_forest
960:2913,6.05,111.35,0.318359423249344,moorish_idol,Zanclus cornutus,random_forest
960:2914,6.05,111.45,0.318359423249344,moorish_idol,Zanclus cornutus,random_forest
960:2915,6.05,111.55,0.318359423249344,moorish_idol,Zanclus cornutus,random_forest
960:2916,6.05,111.65,0.318359423249344,moorish_idol,Zanclus cornutus,random_forest
960:2917,6.05,111.75,0.318359423249344,moorish_idol,Zanclus cornutus,random_forest
960:2918,6.05,111.85,0.318359423249344,moorish_idol,Zanclus cornutus,random_forest
960:2919,6.05,111.95,0.318359423249344,moorish_idol,Zanclus cornutus,random_forest
960:2920,6.05,112.05,0.318359423249344,moorish_idol,Zanclus cornutus,random_forest
960:2921,6.05,112.15,0.318359423249344,moorish_idol,Zanclus cornutus,random_forest
960:2922,6.05,112.25,0.318359423249344,moorish_idol,Zanclus cornutus,random_forest
960:2923,6.05,112.35,0.318359423249344,moorish_idol,Zanclus cornutus,random_forest
960:2924,6.05,112.45,0.318359423249344,moorish_idol,Zanclus cornutus,random_forest
960:2925,6.05,112.55,0.318359423249344,moorish_idol,Zanclus cornutus,random_forest
960:2926,6.05,112.65,0.318359423249344,moorish_idol,Zanclus cornutus,random_forest
960:2941,6.05,114.15,0.303742031433118,moorish_idol,Zanclus cornutus,random_forest
960:2942,6.05,114.25,0.303742031433118,moorish_idol,Zanclus cornutus,random_forest
960:2943,6.05,114.35,0.303742031433118,moorish_idol,Zanclus cornutus,random_forest
960:2944,6.05,114.45,0.303742031433118,moorish_idol,Zanclus cornutus,random_forest
960:2945,6.05,114.55,0.28740969283925544,moorish_idol,Zanclus cornutus,random_forest
960:2946,6.05,114.65,0.28740969283925544,moorish_idol,Zanclus cornutus,random_forest
960:2947,6.05,114.75,0.27966702947371075,moorish_idol,Zanclus cornutus,random_forest
960:2948,6.05,114.85,0.27805403950888946,moorish_idol,Zanclus cornutus,random_forest
960:2949,6.05,114.95,0.27892383314567337,moorish_idol,Zanclus cornutus,random_forest
960:2950,6.05,115.05,0.2782070411657235,moorish_idol,Zanclus cornutus,random_forest
960:2951,6.05,115.15,0.2792634167521624,moorish_idol,Zanclus cornutus,random_forest
960:2952,6.05,115.25,0.2792634167521624,moorish_idol,Zanclus cornutus,random_forest
960:2953,6.05,115.35,0.2840876488275729,moorish_idol,Zanclus cornutus,random_forest
960:2954,6.05,115.45,0.2847653430631619,moorish_idol,Zanclus cornutus,random_forest
960:2955,6.05,115.55,0.32438874421986114,moorish_idol,Zanclus cornutus,random_forest
960:2956,6.05,115.65,0.39070276765236456,moorish_idol,Zanclus cornutus,random_forest
960:2957,6.05,115.75,0.39070276765236456,moorish_idol,Zanclus cornutus,random_forest
960:2958,6.05,115.85,0.39070276765236456,moorish_idol,Zanclus cornutus,random_forest
960:2959,6.05,115.95,0.7699176058241384,moorish_idol,Zanclus cornutus,random_forest
960:2960,6.05,116.05,0.8141876688073414,moorish_idol,Zanclus cornutus,random_forest
960:2976,6.05,117.65,0.8433088698311291,moorish_idol,Zanclus cornutus,random_forest
960:2977,6.05,117.75,0.8466626878992947,moorish_idol,Zanclus cornutus,random_forest
960:2978,6.05,117.85,0.8466626878992947,moorish_idol,Zanclus cornutus,random_forest
960:2979,6.05,117.95,0.8466626878992947,moorish_idol,Zanclus cornutus,random_forest
960:2980,6.05,118.05,0.8479589980545306,moorish_idol,Zanclus cornutus,random_forest
960:2981,6.05,118.15,0.8455092172678241,moorish_idol,Zanclus cornutus,random_forest
960:2982,6.05,118.25,0.8455092172678241,moorish_idol,Zanclus cornutus,random_forest
961:2786,6.15,98.65,0.5624094027570636,moorish_idol,Zanclus cornutus,random_forest
961:2787,6.15,98.75,0.5624094027570636,moorish_idol,Zanclus cornutus,random_forest
961:2788,6.15,98.85,0.5624094027570636,moorish_idol,Zanclus cornutus,random_forest
961:2789,6.15,98.95,0.5624094027570636,moorish_idol,Zanclus cornutus,random_forest
961:2790,6.15,99.05,0.5624094027570636,moorish_idol,Zanclus cornutus,random_forest
961:2791,6.15,99.15,0.5624094027570636,moorish_idol,Zanclus cornutus,random_forest
961:2792,6.15,99.25,0.5624094027570636,moorish_idol,Zanclus cornutus,random_forest
961:2793,6.15,99.35,0.5624094027570636,moorish_idol,Zanclus cornutus,random_forest
961:2794,6.15,99.45,0.5624094027570636,moorish_idol,Zanclus cornutus,random_forest
961:2795,6.15,99.55,0.5624094027570636,moorish_idol,Zanclus cornutus,random_forest
961:2796,6.15,99.65,0.5624094027570636,moorish_idol,Zanclus cornutus,random_forest
961:2797,6.15,99.75,0.5624094027570636,moorish_idol,Zanclus cornutus,random_forest
961:2798,6.15,99.85,0.5624094027570636,moorish_idol,Zanclus cornutus,random_forest
961:2799,6.15,99.95,0.5624094027570636,moorish_idol,Zanclus cornutus,random_forest
961:2800,6.15,100.05,0.5634755716063607,moorish_idol,Zanclus cornutus,random_forest
961:2801,6.15,100.15,0.5633506466814359,moorish_idol,Zanclus cornutus,random_forest
961:2802,6.15,100.25,0.5564021631800208,moorish_idol,Zanclus cornutus,random_forest
961:2824,6.15,102.45,0.5457862773291127,moorish_idol,Zanclus cornutus,random_forest
961:2825,6.15,102.55,0.5448482242317675,moorish_idol,Zanclus cornutus,random_forest
961:2826,6.15,102.65,0.5448482242317675,moorish_idol,Zanclus cornutus,random_forest
961:2827,6.15,102.75,0.5448482242317675,moorish_idol,Zanclus cornutus,random_forest
961:2828,6.15,102.85,0.55370523997472,moorish_idol,Zanclus cornutus,random_forest
961:2829,6.15,102.95,0.55370523997472,moorish_idol,Zanclus cornutus,random_forest
961:2830,6.15,103.05,0.5538707572160992,moorish_idol,Zanclus cornutus,random_forest
961:2831,6.15,103.15,0.5538707572160992,moorish_idol,Zanclus cornutus,random_forest
961:2832,6.15,103.25,0.5295308597004181,moorish_idol,Zanclus cornutus,random_forest
961:2833,6.15,103.35,0.5210708854049688,moorish_idol,Zanclus cornutus,random_forest
961:2834,6.15,103.45,0.49858455098612464,moorish_idol,Zanclus cornutus,random_forest
961:2835,6.15,103.55,0.4904821598285214,moorish_idol,Zanclus cornutus,random_forest
961:2836,6.15,103.65,0.4884515475836234,moorish_idol,Zanclus cornutus,random_forest
961:2837,6.15,103.75,0.48770154758362344,moorish_idol,Zanclus cornutus,random_forest
961:2838,6.15,103.85,0.48391413217498225,moorish_idol,Zanclus cornutus,random_forest
961:2839,6.15,103.95,0.4765640517500767,moorish_idol,Zanclus cornutus,random_forest
961:2840,6.15,104.05,0.4765640517500767,moorish_idol,Zanclus cornutus,random_forest
961:2841,6.15,104.15,0.4741045048245104,moorish_idol,Zanclus cornutus,random_forest
961:2842,6.15,104.25,0.4027675219641479,moorish_idol,Zanclus cornutus,random_forest
961:2843,6.15,104.35,0.366400244574003,moorish_idol,Zanclus cornutus,random_forest
961:2844,6.15,104.45,0.35123557416316004,moorish_idol,Zanclus cornutus,random_forest
961:2845,6.15,104.55,0.34294959003527814,moorish_idol,Zanclus cornutus,random_forest
961:2846,6.15,104.65,0.34294959003527814,moorish_idol,Zanclus cornutus,random_forest
961:2847,6.15,104.75,0.34294959003527814,moorish_idol,Zanclus cornutus,random_forest
961:2848,6.15,104.85,0.34294959003527814,moorish_idol,Zanclus cornutus,random_forest
961:2849,6.15,104.95,0.34294959003527814,moorish_idol,Zanclus cornutus,random_forest
961:2850,6.15,105.05,0.34294959003527814,moorish_idol,Zanclus cornutus,random_forest
961:2851,6.15,105.15,0.341134808521162,moorish_idol,Zanclus cornutus,random_forest
961:2852,6.15,105.25,0.341134808521162,moorish_idol,Zanclus cornutus,random_forest
961:2853,6.15,105.35,0.341134808521162,moorish_idol,Zanclus cornutus,random_forest
961:2854,6.15,105.45,0.341134808521162,moorish_idol,Zanclus cornutus,random_forest
961:2855,6.15,105.55,0.341134808521162,moorish_idol,Zanclus cornutus,random_forest
961:2899,6.15,109.95,0.32880217493251024,moorish_idol,Zanclus cornutus,random_forest
961:2900,6.15,110.05,0.32880217493251024,moorish_idol,Zanclus cornutus,random_forest
961:2901,6.15,110.15,0.32880217493251024,moorish_idol,Zanclus cornutus,random_forest
961:2902,6.15,110.25,0.32880217493251024,moorish_idol,Zanclus cornutus,random_forest
961:2903,6.15,110.35,0.32880217493251024,moorish_idol,Zanclus cornutus,random_forest
961:2904,6.15,110.45,0.32880217493251024,moorish_idol,Zanclus cornutus,random_forest
961:2905,6.15,110.55,0.32880217493251024,moorish_idol,Zanclus cornutus,random_forest
961:2906,6.15,110.65,0.32880217493251024,moorish_idol,Zanclus cornutus,random_forest
961:2907,6.15,110.75,0.32880217493251024,moorish_idol,Zanclus cornutus,random_forest
961:2908,6.15,110.85,0.32880217493251024,moorish_idol,Zanclus cornutus,random_forest
961:2909,6.15,110.95,0.32880217493251024,moorish_idol,Zanclus cornutus,random_forest
961:2910,6.15,111.05,0.32880217493251024,moorish_idol,Zanclus cornutus,random_forest
961:2911,6.15,111.15,0.32880217493251024,moorish_idol,Zanclus cornutus,random_forest
961:2912,6.15,111.25,0.32880217493251024,moorish_idol,Zanclus cornutus,random_forest
961:2913,6.15,111.35,0.32880217493251024,moorish_idol,Zanclus cornutus,random_forest
961:2914,6.15,111.45,0.32880217493251024,moorish_idol,Zanclus cornutus,random_forest
961:2915,6.15,111.55,0.32880217493251024,moorish_idol,Zanclus cornutus,random_forest
961:2916,6.15,111.65,0.32880217493251024,moorish_idol,Zanclus cornutus,random_forest
961:2917,6.15,111.75,0.32880217493251024,moorish_idol,Zanclus cornutus,random_forest
961:2918,6.15,111.85,0.32880217493251024,moorish_idol,Zanclus cornutus,random_forest
961:2919,6.15,111.95,0.32880217493251024,moorish_idol,Zanclus cornutus,random_forest
961:2920,6.15,112.05,0.32880217493251024,moorish_idol,Zanclus cornutus,random_forest
961:2921,6.15,112.15,0.32880217493251024,moorish_idol,Zanclus cornutus,random_forest
961:2922,6.15,112.25,0.32880217493251024,moorish_idol,Zanclus cornutus,random_forest
961:2923,6.15,112.35,0.32880217493251024,moorish_idol,Zanclus cornutus,random_forest
961:2924,6.15,112.45,0.32880217493251024,moorish_idol,Zanclus cornutus,random_forest
961:2925,6.15,112.55,0.32880217493251024,moorish_idol,Zanclus cornutus,random_forest
961:2940,6.15,114.05,0.3141847831162841,moorish_idol,Zanclus cornutus,random_forest
961:2941,6.15,114.15,0.3141847831162841,moorish_idol,Zanclus cornutus,random_forest
961:2942,6.15,114.25,0.3141847831162841,moorish_idol,Zanclus cornutus,random_forest
961:2943,6.15,114.35,0.3141847831162841,moorish_idol,Zanclus cornutus,random_forest
961:2944,6.15,114.45,0.3141847831162841,moorish_idol,Zanclus cornutus,random_forest
961:2945,6.15,114.55,0.2980538882021261,moorish_idol,Zanclus cornutus,random_forest
961:2946,6.15,114.65,0.2980538882021261,moorish_idol,Zanclus cornutus,random_forest
961:2947,6.15,114.75,0.29031122483658134,moorish_idol,Zanclus cornutus,random_forest
961:2948,6.15,114.85,0.28869823487176005,moorish_idol,Zanclus cornutus,random_forest
961:2949,6.15,114.95,0.28956802850854396,moorish_idol,Zanclus cornutus,random_forest
961:2950,6.15,115.05,0.2888512365285942,moorish_idol,Zanclus cornutus,random_forest
961:2951,6.15,115.15,0.28990761211503296,moorish_idol,Zanclus cornutus,random_forest
961:2952,6.15,115.25,0.28990761211503296,moorish_idol,Zanclus cornutus,random_forest
961:2953,6.15,115.35,0.29473184419044357,moorish_idol,Zanclus cornutus,random_forest
961:2954,6.15,115.45,0.29540953842603257,moorish_idol,Zanclus cornutus,random_forest
961:2955,6.15,115.55,0.3344895869815758,moorish_idol,Zanclus cornutus,random_forest
961:2956,6.15,115.65,0.3999244866193718,moorish_idol,Zanclus cornutus,random_forest
961:2957,6.15,115.75,0.3999244866193718,moorish_idol,Zanclus cornutus,random_forest
961:2958,6.15,115.85,0.3999244866193718,moorish_idol,Zanclus cornutus,random_forest
961:2959,6.15,115.95,0.7682298879239842,moorish_idol,Zanclus cornutus,random_forest
961:2960,6.15,116.05,0.8105016616980003,moorish_idol,Zanclus cornutus,random_forest
961:2976,6.15,117.65,0.839622862721788,moorish_idol,Zanclus cornutus,random_forest
961:2977,6.15,117.75,0.8429766807899535,moorish_idol,Zanclus cornutus,random_forest
961:2978,6.15,117.85,0.8429766807899535,moorish_idol,Zanclus cornutus,random_forest
961:2979,6.15,117.95,0.8429766807899535,moorish_idol,Zanclus cornutus,random_forest
961:2980,6.15,118.05,0.8442729909451894,moorish_idol,Zanclus cornutus,random_forest
961:2981,6.15,118.15,0.841823210158483,moorish_idol,Zanclus cornutus,random_forest
962:2790,6.25,99.05,0.5614298109203288,moorish_idol,Zanclus cornutus,random_forest
962:2791,6.25,99.15,0.5614298109203288,moorish_idol,Zanclus cornutus,random_forest
962:2792,6.25,99.25,0.5614298109203288,moorish_idol,Zanclus cornutus,random_forest
962:2793,6.25,99.35,0.5614298109203288,moorish_idol,Zanclus cornutus,random_forest
962:2794,6.25,99.45,0.5614298109203288,moorish_idol,Zanclus cornutus,random_forest
962:2795,6.25,99.55,0.5614298109203288,moorish_idol,Zanclus cornutus,random_forest
962:2796,6.25,99.65,0.5614298109203288,moorish_idol,Zanclus cornutus,random_forest
962:2797,6.25,99.75,0.5614298109203288,moorish_idol,Zanclus cornutus,random_forest
962:2799,6.25,99.95,0.5614298109203288,moorish_idol,Zanclus cornutus,random_forest
962:2800,6.25,100.05,0.5624959797696261,moorish_idol,Zanclus cornutus,random_forest
962:2801,6.25,100.15,0.5623710548447011,moorish_idol,Zanclus cornutus,random_forest
962:2821,6.25,102.15,0.5471602692778003,moorish_idol,Zanclus cornutus,random_forest
962:2822,6.25,102.25,0.544806685492378,moorish_idol,Zanclus cornutus,random_forest
962:2823,6.25,102.35,0.544806685492378,moorish_idol,Zanclus cornutus,random_forest
962:2824,6.25,102.45,0.544806685492378,moorish_idol,Zanclus cornutus,random_forest
962:2825,6.25,102.55,0.5438686323950328,moorish_idol,Zanclus cornutus,random_forest
962:2826,6.25,102.65,0.5438686323950328,moorish_idol,Zanclus cornutus,random_forest
962:2827,6.25,102.75,0.5438686323950328,moorish_idol,Zanclus cornutus,random_forest
962:2828,6.25,102.85,0.5527256481379852,moorish_idol,Zanclus cornutus,random_forest
962:2829,6.25,102.95,0.5527256481379852,moorish_idol,Zanclus cornutus,random_forest
962:2830,6.25,103.05,0.5528911653793646,moorish_idol,Zanclus cornutus,random_forest
962:2831,6.25,103.15,0.5528911653793646,moorish_idol,Zanclus cornutus,random_forest
962:2832,6.25,103.25,0.5285512678636832,moorish_idol,Zanclus cornutus,random_forest
962:2833,6.25,103.35,0.5200912935682341,moorish_idol,Zanclus cornutus,random_forest
962:2834,6.25,103.45,0.49760495914938996,moorish_idol,Zanclus cornutus,random_forest
962:2835,6.25,103.55,0.4895025679917867,moorish_idol,Zanclus cornutus,random_forest
962:2836,6.25,103.65,0.48747195574688873,moorish_idol,Zanclus cornutus,random_forest
962:2837,6.25,103.75,0.48672195574688876,moorish_idol,Zanclus cornutus,random_forest
962:2838,6.25,103.85,0.4829345403382475,moorish_idol,Zanclus cornutus,random_forest
962:2839,6.25,103.95,0.47558445991334203,moorish_idol,Zanclus cornutus,random_forest
962:2840,6.25,104.05,0.47558445991334203,moorish_idol,Zanclus cornutus,random_forest
962:2841,6.25,104.15,0.4731249129877757,moorish_idol,Zanclus cornutus,random_forest
962:2842,6.25,104.25,0.40178793012741315,moorish_idol,Zanclus cornutus,random_forest
962:2843,6.25,104.35,0.3654206527372683,moorish_idol,Zanclus cornutus,random_forest
962:2844,6.25,104.45,0.35025598232642535,moorish_idol,Zanclus cornutus,random_forest
962:2845,6.25,104.55,0.34196999819854346,moorish_idol,Zanclus cornutus,random_forest
962:2846,6.25,104.65,0.34196999819854346,moorish_idol,Zanclus cornutus,random_forest
962:2847,6.25,104.75,0.34196999819854346,moorish_idol,Zanclus cornutus,random_forest
962:2848,6.25,104.85,0.34196999819854346,moorish_idol,Zanclus cornutus,random_forest
962:2849,6.25,104.95,0.34196999819854346,moorish_idol,Zanclus cornutus,random_forest
962:2850,6.25,105.05,0.34196999819854346,moorish_idol,Zanclus cornutus,random_forest
962:2851,6.25,105.15,0.3401552166844272,moorish_idol,Zanclus cornutus,random_forest
962:2852,6.25,105.25,0.3401552166844272,moorish_idol,Zanclus cornutus,random_forest
962:2853,6.25,105.35,0.3401552166844272,moorish_idol,Zanclus cornutus,random_forest
962:2902,6.25,110.25,0.32782258309577555,moorish_idol,Zanclus cornutus,random_forest
962:2903,6.25,110.35,0.32782258309577555,moorish_idol,Zanclus cornutus,random_forest
962:2904,6.25,110.45,0.32782258309577555,moorish_idol,Zanclus cornutus,random_forest
962:2905,6.25,110.55,0.32782258309577555,moorish_idol,Zanclus cornutus,random_forest
962:2906,6.25,110.65,0.32782258309577555,moorish_idol,Zanclus cornutus,random_forest
962:2907,6.25,110.75,0.32782258309577555,moorish_idol,Zanclus cornutus,random_forest
962:2908,6.25,110.85,0.32782258309577555,moorish_idol,Zanclus cornutus,random_forest
962:2909,6.25,110.95,0.32782258309577555,moorish_idol,Zanclus cornutus,random_forest
962:2910,6.25,111.05,0.32782258309577555,moorish_idol,Zanclus cornutus,random_forest
962:2911,6.25,111.15,0.32782258309577555,moorish_idol,Zanclus cornutus,random_forest
962:2912,6.25,111.25,0.32782258309577555,moorish_idol,Zanclus cornutus,random_forest
962:2913,6.25,111.35,0.32782258309577555,moorish_idol,Zanclus cornutus,random_forest
962:2914,6.25,111.45,0.32782258309577555,moorish_idol,Zanclus cornutus,random_forest
962:2915,6.25,111.55,0.32782258309577555,moorish_idol,Zanclus cornutus,random_forest
962:2916,6.25,111.65,0.32782258309577555,moorish_idol,Zanclus cornutus,random_forest
962:2917,6.25,111.75,0.32782258309577555,moorish_idol,Zanclus cornutus,random_forest
962:2918,6.25,111.85,0.32782258309577555,moorish_idol,Zanclus cornutus,random_forest
962:2919,6.25,111.95,0.32782258309577555,moorish_idol,Zanclus cornutus,random_forest
962:2920,6.25,112.05,0.32782258309577555,moorish_idol,Zanclus cornutus,random_forest
962:2921,6.25,112.15,0.32782258309577555,moorish_idol,Zanclus cornutus,random_forest
962:2922,6.25,112.25,0.32782258309577555,moorish_idol,Zanclus cornutus,random_forest
962:2923,6.25,112.35,0.32782258309577555,moorish_idol,Zanclus cornutus,random_forest
962:2924,6.25,112.45,0.32782258309577555,moorish_idol,Zanclus cornutus,random_forest
962:2939,6.25,113.95,0.31320519127954943,moorish_idol,Zanclus cornutus,random_forest
962:2940,6.25,114.05,0.31320519127954943,moorish_idol,Zanclus cornutus,random_forest
962:2941,6.25,114.15,0.31320519127954943,moorish_idol,Zanclus cornutus,random_forest
962:2942,6.25,114.25,0.31320519127954943,moorish_idol,Zanclus cornutus,random_forest
962:2943,6.25,114.35,0.31320519127954943,moorish_idol,Zanclus cornutus,random_forest
962:2944,6.25,114.45,0.31320519127954943,moorish_idol,Zanclus cornutus,random_forest
962:2945,6.25,114.55,0.2970742963653914,moorish_idol,Zanclus cornutus,random_forest
962:2946,6.25,114.65,0.2970742963653914,moorish_idol,Zanclus cornutus,random_forest
962:2947,6.25,114.75,0.28933163299984666,moorish_idol,Zanclus cornutus,random_forest
962:2948,6.25,114.85,0.28771864303502537,moorish_idol,Zanclus cornutus,random_forest
962:2949,6.25,114.95,0.2885884366718093,moorish_idol,Zanclus cornutus,random_forest
962:2950,6.25,115.05,0.2878716446918594,moorish_idol,Zanclus cornutus,random_forest
962:2951,6.25,115.15,0.2889280202782983,moorish_idol,Zanclus cornutus,random_forest
962:2952,6.25,115.25,0.2889280202782983,moorish_idol,Zanclus cornutus,random_forest
962:2953,6.25,115.35,0.29375225235370883,moorish_idol,Zanclus cornutus,random_forest
962:2954,6.25,115.45,0.29442994658929783,moorish_idol,Zanclus cornutus,random_forest
962:2955,6.25,115.55,0.33350999514484103,moorish_idol,Zanclus cornutus,random_forest
962:2956,6.25,115.65,0.3989448947826371,moorish_idol,Zanclus cornutus,random_forest
962:2957,6.25,115.75,0.3989448947826371,moorish_idol,Zanclus cornutus,random_forest
962:2958,6.25,115.85,0.3989448947826371,moorish_idol,Zanclus cornutus,random_forest
962:2959,6.25,115.95,0.7682298879239842,moorish_idol,Zanclus cornutus,random_forest
962:2960,6.25,116.05,0.8105016616980003,moorish_idol,Zanclus cornutus,random_forest
962:2961,6.25,116.15,0.8326382066312408,moorish_idol,Zanclus cornutus,random_forest
962:2962,6.25,116.25,0.8326382066312408,moorish_idol,Zanclus cornutus,random_forest
962:2977,6.25,117.75,0.8429766807899535,moorish_idol,Zanclus cornutus,random_forest
962:2978,6.25,117.85,0.8429766807899535,moorish_idol,Zanclus cornutus,random_forest
962:2979,6.25,117.95,0.8429766807899535,moorish_idol,Zanclus cornutus,random_forest
963:2795,6.35,99.55,0.5132365012502693,moorish_idol,Zanclus cornutus,random_forest
963:2796,6.35,99.65,0.5132365012502693,moorish_idol,Zanclus cornutus,random_forest
963:2799,6.35,99.95,0.5132365012502693,moorish_idol,Zanclus cornutus,random_forest
963:2800,6.35,100.05,0.5143026700995667,moorish_idol,Zanclus cornutus,random_forest
963:2821,6.35,102.15,0.49882207943344875,moorish_idol,Zanclus cornutus,random_forest
963:2822,6.35,102.25,0.4964684956480265,moorish_idol,Zanclus cornutus,random_forest
963:2823,6.35,102.35,0.4964684956480265,moorish_idol,Zanclus cornutus,random_forest
963:2824,6.35,102.45,0.4964684956480265,moorish_idol,Zanclus cornutus,random_forest
963:2825,6.35,102.55,0.49553044255068124,moorish_idol,Zanclus cornutus,random_forest
963:2826,6.35,102.65,0.49553044255068124,moorish_idol,Zanclus cornutus,random_forest
963:2827,6.35,102.75,0.49553044255068124,moorish_idol,Zanclus cornutus,random_forest
963:2828,6.35,102.85,0.5043874582936339,moorish_idol,Zanclus cornutus,random_forest
963:2829,6.35,102.95,0.5043874582936339,moorish_idol,Zanclus cornutus,random_forest
963:2830,6.35,103.05,0.5045529755350132,moorish_idol,Zanclus cornutus,random_forest
963:2831,6.35,103.15,0.5045529755350132,moorish_idol,Zanclus cornutus,random_forest
963:2832,6.35,103.25,0.48021307801933205,moorish_idol,Zanclus cornutus,random_forest
963:2833,6.35,103.35,0.4717531037238831,moorish_idol,Zanclus cornutus,random_forest
963:2834,6.35,103.45,0.453829472973703,moorish_idol,Zanclus cornutus,random_forest
963:2835,6.35,103.55,0.4457270818160997,moorish_idol,Zanclus cornutus,random_forest
963:2836,6.35,103.65,0.44369646957120173,moorish_idol,Zanclus cornutus,random_forest
963:2837,6.35,103.75,0.44294646957120176,moorish_idol,Zanclus cornutus,random_forest
963:2838,6.35,103.85,0.43915905416256046,moorish_idol,Zanclus cornutus,random_forest
963:2839,6.35,103.95,0.43180897373765503,moorish_idol,Zanclus cornutus,random_forest
963:2840,6.35,104.05,0.43180897373765503,moorish_idol,Zanclus cornutus,random_forest
963:2841,6.35,104.15,0.4293494268120886,moorish_idol,Zanclus cornutus,random_forest
963:2842,6.35,104.25,0.3591428787343346,moorish_idol,Zanclus cornutus,random_forest
963:2843,6.35,104.35,0.3241756013441897,moorish_idol,Zanclus cornutus,random_forest
963:2844,6.35,104.45,0.3105433984658143,moorish_idol,Zanclus cornutus,random_forest
963:2845,6.35,104.55,0.3036985908085206,moorish_idol,Zanclus cornutus,random_forest
963:2846,6.35,104.65,0.3036985908085206,moorish_idol,Zanclus cornutus,random_forest
963:2847,6.35,104.75,0.3036985908085206,moorish_idol,Zanclus cornutus,random_forest
963:2848,6.35,104.85,0.3036985908085206,moorish_idol,Zanclus cornutus,random_forest
963:2849,6.35,104.95,0.3036985908085206,moorish_idol,Zanclus cornutus,random_forest
963:2850,6.35,105.05,0.3036985908085206,moorish_idol,Zanclus cornutus,random_forest
963:2909,6.35,110.95,0.2895511757057528,moorish_idol,Zanclus cornutus,random_forest
963:2910,6.35,111.05,0.2895511757057528,moorish_idol,Zanclus cornutus,random_forest
963:2911,6.35,111.15,0.2895511757057528,moorish_idol,Zanclus cornutus,random_forest
963:2912,6.35,111.25,0.2895511757057528,moorish_idol,Zanclus cornutus,random_forest
963:2913,6.35,111.35,0.2895511757057528,moorish_idol,Zanclus cornutus,random_forest
963:2914,6.35,111.45,0.2895511757057528,moorish_idol,Zanclus cornutus,random_forest
963:2915,6.35,111.55,0.2895511757057528,moorish_idol,Zanclus cornutus,random_forest
963:2916,6.35,111.65,0.2895511757057528,moorish_idol,Zanclus cornutus,random_forest
963:2917,6.35,111.75,0.2895511757057528,moorish_idol,Zanclus cornutus,random_forest
963:2918,6.35,111.85,0.2895511757057528,moorish_idol,Zanclus cornutus,random_forest
963:2919,6.35,111.95,0.2895511757057528,moorish_idol,Zanclus cornutus,random_forest
963:2920,6.35,112.05,0.2895511757057528,moorish_idol,Zanclus cornutus,random_forest
963:2921,6.35,112.15,0.2895511757057528,moorish_idol,Zanclus cornutus,random_forest
963:2922,6.35,112.25,0.2895511757057528,moorish_idol,Zanclus cornutus,random_forest
963:2923,6.35,112.35,0.2895511757057528,moorish_idol,Zanclus cornutus,random_forest
963:2938,6.35,113.85,0.27625581778783187,moorish_idol,Zanclus cornutus,random_forest
963:2939,6.35,113.95,0.2749337838895268,moorish_idol,Zanclus cornutus,random_forest
963:2940,6.35,114.05,0.2749337838895268,moorish_idol,Zanclus cornutus,random_forest
963:2941,6.35,114.15,0.2749337838895268,moorish_idol,Zanclus cornutus,random_forest
963:2942,6.35,114.25,0.2749337838895268,moorish_idol,Zanclus cornutus,random_forest
963:2943,6.35,114.35,0.2749337838895268,moorish_idol,Zanclus cornutus,random_forest
963:2944,6.35,114.45,0.2749337838895268,moorish_idol,Zanclus cornutus,random_forest
963:2945,6.35,114.55,0.25880288897536885,moorish_idol,Zanclus cornutus,random_forest
963:2946,6.35,114.65,0.25880288897536885,moorish_idol,Zanclus cornutus,random_forest
963:2947,6.35,114.75,0.25106022560982416,moorish_idol,Zanclus cornutus,random_forest
963:2948,6.35,114.85,0.24944723564500287,moorish_idol,Zanclus cornutus,random_forest
963:2949,6.35,114.95,0.2503170292817868,moorish_idol,Zanclus cornutus,random_forest
963:2950,6.35,115.05,0.24960023730183692,moorish_idol,Zanclus cornutus,random_forest
963:2951,6.35,115.15,0.25065661288827584,moorish_idol,Zanclus cornutus,random_forest
963:2952,6.35,115.25,0.25065661288827584,moorish_idol,Zanclus cornutus,random_forest
963:2953,6.35,115.35,0.25370002304587813,moorish_idol,Zanclus cornutus,random_forest
963:2954,6.35,115.45,0.25437771728146713,moorish_idol,Zanclus cornutus,random_forest
963:2955,6.35,115.55,0.2941321640027155,moorish_idol,Zanclus cornutus,random_forest
963:2956,6.35,115.65,0.35882739150936416,moorish_idol,Zanclus cornutus,random_forest
963:2957,6.35,115.75,0.35882739150936416,moorish_idol,Zanclus cornutus,random_forest
963:2958,6.35,115.85,0.35882739150936416,moorish_idol,Zanclus cornutus,random_forest
963:2959,6.35,115.95,0.7373738001392917,moorish_idol,Zanclus cornutus,random_forest
963:2960,6.35,116.05,0.7784895745434207,moorish_idol,Zanclus cornutus,random_forest
963:2961,6.35,116.15,0.8006261194766616,moorish_idol,Zanclus cornutus,random_forest
963:2962,6.35,116.25,0.8006261194766616,moorish_idol,Zanclus cornutus,random_forest
963:2977,6.35,117.75,0.8141430421584598,moorish_idol,Zanclus cornutus,random_forest
963:2978,6.35,117.85,0.8141430421584598,moorish_idol,Zanclus cornutus,random_forest
963:2979,6.35,117.95,0.8141430421584598,moorish_idol,Zanclus cornutus,random_forest
964:2795,6.45,99.55,0.49431721200640866,moorish_idol,Zanclus cornutus,random_forest
964:2796,6.45,99.65,0.49431721200640866,moorish_idol,Zanclus cornutus,random_forest
964:2797,6.45,99.75,0.49431721200640866,moorish_idol,Zanclus cornutus,random_forest
964:2799,6.45,99.95,0.49431721200640866,moorish_idol,Zanclus cornutus,random_forest
964:2822,6.45,102.25,0.47754920640416587,moorish_idol,Zanclus cornutus,random_forest
964:2823,6.45,102.35,0.47754920640416587,moorish_idol,Zanclus cornutus,random_forest
964:2824,6.45,102.45,0.47754920640416587,moorish_idol,Zanclus cornutus,random_forest
964:2825,6.45,102.55,0.47661115330682075,moorish_idol,Zanclus cornutus,random_forest
964:2826,6.45,102.65,0.47661115330682075,moorish_idol,Zanclus cornutus,random_forest
964:2827,6.45,102.75,0.47661115330682075,moorish_idol,Zanclus cornutus,random_forest
964:2828,6.45,102.85,0.4854681690497732,moorish_idol,Zanclus cornutus,random_forest
964:2829,6.45,102.95,0.4854681690497732,moorish_idol,Zanclus cornutus,random_forest
964:2830,6.45,103.05,0.4856336862911525,moorish_idol,Zanclus cornutus,random_forest
964:2831,6.45,103.15,0.4856336862911525,moorish_idol,Zanclus cornutus,random_forest
964:2832,6.45,103.25,0.46129378877547156,moorish_idol,Zanclus cornutus,random_forest
964:2833,6.45,103.35,0.4528338144800225,moorish_idol,Zanclus cornutus,random_forest
964:2834,6.45,103.45,0.4364101837298424,moorish_idol,Zanclus cornutus,random_forest
964:2835,6.45,103.55,0.4283077925722391,moorish_idol,Zanclus cornutus,random_forest
964:2836,6.45,103.65,0.4262771803273412,moorish_idol,Zanclus cornutus,random_forest
964:2837,6.45,103.75,0.42552718032734116,moorish_idol,Zanclus cornutus,random_forest
964:2838,6.45,103.85,0.42173976491869986,moorish_idol,Zanclus cornutus,random_forest
964:2839,6.45,103.95,0.4143896844937943,moorish_idol,Zanclus cornutus,random_forest
964:2840,6.45,104.05,0.4143896844937943,moorish_idol,Zanclus cornutus,random_forest
964:2841,6.45,104.15,0.411930137568228,moorish_idol,Zanclus cornutus,random_forest
964:2842,6.45,104.25,0.3417235894904739,moorish_idol,Zanclus cornutus,random_forest
964:2843,6.45,104.35,0.306756312100329,moorish_idol,Zanclus cornutus,random_forest
964:2844,6.45,104.45,0.2931241092219537,moorish_idol,Zanclus cornutus,random_forest
964:2845,6.45,104.55,0.28627930156465997,moorish_idol,Zanclus cornutus,random_forest
964:2846,6.45,104.65,0.28627930156465997,moorish_idol,Zanclus cornutus,random_forest
964:2847,6.45,104.75,0.28627930156465997,moorish_idol,Zanclus cornutus,random_forest
964:2848,6.45,104.85,0.28627930156465997,moorish_idol,Zanclus cornutus,random_forest
964:2912,6.45,111.25,0.2721318864618923,moorish_idol,Zanclus cornutus,random_forest
964:2913,6.45,111.35,0.2721318864618923,moorish_idol,Zanclus cornutus,random_forest
964:2914,6.45,111.45,0.2721318864618923,moorish_idol,Zanclus cornutus,random_forest
964:2915,6.45,111.55,0.2721318864618923,moorish_idol,Zanclus cornutus,random_forest
964:2916,6.45,111.65,0.2721318864618923,moorish_idol,Zanclus cornutus,random_forest
964:2917,6.45,111.75,0.2721318864618923,moorish_idol,Zanclus cornutus,random_forest
964:2918,6.45,111.85,0.2721318864618923,moorish_idol,Zanclus cornutus,random_forest
964:2919,6.45,111.95,0.2721318864618923,moorish_idol,Zanclus cornutus,random_forest
964:2920,6.45,112.05,0.2721318864618923,moorish_idol,Zanclus cornutus,random_forest
964:2921,6.45,112.15,0.2721318864618923,moorish_idol,Zanclus cornutus,random_forest
964:2922,6.45,112.25,0.2721318864618923,moorish_idol,Zanclus cornutus,random_forest
964:2937,6.45,113.75,0.25993983022979966,moorish_idol,Zanclus cornutus,random_forest
964:2938,6.45,113.85,0.2583904231151752,moorish_idol,Zanclus cornutus,random_forest
964:2939,6.45,113.95,0.25706838921687014,moorish_idol,Zanclus cornutus,random_forest
964:2940,6.45,114.05,0.25706838921687014,moorish_idol,Zanclus cornutus,random_forest
964:2941,6.45,114.15,0.25706838921687014,moorish_idol,Zanclus cornutus,random_forest
964:2942,6.45,114.25,0.25706838921687014,moorish_idol,Zanclus cornutus,random_forest
964:2943,6.45,114.35,0.25706838921687014,moorish_idol,Zanclus cornutus,random_forest
964:2944,6.45,114.45,0.25706838921687014,moorish_idol,Zanclus cornutus,random_forest
964:2945,6.45,114.55,0.2409374943027121,moorish_idol,Zanclus cornutus,random_forest
964:2946,6.45,114.65,0.2409374943027121,moorish_idol,Zanclus cornutus,random_forest
964:2947,6.45,114.75,0.23319483093716745,moorish_idol,Zanclus cornutus,random_forest
964:2948,6.45,114.85,0.23158184097234616,moorish_idol,Zanclus cornutus,random_forest
964:2949,6.45,114.95,0.23245163460913007,moorish_idol,Zanclus cornutus,random_forest
964:2950,6.45,115.05,0.2317348426291802,moorish_idol,Zanclus cornutus,random_forest
964:2951,6.45,115.15,0.2327912182156191,moorish_idol,Zanclus cornutus,random_forest
964:2952,6.45,115.25,0.2327912182156191,moorish_idol,Zanclus cornutus,random_forest
964:2953,6.45,115.35,0.23583462837322136,moorish_idol,Zanclus cornutus,random_forest
964:2954,6.45,115.45,0.23651232260881033,moorish_idol,Zanclus cornutus,random_forest
964:2955,6.45,115.55,0.274402233159817,moorish_idol,Zanclus cornutus,random_forest
964:2956,6.45,115.65,0.33499000032420384,moorish_idol,Zanclus cornutus,random_forest
964:2957,6.45,115.75,0.33499000032420384,moorish_idol,Zanclus cornutus,random_forest
964:2958,6.45,115.85,0.33499000032420384,moorish_idol,Zanclus cornutus,random_forest
964:2959,6.45,115.95,0.7057775074826063,moorish_idol,Zanclus cornutus,random_forest
964:2960,6.45,116.05,0.7488065413854964,moorish_idol,Zanclus cornutus,random_forest
964:2961,6.45,116.15,0.7704966857638331,moorish_idol,Zanclus cornutus,random_forest
964:2962,6.45,116.25,0.7704966857638331,moorish_idol,Zanclus cornutus,random_forest
964:2963,6.45,116.35,0.7689660788180364,moorish_idol,Zanclus cornutus,random_forest
964:2977,6.45,117.75,0.7840136084456316,moorish_idol,Zanclus cornutus,random_forest
964:2978,6.45,117.85,0.7840136084456316,moorish_idol,Zanclus cornutus,random_forest
964:2979,6.45,117.95,0.7840136084456316,moorish_idol,Zanclus cornutus,random_forest
965:2822,6.55,102.25,0.47290566177183413,moorish_idol,Zanclus cornutus,random_forest
965:2823,6.55,102.35,0.47290566177183413,moorish_idol,Zanclus cornutus,random_forest
965:2824,6.55,102.45,0.47290566177183413,moorish_idol,Zanclus cornutus,random_forest
965:2825,6.55,102.55,0.471967608674489,moorish_idol,Zanclus cornutus,random_forest
965:2826,6.55,102.65,0.471967608674489,moorish_idol,Zanclus cornutus,random_forest
965:2827,6.55,102.75,0.471967608674489,moorish_idol,Zanclus cornutus,random_forest
965:2828,6.55,102.85,0.4808246244174415,moorish_idol,Zanclus cornutus,random_forest
965:2829,6.55,102.95,0.4808246244174415,moorish_idol,Zanclus cornutus,random_forest
965:2830,6.55,103.05,0.48099014165882076,moorish_idol,Zanclus cornutus,random_forest
965:2831,6.55,103.15,0.48099014165882076,moorish_idol,Zanclus cornutus,random_forest
965:2832,6.55,103.25,0.45665024414313976,moorish_idol,Zanclus cornutus,random_forest
965:2833,6.55,103.35,0.4481902698476907,moorish_idol,Zanclus cornutus,random_forest
965:2834,6.55,103.45,0.4317666390975105,moorish_idol,Zanclus cornutus,random_forest
965:2835,6.55,103.55,0.42366424793990737,moorish_idol,Zanclus cornutus,random_forest
965:2836,6.55,103.65,0.4216336356950094,moorish_idol,Zanclus cornutus,random_forest
965:2837,6.55,103.75,0.42088363569500936,moorish_idol,Zanclus cornutus,random_forest
965:2838,6.55,103.85,0.41709622028636806,moorish_idol,Zanclus cornutus,random_forest
965:2839,6.55,103.95,0.4097461398614627,moorish_idol,Zanclus cornutus,random_forest
965:2840,6.55,104.05,0.4097461398614627,moorish_idol,Zanclus cornutus,random_forest
965:2841,6.55,104.15,0.40728659293589625,moorish_idol,Zanclus cornutus,random_forest
965:2842,6.55,104.25,0.337080044858142,moorish_idol,Zanclus cornutus,random_forest
965:2843,6.55,104.35,0.30211276746799726,moorish_idol,Zanclus cornutus,random_forest
965:2844,6.55,104.45,0.2884805645896219,moorish_idol,Zanclus cornutus,random_forest
965:2845,6.55,104.55,0.28163575693232834,moorish_idol,Zanclus cornutus,random_forest
965:2846,6.55,104.65,0.28163575693232834,moorish_idol,Zanclus cornutus,random_forest
965:2847,6.55,104.75,0.28163575693232834,moorish_idol,Zanclus cornutus,random_forest
965:2912,6.55,111.25,0.2674883418295605,moorish_idol,Zanclus cornutus,random_forest
965:2913,6.55,111.35,0.2674883418295605,moorish_idol,Zanclus cornutus,random_forest
965:2914,6.55,111.45,0.2674883418295605,moorish_idol,Zanclus cornutus,random_forest
965:2915,6.55,111.55,0.2674883418295605,moorish_idol,Zanclus cornutus,random_forest
965:2916,6.55,111.65,0.2674883418295605,moorish_idol,Zanclus cornutus,random_forest
965:2917,6.55,111.75,0.2674883418295605,moorish_idol,Zanclus cornutus,random_forest
965:2918,6.55,111.85,0.2674883418295605,moorish_idol,Zanclus cornutus,random_forest
965:2919,6.55,111.95,0.2674883418295605,moorish_idol,Zanclus cornutus,random_forest
965:2920,6.55,112.05,0.2674883418295605,moorish_idol,Zanclus cornutus,random_forest
965:2921,6.55,112.15,0.2674883418295605,moorish_idol,Zanclus cornutus,random_forest
965:2936,6.55,113.65,0.25529628559746786,moorish_idol,Zanclus cornutus,random_forest
965:2937,6.55,113.75,0.25529628559746786,moorish_idol,Zanclus cornutus,random_forest
965:2938,6.55,113.85,0.25374687848284344,moorish_idol,Zanclus cornutus,random_forest
965:2939,6.55,113.95,0.25242484458453834,moorish_idol,Zanclus cornutus,random_forest
965:2940,6.55,114.05,0.25242484458453834,moorish_idol,Zanclus cornutus,random_forest
965:2941,6.55,114.15,0.25242484458453834,moorish_idol,Zanclus cornutus,random_forest
965:2942,6.55,114.25,0.25242484458453834,moorish_idol,Zanclus cornutus,random_forest
965:2943,6.55,114.35,0.25242484458453834,moorish_idol,Zanclus cornutus,random_forest
965:2944,6.55,114.45,0.25242484458453834,moorish_idol,Zanclus cornutus,random_forest
965:2945,6.55,114.55,0.23629394967038037,moorish_idol,Zanclus cornutus,random_forest
965:2946,6.55,114.65,0.23629394967038037,moorish_idol,Zanclus cornutus,random_forest
965:2947,6.55,114.75,0.22855128630483565,moorish_idol,Zanclus cornutus,random_forest
965:2948,6.55,114.85,0.22693829634001436,moorish_idol,Zanclus cornutus,random_forest
965:2949,6.55,114.95,0.2278080899767983,moorish_idol,Zanclus cornutus,random_forest
965:2950,6.55,115.05,0.22709129799684843,moorish_idol,Zanclus cornutus,random_forest
965:2951,6.55,115.15,0.2281476735832873,moorish_idol,Zanclus cornutus,random_forest
965:2952,6.55,115.25,0.2281476735832873,moorish_idol,Zanclus cornutus,random_forest
965:2953,6.55,115.35,0.23119108374088962,moorish_idol,Zanclus cornutus,random_forest
965:2954,6.55,115.45,0.2318687779764786,moorish_idol,Zanclus cornutus,random_forest
965:2955,6.55,115.55,0.27131148355854123,moorish_idol,Zanclus cornutus,random_forest
965:2956,6.55,115.65,0.3318992507229278,moorish_idol,Zanclus cornutus,random_forest
965:2957,6.55,115.75,0.3318992507229278,moorish_idol,Zanclus cornutus,random_forest
965:2958,6.55,115.85,0.3318992507229278,moorish_idol,Zanclus cornutus,random_forest
965:2959,6.55,115.95,0.7038867578813304,moorish_idol,Zanclus cornutus,random_forest
965:2960,6.55,116.05,0.7469157917842204,moorish_idol,Zanclus cornutus,random_forest
965:2961,6.55,116.15,0.7686059361625572,moorish_idol,Zanclus cornutus,random_forest
965:2962,6.55,116.25,0.7686059361625572,moorish_idol,Zanclus cornutus,random_forest
965:2963,6.55,116.35,0.7670753292167605,moorish_idol,Zanclus cornutus,random_forest
965:2964,6.55,116.45,0.7670753292167605,moorish_idol,Zanclus cornutus,random_forest
965:2976,6.55,117.65,0.7787690407761901,moorish_idol,Zanclus cornutus,random_forest
965:2977,6.55,117.75,0.7821228588443556,moorish_idol,Zanclus cornutus,random_forest
965:2978,6.55,117.85,0.7821228588443556,moorish_idol,Zanclus cornutus,random_forest
965:2979,6.55,117.95,0.7821228588443556,moorish_idol,Zanclus cornutus,random_forest
966:2823,6.65,102.35,0.4597399062539179,moorish_idol,Zanclus cornutus,random_forest
966:2824,6.65,102.45,0.4597399062539179,moorish_idol,Zanclus cornutus,random_forest
966:2825,6.65,102.55,0.4588018531565728,moorish_idol,Zanclus cornutus,random_forest
966:2826,6.65,102.65,0.4588018531565728,moorish_idol,Zanclus cornutus,random_forest
966:2827,6.65,102.75,0.4588018531565728,moorish_idol,Zanclus cornutus,random_forest
966:2828,6.65,102.85,0.46703474923360594,moorish_idol,Zanclus cornutus,random_forest
966:2829,6.65,102.95,0.46703474923360594,moorish_idol,Zanclus cornutus,random_forest
966:2830,6.65,103.05,0.4672002664749853,moorish_idol,Zanclus cornutus,random_forest
966:2831,6.65,103.15,0.4672002664749853,moorish_idol,Zanclus cornutus,random_forest
966:2832,6.65,103.25,0.44327017288087284,moorish_idol,Zanclus cornutus,random_forest
966:2833,6.65,103.35,0.4348101985854238,moorish_idol,Zanclus cornutus,random_forest
966:2834,6.65,103.45,0.4199283860170618,moorish_idol,Zanclus cornutus,random_forest
966:2835,6.65,103.55,0.41319441591209016,moorish_idol,Zanclus cornutus,random_forest
966:2836,6.65,103.65,0.41116380366719235,moorish_idol,Zanclus cornutus,random_forest
966:2837,6.65,103.75,0.4104138036671923,moorish_idol,Zanclus cornutus,random_forest
966:2838,6.65,103.85,0.4066263882585509,moorish_idol,Zanclus cornutus,random_forest
966:2839,6.65,103.95,0.39927630783364537,moorish_idol,Zanclus cornutus,random_forest
966:2840,6.65,104.05,0.39927630783364537,moorish_idol,Zanclus cornutus,random_forest
966:2841,6.65,104.15,0.39681676090807905,moorish_idol,Zanclus cornutus,random_forest
966:2842,6.65,104.25,0.3279789544060484,moorish_idol,Zanclus cornutus,random_forest
966:2843,6.65,104.35,0.29301167701590364,moorish_idol,Zanclus cornutus,random_forest
966:2844,6.65,104.45,0.2793794741375283,moorish_idol,Zanclus cornutus,random_forest
966:2845,6.65,104.55,0.2725346664802346,moorish_idol,Zanclus cornutus,random_forest
966:2913,6.65,111.35,0.2583872513774669,moorish_idol,Zanclus cornutus,random_forest
966:2914,6.65,111.45,0.2583872513774669,moorish_idol,Zanclus cornutus,random_forest
966:2915,6.65,111.55,0.2583872513774669,moorish_idol,Zanclus cornutus,random_forest
966:2916,6.65,111.65,0.2583872513774669,moorish_idol,Zanclus cornutus,random_forest
966:2917,6.65,111.75,0.2583872513774669,moorish_idol,Zanclus cornutus,random_forest
966:2918,6.65,111.85,0.2583872513774669,moorish_idol,Zanclus cornutus,random_forest
966:2919,6.65,111.95,0.2583872513774669,moorish_idol,Zanclus cornutus,random_forest
966:2920,6.65,112.05,0.2583872513774669,moorish_idol,Zanclus cornutus,random_forest
966:2935,6.65,113.55,0.2583872513774669,moorish_idol,Zanclus cornutus,random_forest
966:2936,6.65,113.65,0.24619519514537425,moorish_idol,Zanclus cornutus,random_forest
966:2937,6.65,113.75,0.24619519514537425,moorish_idol,Zanclus cornutus,random_forest
966:2938,6.65,113.85,0.24464578803074977,moorish_idol,Zanclus cornutus,random_forest
966:2939,6.65,113.95,0.2433237541324447,moorish_idol,Zanclus cornutus,random_forest
966:2940,6.65,114.05,0.2433237541324447,moorish_idol,Zanclus cornutus,random_forest
966:2941,6.65,114.15,0.2433237541324447,moorish_idol,Zanclus cornutus,random_forest
966:2942,6.65,114.25,0.2433237541324447,moorish_idol,Zanclus cornutus,random_forest
966:2943,6.65,114.35,0.2433237541324447,moorish_idol,Zanclus cornutus,random_forest
966:2944,6.65,114.45,0.2433237541324447,moorish_idol,Zanclus cornutus,random_forest
966:2945,6.65,114.55,0.22719285921828672,moorish_idol,Zanclus cornutus,random_forest
966:2946,6.65,114.65,0.22719285921828672,moorish_idol,Zanclus cornutus,random_forest
966:2947,6.65,114.75,0.219450195852742,moorish_idol,Zanclus cornutus,random_forest
966:2948,6.65,114.85,0.21783720588792074,moorish_idol,Zanclus cornutus,random_forest
966:2949,6.65,114.95,0.21870699952470465,moorish_idol,Zanclus cornutus,random_forest
966:2950,6.65,115.05,0.2179902075447548,moorish_idol,Zanclus cornutus,random_forest
966:2951,6.65,115.15,0.21904658313119366,moorish_idol,Zanclus cornutus,random_forest
966:2952,6.65,115.25,0.21904658313119366,moorish_idol,Zanclus cornutus,random_forest
966:2953,6.65,115.35,0.21964781012505866,moorish_idol,Zanclus cornutus,random_forest
966:2954,6.65,115.45,0.22032550436064763,moorish_idol,Zanclus cornutus,random_forest
966:2955,6.65,115.55,0.2571763169171925,moorish_idol,Zanclus cornutus,random_forest
966:2956,6.65,115.65,0.31589060476284403,moorish_idol,Zanclus cornutus,random_forest
966:2957,6.65,115.75,0.31589060476284403,moorish_idol,Zanclus cornutus,random_forest
966:2958,6.65,115.85,0.31589060476284403,moorish_idol,Zanclus cornutus,random_forest
966:2959,6.65,115.95,0.6725080466418121,moorish_idol,Zanclus cornutus,random_forest
966:2960,6.65,116.05,0.7155370805447022,moorish_idol,Zanclus cornutus,random_forest
966:2961,6.65,116.15,0.7372272249230387,moorish_idol,Zanclus cornutus,random_forest
966:2962,6.65,116.25,0.7372272249230387,moorish_idol,Zanclus cornutus,random_forest
966:2963,6.65,116.35,0.7356966179772418,moorish_idol,Zanclus cornutus,random_forest
966:2964,6.65,116.45,0.7356966179772418,moorish_idol,Zanclus cornutus,random_forest
966:2965,6.65,116.55,0.7225017556873875,moorish_idol,Zanclus cornutus,random_forest
966:2968,6.65,116.85,0.7213494162879447,moorish_idol,Zanclus cornutus,random_forest
966:2975,6.65,117.55,0.7235121665581055,moorish_idol,Zanclus cornutus,random_forest
966:2976,6.65,117.65,0.7477534064597487,moorish_idol,Zanclus cornutus,random_forest
966:2977,6.65,117.75,0.7511072245279142,moorish_idol,Zanclus cornutus,random_forest
966:2978,6.65,117.85,0.7511072245279142,moorish_idol,Zanclus cornutus,random_forest
966:2979,6.65,117.95,0.7511072245279142,moorish_idol,Zanclus cornutus,random_forest
967:2823,6.75,102.35,0.4533954948631675,moorish_idol,Zanclus cornutus,random_forest
967:2824,6.75,102.45,0.4533954948631675,moorish_idol,Zanclus cornutus,random_forest
967:2825,6.75,102.55,0.45245744176582225,moorish_idol,Zanclus cornutus,random_forest
967:2826,6.75,102.65,0.45245744176582225,moorish_idol,Zanclus cornutus,random_forest
967:2827,6.75,102.75,0.45245744176582225,moorish_idol,Zanclus cornutus,random_forest
967:2828,6.75,102.85,0.4606903378428554,moorish_idol,Zanclus cornutus,random_forest
967:2829,6.75,102.95,0.4606903378428554,moorish_idol,Zanclus cornutus,random_forest
967:2830,6.75,103.05,0.46085585508423477,moorish_idol,Zanclus cornutus,random_forest
967:2831,6.75,103.15,0.46085585508423477,moorish_idol,Zanclus cornutus,random_forest
967:2832,6.75,103.25,0.4369257614901223,moorish_idol,Zanclus cornutus,random_forest
967:2833,6.75,103.35,0.4284657871946732,moorish_idol,Zanclus cornutus,random_forest
967:2834,6.75,103.45,0.4135839746263113,moorish_idol,Zanclus cornutus,random_forest
967:2835,6.75,103.55,0.4068500045213396,moorish_idol,Zanclus cornutus,random_forest
967:2836,6.75,103.65,0.40481939227644165,moorish_idol,Zanclus cornutus,random_forest
967:2837,6.75,103.75,0.4040693922764417,moorish_idol,Zanclus cornutus,random_forest
967:2838,6.75,103.85,0.4002819768678003,moorish_idol,Zanclus cornutus,random_forest
967:2839,6.75,103.95,0.39293189644289483,moorish_idol,Zanclus cornutus,random_forest
967:2840,6.75,104.05,0.39293189644289483,moorish_idol,Zanclus cornutus,random_forest
967:2841,6.75,104.15,0.3904723495173285,moorish_idol,Zanclus cornutus,random_forest
967:2842,6.75,104.25,0.3216345430152977,moorish_idol,Zanclus cornutus,random_forest
967:2843,6.75,104.35,0.28666726562515304,moorish_idol,Zanclus cornutus,random_forest
967:2914,6.75,111.45,0.2520428399867162,moorish_idol,Zanclus cornutus,random_forest
967:2915,6.75,111.55,0.2520428399867162,moorish_idol,Zanclus cornutus,random_forest
967:2916,6.75,111.65,0.2520428399867162,moorish_idol,Zanclus cornutus,random_forest
967:2917,6.75,111.75,0.2520428399867162,moorish_idol,Zanclus cornutus,random_forest
967:2918,6.75,111.85,0.2520428399867162,moorish_idol,Zanclus cornutus,random_forest
967:2919,6.75,111.95,0.2520428399867162,moorish_idol,Zanclus cornutus,random_forest
967:2934,6.75,113.45,0.2520428399867162,moorish_idol,Zanclus cornutus,random_forest
967:2935,6.75,113.55,0.2520428399867162,moorish_idol,Zanclus cornutus,random_forest
967:2936,6.75,113.65,0.2398507837546236,moorish_idol,Zanclus cornutus,random_forest
967:2937,6.75,113.75,0.2398507837546236,moorish_idol,Zanclus cornutus,random_forest
967:2938,6.75,113.85,0.23830137663999912,moorish_idol,Zanclus cornutus,random_forest
967:2939,6.75,113.95,0.23697934274169405,moorish_idol,Zanclus cornutus,random_forest
967:2940,6.75,114.05,0.23697934274169405,moorish_idol,Zanclus cornutus,random_forest
967:2941,6.75,114.15,0.23697934274169405,moorish_idol,Zanclus cornutus,random_forest
967:2942,6.75,114.25,0.23697934274169405,moorish_idol,Zanclus cornutus,random_forest
967:2943,6.75,114.35,0.23697934274169405,moorish_idol,Zanclus cornutus,random_forest
967:2944,6.75,114.45,0.23697934274169405,moorish_idol,Zanclus cornutus,random_forest
967:2945,6.75,114.55,0.22084844782753604,moorish_idol,Zanclus cornutus,random_forest
967:2946,6.75,114.65,0.22084844782753604,moorish_idol,Zanclus cornutus,random_forest
967:2947,6.75,114.75,0.2131057844619913,moorish_idol,Zanclus cornutus,random_forest
967:2948,6.75,114.85,0.21149279449717,moorish_idol,Zanclus cornutus,random_forest
967:2949,6.75,114.95,0.21236258813395395,moorish_idol,Zanclus cornutus,random_forest
967:2950,6.75,115.05,0.21164579615400408,moorish_idol,Zanclus cornutus,random_forest
967:2951,6.75,115.15,0.21270217174044295,moorish_idol,Zanclus cornutus,random_forest
967:2952,6.75,115.25,0.21270217174044295,moorish_idol,Zanclus cornutus,random_forest
967:2953,6.75,115.35,0.21330339873430798,moorish_idol,Zanclus cornutus,random_forest
967:2954,6.75,115.45,0.21398109296989695,moorish_idol,Zanclus cornutus,random_forest
967:2955,6.75,115.55,0.25083190552644175,moorish_idol,Zanclus cornutus,random_forest
967:2956,6.75,115.65,0.30954619337209344,moorish_idol,Zanclus cornutus,random_forest
967:2957,6.75,115.75,0.30954619337209344,moorish_idol,Zanclus cornutus,random_forest
967:2958,6.75,115.85,0.30954619337209344,moorish_idol,Zanclus cornutus,random_forest
967:2959,6.75,115.95,0.6661636352510614,moorish_idol,Zanclus cornutus,random_forest
967:2960,6.75,116.05,0.7091926691539516,moorish_idol,Zanclus cornutus,random_forest
967:2961,6.75,116.15,0.730882813532288,moorish_idol,Zanclus cornutus,random_forest
967:2962,6.75,116.25,0.730882813532288,moorish_idol,Zanclus cornutus,random_forest
967:2963,6.75,116.35,0.7293522065864912,moorish_idol,Zanclus cornutus,random_forest
967:2964,6.75,116.45,0.7293522065864912,moorish_idol,Zanclus cornutus,random_forest
967:2965,6.75,116.55,0.7161573442966368,moorish_idol,Zanclus cornutus,random_forest
967:2968,6.75,116.85,0.715005004897194,moorish_idol,Zanclus cornutus,random_forest
967:2969,6.75,116.95,0.7139314585704888,moorish_idol,Zanclus cornutus,random_forest
967:2973,6.75,117.35,0.7162487024985672,moorish_idol,Zanclus cornutus,random_forest
967:2974,6.75,117.45,0.7171677551673548,moorish_idol,Zanclus cornutus,random_forest
967:2975,6.75,117.55,0.7171677551673548,moorish_idol,Zanclus cornutus,random_forest
967:2976,6.75,117.65,0.741408995068998,moorish_idol,Zanclus cornutus,random_forest
967:2977,6.75,117.75,0.7447628131371635,moorish_idol,Zanclus cornutus,random_forest
967:2978,6.75,117.85,0.7447628131371635,moorish_idol,Zanclus cornutus,random_forest
967:2979,6.75,117.95,0.7447628131371635,moorish_idol,Zanclus cornutus,random_forest
968:2824,6.85,102.45,0.3461500238172457,moorish_idol,Zanclus cornutus,random_forest
968:2825,6.85,102.55,0.3461500238172457,moorish_idol,Zanclus cornutus,random_forest
968:2826,6.85,102.65,0.3461500238172457,moorish_idol,Zanclus cornutus,random_forest
968:2827,6.85,102.75,0.3461500238172457,moorish_idol,Zanclus cornutus,random_forest
968:2828,6.85,102.85,0.354382919894279,moorish_idol,Zanclus cornutus,random_forest
968:2829,6.85,102.95,0.354382919894279,moorish_idol,Zanclus cornutus,random_forest
968:2830,6.85,103.05,0.3545484371356582,moorish_idol,Zanclus cornutus,random_forest
968:2831,6.85,103.15,0.3545484371356582,moorish_idol,Zanclus cornutus,random_forest
968:2832,6.85,103.25,0.3306183435415456,moorish_idol,Zanclus cornutus,random_forest
968:2833,6.85,103.35,0.32289290532857073,moorish_idol,Zanclus cornutus,random_forest
968:2834,6.85,103.45,0.30942285746609105,moorish_idol,Zanclus cornutus,random_forest
968:2835,6.85,103.55,0.3037374310504398,moorish_idol,Zanclus cornutus,random_forest
968:2836,6.85,103.65,0.30170681880554184,moorish_idol,Zanclus cornutus,random_forest
968:2837,6.85,103.75,0.30095681880554187,moorish_idol,Zanclus cornutus,random_forest
968:2838,6.85,103.85,0.2971694033969004,moorish_idol,Zanclus cornutus,random_forest
968:2839,6.85,103.95,0.2923041099902506,moorish_idol,Zanclus cornutus,random_forest
968:2840,6.85,104.05,0.2923041099902506,moorish_idol,Zanclus cornutus,random_forest
968:2841,6.85,104.15,0.28984456306468426,moorish_idol,Zanclus cornutus,random_forest
968:2842,6.85,104.25,0.2255898775343172,moorish_idol,Zanclus cornutus,random_forest
968:2915,6.85,111.55,0.16395523682117139,moorish_idol,Zanclus cornutus,random_forest
968:2916,6.85,111.65,0.16395523682117139,moorish_idol,Zanclus cornutus,random_forest
968:2917,6.85,111.75,0.16395523682117139,moorish_idol,Zanclus cornutus,random_forest
968:2918,6.85,111.85,0.16395523682117139,moorish_idol,Zanclus cornutus,random_forest
968:2933,6.85,113.35,0.16395523682117139,moorish_idol,Zanclus cornutus,random_forest
968:2934,6.85,113.45,0.16395523682117139,moorish_idol,Zanclus cornutus,random_forest
968:2935,6.85,113.55,0.16395523682117139,moorish_idol,Zanclus cornutus,random_forest
968:2936,6.85,113.65,0.15176318058907873,moorish_idol,Zanclus cornutus,random_forest
968:2937,6.85,113.75,0.15176318058907873,moorish_idol,Zanclus cornutus,random_forest
968:2938,6.85,113.85,0.15021377347445422,moorish_idol,Zanclus cornutus,random_forest
968:2939,6.85,113.95,0.14889173957614915,moorish_idol,Zanclus cornutus,random_forest
968:2940,6.85,114.05,0.14889173957614915,moorish_idol,Zanclus cornutus,random_forest
968:2941,6.85,114.15,0.14889173957614915,moorish_idol,Zanclus cornutus,random_forest
968:2942,6.85,114.25,0.14889173957614915,moorish_idol,Zanclus cornutus,random_forest
968:2943,6.85,114.35,0.14889173957614915,moorish_idol,Zanclus cornutus,random_forest
968:2944,6.85,114.45,0.14889173957614915,moorish_idol,Zanclus cornutus,random_forest
968:2945,6.85,114.55,0.13340827474713285,moorish_idol,Zanclus cornutus,random_forest
968:2946,6.85,114.65,0.13340827474713285,moorish_idol,Zanclus cornutus,random_forest
968:2947,6.85,114.75,0.12566561138158813,moorish_idol,Zanclus cornutus,random_forest
968:2948,6.85,114.85,0.12446138918927871,moorish_idol,Zanclus cornutus,random_forest
968:2949,6.85,114.95,0.12533118282606262,moorish_idol,Zanclus cornutus,random_forest
968:2950,6.85,115.05,0.12461439084611275,moorish_idol,Zanclus cornutus,random_forest
968:2951,6.85,115.15,0.12567076643255162,moorish_idol,Zanclus cornutus,random_forest
968:2952,6.85,115.25,0.12567076643255162,moorish_idol,Zanclus cornutus,random_forest
968:2953,6.85,115.35,0.12627199342641665,moorish_idol,Zanclus cornutus,random_forest
968:2954,6.85,115.45,0.12694968766200562,moorish_idol,Zanclus cornutus,random_forest
968:2955,6.85,115.55,0.15094071270144283,moorish_idol,Zanclus cornutus,random_forest
968:2956,6.85,115.65,0.19270522080363925,moorish_idol,Zanclus cornutus,random_forest
968:2957,6.85,115.75,0.19270522080363925,moorish_idol,Zanclus cornutus,random_forest
968:2958,6.85,115.85,0.19270522080363925,moorish_idol,Zanclus cornutus,random_forest
968:2959,6.85,115.95,0.5288353666063509,moorish_idol,Zanclus cornutus,random_forest
968:2960,6.85,116.05,0.567750070083113,moorish_idol,Zanclus cornutus,random_forest
968:2961,6.85,116.15,0.5881503680309068,moorish_idol,Zanclus cornutus,random_forest
968:2962,6.85,116.25,0.5881503680309068,moorish_idol,Zanclus cornutus,random_forest
968:2963,6.85,116.35,0.5866197610851099,moorish_idol,Zanclus cornutus,random_forest
968:2964,6.85,116.45,0.5866197610851099,moorish_idol,Zanclus cornutus,random_forest
968:2965,6.85,116.55,0.573424898795255,moorish_idol,Zanclus cornutus,random_forest
968:2969,6.85,116.95,0.5711990130691068,moorish_idol,Zanclus cornutus,random_forest
968:2970,6.85,117.05,0.5711990130691068,moorish_idol,Zanclus cornutus,random_forest
968:2972,6.85,117.25,0.5711990130691068,moorish_idol,Zanclus cornutus,random_forest
968:2973,6.85,117.35,0.5729799906253218,moorish_idol,Zanclus cornutus,random_forest
968:2974,6.85,117.45,0.5738990432941093,moorish_idol,Zanclus cornutus,random_forest
968:2975,6.85,117.55,0.5738990432941093,moorish_idol,Zanclus cornutus,random_forest
968:2976,6.85,117.65,0.5995802831957531,moorish_idol,Zanclus cornutus,random_forest
968:2977,6.85,117.75,0.6041841012639184,moorish_idol,Zanclus cornutus,random_forest
968:2978,6.85,117.85,0.6041841012639184,moorish_idol,Zanclus cornutus,random_forest
968:2979,6.85,117.95,0.6041841012639184,moorish_idol,Zanclus cornutus,random_forest
969:2824,6.95,102.45,0.3461500238172457,moorish_idol,Zanclus cornutus,random_forest
969:2825,6.95,102.55,0.3461500238172457,moorish_idol,Zanclus cornutus,random_forest
969:2826,6.95,102.65,0.3461500238172457,moorish_idol,Zanclus cornutus,random_forest
969:2827,6.95,102.75,0.3461500238172457,moorish_idol,Zanclus cornutus,random_forest
969:2828,6.95,102.85,0.354382919894279,moorish_idol,Zanclus cornutus,random_forest
969:2829,6.95,102.95,0.354382919894279,moorish_idol,Zanclus cornutus,random_forest
969:2830,6.95,103.05,0.3545484371356582,moorish_idol,Zanclus cornutus,random_forest
969:2831,6.95,103.15,0.3545484371356582,moorish_idol,Zanclus cornutus,random_forest
969:2832,6.95,103.25,0.3306183435415456,moorish_idol,Zanclus cornutus,random_forest
969:2833,6.95,103.35,0.32289290532857073,moorish_idol,Zanclus cornutus,random_forest
969:2834,6.95,103.45,0.30942285746609105,moorish_idol,Zanclus cornutus,random_forest
969:2835,6.95,103.55,0.3037374310504398,moorish_idol,Zanclus cornutus,random_forest
969:2836,6.95,103.65,0.30170681880554184,moorish_idol,Zanclus cornutus,random_forest
969:2837,6.95,103.75,0.30095681880554187,moorish_idol,Zanclus cornutus,random_forest
969:2838,6.95,103.85,0.2971694033969004,moorish_idol,Zanclus cornutus,random_forest
969:2839,6.95,103.95,0.2923041099902506,moorish_idol,Zanclus cornutus,random_forest
969:2840,6.95,104.05,0.2923041099902506,moorish_idol,Zanclus cornutus,random_forest
969:2841,6.95,104.15,0.28984456306468426,moorish_idol,Zanclus cornutus,random_forest
969:2916,6.95,111.65,0.16395523682117139,moorish_idol,Zanclus cornutus,random_forest
969:2917,6.95,111.75,0.16395523682117139,moorish_idol,Zanclus cornutus,random_forest
969:2932,6.95,113.25,0.16395523682117139,moorish_idol,Zanclus cornutus,random_forest
969:2933,6.95,113.35,0.16395523682117139,moorish_idol,Zanclus cornutus,random_forest
969:2934,6.95,113.45,0.16395523682117139,moorish_idol,Zanclus cornutus,random_forest
969:2935,6.95,113.55,0.16395523682117139,moorish_idol,Zanclus cornutus,random_forest
969:2936,6.95,113.65,0.15176318058907873,moorish_idol,Zanclus cornutus,random_forest
969:2937,6.95,113.75,0.15176318058907873,moorish_idol,Zanclus cornutus,random_forest
969:2938,6.95,113.85,0.15021377347445422,moorish_idol,Zanclus cornutus,random_forest
969:2939,6.95,113.95,0.14889173957614915,moorish_idol,Zanclus cornutus,random_forest
969:2940,6.95,114.05,0.14889173957614915,moorish_idol,Zanclus cornutus,random_forest
969:2941,6.95,114.15,0.14889173957614915,moorish_idol,Zanclus cornutus,random_forest
969:2942,6.95,114.25,0.14889173957614915,moorish_idol,Zanclus cornutus,random_forest
969:2943,6.95,114.35,0.14889173957614915,moorish_idol,Zanclus cornutus,random_forest
969:2944,6.95,114.45,0.14889173957614915,moorish_idol,Zanclus cornutus,random_forest
969:2945,6.95,114.55,0.13340827474713285,moorish_idol,Zanclus cornutus,random_forest
969:2946,6.95,114.65,0.13340827474713285,moorish_idol,Zanclus cornutus,random_forest
969:2947,6.95,114.75,0.12566561138158813,moorish_idol,Zanclus cornutus,random_forest
969:2948,6.95,114.85,0.12446138918927871,moorish_idol,Zanclus cornutus,random_forest
969:2949,6.95,114.95,0.12533118282606262,moorish_idol,Zanclus cornutus,random_forest
969:2950,6.95,115.05,0.12461439084611275,moorish_idol,Zanclus cornutus,random_forest
969:2951,6.95,115.15,0.12567076643255162,moorish_idol,Zanclus cornutus,random_forest
969:2952,6.95,115.25,0.12567076643255162,moorish_idol,Zanclus cornutus,random_forest
969:2953,6.95,115.35,0.12627199342641665,moorish_idol,Zanclus cornutus,random_forest
969:2954,6.95,115.45,0.12694968766200562,moorish_idol,Zanclus cornutus,random_forest
969:2955,6.95,115.55,0.15094071270144283,moorish_idol,Zanclus cornutus,random_forest
969:2956,6.95,115.65,0.19270522080363925,moorish_idol,Zanclus cornutus,random_forest
969:2957,6.95,115.75,0.19270522080363925,moorish_idol,Zanclus cornutus,random_forest
969:2958,6.95,115.85,0.19270522080363925,moorish_idol,Zanclus cornutus,random_forest
969:2959,6.95,115.95,0.5288353666063509,moorish_idol,Zanclus cornutus,random_forest
969:2960,6.95,116.05,0.567750070083113,moorish_idol,Zanclus cornutus,random_forest
969:2961,6.95,116.15,0.5881503680309068,moorish_idol,Zanclus cornutus,random_forest
969:2962,6.95,116.25,0.5881503680309068,moorish_idol,Zanclus cornutus,random_forest
969:2963,6.95,116.35,0.5866197610851099,moorish_idol,Zanclus cornutus,random_forest
969:2964,6.95,116.45,0.5866197610851099,moorish_idol,Zanclus cornutus,random_forest
969:2965,6.95,116.55,0.573424898795255,moorish_idol,Zanclus cornutus,random_forest
969:2966,6.95,116.65,0.573424898795255,moorish_idol,Zanclus cornutus,random_forest
969:2968,6.95,116.85,0.5722725593958121,moorish_idol,Zanclus cornutus,random_forest
969:2969,6.95,116.95,0.5711990130691068,moorish_idol,Zanclus cornutus,random_forest
969:2970,6.95,117.05,0.5711990130691068,moorish_idol,Zanclus cornutus,random_forest
969:2972,6.95,117.25,0.5711990130691068,moorish_idol,Zanclus cornutus,random_forest
969:2973,6.95,117.35,0.5729799906253218,moorish_idol,Zanclus cornutus,random_forest
969:2974,6.95,117.45,0.5738990432941093,moorish_idol,Zanclus cornutus,random_forest
969:2975,6.95,117.55,0.5738990432941093,moorish_idol,Zanclus cornutus,random_forest
969:2976,6.95,117.65,0.5995802831957531,moorish_idol,Zanclus cornutus,random_forest
969:2977,6.95,117.75,0.6041841012639184,moorish_idol,Zanclus cornutus,random_forest
969:2978,6.95,117.85,0.6041841012639184,moorish_idol,Zanclus cornutus,random_forest
970:2825,7.05,102.55,0.3442090897513117,moorish_idol,Zanclus cornutus,random_forest
970:2826,7.05,102.65,0.3442090897513117,moorish_idol,Zanclus cornutus,random_forest
970:2827,7.05,102.75,0.3442090897513117,moorish_idol,Zanclus cornutus,random_forest
970:2828,7.05,102.85,0.35244198582834485,moorish_idol,Zanclus cornutus,random_forest
970:2829,7.05,102.95,0.35244198582834485,moorish_idol,Zanclus cornutus,random_forest
970:2830,7.05,103.05,0.3526075030697241,moorish_idol,Zanclus cornutus,random_forest
970:2831,7.05,103.15,0.3526075030697241,moorish_idol,Zanclus cornutus,random_forest
970:2832,7.05,103.25,0.3286774094756115,moorish_idol,Zanclus cornutus,random_forest
970:2833,7.05,103.35,0.32095197126263664,moorish_idol,Zanclus cornutus,random_forest
970:2834,7.05,103.45,0.307481923400157,moorish_idol,Zanclus cornutus,random_forest
970:2835,7.05,103.55,0.3017964969845058,moorish_idol,Zanclus cornutus,random_forest
970:2836,7.05,103.65,0.2997658847396077,moorish_idol,Zanclus cornutus,random_forest
970:2837,7.05,103.75,0.2990158847396077,moorish_idol,Zanclus cornutus,random_forest
970:2838,7.05,103.85,0.2952284693309664,moorish_idol,Zanclus cornutus,random_forest
970:2839,7.05,103.95,0.2903631759243166,moorish_idol,Zanclus cornutus,random_forest
970:2931,7.05,113.15,0.16201430275523732,moorish_idol,Zanclus cornutus,random_forest
970:2932,7.05,113.25,0.16201430275523732,moorish_idol,Zanclus cornutus,random_forest
970:2933,7.05,113.35,0.16201430275523732,moorish_idol,Zanclus cornutus,random_forest
970:2934,7.05,113.45,0.16201430275523732,moorish_idol,Zanclus cornutus,random_forest
970:2935,7.05,113.55,0.16201430275523732,moorish_idol,Zanclus cornutus,random_forest
970:2936,7.05,113.65,0.14982224652314466,moorish_idol,Zanclus cornutus,random_forest
970:2937,7.05,113.75,0.14982224652314466,moorish_idol,Zanclus cornutus,random_forest
970:2938,7.05,113.85,0.14827283940852015,moorish_idol,Zanclus cornutus,random_forest
970:2939,7.05,113.95,0.14695080551021508,moorish_idol,Zanclus cornutus,random_forest
970:2940,7.05,114.05,0.14695080551021508,moorish_idol,Zanclus cornutus,random_forest
970:2941,7.05,114.15,0.14695080551021508,moorish_idol,Zanclus cornutus,random_forest
970:2942,7.05,114.25,0.14695080551021508,moorish_idol,Zanclus cornutus,random_forest
970:2943,7.05,114.35,0.14695080551021508,moorish_idol,Zanclus cornutus,random_forest
970:2944,7.05,114.45,0.14695080551021508,moorish_idol,Zanclus cornutus,random_forest
970:2945,7.05,114.55,0.13146734068119878,moorish_idol,Zanclus cornutus,random_forest
970:2946,7.05,114.65,0.13146734068119878,moorish_idol,Zanclus cornutus,random_forest
970:2947,7.05,114.75,0.12372467731565406,moorish_idol,Zanclus cornutus,random_forest
970:2948,7.05,114.85,0.12252045512334463,moorish_idol,Zanclus cornutus,random_forest
970:2949,7.05,114.95,0.12339024876012855,moorish_idol,Zanclus cornutus,random_forest
970:2950,7.05,115.05,0.12267345678017869,moorish_idol,Zanclus cornutus,random_forest
970:2951,7.05,115.15,0.12372983236661755,moorish_idol,Zanclus cornutus,random_forest
970:2952,7.05,115.25,0.12372983236661755,moorish_idol,Zanclus cornutus,random_forest
970:2953,7.05,115.35,0.12433105936048258,moorish_idol,Zanclus cornutus,random_forest
970:2954,7.05,115.45,0.12500875359607155,moorish_idol,Zanclus cornutus,random_forest
970:2955,7.05,115.55,0.14899977863550876,moorish_idol,Zanclus cornutus,random_forest
970:2956,7.05,115.65,0.18772997729714572,moorish_idol,Zanclus cornutus,random_forest
970:2957,7.05,115.75,0.18772997729714572,moorish_idol,Zanclus cornutus,random_forest
970:2958,7.05,115.85,0.18772997729714572,moorish_idol,Zanclus cornutus,random_forest
970:2959,7.05,115.95,0.5238601230998573,moorish_idol,Zanclus cornutus,random_forest
970:2960,7.05,116.05,0.5627748265766193,moorish_idol,Zanclus cornutus,random_forest
970:2961,7.05,116.15,0.5831751245244131,moorish_idol,Zanclus cornutus,random_forest
970:2962,7.05,116.25,0.5831751245244131,moorish_idol,Zanclus cornutus,random_forest
970:2963,7.05,116.35,0.5816445175786163,moorish_idol,Zanclus cornutus,random_forest
970:2964,7.05,116.45,0.5816445175786163,moorish_idol,Zanclus cornutus,random_forest
970:2965,7.05,116.55,0.5684496552887612,moorish_idol,Zanclus cornutus,random_forest
970:2966,7.05,116.65,0.5684496552887612,moorish_idol,Zanclus cornutus,random_forest
970:2967,7.05,116.75,0.5684496552887612,moorish_idol,Zanclus cornutus,random_forest
970:2968,7.05,116.85,0.5672973158893185,moorish_idol,Zanclus cornutus,random_forest
970:2969,7.05,116.95,0.5662237695626132,moorish_idol,Zanclus cornutus,random_forest
970:2970,7.05,117.05,0.5662237695626132,moorish_idol,Zanclus cornutus,random_forest
970:2971,7.05,117.15,0.5662237695626132,moorish_idol,Zanclus cornutus,random_forest
970:2972,7.05,117.25,0.5662237695626132,moorish_idol,Zanclus cornutus,random_forest
970:2973,7.05,117.35,0.5680047471188281,moorish_idol,Zanclus cornutus,random_forest
970:2974,7.05,117.45,0.5689237997876158,moorish_idol,Zanclus cornutus,random_forest
970:2975,7.05,117.55,0.5689237997876158,moorish_idol,Zanclus cornutus,random_forest
970:2976,7.05,117.65,0.5946050396892595,moorish_idol,Zanclus cornutus,random_forest
970:2977,7.05,117.75,0.5992088577574249,moorish_idol,Zanclus cornutus,random_forest
971:2825,7.15,102.55,0.3412037204480115,moorish_idol,Zanclus cornutus,random_forest
971:2826,7.15,102.65,0.3412037204480115,moorish_idol,Zanclus cornutus,random_forest
971:2827,7.15,102.75,0.3412037204480115,moorish_idol,Zanclus cornutus,random_forest
971:2828,7.15,102.85,0.34943661652504465,moorish_idol,Zanclus cornutus,random_forest
971:2829,7.15,102.95,0.34943661652504465,moorish_idol,Zanclus cornutus,random_forest
971:2830,7.15,103.05,0.349602133766424,moorish_idol,Zanclus cornutus,random_forest
971:2831,7.15,103.15,0.349602133766424,moorish_idol,Zanclus cornutus,random_forest
971:2832,7.15,103.25,0.32567204017231133,moorish_idol,Zanclus cornutus,random_forest
971:2833,7.15,103.35,0.31794660195933655,moorish_idol,Zanclus cornutus,random_forest
971:2834,7.15,103.45,0.3044765540968568,moorish_idol,Zanclus cornutus,random_forest
971:2835,7.15,103.55,0.29879112768120547,moorish_idol,Zanclus cornutus,random_forest
971:2836,7.15,103.65,0.2967605154363075,moorish_idol,Zanclus cornutus,random_forest
971:2837,7.15,103.75,0.2960105154363075,moorish_idol,Zanclus cornutus,random_forest
971:2838,7.15,103.85,0.2922231000276663,moorish_idol,Zanclus cornutus,random_forest
971:2930,7.15,113.05,0.15900893345193717,moorish_idol,Zanclus cornutus,random_forest
971:2931,7.15,113.15,0.15900893345193717,moorish_idol,Zanclus cornutus,random_forest
971:2932,7.15,113.25,0.15900893345193717,moorish_idol,Zanclus cornutus,random_forest
971:2933,7.15,113.35,0.15900893345193717,moorish_idol,Zanclus cornutus,random_forest
971:2934,7.15,113.45,0.15900893345193717,moorish_idol,Zanclus cornutus,random_forest
971:2935,7.15,113.55,0.15900893345193717,moorish_idol,Zanclus cornutus,random_forest
971:2936,7.15,113.65,0.14681687721984452,moorish_idol,Zanclus cornutus,random_forest
971:2937,7.15,113.75,0.14681687721984452,moorish_idol,Zanclus cornutus,random_forest
971:2938,7.15,113.85,0.14526747010522,moorish_idol,Zanclus cornutus,random_forest
971:2939,7.15,113.95,0.14394543620691494,moorish_idol,Zanclus cornutus,random_forest
971:2940,7.15,114.05,0.14394543620691494,moorish_idol,Zanclus cornutus,random_forest
971:2941,7.15,114.15,0.14394543620691494,moorish_idol,Zanclus cornutus,random_forest
971:2942,7.15,114.25,0.14394543620691494,moorish_idol,Zanclus cornutus,random_forest
971:2943,7.15,114.35,0.14394543620691494,moorish_idol,Zanclus cornutus,random_forest
971:2944,7.15,114.45,0.14394543620691494,moorish_idol,Zanclus cornutus,random_forest
971:2945,7.15,114.55,0.12846197137789864,moorish_idol,Zanclus cornutus,random_forest
971:2946,7.15,114.65,0.12846197137789864,moorish_idol,Zanclus cornutus,random_forest
971:2947,7.15,114.75,0.12071930801235391,moorish_idol,Zanclus cornutus,random_forest
971:2948,7.15,114.85,0.11951508582004447,moorish_idol,Zanclus cornutus,random_forest
971:2949,7.15,114.95,0.1203848794568284,moorish_idol,Zanclus cornutus,random_forest
971:2950,7.15,115.05,0.11966808747687853,moorish_idol,Zanclus cornutus,random_forest
971:2951,7.15,115.15,0.1207244630633174,moorish_idol,Zanclus cornutus,random_forest
971:2952,7.15,115.25,0.1207244630633174,moorish_idol,Zanclus cornutus,random_forest
971:2953,7.15,115.35,0.12132569005718243,moorish_idol,Zanclus cornutus,random_forest
971:2954,7.15,115.45,0.1220033842927714,moorish_idol,Zanclus cornutus,random_forest
971:2955,7.15,115.55,0.14599440933220859,moorish_idol,Zanclus cornutus,random_forest
971:2956,7.15,115.65,0.18472460799384555,moorish_idol,Zanclus cornutus,random_forest
971:2957,7.15,115.75,0.18472460799384555,moorish_idol,Zanclus cornutus,random_forest
971:2958,7.15,115.85,0.18472460799384555,moorish_idol,Zanclus cornutus,random_forest
971:2959,7.15,115.95,0.5202883839694226,moorish_idol,Zanclus cornutus,random_forest
971:2960,7.15,116.05,0.5592030874461845,moorish_idol,Zanclus cornutus,random_forest
971:2961,7.15,116.15,0.5796033853939784,moorish_idol,Zanclus cornutus,random_forest
971:2962,7.15,116.25,0.5796033853939784,moorish_idol,Zanclus cornutus,random_forest
971:2963,7.15,116.35,0.5780727784481816,moorish_idol,Zanclus cornutus,random_forest
971:2964,7.15,116.45,0.5780727784481816,moorish_idol,Zanclus cornutus,random_forest
971:2965,7.15,116.55,0.5648779161583265,moorish_idol,Zanclus cornutus,random_forest
971:2966,7.15,116.65,0.5648779161583265,moorish_idol,Zanclus cornutus,random_forest
971:2967,7.15,116.75,0.5648779161583265,moorish_idol,Zanclus cornutus,random_forest
971:2968,7.15,116.85,0.5637255767588837,moorish_idol,Zanclus cornutus,random_forest
971:2969,7.15,116.95,0.5626520304321785,moorish_idol,Zanclus cornutus,random_forest
971:2970,7.15,117.05,0.5626520304321785,moorish_idol,Zanclus cornutus,random_forest
971:2971,7.15,117.15,0.5626520304321785,moorish_idol,Zanclus cornutus,random_forest
971:2972,7.15,117.25,0.5626520304321785,moorish_idol,Zanclus cornutus,random_forest
971:2973,7.15,117.35,0.5644330079883932,moorish_idol,Zanclus cornutus,random_forest
971:2974,7.15,117.45,0.5653520606571808,moorish_idol,Zanclus cornutus,random_forest
971:2975,7.15,117.55,0.5653520606571808,moorish_idol,Zanclus cornutus,random_forest
971:2976,7.15,117.65,0.5910333005588246,moorish_idol,Zanclus cornutus,random_forest
972:2826,7.25,102.65,0.3412037204480115,moorish_idol,Zanclus cornutus,random_forest
972:2827,7.25,102.75,0.3412037204480115,moorish_idol,Zanclus cornutus,random_forest
972:2828,7.25,102.85,0.34943661652504465,moorish_idol,Zanclus cornutus,random_forest
972:2829,7.25,102.95,0.34943661652504465,moorish_idol,Zanclus cornutus,random_forest
972:2830,7.25,103.05,0.349602133766424,moorish_idol,Zanclus cornutus,random_forest
972:2831,7.25,103.15,0.349602133766424,moorish_idol,Zanclus cornutus,random_forest
972:2832,7.25,103.25,0.32567204017231133,moorish_idol,Zanclus cornutus,random_forest
972:2833,7.25,103.35,0.31794660195933655,moorish_idol,Zanclus cornutus,random_forest
972:2834,7.25,103.45,0.3044765540968568,moorish_idol,Zanclus cornutus,random_forest
972:2835,7.25,103.55,0.29879112768120547,moorish_idol,Zanclus cornutus,random_forest
972:2836,7.25,103.65,0.2967605154363075,moorish_idol,Zanclus cornutus,random_forest
972:2929,7.25,112.95,0.15900893345193717,moorish_idol,Zanclus cornutus,random_forest
972:2930,7.25,113.05,0.15900893345193717,moorish_idol,Zanclus cornutus,random_forest
972:2931,7.25,113.15,0.15900893345193717,moorish_idol,Zanclus cornutus,random_forest
972:2932,7.25,113.25,0.15900893345193717,moorish_idol,Zanclus cornutus,random_forest
972:2933,7.25,113.35,0.15900893345193717,moorish_idol,Zanclus cornutus,random_forest
972:2934,7.25,113.45,0.15900893345193717,moorish_idol,Zanclus cornutus,random_forest
972:2935,7.25,113.55,0.15900893345193717,moorish_idol,Zanclus cornutus,random_forest
972:2936,7.25,113.65,0.14681687721984452,moorish_idol,Zanclus cornutus,random_forest
972:2937,7.25,113.75,0.14681687721984452,moorish_idol,Zanclus cornutus,random_forest
972:2938,7.25,113.85,0.14526747010522,moorish_idol,Zanclus cornutus,random_forest
972:2939,7.25,113.95,0.14394543620691494,moorish_idol,Zanclus cornutus,random_forest
972:2940,7.25,114.05,0.14394543620691494,moorish_idol,Zanclus cornutus,random_forest
972:2941,7.25,114.15,0.14394543620691494,moorish_idol,Zanclus cornutus,random_forest
972:2942,7.25,114.25,0.14394543620691494,moorish_idol,Zanclus cornutus,random_forest
972:2943,7.25,114.35,0.14394543620691494,moorish_idol,Zanclus cornutus,random_forest
972:2944,7.25,114.45,0.14394543620691494,moorish_idol,Zanclus cornutus,random_forest
972:2945,7.25,114.55,0.12846197137789864,moorish_idol,Zanclus cornutus,random_forest
972:2946,7.25,114.65,0.12846197137789864,moorish_idol,Zanclus cornutus,random_forest
972:2947,7.25,114.75,0.12071930801235391,moorish_idol,Zanclus cornutus,random_forest
972:2948,7.25,114.85,0.11951508582004447,moorish_idol,Zanclus cornutus,random_forest
972:2949,7.25,114.95,0.1203848794568284,moorish_idol,Zanclus cornutus,random_forest
972:2950,7.25,115.05,0.11966808747687853,moorish_idol,Zanclus cornutus,random_forest
972:2951,7.25,115.15,0.1207244630633174,moorish_idol,Zanclus cornutus,random_forest
972:2952,7.25,115.25,0.1207244630633174,moorish_idol,Zanclus cornutus,random_forest
972:2953,7.25,115.35,0.12132569005718243,moorish_idol,Zanclus cornutus,random_forest
972:2954,7.25,115.45,0.1220033842927714,moorish_idol,Zanclus cornutus,random_forest
972:2955,7.25,115.55,0.14599440933220859,moorish_idol,Zanclus cornutus,random_forest
972:2956,7.25,115.65,0.18472460799384555,moorish_idol,Zanclus cornutus,random_forest
972:2957,7.25,115.75,0.18472460799384555,moorish_idol,Zanclus cornutus,random_forest
972:2958,7.25,115.85,0.18472460799384555,moorish_idol,Zanclus cornutus,random_forest
972:2959,7.25,115.95,0.5202883839694226,moorish_idol,Zanclus cornutus,random_forest
972:2960,7.25,116.05,0.5592030874461845,moorish_idol,Zanclus cornutus,random_forest
972:2961,7.25,116.15,0.5796033853939784,moorish_idol,Zanclus cornutus,random_forest
972:2962,7.25,116.25,0.5796033853939784,moorish_idol,Zanclus cornutus,random_forest
972:2963,7.25,116.35,0.5780727784481816,moorish_idol,Zanclus cornutus,random_forest
972:2964,7.25,116.45,0.5780727784481816,moorish_idol,Zanclus cornutus,random_forest
972:2965,7.25,116.55,0.5648779161583265,moorish_idol,Zanclus cornutus,random_forest
972:2966,7.25,116.65,0.5648779161583265,moorish_idol,Zanclus cornutus,random_forest
972:2967,7.25,116.75,0.5648779161583265,moorish_idol,Zanclus cornutus,random_forest
972:2968,7.25,116.85,0.5637255767588837,moorish_idol,Zanclus cornutus,random_forest
972:2970,7.25,117.05,0.5626520304321785,moorish_idol,Zanclus cornutus,random_forest
972:2973,7.25,117.35,0.5644330079883932,moorish_idol,Zanclus cornutus,random_forest
972:2974,7.25,117.45,0.5653520606571808,moorish_idol,Zanclus cornutus,random_forest
972:2975,7.25,117.55,0.5653520606571808,moorish_idol,Zanclus cornutus,random_forest
973:2827,7.35,102.75,0.3412037204480115,moorish_idol,Zanclus cornutus,random_forest
973:2828,7.35,102.85,0.34943661652504465,moorish_idol,Zanclus cornutus,random_forest
973:2829,7.35,102.95,0.34943661652504465,moorish_idol,Zanclus cornutus,random_forest
973:2830,7.35,103.05,0.349602133766424,moorish_idol,Zanclus cornutus,random_forest
973:2831,7.35,103.15,0.349602133766424,moorish_idol,Zanclus cornutus,random_forest
973:2832,7.35,103.25,0.32567204017231133,moorish_idol,Zanclus cornutus,random_forest
973:2833,7.35,103.35,0.31794660195933655,moorish_idol,Zanclus cornutus,random_forest
973:2834,7.35,103.45,0.3044765540968568,moorish_idol,Zanclus cornutus,random_forest
973:2928,7.35,112.85,0.15900893345193717,moorish_idol,Zanclus cornutus,random_forest
973:2929,7.35,112.95,0.15900893345193717,moorish_idol,Zanclus cornutus,random_forest
973:2930,7.35,113.05,0.15900893345193717,moorish_idol,Zanclus cornutus,random_forest
973:2931,7.35,113.15,0.15900893345193717,moorish_idol,Zanclus cornutus,random_forest
973:2932,7.35,113.25,0.15900893345193717,moorish_idol,Zanclus cornutus,random_forest
973:2933,7.35,113.35,0.15900893345193717,moorish_idol,Zanclus cornutus,random_forest
973:2934,7.35,113.45,0.15900893345193717,moorish_idol,Zanclus cornutus,random_forest
973:2935,7.35,113.55,0.15900893345193717,moorish_idol,Zanclus cornutus,random_forest
973:2936,7.35,113.65,0.14681687721984452,moorish_idol,Zanclus cornutus,random_forest
973:2937,7.35,113.75,0.14681687721984452,moorish_idol,Zanclus cornutus,random_forest
973:2938,7.35,113.85,0.14526747010522,moorish_idol,Zanclus cornutus,random_forest
973:2939,7.35,113.95,0.14394543620691494,moorish_idol,Zanclus cornutus,random_forest
973:2940,7.35,114.05,0.14394543620691494,moorish_idol,Zanclus cornutus,random_forest
973:2941,7.35,114.15,0.14394543620691494,moorish_idol,Zanclus cornutus,random_forest
973:2942,7.35,114.25,0.14394543620691494,moorish_idol,Zanclus cornutus,random_forest
973:2943,7.35,114.35,0.14394543620691494,moorish_idol,Zanclus cornutus,random_forest
973:2944,7.35,114.45,0.14394543620691494,moorish_idol,Zanclus cornutus,random_forest
973:2945,7.35,114.55,0.12846197137789864,moorish_idol,Zanclus cornutus,random_forest
973:2946,7.35,114.65,0.12846197137789864,moorish_idol,Zanclus cornutus,random_forest
973:2947,7.35,114.75,0.12071930801235391,moorish_idol,Zanclus cornutus,random_forest
973:2948,7.35,114.85,0.11951508582004447,moorish_idol,Zanclus cornutus,random_forest
973:2949,7.35,114.95,0.1203848794568284,moorish_idol,Zanclus cornutus,random_forest
973:2950,7.35,115.05,0.11966808747687853,moorish_idol,Zanclus cornutus,random_forest
973:2951,7.35,115.15,0.1207244630633174,moorish_idol,Zanclus cornutus,random_forest
973:2952,7.35,115.25,0.1207244630633174,moorish_idol,Zanclus cornutus,random_forest
973:2953,7.35,115.35,0.12132569005718243,moorish_idol,Zanclus cornutus,random_forest
973:2954,7.35,115.45,0.1220033842927714,moorish_idol,Zanclus cornutus,random_forest
973:2955,7.35,115.55,0.14599440933220859,moorish_idol,Zanclus cornutus,random_forest
973:2956,7.35,115.65,0.18472460799384555,moorish_idol,Zanclus cornutus,random_forest
973:2957,7.35,115.75,0.18472460799384555,moorish_idol,Zanclus cornutus,random_forest
973:2958,7.35,115.85,0.18472460799384555,moorish_idol,Zanclus cornutus,random_forest
973:2959,7.35,115.95,0.5202883839694226,moorish_idol,Zanclus cornutus,random_forest
973:2960,7.35,116.05,0.5592030874461845,moorish_idol,Zanclus cornutus,random_forest
973:2961,7.35,116.15,0.5796033853939784,moorish_idol,Zanclus cornutus,random_forest
973:2962,7.35,116.25,0.5796033853939784,moorish_idol,Zanclus cornutus,random_forest
973:2963,7.35,116.35,0.5780727784481816,moorish_idol,Zanclus cornutus,random_forest
973:2964,7.35,116.45,0.5780727784481816,moorish_idol,Zanclus cornutus,random_forest
973:2965,7.35,116.55,0.5648779161583265,moorish_idol,Zanclus cornutus,random_forest
973:2966,7.35,116.65,0.5648779161583265,moorish_idol,Zanclus cornutus,random_forest
973:2967,7.35,116.75,0.5648779161583265,moorish_idol,Zanclus cornutus,random_forest
973:2968,7.35,116.85,0.5637255767588837,moorish_idol,Zanclus cornutus,random_forest
973:2969,7.35,116.95,0.5626520304321785,moorish_idol,Zanclus cornutus,random_forest
973:2970,7.35,117.05,0.5626520304321785,moorish_idol,Zanclus cornutus,random_forest
973:2973,7.35,117.35,0.5644330079883932,moorish_idol,Zanclus cornutus,random_forest
973:2974,7.35,117.45,0.5653520606571808,moorish_idol,Zanclus cornutus,random_forest
974:2828,7.45,102.85,0.34943661652504465,moorish_idol,Zanclus cornutus,random_forest
974:2829,7.45,102.95,0.34943661652504465,moorish_idol,Zanclus cornutus,random_forest
974:2830,7.45,103.05,0.349602133766424,moorish_idol,Zanclus cornutus,random_forest
974:2831,7.45,103.15,0.349602133766424,moorish_idol,Zanclus cornutus,random_forest
974:2832,7.45,103.25,0.32567204017231133,moorish_idol,Zanclus cornutus,random_forest
974:2927,7.45,112.75,0.15900893345193717,moorish_idol,Zanclus cornutus,random_forest
974:2928,7.45,112.85,0.15900893345193717,moorish_idol,Zanclus cornutus,random_forest
974:2929,7.45,112.95,0.15900893345193717,moorish_idol,Zanclus cornutus,random_forest
974:2930,7.45,113.05,0.15900893345193717,moorish_idol,Zanclus cornutus,random_forest
974:2931,7.45,113.15,0.15900893345193717,moorish_idol,Zanclus cornutus,random_forest
974:2932,7.45,113.25,0.15900893345193717,moorish_idol,Zanclus cornutus,random_forest
974:2933,7.45,113.35,0.15900893345193717,moorish_idol,Zanclus cornutus,random_forest
974:2934,7.45,113.45,0.15900893345193717,moorish_idol,Zanclus cornutus,random_forest
974:2935,7.45,113.55,0.15900893345193717,moorish_idol,Zanclus cornutus,random_forest
974:2936,7.45,113.65,0.14681687721984452,moorish_idol,Zanclus cornutus,random_forest
974:2937,7.45,113.75,0.14681687721984452,moorish_idol,Zanclus cornutus,random_forest
974:2938,7.45,113.85,0.14526747010522,moorish_idol,Zanclus cornutus,random_forest
974:2939,7.45,113.95,0.14394543620691494,moorish_idol,Zanclus cornutus,random_forest
974:2940,7.45,114.05,0.14394543620691494,moorish_idol,Zanclus cornutus,random_forest
974:2941,7.45,114.15,0.14394543620691494,moorish_idol,Zanclus cornutus,random_forest
974:2942,7.45,114.25,0.14394543620691494,moorish_idol,Zanclus cornutus,random_forest
974:2943,7.45,114.35,0.14394543620691494,moorish_idol,Zanclus cornutus,random_forest
974:2944,7.45,114.45,0.14394543620691494,moorish_idol,Zanclus cornutus,random_forest
974:2945,7.45,114.55,0.12846197137789864,moorish_idol,Zanclus cornutus,random_forest
974:2946,7.45,114.65,0.12846197137789864,moorish_idol,Zanclus cornutus,random_forest
974:2947,7.45,114.75,0.12071930801235391,moorish_idol,Zanclus cornutus,random_forest
974:2948,7.45,114.85,0.11951508582004447,moorish_idol,Zanclus cornutus,random_forest
974:2949,7.45,114.95,0.1203848794568284,moorish_idol,Zanclus cornutus,random_forest
974:2950,7.45,115.05,0.11966808747687853,moorish_idol,Zanclus cornutus,random_forest
974:2951,7.45,115.15,0.1207244630633174,moorish_idol,Zanclus cornutus,random_forest
974:2952,7.45,115.25,0.1207244630633174,moorish_idol,Zanclus cornutus,random_forest
974:2953,7.45,115.35,0.12132569005718243,moorish_idol,Zanclus cornutus,random_forest
974:2954,7.45,115.45,0.1220033842927714,moorish_idol,Zanclus cornutus,random_forest
974:2955,7.45,115.55,0.14599440933220859,moorish_idol,Zanclus cornutus,random_forest
974:2956,7.45,115.65,0.18472460799384555,moorish_idol,Zanclus cornutus,random_forest
974:2957,7.45,115.75,0.18472460799384555,moorish_idol,Zanclus cornutus,random_forest
974:2958,7.45,115.85,0.18472460799384555,moorish_idol,Zanclus cornutus,random_forest
974:2959,7.45,115.95,0.5202883839694226,moorish_idol,Zanclus cornutus,random_forest
974:2960,7.45,116.05,0.5592030874461845,moorish_idol,Zanclus cornutus,random_forest
974:2961,7.45,116.15,0.5796033853939784,moorish_idol,Zanclus cornutus,random_forest
974:2962,7.45,116.25,0.5796033853939784,moorish_idol,Zanclus cornutus,random_forest
974:2963,7.45,116.35,0.5780727784481816,moorish_idol,Zanclus cornutus,random_forest
974:2964,7.45,116.45,0.5780727784481816,moorish_idol,Zanclus cornutus,random_forest
974:2965,7.45,116.55,0.5648779161583265,moorish_idol,Zanclus cornutus,random_forest
974:2966,7.45,116.65,0.5648779161583265,moorish_idol,Zanclus cornutus,random_forest
974:2967,7.45,116.75,0.5648779161583265,moorish_idol,Zanclus cornutus,random_forest
974:2968,7.45,116.85,0.5637255767588837,moorish_idol,Zanclus cornutus,random_forest
974:2969,7.45,116.95,0.5626520304321785,moorish_idol,Zanclus cornutus,random_forest
974:2970,7.45,117.05,0.5626520304321785,moorish_idol,Zanclus cornutus,random_forest
974:2971,7.45,117.15,0.5626520304321785,moorish_idol,Zanclus cornutus,random_forest
974:2972,7.45,117.25,0.5626520304321785,moorish_idol,Zanclus cornutus,random_forest
974:2973,7.45,117.35,0.5644330079883932,moorish_idol,Zanclus cornutus,random_forest
975:2828,7.55,102.85,0.34943661652504465,moorish_idol,Zanclus cornutus,random_forest
975:2829,7.55,102.95,0.34943661652504465,moorish_idol,Zanclus cornutus,random_forest
975:2830,7.55,103.05,0.349602133766424,moorish_idol,Zanclus cornutus,random_forest
975:2831,7.55,103.15,0.349602133766424,moorish_idol,Zanclus cornutus,random_forest
975:2926,7.55,112.65,0.15900893345193717,moorish_idol,Zanclus cornutus,random_forest
975:2927,7.55,112.75,0.15900893345193717,moorish_idol,Zanclus cornutus,random_forest
975:2928,7.55,112.85,0.15900893345193717,moorish_idol,Zanclus cornutus,random_forest
975:2929,7.55,112.95,0.15900893345193717,moorish_idol,Zanclus cornutus,random_forest
975:2930,7.55,113.05,0.15900893345193717,moorish_idol,Zanclus cornutus,random_forest
975:2931,7.55,113.15,0.15900893345193717,moorish_idol,Zanclus cornutus,random_forest
975:2932,7.55,113.25,0.15900893345193717,moorish_idol,Zanclus cornutus,random_forest
975:2933,7.55,113.35,0.15900893345193717,moorish_idol,Zanclus cornutus,random_forest
975:2934,7.55,113.45,0.15900893345193717,moorish_idol,Zanclus cornutus,random_forest
975:2935,7.55,113.55,0.15900893345193717,moorish_idol,Zanclus cornutus,random_forest
975:2936,7.55,113.65,0.14681687721984452,moorish_idol,Zanclus cornutus,random_forest
975:2937,7.55,113.75,0.14681687721984452,moorish_idol,Zanclus cornutus,random_forest
975:2938,7.55,113.85,0.14526747010522,moorish_idol,Zanclus cornutus,random_forest
975:2939,7.55,113.95,0.14394543620691494,moorish_idol,Zanclus cornutus,random_forest
975:2940,7.55,114.05,0.14394543620691494,moorish_idol,Zanclus cornutus,random_forest
975:2941,7.55,114.15,0.14394543620691494,moorish_idol,Zanclus cornutus,random_forest
975:2942,7.55,114.25,0.14394543620691494,moorish_idol,Zanclus cornutus,random_forest
975:2943,7.55,114.35,0.14394543620691494,moorish_idol,Zanclus cornutus,random_forest
975:2944,7.55,114.45,0.14394543620691494,moorish_idol,Zanclus cornutus,random_forest
975:2945,7.55,114.55,0.12846197137789864,moorish_idol,Zanclus cornutus,random_forest
975:2946,7.55,114.65,0.12846197137789864,moorish_idol,Zanclus cornutus,random_forest
975:2947,7.55,114.75,0.12071930801235391,moorish_idol,Zanclus cornutus,random_forest
975:2948,7.55,114.85,0.11951508582004447,moorish_idol,Zanclus cornutus,random_forest
975:2949,7.55,114.95,0.1203848794568284,moorish_idol,Zanclus cornutus,random_forest
975:2950,7.55,115.05,0.11966808747687853,moorish_idol,Zanclus cornutus,random_forest
975:2951,7.55,115.15,0.1207244630633174,moorish_idol,Zanclus cornutus,random_forest
975:2952,7.55,115.25,0.1207244630633174,moorish_idol,Zanclus cornutus,random_forest
975:2953,7.55,115.35,0.12132569005718243,moorish_idol,Zanclus cornutus,random_forest
975:2954,7.55,115.45,0.1220033842927714,moorish_idol,Zanclus cornutus,random_forest
975:2955,7.55,115.55,0.14599440933220859,moorish_idol,Zanclus cornutus,random_forest
975:2956,7.55,115.65,0.18472460799384555,moorish_idol,Zanclus cornutus,random_forest
975:2957,7.55,115.75,0.18472460799384555,moorish_idol,Zanclus cornutus,random_forest
975:2958,7.55,115.85,0.18472460799384555,moorish_idol,Zanclus cornutus,random_forest
975:2959,7.55,115.95,0.5202883839694226,moorish_idol,Zanclus cornutus,random_forest
975:2960,7.55,116.05,0.5592030874461845,moorish_idol,Zanclus cornutus,random_forest
975:2961,7.55,116.15,0.5796033853939784,moorish_idol,Zanclus cornutus,random_forest
975:2962,7.55,116.25,0.5796033853939784,moorish_idol,Zanclus cornutus,random_forest
975:2963,7.55,116.35,0.5780727784481816,moorish_idol,Zanclus cornutus,random_forest
975:2964,7.55,116.45,0.5780727784481816,moorish_idol,Zanclus cornutus,random_forest
975:2965,7.55,116.55,0.5648779161583265,moorish_idol,Zanclus cornutus,random_forest
975:2966,7.55,116.65,0.5648779161583265,moorish_idol,Zanclus cornutus,random_forest
975:2967,7.55,116.75,0.5648779161583265,moorish_idol,Zanclus cornutus,random_forest
975:2968,7.55,116.85,0.5637255767588837,moorish_idol,Zanclus cornutus,random_forest
975:2969,7.55,116.95,0.5626520304321785,moorish_idol,Zanclus cornutus,random_forest
975:2970,7.55,117.05,0.5626520304321785,moorish_idol,Zanclus cornutus,random_forest
976:2829,7.65,102.95,0.34943661652504465,moorish_idol,Zanclus cornutus,random_forest
976:2925,7.65,112.55,0.15900893345193717,moorish_idol,Zanclus cornutus,random_forest
976:2926,7.65,112.65,0.15900893345193717,moorish_idol,Zanclus cornutus,random_forest
976:2927,7.65,112.75,0.15900893345193717,moorish_idol,Zanclus cornutus,random_forest
976:2928,7.65,112.85,0.15900893345193717,moorish_idol,Zanclus cornutus,random_forest
976:2929,7.65,112.95,0.15900893345193717,moorish_idol,Zanclus cornutus,random_forest
976:2930,7.65,113.05,0.15900893345193717,moorish_idol,Zanclus cornutus,random_forest
976:2931,7.65,113.15,0.15900893345193717,moorish_idol,Zanclus cornutus,random_forest
976:2932,7.65,113.25,0.15900893345193717,moorish_idol,Zanclus cornutus,random_forest
976:2933,7.65,113.35,0.15900893345193717,moorish_idol,Zanclus cornutus,random_forest
976:2934,7.65,113.45,0.15900893345193717,moorish_idol,Zanclus cornutus,random_forest
976:2935,7.65,113.55,0.15900893345193717,moorish_idol,Zanclus cornutus,random_forest
976:2936,7.65,113.65,0.14681687721984452,moorish_idol,Zanclus cornutus,random_forest
976:2937,7.65,113.75,0.14681687721984452,moorish_idol,Zanclus cornutus,random_forest
976:2938,7.65,113.85,0.14526747010522,moorish_idol,Zanclus cornutus,random_forest
976:2939,7.65,113.95,0.14394543620691494,moorish_idol,Zanclus cornutus,random_forest
976:2940,7.65,114.05,0.14394543620691494,moorish_idol,Zanclus cornutus,random_forest
976:2941,7.65,114.15,0.14394543620691494,moorish_idol,Zanclus cornutus,random_forest
976:2942,7.65,114.25,0.14394543620691494,moorish_idol,Zanclus cornutus,random_forest
976:2943,7.65,114.35,0.14394543620691494,moorish_idol,Zanclus cornutus,random_forest
976:2944,7.65,114.45,0.14394543620691494,moorish_idol,Zanclus cornutus,random_forest
976:2945,7.65,114.55,0.12846197137789864,moorish_idol,Zanclus cornutus,random_forest
976:2946,7.65,114.65,0.12846197137789864,moorish_idol,Zanclus cornutus,random_forest
976:2947,7.65,114.75,0.12071930801235391,moorish_idol,Zanclus cornutus,random_forest
976:2948,7.65,114.85,0.11951508582004447,moorish_idol,Zanclus cornutus,random_forest
976:2949,7.65,114.95,0.1203848794568284,moorish_idol,Zanclus cornutus,random_forest
976:2950,7.65,115.05,0.11966808747687853,moorish_idol,Zanclus cornutus,random_forest
976:2951,7.65,115.15,0.1207244630633174,moorish_idol,Zanclus cornutus,random_forest
976:2952,7.65,115.25,0.1207244630633174,moorish_idol,Zanclus cornutus,random_forest
976:2953,7.65,115.35,0.12132569005718243,moorish_idol,Zanclus cornutus,random_forest
976:2954,7.65,115.45,0.1220033842927714,moorish_idol,Zanclus cornutus,random_forest
976:2955,7.65,115.55,0.14599440933220859,moorish_idol,Zanclus cornutus,random_forest
976:2956,7.65,115.65,0.18472460799384555,moorish_idol,Zanclus cornutus,random_forest
976:2957,7.65,115.75,0.18472460799384555,moorish_idol,Zanclus cornutus,random_forest
976:2958,7.65,115.85,0.18472460799384555,moorish_idol,Zanclus cornutus,random_forest
976:2959,7.65,115.95,0.5202883839694226,moorish_idol,Zanclus cornutus,random_forest
976:2960,7.65,116.05,0.5592030874461845,moorish_idol,Zanclus cornutus,random_forest
976:2961,7.65,116.15,0.5796033853939784,moorish_idol,Zanclus cornutus,random_forest
977:2926,7.75,112.65,0.15900893345193717,moorish_idol,Zanclus cornutus,random_forest
977:2927,7.75,112.75,0.15900893345193717,moorish_idol,Zanclus cornutus,random_forest
977:2928,7.75,112.85,0.15900893345193717,moorish_idol,Zanclus cornutus,random_forest
977:2929,7.75,112.95,0.15900893345193717,moorish_idol,Zanclus cornutus,random_forest
977:2930,7.75,113.05,0.15900893345193717,moorish_idol,Zanclus cornutus,random_forest
977:2931,7.75,113.15,0.15900893345193717,moorish_idol,Zanclus cornutus,random_forest
977:2932,7.75,113.25,0.15900893345193717,moorish_idol,Zanclus cornutus,random_forest
977:2933,7.75,113.35,0.15900893345193717,moorish_idol,Zanclus cornutus,random_forest
977:2934,7.75,113.45,0.15900893345193717,moorish_idol,Zanclus cornutus,random_forest
977:2935,7.75,113.55,0.15900893345193717,moorish_idol,Zanclus cornutus,random_forest
977:2936,7.75,113.65,0.14681687721984452,moorish_idol,Zanclus cornutus,random_forest
977:2937,7.75,113.75,0.14681687721984452,moorish_idol,Zanclus cornutus,random_forest
977:2938,7.75,113.85,0.14526747010522,moorish_idol,Zanclus cornutus,random_forest
977:2939,7.75,113.95,0.14394543620691494,moorish_idol,Zanclus cornutus,random_forest
977:2940,7.75,114.05,0.14394543620691494,moorish_idol,Zanclus cornutus,random_forest
977:2941,7.75,114.15,0.14394543620691494,moorish_idol,Zanclus cornutus,random_forest
977:2942,7.75,114.25,0.14394543620691494,moorish_idol,Zanclus cornutus,random_forest
977:2943,7.75,114.35,0.14394543620691494,moorish_idol,Zanclus cornutus,random_forest
977:2944,7.75,114.45,0.14394543620691494,moorish_idol,Zanclus cornutus,random_forest
977:2945,7.75,114.55,0.12846197137789864,moorish_idol,Zanclus cornutus,random_forest
977:2946,7.75,114.65,0.12846197137789864,moorish_idol,Zanclus cornutus,random_forest
977:2947,7.75,114.75,0.12071930801235391,moorish_idol,Zanclus cornutus,random_forest
977:2948,7.75,114.85,0.11951508582004447,moorish_idol,Zanclus cornutus,random_forest
977:2949,7.75,114.95,0.1203848794568284,moorish_idol,Zanclus cornutus,random_forest
977:2950,7.75,115.05,0.11966808747687853,moorish_idol,Zanclus cornutus,random_forest
977:2951,7.75,115.15,0.1207244630633174,moorish_idol,Zanclus cornutus,random_forest
977:2952,7.75,115.25,0.1207244630633174,moorish_idol,Zanclus cornutus,random_forest
977:2953,7.75,115.35,0.12132569005718243,moorish_idol,Zanclus cornutus,random_forest
977:2954,7.75,115.45,0.1220033842927714,moorish_idol,Zanclus cornutus,random_forest
977:2955,7.75,115.55,0.14599440933220859,moorish_idol,Zanclus cornutus,random_forest
977:2956,7.75,115.65,0.18472460799384555,moorish_idol,Zanclus cornutus,random_forest
977:2957,7.75,115.75,0.18472460799384555,moorish_idol,Zanclus cornutus,random_forest
977:2958,7.75,115.85,0.18472460799384555,moorish_idol,Zanclus cornutus,random_forest
978:2927,7.85,112.75,0.15900893345193717,moorish_idol,Zanclus cornutus,random_forest
978:2928,7.85,112.85,0.15900893345193717,moorish_idol,Zanclus cornutus,random_forest
978:2929,7.85,112.95,0.15900893345193717,moorish_idol,Zanclus cornutus,random_forest
978:2930,7.85,113.05,0.15900893345193717,moorish_idol,Zanclus cornutus,random_forest
978:2931,7.85,113.15,0.15900893345193717,moorish_idol,Zanclus cornutus,random_forest
978:2932,7.85,113.25,0.15900893345193717,moorish_idol,Zanclus cornutus,random_forest
978:2933,7.85,113.35,0.15900893345193717,moorish_idol,Zanclus cornutus,random_forest
978:2934,7.85,113.45,0.15900893345193717,moorish_idol,Zanclus cornutus,random_forest
978:2935,7.85,113.55,0.15900893345193717,moorish_idol,Zanclus cornutus,random_forest
978:2936,7.85,113.65,0.14681687721984452,moorish_idol,Zanclus cornutus,random_forest
978:2937,7.85,113.75,0.14681687721984452,moorish_idol,Zanclus cornutus,random_forest
978:2938,7.85,113.85,0.14526747010522,moorish_idol,Zanclus cornutus,random_forest
978:2939,7.85,113.95,0.14394543620691494,moorish_idol,Zanclus cornutus,random_forest
978:2940,7.85,114.05,0.14394543620691494,moorish_idol,Zanclus cornutus,random_forest
978:2941,7.85,114.15,0.14394543620691494,moorish_idol,Zanclus cornutus,random_forest
978:2942,7.85,114.25,0.14394543620691494,moorish_idol,Zanclus cornutus,random_forest
978:2943,7.85,114.35,0.14394543620691494,moorish_idol,Zanclus cornutus,random_forest
978:2944,7.85,114.45,0.14394543620691494,moorish_idol,Zanclus cornutus,random_forest
978:2945,7.85,114.55,0.12846197137789864,moorish_idol,Zanclus cornutus,random_forest
978:2946,7.85,114.65,0.12846197137789864,moorish_idol,Zanclus cornutus,random_forest
978:2947,7.85,114.75,0.12071930801235391,moorish_idol,Zanclus cornutus,random_forest
978:2948,7.85,114.85,0.11951508582004447,moorish_idol,Zanclus cornutus,random_forest
978:2949,7.85,114.95,0.1203848794568284,moorish_idol,Zanclus cornutus,random_forest
978:2950,7.85,115.05,0.11966808747687853,moorish_idol,Zanclus cornutus,random_forest
978:2951,7.85,115.15,0.1207244630633174,moorish_idol,Zanclus cornutus,random_forest
978:2952,7.85,115.25,0.1207244630633174,moorish_idol,Zanclus cornutus,random_forest
978:2953,7.85,115.35,0.12132569005718243,moorish_idol,Zanclus cornutus,random_forest
978:2954,7.85,115.45,0.1220033842927714,moorish_idol,Zanclus cornutus,random_forest
978:2955,7.85,115.55,0.14599440933220859,moorish_idol,Zanclus cornutus,random_forest
978:2956,7.85,115.65,0.18472460799384555,moorish_idol,Zanclus cornutus,random_forest
979:2927,7.95,112.75,0.15900893345193717,moorish_idol,Zanclus cornutus,random_forest
979:2928,7.95,112.85,0.15900893345193717,moorish_idol,Zanclus cornutus,random_forest
979:2929,7.95,112.95,0.15900893345193717,moorish_idol,Zanclus cornutus,random_forest
979:2930,7.95,113.05,0.15900893345193717,moorish_idol,Zanclus cornutus,random_forest
979:2931,7.95,113.15,0.15900893345193717,moorish_idol,Zanclus cornutus,random_forest
979:2932,7.95,113.25,0.15900893345193717,moorish_idol,Zanclus cornutus,random_forest
979:2933,7.95,113.35,0.15900893345193717,moorish_idol,Zanclus cornutus,random_forest
979:2934,7.95,113.45,0.15900893345193717,moorish_idol,Zanclus cornutus,random_forest
979:2935,7.95,113.55,0.15900893345193717,moorish_idol,Zanclus cornutus,random_forest
979:2936,7.95,113.65,0.14681687721984452,moorish_idol,Zanclus cornutus,random_forest
979:2937,7.95,113.75,0.14681687721984452,moorish_idol,Zanclus cornutus,random_forest
979:2938,7.95,113.85,0.14526747010522,moorish_idol,Zanclus cornutus,random_forest
979:2939,7.95,113.95,0.14394543620691494,moorish_idol,Zanclus cornutus,random_forest
979:2940,7.95,114.05,0.14394543620691494,moorish_idol,Zanclus cornutus,random_forest
979:2941,7.95,114.15,0.14394543620691494,moorish_idol,Zanclus cornutus,random_forest
979:2942,7.95,114.25,0.14394543620691494,moorish_idol,Zanclus cornutus,random_forest
979:2943,7.95,114.35,0.14394543620691494,moorish_idol,Zanclus cornutus,random_forest
979:2944,7.95,114.45,0.14394543620691494,moorish_idol,Zanclus cornutus,random_forest
979:2945,7.95,114.55,0.12846197137789864,moorish_idol,Zanclus cornutus,random_forest
979:2946,7.95,114.65,0.12846197137789864,moorish_idol,Zanclus cornutus,random_forest
979:2947,7.95,114.75,0.12071930801235391,moorish_idol,Zanclus cornutus,random_forest
979:2948,7.95,114.85,0.11951508582004447,moorish_idol,Zanclus cornutus,random_forest
979:2949,7.95,114.95,0.1203848794568284,moorish_idol,Zanclus cornutus,random_forest
979:2950,7.95,115.05,0.11966808747687853,moorish_idol,Zanclus cornutus,random_forest
979:2951,7.95,115.15,0.1207244630633174,moorish_idol,Zanclus cornutus,random_forest
979:2952,7.95,115.25,0.1207244630633174,moorish_idol,Zanclus cornutus,random_forest
979:2953,7.95,115.35,0.12132569005718243,moorish_idol,Zanclus cornutus,random_forest
979:2954,7.95,115.45,0.1220033842927714,moorish_idol,Zanclus cornutus,random_forest
980:2928,8.05,112.85,0.15900893345193717,moorish_idol,Zanclus cornutus,random_forest
980:2929,8.05,112.95,0.15900893345193717,moorish_idol,Zanclus cornutus,random_forest
980:2930,8.05,113.05,0.15900893345193717,moorish_idol,Zanclus cornutus,random_forest
980:2931,8.05,113.15,0.15900893345193717,moorish_idol,Zanclus cornutus,random_forest
980:2932,8.05,113.25,0.15900893345193717,moorish_idol,Zanclus cornutus,random_forest
980:2933,8.05,113.35,0.15900893345193717,moorish_idol,Zanclus cornutus,random_forest
980:2934,8.05,113.45,0.15900893345193717,moorish_idol,Zanclus cornutus,random_forest
980:2935,8.05,113.55,0.15900893345193717,moorish_idol,Zanclus cornutus,random_forest
980:2936,8.05,113.65,0.14681687721984452,moorish_idol,Zanclus cornutus,random_forest
980:2937,8.05,113.75,0.14681687721984452,moorish_idol,Zanclus cornutus,random_forest
980:2938,8.05,113.85,0.14526747010522,moorish_idol,Zanclus cornutus,random_forest
980:2939,8.05,113.95,0.14394543620691494,moorish_idol,Zanclus cornutus,random_forest
980:2940,8.05,114.05,0.14394543620691494,moorish_idol,Zanclus cornutus,random_forest
980:2941,8.05,114.15,0.14394543620691494,moorish_idol,Zanclus cornutus,random_forest
980:2942,8.05,114.25,0.14394543620691494,moorish_idol,Zanclus cornutus,random_forest
980:2943,8.05,114.35,0.14394543620691494,moorish_idol,Zanclus cornutus,random_forest
980:2944,8.05,114.45,0.14394543620691494,moorish_idol,Zanclus cornutus,random_forest
980:2945,8.05,114.55,0.12846197137789864,moorish_idol,Zanclus cornutus,random_forest
980:2946,8.05,114.65,0.12846197137789864,moorish_idol,Zanclus cornutus,random_forest
980:2947,8.05,114.75,0.12071930801235391,moorish_idol,Zanclus cornutus,random_forest
980:2948,8.05,114.85,0.11951508582004447,moorish_idol,Zanclus cornutus,random_forest
980:2949,8.05,114.95,0.1203848794568284,moorish_idol,Zanclus cornutus,random_forest
980:2950,8.05,115.05,0.11966808747687853,moorish_idol,Zanclus cornutus,random_forest
980:2951,8.05,115.15,0.1207244630633174,moorish_idol,Zanclus cornutus,random_forest
980:2952,8.05,115.25,0.1207244630633174,moorish_idol,Zanclus cornutus,random_forest
981:2928,8.15,112.85,0.15900893345193717,moorish_idol,Zanclus cornutus,random_forest
981:2929,8.15,112.95,0.15900893345193717,moorish_idol,Zanclus cornutus,random_forest
981:2930,8.15,113.05,0.15900893345193717,moorish_idol,Zanclus cornutus,random_forest
981:2931,8.15,113.15,0.15900893345193717,moorish_idol,Zanclus cornutus,random_forest
981:2932,8.15,113.25,0.15900893345193717,moorish_idol,Zanclus cornutus,random_forest
981:2933,8.15,113.35,0.15900893345193717,moorish_idol,Zanclus cornutus,random_forest
981:2934,8.15,113.45,0.15900893345193717,moorish_idol,Zanclus cornutus,random_forest
981:2935,8.15,113.55,0.15900893345193717,moorish_idol,Zanclus cornutus,random_forest
981:2936,8.15,113.65,0.14681687721984452,moorish_idol,Zanclus cornutus,random_forest
981:2937,8.15,113.75,0.14681687721984452,moorish_idol,Zanclus cornutus,random_forest
981:2938,8.15,113.85,0.14526747010522,moorish_idol,Zanclus cornutus,random_forest
981:2939,8.15,113.95,0.14394543620691494,moorish_idol,Zanclus cornutus,random_forest
981:2940,8.15,114.05,0.14394543620691494,moorish_idol,Zanclus cornutus,random_forest
981:2941,8.15,114.15,0.14394543620691494,moorish_idol,Zanclus cornutus,random_forest
981:2942,8.15,114.25,0.14394543620691494,moorish_idol,Zanclus cornutus,random_forest
981:2943,8.15,114.35,0.14394543620691494,moorish_idol,Zanclus cornutus,random_forest
981:2944,8.15,114.45,0.14394543620691494,moorish_idol,Zanclus cornutus,random_forest
981:2945,8.15,114.55,0.12846197137789864,moorish_idol,Zanclus cornutus,random_forest
981:2946,8.15,114.65,0.12846197137789864,moorish_idol,Zanclus cornutus,random_forest
981:2947,8.15,114.75,0.12071930801235391,moorish_idol,Zanclus cornutus,random_forest
981:2948,8.15,114.85,0.11951508582004447,moorish_idol,Zanclus cornutus,random_forest
981:2949,8.15,114.95,0.1203848794568284,moorish_idol,Zanclus cornutus,random_forest
981:2950,8.15,115.05,0.11966808747687853,moorish_idol,Zanclus cornutus,random_forest
982:2929,8.25,112.95,0.15900893345193717,moorish_idol,Zanclus cornutus,random_forest
982:2930,8.25,113.05,0.15900893345193717,moorish_idol,Zanclus cornutus,random_forest
982:2931,8.25,113.15,0.15900893345193717,moorish_idol,Zanclus cornutus,random_forest
982:2932,8.25,113.25,0.15900893345193717,moorish_idol,Zanclus cornutus,random_forest
982:2933,8.25,113.35,0.15900893345193717,moorish_idol,Zanclus cornutus,random_forest
982:2934,8.25,113.45,0.15900893345193717,moorish_idol,Zanclus cornutus,random_forest
982:2935,8.25,113.55,0.15900893345193717,moorish_idol,Zanclus cornutus,random_forest
982:2936,8.25,113.65,0.14681687721984452,moorish_idol,Zanclus cornutus,random_forest
982:2937,8.25,113.75,0.14681687721984452,moorish_idol,Zanclus cornutus,random_forest
982:2938,8.25,113.85,0.14526747010522,moorish_idol,Zanclus cornutus,random_forest
982:2939,8.25,113.95,0.14394543620691494,moorish_idol,Zanclus cornutus,random_forest
982:2940,8.25,114.05,0.14394543620691494,moorish_idol,Zanclus cornutus,random_forest
982:2941,8.25,114.15,0.14394543620691494,moorish_idol,Zanclus cornutus,random_forest
982:2942,8.25,114.25,0.14394543620691494,moorish_idol,Zanclus cornutus,random_forest
982:2943,8.25,114.35,0.14394543620691494,moorish_idol,Zanclus cornutus,random_forest
982:2944,8.25,114.45,0.14394543620691494,moorish_idol,Zanclus cornutus,random_forest
982:2945,8.25,114.55,0.12846197137789864,moorish_idol,Zanclus cornutus,random_forest
982:2946,8.25,114.65,0.12846197137789864,moorish_idol,Zanclus cornutus,random_forest
982:2947,8.25,114.75,0.12071930801235391,moorish_idol,Zanclus cornutus,random_forest
982:2948,8.25,114.85,0.11951508582004447,moorish_idol,Zanclus cornutus,random_forest
983:2930,8.35,113.05,0.15900893345193717,moorish_idol,Zanclus cornutus,random_forest
983:2931,8.35,113.15,0.15900893345193717,moorish_idol,Zanclus cornutus,random_forest
983:2932,8.35,113.25,0.15900893345193717,moorish_idol,Zanclus cornutus,random_forest
983:2933,8.35,113.35,0.15900893345193717,moorish_idol,Zanclus cornutus,random_forest
983:2934,8.35,113.45,0.15900893345193717,moorish_idol,Zanclus cornutus,random_forest
983:2935,8.35,113.55,0.15900893345193717,moorish_idol,Zanclus cornutus,random_forest
983:2936,8.35,113.65,0.14681687721984452,moorish_idol,Zanclus cornutus,random_forest
983:2937,8.35,113.75,0.14681687721984452,moorish_idol,Zanclus cornutus,random_forest
983:2938,8.35,113.85,0.14526747010522,moorish_idol,Zanclus cornutus,random_forest
983:2939,8.35,113.95,0.14394543620691494,moorish_idol,Zanclus cornutus,random_forest
983:2940,8.35,114.05,0.14394543620691494,moorish_idol,Zanclus cornutus,random_forest
983:2941,8.35,114.15,0.14394543620691494,moorish_idol,Zanclus cornutus,random_forest
983:2942,8.35,114.25,0.14394543620691494,moorish_idol,Zanclus cornutus,random_forest
983:2943,8.35,114.35,0.14394543620691494,moorish_idol,Zanclus cornutus,random_forest
983:2944,8.35,114.45,0.14394543620691494,moorish_idol,Zanclus cornutus,random_forest
983:2945,8.35,114.55,0.12846197137789864,moorish_idol,Zanclus cornutus,random_forest
983:2946,8.35,114.65,0.12846197137789864,moorish_idol,Zanclus cornutus,random_forest
984:2931,8.45,113.15,0.15900893345193717,moorish_idol,Zanclus cornutus,random_forest
984:2932,8.45,113.25,0.15900893345193717,moorish_idol,Zanclus cornutus,random_forest
984:2933,8.45,113.35,0.15900893345193717,moorish_idol,Zanclus cornutus,random_forest
984:2934,8.45,113.45,0.15900893345193717,moorish_idol,Zanclus cornutus,random_forest
984:2935,8.45,113.55,0.15900893345193717,moorish_idol,Zanclus cornutus,random_forest
984:2936,8.45,113.65,0.14681687721984452,moorish_idol,Zanclus cornutus,random_forest
984:2937,8.45,113.75,0.14681687721984452,moorish_idol,Zanclus cornutus,random_forest
984:2938,8.45,113.85,0.14526747010522,moorish_idol,Zanclus cornutus,random_forest
984:2939,8.45,113.95,0.14394543620691494,moorish_idol,Zanclus cornutus,random_forest
984:2940,8.45,114.05,0.14394543620691494,moorish_idol,Zanclus cornutus,random_forest
984:2941,8.45,114.15,0.14394543620691494,moorish_idol,Zanclus cornutus,random_forest
984:2942,8.45,114.25,0.14394543620691494,moorish_idol,Zanclus cornutus,random_forest
984:2943,8.45,114.35,0.14394543620691494,moorish_idol,Zanclus cornutus,random_forest
984:2944,8.45,114.45,0.14394543620691494,moorish_idol,Zanclus cornutus,random_forest
984:2945,8.45,114.55,0.12846197137789864,moorish_idol,Zanclus cornutus,random_forest
985:2932,8.55,113.25,0.15900893345193717,moorish_idol,Zanclus cornutus,random_forest
985:2933,8.55,113.35,0.15900893345193717,moorish_idol,Zanclus cornutus,random_forest
985:2934,8.55,113.45,0.15900893345193717,moorish_idol,Zanclus cornutus,random_forest
985:2935,8.55,113.55,0.15900893345193717,moorish_idol,Zanclus cornutus,random_forest
985:2936,8.55,113.65,0.14681687721984452,moorish_idol,Zanclus cornutus,random_forest
985:2937,8.55,113.75,0.14681687721984452,moorish_idol,Zanclus cornutus,random_forest
985:2938,8.55,113.85,0.14526747010522,moorish_idol,Zanclus cornutus,random_forest
985:2939,8.55,113.95,0.14394543620691494,moorish_idol,Zanclus cornutus,random_forest
985:2940,8.55,114.05,0.14394543620691494,moorish_idol,Zanclus cornutus,random_forest
985:2941,8.55,114.15,0.14394543620691494,moorish_idol,Zanclus cornutus,random_forest
985:2942,8.55,114.25,0.14394543620691494,moorish_idol,Zanclus cornutus,random_forest
985:2943,8.55,114.35,0.14394543620691494,moorish_idol,Zanclus cornutus,random_forest
986:2933,8.65,113.35,0.15900893345193717,moorish_idol,Zanclus cornutus,random_forest
986:2934,8.65,113.45,0.15900893345193717,moorish_idol,Zanclus cornutus,random_forest
986:2935,8.65,113.55,0.15900893345193717,moorish_idol,Zanclus cornutus,random_forest
986:2936,8.65,113.65,0.14681687721984452,moorish_idol,Zanclus cornutus,random_forest
986:2937,8.65,113.75,0.14681687721984452,moorish_idol,Zanclus cornutus,random_forest
986:2938,8.65,113.85,0.14526747010522,moorish_idol,Zanclus cornutus,random_forest
986:2939,8.65,113.95,0.14394543620691494,moorish_idol,Zanclus cornutus,random_forest
986:2940,8.65,114.05,0.14394543620691494,moorish_idol,Zanclus cornutus,random_forest
986:2941,8.65,114.15,0.14394543620691494,moorish_idol,Zanclus cornutus,random_forest
987:2934,8.75,113.45,0.15900893345193717,moorish_idol,Zanclus cornutus,random_forest
987:2935,8.75,113.55,0.15900893345193717,moorish_idol,Zanclus cornutus,random_forest
987:2936,8.75,113.65,0.14681687721984452,moorish_idol,Zanclus cornutus,random_forest
987:2937,8.75,113.75,0.14681687721984452,moorish_idol,Zanclus cornutus,random_forest
987:2938,8.75,113.85,0.14526747010522,moorish_idol,Zanclus cornutus,random_forest
987:2939,8.75,113.95,0.14394543620691494,moorish_idol,Zanclus cornutus,random_forest
987:2940,8.75,114.05,0.14394543620691494,moorish_idol,Zanclus cornutus,random_forest
988:2935,8.85,113.55,0.15900893345193717,moorish_idol,Zanclus cornutus,random_forest
988:2936,8.85,113.65,0.14681687721984452,moorish_idol,Zanclus cornutus,random_forest
988:2937,8.85,113.75,0.14681687721984452,moorish_idol,Zanclus cornutus,random_forest
988:2938,8.85,113.85,0.14526747010522,moorish_idol,Zanclus cornutus,random_forest
989:2936,8.95,113.65,0.14681687721984452,moorish_idol,Zanclus cornutus,random_forest
989:2937,8.95,113.75,0.14681687721984452,moorish_idol,Zanclus cornutus,random_forest
