cell_id,latitude,longitude,relative_occurrence_score,species_slug,scientific_name,selected_model
912:2834,1.25,103.45,0.6748703475796,ocellaris_clownfish,Amphiprion ocellaris,random_forest
912:2835,1.25,103.55,0.683977554882107,ocellaris_clownfish,Amphiprion ocellaris,random_forest
913:2830,1.35,103.05,0.679248445737905,ocellaris_clownfish,Amphiprion ocellaris,random_forest
913:2831,1.35,103.15,0.6828037688713813,ocellaris_clownfish,Amphiprion ocellaris,random_forest
913:2832,1.35,103.25,0.6753585756480548,ocellaris_clownfish,Amphiprion ocellaris,random_forest
913:2833,1.35,103.35,0.6723495947220097,ocellaris_clownfish,Amphiprion ocellaris,random_forest
913:2842,1.35,104.25,0.7733168179851968,ocellaris_clownfish,Amphiprion ocellaris,random_forest
913:2843,1.35,104.35,0.49586516558636945,ocellaris_clownfish,Amphiprion ocellaris,random_forest
913:2913,1.35,111.35,0.3132054205531735,ocellaris_clownfish,Amphiprion ocellaris,random_forest
914:2829,1.45,102.95,0.6812967027615496,ocellaris_clownfish,Amphiprion ocellaris,random_forest
914:2830,1.45,103.05,0.679248445737905,ocellaris_clownfish,Amphiprion ocellaris,random_forest
914:2831,1.45,103.15,0.6828037688713813,ocellaris_clownfish,Amphiprion ocellaris,random_forest
914:2832,1.45,103.25,0.6753585756480548,ocellaris_clownfish,Amphiprion ocellaris,random_forest
914:2833,1.45,103.35,0.6723495947220097,ocellaris_clownfish,Amphiprion ocellaris,random_forest
914:2837,1.45,103.75,0.6796230146783613,ocellaris_clownfish,Amphiprion ocellaris,random_forest
914:2840,1.45,104.05,0.7055987277421315,ocellaris_clownfish,Amphiprion ocellaris,random_forest
914:2843,1.45,104.35,0.49586516558636945,ocellaris_clownfish,Amphiprion ocellaris,random_forest
914:2910,1.45,111.05,0.31111643650820286,ocellaris_clownfish,Amphiprion ocellaris,random_forest
915:2828,1.55,102.85,0.6812967027615496,ocellaris_clownfish,Amphiprion ocellaris,random_forest
915:2829,1.55,102.95,0.6812967027615496,ocellaris_clownfish,Amphiprion ocellaris,random_forest
915:2830,1.55,103.05,0.679248445737905,ocellaris_clownfish,Amphiprion ocellaris,random_forest
915:2831,1.55,103.15,0.6828037688713813,ocellaris_clownfish,Amphiprion ocellaris,random_forest
915:2832,1.55,103.25,0.6753585756480548,ocellaris_clownfish,Amphiprion ocellaris,random_forest
915:2843,1.55,104.35,0.49586516558636945,ocellaris_clownfish,Amphiprion ocellaris,random_forest
915:2844,1.55,104.45,0.3235824354007126,ocellaris_clownfish,Amphiprion ocellaris,random_forest
915:2845,1.55,104.55,0.3111511299658157,ocellaris_clownfish,Amphiprion ocellaris,random_forest
915:2846,1.55,104.65,0.3111511299658157,ocellaris_clownfish,Amphiprion ocellaris,random_forest
915:2907,1.55,110.75,0.3098864365082029,ocellaris_clownfish,Amphiprion ocellaris,random_forest
915:2909,1.55,110.95,0.31111643650820286,ocellaris_clownfish,Amphiprion ocellaris,random_forest
916:2826,1.65,102.65,0.6805929240261641,ocellaris_clownfish,Amphiprion ocellaris,random_forest
916:2827,1.65,102.75,0.6812967027615496,ocellaris_clownfish,Amphiprion ocellaris,random_forest
916:2828,1.65,102.85,0.6812967027615496,ocellaris_clownfish,Amphiprion ocellaris,random_forest
916:2829,1.65,102.95,0.6812967027615496,ocellaris_clownfish,Amphiprion ocellaris,random_forest
916:2830,1.65,103.05,0.679248445737905,ocellaris_clownfish,Amphiprion ocellaris,random_forest
916:2839,1.65,103.95,0.6764942331122458,ocellaris_clownfish,Amphiprion ocellaris,random_forest
916:2842,1.65,104.25,0.7733168179851968,ocellaris_clownfish,Amphiprion ocellaris,random_forest
916:2843,1.65,104.35,0.49586516558636945,ocellaris_clownfish,Amphiprion ocellaris,random_forest
916:2844,1.65,104.45,0.3235824354007126,ocellaris_clownfish,Amphiprion ocellaris,random_forest
916:2845,1.65,104.55,0.3111511299658157,ocellaris_clownfish,Amphiprion ocellaris,random_forest
916:2846,1.65,104.65,0.3111511299658157,ocellaris_clownfish,Amphiprion ocellaris,random_forest
916:2847,1.65,104.75,0.3105476386939952,ocellaris_clownfish,Amphiprion ocellaris,random_forest
916:2848,1.65,104.85,0.3105476386939952,ocellaris_clownfish,Amphiprion ocellaris,random_forest
916:2902,1.65,110.25,0.3098864365082029,ocellaris_clownfish,Amphiprion ocellaris,random_forest
916:2903,1.65,110.35,0.3098864365082029,ocellaris_clownfish,Amphiprion ocellaris,random_forest
916:2905,1.65,110.55,0.3098864365082029,ocellaris_clownfish,Amphiprion ocellaris,random_forest
916:2906,1.65,110.65,0.3098864365082029,ocellaris_clownfish,Amphiprion ocellaris,random_forest
916:2907,1.65,110.75,0.3098864365082029,ocellaris_clownfish,Amphiprion ocellaris,random_forest
916:2908,1.65,110.85,0.3098864365082029,ocellaris_clownfish,Amphiprion ocellaris,random_forest
916:2909,1.65,110.95,0.31111643650820286,ocellaris_clownfish,Amphiprion ocellaris,random_forest
916:2911,1.65,111.15,0.31111643650820286,ocellaris_clownfish,Amphiprion ocellaris,random_forest
917:2825,1.75,102.55,0.6805929240261641,ocellaris_clownfish,Amphiprion ocellaris,random_forest
917:2826,1.75,102.65,0.6805929240261641,ocellaris_clownfish,Amphiprion ocellaris,random_forest
917:2827,1.75,102.75,0.6812967027615496,ocellaris_clownfish,Amphiprion ocellaris,random_forest
917:2828,1.75,102.85,0.6812967027615496,ocellaris_clownfish,Amphiprion ocellaris,random_forest
917:2842,1.75,104.25,0.7733168179851968,ocellaris_clownfish,Amphiprion ocellaris,random_forest
917:2843,1.75,104.35,0.49586516558636945,ocellaris_clownfish,Amphiprion ocellaris,random_forest
917:2844,1.75,104.45,0.3235824354007126,ocellaris_clownfish,Amphiprion ocellaris,random_forest
917:2845,1.75,104.55,0.3111511299658157,ocellaris_clownfish,Amphiprion ocellaris,random_forest
917:2846,1.75,104.65,0.3111511299658157,ocellaris_clownfish,Amphiprion ocellaris,random_forest
917:2847,1.75,104.75,0.3105476386939952,ocellaris_clownfish,Amphiprion ocellaris,random_forest
917:2848,1.75,104.85,0.3105476386939952,ocellaris_clownfish,Amphiprion ocellaris,random_forest
917:2849,1.75,104.95,0.3105476386939952,ocellaris_clownfish,Amphiprion ocellaris,random_forest
917:2899,1.75,109.95,0.3098864365082029,ocellaris_clownfish,Amphiprion ocellaris,random_forest
917:2900,1.75,110.05,0.3098864365082029,ocellaris_clownfish,Amphiprion ocellaris,random_forest
917:2901,1.75,110.15,0.3098864365082029,ocellaris_clownfish,Amphiprion ocellaris,random_forest
917:2902,1.75,110.25,0.3098864365082029,ocellaris_clownfish,Amphiprion ocellaris,random_forest
917:2904,1.75,110.45,0.3098864365082029,ocellaris_clownfish,Amphiprion ocellaris,random_forest
917:2905,1.75,110.55,0.3098864365082029,ocellaris_clownfish,Amphiprion ocellaris,random_forest
917:2906,1.75,110.65,0.3098864365082029,ocellaris_clownfish,Amphiprion ocellaris,random_forest
917:2907,1.75,110.75,0.3098864365082029,ocellaris_clownfish,Amphiprion ocellaris,random_forest
917:2908,1.75,110.85,0.3098864365082029,ocellaris_clownfish,Amphiprion ocellaris,random_forest
917:2909,1.75,110.95,0.31111643650820286,ocellaris_clownfish,Amphiprion ocellaris,random_forest
917:2910,1.75,111.05,0.31111643650820286,ocellaris_clownfish,Amphiprion ocellaris,random_forest
918:2823,1.85,102.35,0.6805929240261641,ocellaris_clownfish,Amphiprion ocellaris,random_forest
918:2824,1.85,102.45,0.6805929240261641,ocellaris_clownfish,Amphiprion ocellaris,random_forest
918:2825,1.85,102.55,0.6805929240261641,ocellaris_clownfish,Amphiprion ocellaris,random_forest
918:2826,1.85,102.65,0.6805929240261641,ocellaris_clownfish,Amphiprion ocellaris,random_forest
918:2827,1.85,102.75,0.6812967027615496,ocellaris_clownfish,Amphiprion ocellaris,random_forest
918:2841,1.85,104.15,0.8150247710881837,ocellaris_clownfish,Amphiprion ocellaris,random_forest
918:2842,1.85,104.25,0.7733168179851968,ocellaris_clownfish,Amphiprion ocellaris,random_forest
918:2843,1.85,104.35,0.49586516558636945,ocellaris_clownfish,Amphiprion ocellaris,random_forest
918:2844,1.85,104.45,0.3235824354007126,ocellaris_clownfish,Amphiprion ocellaris,random_forest
918:2845,1.85,104.55,0.3111511299658157,ocellaris_clownfish,Amphiprion ocellaris,random_forest
918:2846,1.85,104.65,0.3111511299658157,ocellaris_clownfish,Amphiprion ocellaris,random_forest
918:2847,1.85,104.75,0.3105476386939952,ocellaris_clownfish,Amphiprion ocellaris,random_forest
918:2848,1.85,104.85,0.3105476386939952,ocellaris_clownfish,Amphiprion ocellaris,random_forest
918:2849,1.85,104.95,0.3105476386939952,ocellaris_clownfish,Amphiprion ocellaris,random_forest
918:2897,1.85,109.75,0.3098864365082029,ocellaris_clownfish,Amphiprion ocellaris,random_forest
918:2898,1.85,109.85,0.3098864365082029,ocellaris_clownfish,Amphiprion ocellaris,random_forest
918:2899,1.85,109.95,0.3098864365082029,ocellaris_clownfish,Amphiprion ocellaris,random_forest
918:2900,1.85,110.05,0.3098864365082029,ocellaris_clownfish,Amphiprion ocellaris,random_forest
918:2901,1.85,110.15,0.3098864365082029,ocellaris_clownfish,Amphiprion ocellaris,random_forest
918:2902,1.85,110.25,0.3098864365082029,ocellaris_clownfish,Amphiprion ocellaris,random_forest
918:2903,1.85,110.35,0.3098864365082029,ocellaris_clownfish,Amphiprion ocellaris,random_forest
918:2904,1.85,110.45,0.3098864365082029,ocellaris_clownfish,Amphiprion ocellaris,random_forest
918:2905,1.85,110.55,0.3098864365082029,ocellaris_clownfish,Amphiprion ocellaris,random_forest
918:2906,1.85,110.65,0.3098864365082029,ocellaris_clownfish,Amphiprion ocellaris,random_forest
918:2907,1.85,110.75,0.3098864365082029,ocellaris_clownfish,Amphiprion ocellaris,random_forest
918:2908,1.85,110.85,0.3098864365082029,ocellaris_clownfish,Amphiprion ocellaris,random_forest
918:2909,1.85,110.95,0.31111643650820286,ocellaris_clownfish,Amphiprion ocellaris,random_forest
918:2910,1.85,111.05,0.31111643650820286,ocellaris_clownfish,Amphiprion ocellaris,random_forest
919:2822,1.95,102.25,0.6805929240261641,ocellaris_clownfish,Amphiprion ocellaris,random_forest
919:2823,1.95,102.35,0.6805929240261641,ocellaris_clownfish,Amphiprion ocellaris,random_forest
919:2824,1.95,102.45,0.6805929240261641,ocellaris_clownfish,Amphiprion ocellaris,random_forest
919:2825,1.95,102.55,0.6805929240261641,ocellaris_clownfish,Amphiprion ocellaris,random_forest
919:2841,1.95,104.15,0.8150247710881837,ocellaris_clownfish,Amphiprion ocellaris,random_forest
919:2842,1.95,104.25,0.7733168179851968,ocellaris_clownfish,Amphiprion ocellaris,random_forest
919:2843,1.95,104.35,0.49586516558636945,ocellaris_clownfish,Amphiprion ocellaris,random_forest
919:2844,1.95,104.45,0.3235824354007126,ocellaris_clownfish,Amphiprion ocellaris,random_forest
919:2845,1.95,104.55,0.3111511299658157,ocellaris_clownfish,Amphiprion ocellaris,random_forest
919:2846,1.95,104.65,0.3111511299658157,ocellaris_clownfish,Amphiprion ocellaris,random_forest
919:2847,1.95,104.75,0.3105476386939952,ocellaris_clownfish,Amphiprion ocellaris,random_forest
919:2848,1.95,104.85,0.3105476386939952,ocellaris_clownfish,Amphiprion ocellaris,random_forest
919:2849,1.95,104.95,0.3105476386939952,ocellaris_clownfish,Amphiprion ocellaris,random_forest
919:2850,1.95,105.05,0.3105476386939952,ocellaris_clownfish,Amphiprion ocellaris,random_forest
919:2896,1.95,109.65,0.3098864365082029,ocellaris_clownfish,Amphiprion ocellaris,random_forest
919:2897,1.95,109.75,0.3098864365082029,ocellaris_clownfish,Amphiprion ocellaris,random_forest
919:2898,1.95,109.85,0.3098864365082029,ocellaris_clownfish,Amphiprion ocellaris,random_forest
919:2899,1.95,109.95,0.3098864365082029,ocellaris_clownfish,Amphiprion ocellaris,random_forest
919:2900,1.95,110.05,0.3098864365082029,ocellaris_clownfish,Amphiprion ocellaris,random_forest
919:2901,1.95,110.15,0.3098864365082029,ocellaris_clownfish,Amphiprion ocellaris,random_forest
919:2902,1.95,110.25,0.3098864365082029,ocellaris_clownfish,Amphiprion ocellaris,random_forest
919:2903,1.95,110.35,0.3098864365082029,ocellaris_clownfish,Amphiprion ocellaris,random_forest
919:2904,1.95,110.45,0.3098864365082029,ocellaris_clownfish,Amphiprion ocellaris,random_forest
919:2905,1.95,110.55,0.3098864365082029,ocellaris_clownfish,Amphiprion ocellaris,random_forest
919:2906,1.95,110.65,0.3098864365082029,ocellaris_clownfish,Amphiprion ocellaris,random_forest
919:2907,1.95,110.75,0.3098864365082029,ocellaris_clownfish,Amphiprion ocellaris,random_forest
919:2908,1.95,110.85,0.3098864365082029,ocellaris_clownfish,Amphiprion ocellaris,random_forest
919:2909,1.95,110.95,0.31111643650820286,ocellaris_clownfish,Amphiprion ocellaris,random_forest
919:2910,1.95,111.05,0.31111643650820286,ocellaris_clownfish,Amphiprion ocellaris,random_forest
919:2911,1.95,111.15,0.31111643650820286,ocellaris_clownfish,Amphiprion ocellaris,random_forest
920:2821,2.05,102.15,0.647402225918675,ocellaris_clownfish,Amphiprion ocellaris,random_forest
920:2822,2.05,102.25,0.6805929240261641,ocellaris_clownfish,Amphiprion ocellaris,random_forest
920:2823,2.05,102.35,0.6805929240261641,ocellaris_clownfish,Amphiprion ocellaris,random_forest
920:2824,2.05,102.45,0.6805929240261641,ocellaris_clownfish,Amphiprion ocellaris,random_forest
920:2825,2.05,102.55,0.6805929240261641,ocellaris_clownfish,Amphiprion ocellaris,random_forest
920:2841,2.05,104.15,0.8150247710881837,ocellaris_clownfish,Amphiprion ocellaris,random_forest
920:2842,2.05,104.25,0.7733168179851968,ocellaris_clownfish,Amphiprion ocellaris,random_forest
920:2843,2.05,104.35,0.49586516558636945,ocellaris_clownfish,Amphiprion ocellaris,random_forest
920:2844,2.05,104.45,0.3235824354007126,ocellaris_clownfish,Amphiprion ocellaris,random_forest
920:2845,2.05,104.55,0.3111511299658157,ocellaris_clownfish,Amphiprion ocellaris,random_forest
920:2846,2.05,104.65,0.3111511299658157,ocellaris_clownfish,Amphiprion ocellaris,random_forest
920:2847,2.05,104.75,0.3105476386939952,ocellaris_clownfish,Amphiprion ocellaris,random_forest
920:2848,2.05,104.85,0.3105476386939952,ocellaris_clownfish,Amphiprion ocellaris,random_forest
920:2849,2.05,104.95,0.3105476386939952,ocellaris_clownfish,Amphiprion ocellaris,random_forest
920:2850,2.05,105.05,0.3105476386939952,ocellaris_clownfish,Amphiprion ocellaris,random_forest
920:2896,2.05,109.65,0.3098864365082029,ocellaris_clownfish,Amphiprion ocellaris,random_forest
920:2897,2.05,109.75,0.3098864365082029,ocellaris_clownfish,Amphiprion ocellaris,random_forest
920:2898,2.05,109.85,0.3098864365082029,ocellaris_clownfish,Amphiprion ocellaris,random_forest
920:2899,2.05,109.95,0.3098864365082029,ocellaris_clownfish,Amphiprion ocellaris,random_forest
920:2900,2.05,110.05,0.3098864365082029,ocellaris_clownfish,Amphiprion ocellaris,random_forest
920:2901,2.05,110.15,0.3098864365082029,ocellaris_clownfish,Amphiprion ocellaris,random_forest
920:2902,2.05,110.25,0.3098864365082029,ocellaris_clownfish,Amphiprion ocellaris,random_forest
920:2903,2.05,110.35,0.3098864365082029,ocellaris_clownfish,Amphiprion ocellaris,random_forest
920:2904,2.05,110.45,0.3098864365082029,ocellaris_clownfish,Amphiprion ocellaris,random_forest
920:2905,2.05,110.55,0.3098864365082029,ocellaris_clownfish,Amphiprion ocellaris,random_forest
920:2906,2.05,110.65,0.3098864365082029,ocellaris_clownfish,Amphiprion ocellaris,random_forest
920:2907,2.05,110.75,0.3098864365082029,ocellaris_clownfish,Amphiprion ocellaris,random_forest
920:2908,2.05,110.85,0.3098864365082029,ocellaris_clownfish,Amphiprion ocellaris,random_forest
920:2909,2.05,110.95,0.31111643650820286,ocellaris_clownfish,Amphiprion ocellaris,random_forest
920:2910,2.05,111.05,0.31111643650820286,ocellaris_clownfish,Amphiprion ocellaris,random_forest
920:2911,2.05,111.15,0.31111643650820286,ocellaris_clownfish,Amphiprion ocellaris,random_forest
921:2819,2.15,101.95,0.6450491530018919,ocellaris_clownfish,Amphiprion ocellaris,random_forest
921:2820,2.15,102.05,0.647402225918675,ocellaris_clownfish,Amphiprion ocellaris,random_forest
921:2821,2.15,102.15,0.647402225918675,ocellaris_clownfish,Amphiprion ocellaris,random_forest
921:2822,2.15,102.25,0.6805929240261641,ocellaris_clownfish,Amphiprion ocellaris,random_forest
921:2840,2.15,104.05,0.7055987277421315,ocellaris_clownfish,Amphiprion ocellaris,random_forest
921:2841,2.15,104.15,0.8150247710881837,ocellaris_clownfish,Amphiprion ocellaris,random_forest
921:2842,2.15,104.25,0.7733168179851968,ocellaris_clownfish,Amphiprion ocellaris,random_forest
921:2843,2.15,104.35,0.49586516558636945,ocellaris_clownfish,Amphiprion ocellaris,random_forest
921:2844,2.15,104.45,0.3235824354007126,ocellaris_clownfish,Amphiprion ocellaris,random_forest
921:2845,2.15,104.55,0.3111511299658157,ocellaris_clownfish,Amphiprion ocellaris,random_forest
921:2846,2.15,104.65,0.3111511299658157,ocellaris_clownfish,Amphiprion ocellaris,random_forest
921:2847,2.15,104.75,0.3105476386939952,ocellaris_clownfish,Amphiprion ocellaris,random_forest
921:2848,2.15,104.85,0.3105476386939952,ocellaris_clownfish,Amphiprion ocellaris,random_forest
921:2849,2.15,104.95,0.3105476386939952,ocellaris_clownfish,Amphiprion ocellaris,random_forest
921:2850,2.15,105.05,0.3105476386939952,ocellaris_clownfish,Amphiprion ocellaris,random_forest
921:2897,2.15,109.75,0.3098864365082029,ocellaris_clownfish,Amphiprion ocellaris,random_forest
921:2898,2.15,109.85,0.3098864365082029,ocellaris_clownfish,Amphiprion ocellaris,random_forest
921:2899,2.15,109.95,0.3098864365082029,ocellaris_clownfish,Amphiprion ocellaris,random_forest
921:2900,2.15,110.05,0.3098864365082029,ocellaris_clownfish,Amphiprion ocellaris,random_forest
921:2901,2.15,110.15,0.3098864365082029,ocellaris_clownfish,Amphiprion ocellaris,random_forest
921:2902,2.15,110.25,0.3098864365082029,ocellaris_clownfish,Amphiprion ocellaris,random_forest
921:2903,2.15,110.35,0.3098864365082029,ocellaris_clownfish,Amphiprion ocellaris,random_forest
921:2904,2.15,110.45,0.3098864365082029,ocellaris_clownfish,Amphiprion ocellaris,random_forest
921:2905,2.15,110.55,0.3098864365082029,ocellaris_clownfish,Amphiprion ocellaris,random_forest
921:2906,2.15,110.65,0.3098864365082029,ocellaris_clownfish,Amphiprion ocellaris,random_forest
921:2907,2.15,110.75,0.3098864365082029,ocellaris_clownfish,Amphiprion ocellaris,random_forest
921:2908,2.15,110.85,0.3098864365082029,ocellaris_clownfish,Amphiprion ocellaris,random_forest
921:2909,2.15,110.95,0.31111643650820286,ocellaris_clownfish,Amphiprion ocellaris,random_forest
921:2910,2.15,111.05,0.31111643650820286,ocellaris_clownfish,Amphiprion ocellaris,random_forest
921:2911,2.15,111.15,0.31111643650820286,ocellaris_clownfish,Amphiprion ocellaris,random_forest
921:2912,2.15,111.25,0.3117681219014613,ocellaris_clownfish,Amphiprion ocellaris,random_forest
921:2913,2.15,111.35,0.3132054205531735,ocellaris_clownfish,Amphiprion ocellaris,random_forest
921:2920,2.15,112.05,0.32492940084883276,ocellaris_clownfish,Amphiprion ocellaris,random_forest
922:2818,2.25,101.85,0.637548514071639,ocellaris_clownfish,Amphiprion ocellaris,random_forest
922:2819,2.25,101.95,0.6450491530018919,ocellaris_clownfish,Amphiprion ocellaris,random_forest
922:2820,2.25,102.05,0.647402225918675,ocellaris_clownfish,Amphiprion ocellaris,random_forest
922:2840,2.25,104.05,0.7055987277421315,ocellaris_clownfish,Amphiprion ocellaris,random_forest
922:2841,2.25,104.15,0.8150247710881837,ocellaris_clownfish,Amphiprion ocellaris,random_forest
922:2842,2.25,104.25,0.7733168179851968,ocellaris_clownfish,Amphiprion ocellaris,random_forest
922:2843,2.25,104.35,0.49586516558636945,ocellaris_clownfish,Amphiprion ocellaris,random_forest
922:2844,2.25,104.45,0.3235824354007126,ocellaris_clownfish,Amphiprion ocellaris,random_forest
922:2845,2.25,104.55,0.3111511299658157,ocellaris_clownfish,Amphiprion ocellaris,random_forest
922:2846,2.25,104.65,0.3111511299658157,ocellaris_clownfish,Amphiprion ocellaris,random_forest
922:2847,2.25,104.75,0.3105476386939952,ocellaris_clownfish,Amphiprion ocellaris,random_forest
922:2848,2.25,104.85,0.3105476386939952,ocellaris_clownfish,Amphiprion ocellaris,random_forest
922:2849,2.25,104.95,0.3105476386939952,ocellaris_clownfish,Amphiprion ocellaris,random_forest
922:2897,2.25,109.75,0.3098864365082029,ocellaris_clownfish,Amphiprion ocellaris,random_forest
922:2898,2.25,109.85,0.3098864365082029,ocellaris_clownfish,Amphiprion ocellaris,random_forest
922:2899,2.25,109.95,0.3098864365082029,ocellaris_clownfish,Amphiprion ocellaris,random_forest
922:2900,2.25,110.05,0.3098864365082029,ocellaris_clownfish,Amphiprion ocellaris,random_forest
922:2901,2.25,110.15,0.3098864365082029,ocellaris_clownfish,Amphiprion ocellaris,random_forest
922:2902,2.25,110.25,0.3098864365082029,ocellaris_clownfish,Amphiprion ocellaris,random_forest
922:2903,2.25,110.35,0.3098864365082029,ocellaris_clownfish,Amphiprion ocellaris,random_forest
922:2904,2.25,110.45,0.3098864365082029,ocellaris_clownfish,Amphiprion ocellaris,random_forest
922:2905,2.25,110.55,0.3098864365082029,ocellaris_clownfish,Amphiprion ocellaris,random_forest
922:2906,2.25,110.65,0.3098864365082029,ocellaris_clownfish,Amphiprion ocellaris,random_forest
922:2907,2.25,110.75,0.3098864365082029,ocellaris_clownfish,Amphiprion ocellaris,random_forest
922:2908,2.25,110.85,0.3098864365082029,ocellaris_clownfish,Amphiprion ocellaris,random_forest
922:2909,2.25,110.95,0.31111643650820286,ocellaris_clownfish,Amphiprion ocellaris,random_forest
922:2910,2.25,111.05,0.31111643650820286,ocellaris_clownfish,Amphiprion ocellaris,random_forest
922:2911,2.25,111.15,0.31111643650820286,ocellaris_clownfish,Amphiprion ocellaris,random_forest
923:2817,2.35,101.75,0.6266418629656494,ocellaris_clownfish,Amphiprion ocellaris,random_forest
923:2818,2.35,101.85,0.637548514071639,ocellaris_clownfish,Amphiprion ocellaris,random_forest
923:2819,2.35,101.95,0.6450491530018919,ocellaris_clownfish,Amphiprion ocellaris,random_forest
923:2839,2.35,103.95,0.6764942331122458,ocellaris_clownfish,Amphiprion ocellaris,random_forest
923:2840,2.35,104.05,0.7055987277421315,ocellaris_clownfish,Amphiprion ocellaris,random_forest
923:2841,2.35,104.15,0.8150247710881837,ocellaris_clownfish,Amphiprion ocellaris,random_forest
923:2842,2.35,104.25,0.7733168179851968,ocellaris_clownfish,Amphiprion ocellaris,random_forest
923:2843,2.35,104.35,0.49586516558636945,ocellaris_clownfish,Amphiprion ocellaris,random_forest
923:2844,2.35,104.45,0.3235824354007126,ocellaris_clownfish,Amphiprion ocellaris,random_forest
923:2845,2.35,104.55,0.3111511299658157,ocellaris_clownfish,Amphiprion ocellaris,random_forest
923:2846,2.35,104.65,0.3111511299658157,ocellaris_clownfish,Amphiprion ocellaris,random_forest
923:2847,2.35,104.75,0.3105476386939952,ocellaris_clownfish,Amphiprion ocellaris,random_forest
923:2848,2.35,104.85,0.3105476386939952,ocellaris_clownfish,Amphiprion ocellaris,random_forest
923:2849,2.35,104.95,0.3105476386939952,ocellaris_clownfish,Amphiprion ocellaris,random_forest
923:2897,2.35,109.75,0.3098864365082029,ocellaris_clownfish,Amphiprion ocellaris,random_forest
923:2898,2.35,109.85,0.3098864365082029,ocellaris_clownfish,Amphiprion ocellaris,random_forest
923:2899,2.35,109.95,0.3098864365082029,ocellaris_clownfish,Amphiprion ocellaris,random_forest
923:2900,2.35,110.05,0.3098864365082029,ocellaris_clownfish,Amphiprion ocellaris,random_forest
923:2901,2.35,110.15,0.3098864365082029,ocellaris_clownfish,Amphiprion ocellaris,random_forest
923:2902,2.35,110.25,0.3098864365082029,ocellaris_clownfish,Amphiprion ocellaris,random_forest
923:2903,2.35,110.35,0.3098864365082029,ocellaris_clownfish,Amphiprion ocellaris,random_forest
923:2904,2.35,110.45,0.3098864365082029,ocellaris_clownfish,Amphiprion ocellaris,random_forest
923:2905,2.35,110.55,0.3098864365082029,ocellaris_clownfish,Amphiprion ocellaris,random_forest
923:2906,2.35,110.65,0.3098864365082029,ocellaris_clownfish,Amphiprion ocellaris,random_forest
923:2907,2.35,110.75,0.3098864365082029,ocellaris_clownfish,Amphiprion ocellaris,random_forest
923:2908,2.35,110.85,0.3098864365082029,ocellaris_clownfish,Amphiprion ocellaris,random_forest
923:2909,2.35,110.95,0.31111643650820286,ocellaris_clownfish,Amphiprion ocellaris,random_forest
923:2910,2.35,111.05,0.31111643650820286,ocellaris_clownfish,Amphiprion ocellaris,random_forest
923:2911,2.35,111.15,0.31111643650820286,ocellaris_clownfish,Amphiprion ocellaris,random_forest
923:2912,2.35,111.25,0.3117681219014613,ocellaris_clownfish,Amphiprion ocellaris,random_forest
923:2913,2.35,111.35,0.3132054205531735,ocellaris_clownfish,Amphiprion ocellaris,random_forest
924:2815,2.45,101.55,0.5626833138825528,ocellaris_clownfish,Amphiprion ocellaris,random_forest
924:2816,2.45,101.65,0.5633926080824131,ocellaris_clownfish,Amphiprion ocellaris,random_forest
924:2817,2.45,101.75,0.6266418629656494,ocellaris_clownfish,Amphiprion ocellaris,random_forest
924:2818,2.45,101.85,0.637548514071639,ocellaris_clownfish,Amphiprion ocellaris,random_forest
924:2838,2.45,103.85,0.6763074040438324,ocellaris_clownfish,Amphiprion ocellaris,random_forest
924:2839,2.45,103.95,0.6764942331122458,ocellaris_clownfish,Amphiprion ocellaris,random_forest
924:2840,2.45,104.05,0.7055987277421315,ocellaris_clownfish,Amphiprion ocellaris,random_forest
924:2841,2.45,104.15,0.8150247710881837,ocellaris_clownfish,Amphiprion ocellaris,random_forest
924:2842,2.45,104.25,0.7733168179851968,ocellaris_clownfish,Amphiprion ocellaris,random_forest
924:2843,2.45,104.35,0.49586516558636945,ocellaris_clownfish,Amphiprion ocellaris,random_forest
924:2844,2.45,104.45,0.3235824354007126,ocellaris_clownfish,Amphiprion ocellaris,random_forest
924:2845,2.45,104.55,0.3111511299658157,ocellaris_clownfish,Amphiprion ocellaris,random_forest
924:2846,2.45,104.65,0.3111511299658157,ocellaris_clownfish,Amphiprion ocellaris,random_forest
924:2847,2.45,104.75,0.3105476386939952,ocellaris_clownfish,Amphiprion ocellaris,random_forest
924:2848,2.45,104.85,0.3105476386939952,ocellaris_clownfish,Amphiprion ocellaris,random_forest
924:2849,2.45,104.95,0.3105476386939952,ocellaris_clownfish,Amphiprion ocellaris,random_forest
924:2898,2.45,109.85,0.3098864365082029,ocellaris_clownfish,Amphiprion ocellaris,random_forest
924:2899,2.45,109.95,0.3098864365082029,ocellaris_clownfish,Amphiprion ocellaris,random_forest
924:2900,2.45,110.05,0.3098864365082029,ocellaris_clownfish,Amphiprion ocellaris,random_forest
924:2901,2.45,110.15,0.3098864365082029,ocellaris_clownfish,Amphiprion ocellaris,random_forest
924:2902,2.45,110.25,0.3098864365082029,ocellaris_clownfish,Amphiprion ocellaris,random_forest
924:2903,2.45,110.35,0.3098864365082029,ocellaris_clownfish,Amphiprion ocellaris,random_forest
924:2904,2.45,110.45,0.3098864365082029,ocellaris_clownfish,Amphiprion ocellaris,random_forest
924:2905,2.45,110.55,0.3098864365082029,ocellaris_clownfish,Amphiprion ocellaris,random_forest
924:2906,2.45,110.65,0.3098864365082029,ocellaris_clownfish,Amphiprion ocellaris,random_forest
924:2907,2.45,110.75,0.3098864365082029,ocellaris_clownfish,Amphiprion ocellaris,random_forest
924:2908,2.45,110.85,0.3098864365082029,ocellaris_clownfish,Amphiprion ocellaris,random_forest
924:2909,2.45,110.95,0.31111643650820286,ocellaris_clownfish,Amphiprion ocellaris,random_forest
924:2910,2.45,111.05,0.31111643650820286,ocellaris_clownfish,Amphiprion ocellaris,random_forest
924:2911,2.45,111.15,0.31111643650820286,ocellaris_clownfish,Amphiprion ocellaris,random_forest
924:2912,2.45,111.25,0.3117681219014613,ocellaris_clownfish,Amphiprion ocellaris,random_forest
925:2814,2.55,101.45,0.5535518011411671,ocellaris_clownfish,Amphiprion ocellaris,random_forest
925:2815,2.55,101.55,0.5626833138825528,ocellaris_clownfish,Amphiprion ocellaris,random_forest
925:2816,2.55,101.65,0.5633926080824131,ocellaris_clownfish,Amphiprion ocellaris,random_forest
925:2817,2.55,101.75,0.6266418629656494,ocellaris_clownfish,Amphiprion ocellaris,random_forest
925:2838,2.55,103.85,0.6763074040438324,ocellaris_clownfish,Amphiprion ocellaris,random_forest
925:2839,2.55,103.95,0.6764942331122458,ocellaris_clownfish,Amphiprion ocellaris,random_forest
925:2840,2.55,104.05,0.7055987277421315,ocellaris_clownfish,Amphiprion ocellaris,random_forest
925:2841,2.55,104.15,0.8150247710881837,ocellaris_clownfish,Amphiprion ocellaris,random_forest
925:2842,2.55,104.25,0.7733168179851968,ocellaris_clownfish,Amphiprion ocellaris,random_forest
925:2843,2.55,104.35,0.49586516558636945,ocellaris_clownfish,Amphiprion ocellaris,random_forest
925:2844,2.55,104.45,0.3235824354007126,ocellaris_clownfish,Amphiprion ocellaris,random_forest
925:2845,2.55,104.55,0.3111511299658157,ocellaris_clownfish,Amphiprion ocellaris,random_forest
925:2846,2.55,104.65,0.3111511299658157,ocellaris_clownfish,Amphiprion ocellaris,random_forest
925:2847,2.55,104.75,0.3105476386939952,ocellaris_clownfish,Amphiprion ocellaris,random_forest
925:2848,2.55,104.85,0.3105476386939952,ocellaris_clownfish,Amphiprion ocellaris,random_forest
925:2849,2.55,104.95,0.3105476386939952,ocellaris_clownfish,Amphiprion ocellaris,random_forest
925:2898,2.55,109.85,0.3098864365082029,ocellaris_clownfish,Amphiprion ocellaris,random_forest
925:2899,2.55,109.95,0.3098864365082029,ocellaris_clownfish,Amphiprion ocellaris,random_forest
925:2900,2.55,110.05,0.3098864365082029,ocellaris_clownfish,Amphiprion ocellaris,random_forest
925:2901,2.55,110.15,0.3098864365082029,ocellaris_clownfish,Amphiprion ocellaris,random_forest
925:2902,2.55,110.25,0.3098864365082029,ocellaris_clownfish,Amphiprion ocellaris,random_forest
925:2903,2.55,110.35,0.3098864365082029,ocellaris_clownfish,Amphiprion ocellaris,random_forest
925:2904,2.55,110.45,0.3098864365082029,ocellaris_clownfish,Amphiprion ocellaris,random_forest
925:2905,2.55,110.55,0.3098864365082029,ocellaris_clownfish,Amphiprion ocellaris,random_forest
925:2906,2.55,110.65,0.3098864365082029,ocellaris_clownfish,Amphiprion ocellaris,random_forest
925:2907,2.55,110.75,0.3098864365082029,ocellaris_clownfish,Amphiprion ocellaris,random_forest
925:2908,2.55,110.85,0.3098864365082029,ocellaris_clownfish,Amphiprion ocellaris,random_forest
925:2909,2.55,110.95,0.31111643650820286,ocellaris_clownfish,Amphiprion ocellaris,random_forest
925:2910,2.55,111.05,0.31111643650820286,ocellaris_clownfish,Amphiprion ocellaris,random_forest
925:2911,2.55,111.15,0.31111643650820286,ocellaris_clownfish,Amphiprion ocellaris,random_forest
925:2912,2.55,111.25,0.3117681219014613,ocellaris_clownfish,Amphiprion ocellaris,random_forest
926:2813,2.65,101.35,0.5535518011411671,ocellaris_clownfish,Amphiprion ocellaris,random_forest
926:2814,2.65,101.45,0.5535518011411671,ocellaris_clownfish,Amphiprion ocellaris,random_forest
926:2815,2.65,101.55,0.5626833138825528,ocellaris_clownfish,Amphiprion ocellaris,random_forest
926:2837,2.65,103.75,0.6796230146783613,ocellaris_clownfish,Amphiprion ocellaris,random_forest
926:2838,2.65,103.85,0.6763074040438324,ocellaris_clownfish,Amphiprion ocellaris,random_forest
926:2839,2.65,103.95,0.6764942331122458,ocellaris_clownfish,Amphiprion ocellaris,random_forest
926:2840,2.65,104.05,0.7055987277421315,ocellaris_clownfish,Amphiprion ocellaris,random_forest
926:2841,2.65,104.15,0.8150247710881837,ocellaris_clownfish,Amphiprion ocellaris,random_forest
926:2842,2.65,104.25,0.7733168179851968,ocellaris_clownfish,Amphiprion ocellaris,random_forest
926:2843,2.65,104.35,0.49586516558636945,ocellaris_clownfish,Amphiprion ocellaris,random_forest
926:2844,2.65,104.45,0.3235824354007126,ocellaris_clownfish,Amphiprion ocellaris,random_forest
926:2845,2.65,104.55,0.3111511299658157,ocellaris_clownfish,Amphiprion ocellaris,random_forest
926:2846,2.65,104.65,0.3111511299658157,ocellaris_clownfish,Amphiprion ocellaris,random_forest
926:2847,2.65,104.75,0.3105476386939952,ocellaris_clownfish,Amphiprion ocellaris,random_forest
926:2848,2.65,104.85,0.3105476386939952,ocellaris_clownfish,Amphiprion ocellaris,random_forest
926:2898,2.65,109.85,0.3098864365082029,ocellaris_clownfish,Amphiprion ocellaris,random_forest
926:2899,2.65,109.95,0.3098864365082029,ocellaris_clownfish,Amphiprion ocellaris,random_forest
926:2900,2.65,110.05,0.3098864365082029,ocellaris_clownfish,Amphiprion ocellaris,random_forest
926:2901,2.65,110.15,0.3098864365082029,ocellaris_clownfish,Amphiprion ocellaris,random_forest
926:2902,2.65,110.25,0.3098864365082029,ocellaris_clownfish,Amphiprion ocellaris,random_forest
926:2903,2.65,110.35,0.3098864365082029,ocellaris_clownfish,Amphiprion ocellaris,random_forest
926:2904,2.65,110.45,0.3098864365082029,ocellaris_clownfish,Amphiprion ocellaris,random_forest
926:2905,2.65,110.55,0.3098864365082029,ocellaris_clownfish,Amphiprion ocellaris,random_forest
926:2906,2.65,110.65,0.3098864365082029,ocellaris_clownfish,Amphiprion ocellaris,random_forest
926:2907,2.65,110.75,0.3098864365082029,ocellaris_clownfish,Amphiprion ocellaris,random_forest
926:2908,2.65,110.85,0.3098864365082029,ocellaris_clownfish,Amphiprion ocellaris,random_forest
926:2909,2.65,110.95,0.31111643650820286,ocellaris_clownfish,Amphiprion ocellaris,random_forest
926:2910,2.65,111.05,0.31111643650820286,ocellaris_clownfish,Amphiprion ocellaris,random_forest
926:2911,2.65,111.15,0.31111643650820286,ocellaris_clownfish,Amphiprion ocellaris,random_forest
926:2912,2.65,111.25,0.3117681219014613,ocellaris_clownfish,Amphiprion ocellaris,random_forest
927:2811,2.75,101.15,0.5560903829631512,ocellaris_clownfish,Amphiprion ocellaris,random_forest
927:2812,2.75,101.25,0.5560903829631512,ocellaris_clownfish,Amphiprion ocellaris,random_forest
927:2813,2.75,101.35,0.5560903829631512,ocellaris_clownfish,Amphiprion ocellaris,random_forest
927:2835,2.75,103.55,0.6865161367040908,ocellaris_clownfish,Amphiprion ocellaris,random_forest
927:2836,2.75,103.65,0.6865161367040908,ocellaris_clownfish,Amphiprion ocellaris,random_forest
927:2837,2.75,103.75,0.6821615965003452,ocellaris_clownfish,Amphiprion ocellaris,random_forest
927:2838,2.75,103.85,0.6788459858658165,ocellaris_clownfish,Amphiprion ocellaris,random_forest
927:2839,2.75,103.95,0.6790328149342297,ocellaris_clownfish,Amphiprion ocellaris,random_forest
927:2840,2.75,104.05,0.7081373095641154,ocellaris_clownfish,Amphiprion ocellaris,random_forest
927:2842,2.75,104.25,0.7758553998071808,ocellaris_clownfish,Amphiprion ocellaris,random_forest
927:2843,2.75,104.35,0.4984037474083535,ocellaris_clownfish,Amphiprion ocellaris,random_forest
927:2844,2.75,104.45,0.3261210172226967,ocellaris_clownfish,Amphiprion ocellaris,random_forest
927:2845,2.75,104.55,0.31368971178779975,ocellaris_clownfish,Amphiprion ocellaris,random_forest
927:2846,2.75,104.65,0.31368971178779975,ocellaris_clownfish,Amphiprion ocellaris,random_forest
927:2847,2.75,104.75,0.3130862205159793,ocellaris_clownfish,Amphiprion ocellaris,random_forest
927:2848,2.75,104.85,0.3130862205159793,ocellaris_clownfish,Amphiprion ocellaris,random_forest
927:2898,2.75,109.85,0.31242501833018693,ocellaris_clownfish,Amphiprion ocellaris,random_forest
927:2899,2.75,109.95,0.31242501833018693,ocellaris_clownfish,Amphiprion ocellaris,random_forest
927:2900,2.75,110.05,0.31242501833018693,ocellaris_clownfish,Amphiprion ocellaris,random_forest
927:2901,2.75,110.15,0.31242501833018693,ocellaris_clownfish,Amphiprion ocellaris,random_forest
927:2902,2.75,110.25,0.31242501833018693,ocellaris_clownfish,Amphiprion ocellaris,random_forest
927:2903,2.75,110.35,0.31242501833018693,ocellaris_clownfish,Amphiprion ocellaris,random_forest
927:2904,2.75,110.45,0.31242501833018693,ocellaris_clownfish,Amphiprion ocellaris,random_forest
927:2905,2.75,110.55,0.31242501833018693,ocellaris_clownfish,Amphiprion ocellaris,random_forest
927:2906,2.75,110.65,0.31242501833018693,ocellaris_clownfish,Amphiprion ocellaris,random_forest
927:2907,2.75,110.75,0.31242501833018693,ocellaris_clownfish,Amphiprion ocellaris,random_forest
927:2908,2.75,110.85,0.31242501833018693,ocellaris_clownfish,Amphiprion ocellaris,random_forest
927:2909,2.75,110.95,0.31365501833018694,ocellaris_clownfish,Amphiprion ocellaris,random_forest
927:2910,2.75,111.05,0.31365501833018694,ocellaris_clownfish,Amphiprion ocellaris,random_forest
927:2911,2.75,111.15,0.31365501833018694,ocellaris_clownfish,Amphiprion ocellaris,random_forest
927:2912,2.75,111.25,0.3143067037234454,ocellaris_clownfish,Amphiprion ocellaris,random_forest
927:2914,2.75,111.45,0.317951964841533,ocellaris_clownfish,Amphiprion ocellaris,random_forest
928:2810,2.85,101.05,0.5550731415838407,ocellaris_clownfish,Amphiprion ocellaris,random_forest
928:2811,2.85,101.15,0.5550731415838407,ocellaris_clownfish,Amphiprion ocellaris,random_forest
928:2812,2.85,101.25,0.5550731415838407,ocellaris_clownfish,Amphiprion ocellaris,random_forest
928:2835,2.85,103.55,0.6854988953247806,ocellaris_clownfish,Amphiprion ocellaris,random_forest
928:2836,2.85,103.65,0.6854988953247806,ocellaris_clownfish,Amphiprion ocellaris,random_forest
928:2837,2.85,103.75,0.6811443551210349,ocellaris_clownfish,Amphiprion ocellaris,random_forest
928:2838,2.85,103.85,0.6778287444865061,ocellaris_clownfish,Amphiprion ocellaris,random_forest
928:2839,2.85,103.95,0.6780155735549194,ocellaris_clownfish,Amphiprion ocellaris,random_forest
928:2840,2.85,104.05,0.7071200681848051,ocellaris_clownfish,Amphiprion ocellaris,random_forest
928:2841,2.85,104.15,0.8165461115308573,ocellaris_clownfish,Amphiprion ocellaris,random_forest
928:2842,2.85,104.25,0.7748381584278704,ocellaris_clownfish,Amphiprion ocellaris,random_forest
928:2843,2.85,104.35,0.49738650602904316,ocellaris_clownfish,Amphiprion ocellaris,random_forest
928:2844,2.85,104.45,0.32510377584338634,ocellaris_clownfish,Amphiprion ocellaris,random_forest
928:2845,2.85,104.55,0.3126724704084894,ocellaris_clownfish,Amphiprion ocellaris,random_forest
928:2846,2.85,104.65,0.3126724704084894,ocellaris_clownfish,Amphiprion ocellaris,random_forest
928:2847,2.85,104.75,0.3120689791366689,ocellaris_clownfish,Amphiprion ocellaris,random_forest
928:2848,2.85,104.85,0.3120689791366689,ocellaris_clownfish,Amphiprion ocellaris,random_forest
928:2899,2.85,109.95,0.3114077769508766,ocellaris_clownfish,Amphiprion ocellaris,random_forest
928:2900,2.85,110.05,0.3114077769508766,ocellaris_clownfish,Amphiprion ocellaris,random_forest
928:2901,2.85,110.15,0.3114077769508766,ocellaris_clownfish,Amphiprion ocellaris,random_forest
928:2902,2.85,110.25,0.3114077769508766,ocellaris_clownfish,Amphiprion ocellaris,random_forest
928:2903,2.85,110.35,0.3114077769508766,ocellaris_clownfish,Amphiprion ocellaris,random_forest
928:2904,2.85,110.45,0.3114077769508766,ocellaris_clownfish,Amphiprion ocellaris,random_forest
928:2905,2.85,110.55,0.3114077769508766,ocellaris_clownfish,Amphiprion ocellaris,random_forest
928:2906,2.85,110.65,0.3114077769508766,ocellaris_clownfish,Amphiprion ocellaris,random_forest
928:2907,2.85,110.75,0.3114077769508766,ocellaris_clownfish,Amphiprion ocellaris,random_forest
928:2908,2.85,110.85,0.3114077769508766,ocellaris_clownfish,Amphiprion ocellaris,random_forest
928:2909,2.85,110.95,0.3126377769508766,ocellaris_clownfish,Amphiprion ocellaris,random_forest
928:2910,2.85,111.05,0.3126377769508766,ocellaris_clownfish,Amphiprion ocellaris,random_forest
928:2911,2.85,111.15,0.3126377769508766,ocellaris_clownfish,Amphiprion ocellaris,random_forest
928:2912,2.85,111.25,0.313289462344135,ocellaris_clownfish,Amphiprion ocellaris,random_forest
928:2913,2.85,111.35,0.31472676099584723,ocellaris_clownfish,Amphiprion ocellaris,random_forest
928:2914,2.85,111.45,0.3169347234622226,ocellaris_clownfish,Amphiprion ocellaris,random_forest
928:2915,2.85,111.55,0.3180430037169997,ocellaris_clownfish,Amphiprion ocellaris,random_forest
928:2916,2.85,111.65,0.3180430037169997,ocellaris_clownfish,Amphiprion ocellaris,random_forest
929:2809,2.95,100.95,0.49911980601373684,ocellaris_clownfish,Amphiprion ocellaris,random_forest
929:2810,2.95,101.05,0.49911980601373684,ocellaris_clownfish,Amphiprion ocellaris,random_forest
929:2811,2.95,101.15,0.49911980601373684,ocellaris_clownfish,Amphiprion ocellaris,random_forest
929:2834,2.95,103.45,0.6222981405977822,ocellaris_clownfish,Amphiprion ocellaris,random_forest
929:2835,2.95,103.55,0.6314053479002892,ocellaris_clownfish,Amphiprion ocellaris,random_forest
929:2836,2.95,103.65,0.6314053479002892,ocellaris_clownfish,Amphiprion ocellaris,random_forest
929:2837,2.95,103.75,0.6193626983574072,ocellaris_clownfish,Amphiprion ocellaris,random_forest
929:2838,2.95,103.85,0.6133198149956056,ocellaris_clownfish,Amphiprion ocellaris,random_forest
929:2839,2.95,103.95,0.6135066440640188,ocellaris_clownfish,Amphiprion ocellaris,random_forest
929:2840,2.95,104.05,0.6426111386939047,ocellaris_clownfish,Amphiprion ocellaris,random_forest
929:2841,2.95,104.15,0.7520371820399567,ocellaris_clownfish,Amphiprion ocellaris,random_forest
929:2842,2.95,104.25,0.7103292289369703,ocellaris_clownfish,Amphiprion ocellaris,random_forest
929:2843,2.95,104.35,0.43235600543729613,ocellaris_clownfish,Amphiprion ocellaris,random_forest
929:2844,2.95,104.45,0.2594405068900575,ocellaris_clownfish,Amphiprion ocellaris,random_forest
929:2845,2.95,104.55,0.24700920145516053,ocellaris_clownfish,Amphiprion ocellaris,random_forest
929:2846,2.95,104.65,0.24700920145516053,ocellaris_clownfish,Amphiprion ocellaris,random_forest
929:2847,2.95,104.75,0.24640571018334012,ocellaris_clownfish,Amphiprion ocellaris,random_forest
929:2848,2.95,104.85,0.24640571018334012,ocellaris_clownfish,Amphiprion ocellaris,random_forest
929:2899,2.95,109.95,0.24574450799754774,ocellaris_clownfish,Amphiprion ocellaris,random_forest
929:2900,2.95,110.05,0.24574450799754774,ocellaris_clownfish,Amphiprion ocellaris,random_forest
929:2901,2.95,110.15,0.24574450799754774,ocellaris_clownfish,Amphiprion ocellaris,random_forest
929:2902,2.95,110.25,0.24574450799754774,ocellaris_clownfish,Amphiprion ocellaris,random_forest
929:2903,2.95,110.35,0.24574450799754774,ocellaris_clownfish,Amphiprion ocellaris,random_forest
929:2904,2.95,110.45,0.24574450799754774,ocellaris_clownfish,Amphiprion ocellaris,random_forest
929:2905,2.95,110.55,0.24574450799754774,ocellaris_clownfish,Amphiprion ocellaris,random_forest
929:2906,2.95,110.65,0.24574450799754774,ocellaris_clownfish,Amphiprion ocellaris,random_forest
929:2907,2.95,110.75,0.24532830173603762,ocellaris_clownfish,Amphiprion ocellaris,random_forest
929:2908,2.95,110.85,0.24532830173603762,ocellaris_clownfish,Amphiprion ocellaris,random_forest
929:2909,2.95,110.95,0.24655830173603763,ocellaris_clownfish,Amphiprion ocellaris,random_forest
929:2910,2.95,111.05,0.24655830173603763,ocellaris_clownfish,Amphiprion ocellaris,random_forest
929:2911,2.95,111.15,0.24655830173603763,ocellaris_clownfish,Amphiprion ocellaris,random_forest
929:2912,2.95,111.25,0.24720998712929604,ocellaris_clownfish,Amphiprion ocellaris,random_forest
929:2913,2.95,111.35,0.24864728578100825,ocellaris_clownfish,Amphiprion ocellaris,random_forest
929:2914,2.95,111.45,0.2508552482473837,ocellaris_clownfish,Amphiprion ocellaris,random_forest
929:2915,2.95,111.55,0.25196352850216075,ocellaris_clownfish,Amphiprion ocellaris,random_forest
929:2916,2.95,111.65,0.25196352850216075,ocellaris_clownfish,Amphiprion ocellaris,random_forest
929:2917,2.95,111.75,0.25196352850216075,ocellaris_clownfish,Amphiprion ocellaris,random_forest
929:2918,2.95,111.85,0.25524325200947856,ocellaris_clownfish,Amphiprion ocellaris,random_forest
929:2919,2.95,111.95,0.26037126607666744,ocellaris_clownfish,Amphiprion ocellaris,random_forest
929:2920,2.95,112.05,0.26037126607666744,ocellaris_clownfish,Amphiprion ocellaris,random_forest
929:2921,2.95,112.15,0.26205597195902036,ocellaris_clownfish,Amphiprion ocellaris,random_forest
930:2808,3.05,100.85,0.49757694887087967,ocellaris_clownfish,Amphiprion ocellaris,random_forest
930:2809,3.05,100.95,0.49757694887087967,ocellaris_clownfish,Amphiprion ocellaris,random_forest
930:2810,3.05,101.05,0.49757694887087967,ocellaris_clownfish,Amphiprion ocellaris,random_forest
930:2811,3.05,101.15,0.49757694887087967,ocellaris_clownfish,Amphiprion ocellaris,random_forest
930:2813,3.05,101.35,0.49757694887087967,ocellaris_clownfish,Amphiprion ocellaris,random_forest
930:2834,3.05,103.45,0.6207552834549251,ocellaris_clownfish,Amphiprion ocellaris,random_forest
930:2835,3.05,103.55,0.6298624907574321,ocellaris_clownfish,Amphiprion ocellaris,random_forest
930:2836,3.05,103.65,0.6298624907574321,ocellaris_clownfish,Amphiprion ocellaris,random_forest
930:2837,3.05,103.75,0.6178198412145501,ocellaris_clownfish,Amphiprion ocellaris,random_forest
930:2838,3.05,103.85,0.6117769578527485,ocellaris_clownfish,Amphiprion ocellaris,random_forest
930:2839,3.05,103.95,0.6119637869211617,ocellaris_clownfish,Amphiprion ocellaris,random_forest
930:2840,3.05,104.05,0.6410682815510476,ocellaris_clownfish,Amphiprion ocellaris,random_forest
930:2841,3.05,104.15,0.7504943248970997,ocellaris_clownfish,Amphiprion ocellaris,random_forest
930:2842,3.05,104.25,0.7084227354304768,ocellaris_clownfish,Amphiprion ocellaris,random_forest
930:2843,3.05,104.35,0.4304495119308026,ocellaris_clownfish,Amphiprion ocellaris,random_forest
930:2844,3.05,104.45,0.25753401338356396,ocellaris_clownfish,Amphiprion ocellaris,random_forest
930:2845,3.05,104.55,0.245102707948667,ocellaris_clownfish,Amphiprion ocellaris,random_forest
930:2846,3.05,104.65,0.245102707948667,ocellaris_clownfish,Amphiprion ocellaris,random_forest
930:2847,3.05,104.75,0.2444992166768466,ocellaris_clownfish,Amphiprion ocellaris,random_forest
930:2899,3.05,109.95,0.24383801449105422,ocellaris_clownfish,Amphiprion ocellaris,random_forest
930:2900,3.05,110.05,0.24383801449105422,ocellaris_clownfish,Amphiprion ocellaris,random_forest
930:2901,3.05,110.15,0.24383801449105422,ocellaris_clownfish,Amphiprion ocellaris,random_forest
930:2902,3.05,110.25,0.24383801449105422,ocellaris_clownfish,Amphiprion ocellaris,random_forest
930:2903,3.05,110.35,0.24383801449105422,ocellaris_clownfish,Amphiprion ocellaris,random_forest
930:2904,3.05,110.45,0.24383801449105422,ocellaris_clownfish,Amphiprion ocellaris,random_forest
930:2905,3.05,110.55,0.24383801449105422,ocellaris_clownfish,Amphiprion ocellaris,random_forest
930:2906,3.05,110.65,0.24383801449105422,ocellaris_clownfish,Amphiprion ocellaris,random_forest
930:2907,3.05,110.75,0.2434218082295441,ocellaris_clownfish,Amphiprion ocellaris,random_forest
930:2908,3.05,110.85,0.2434218082295441,ocellaris_clownfish,Amphiprion ocellaris,random_forest
930:2909,3.05,110.95,0.2446518082295441,ocellaris_clownfish,Amphiprion ocellaris,random_forest
930:2910,3.05,111.05,0.2446518082295441,ocellaris_clownfish,Amphiprion ocellaris,random_forest
930:2911,3.05,111.15,0.2446518082295441,ocellaris_clownfish,Amphiprion ocellaris,random_forest
930:2912,3.05,111.25,0.24530349362280252,ocellaris_clownfish,Amphiprion ocellaris,random_forest
930:2913,3.05,111.35,0.24674079227451476,ocellaris_clownfish,Amphiprion ocellaris,random_forest
930:2914,3.05,111.45,0.24894875474089018,ocellaris_clownfish,Amphiprion ocellaris,random_forest
930:2915,3.05,111.55,0.2500570349956672,ocellaris_clownfish,Amphiprion ocellaris,random_forest
930:2916,3.05,111.65,0.2500570349956672,ocellaris_clownfish,Amphiprion ocellaris,random_forest
930:2917,3.05,111.75,0.2500570349956672,ocellaris_clownfish,Amphiprion ocellaris,random_forest
930:2918,3.05,111.85,0.2533367585029851,ocellaris_clownfish,Amphiprion ocellaris,random_forest
930:2919,3.05,111.95,0.2584647725701739,ocellaris_clownfish,Amphiprion ocellaris,random_forest
930:2920,3.05,112.05,0.2584647725701739,ocellaris_clownfish,Amphiprion ocellaris,random_forest
930:2921,3.05,112.15,0.26014947845252684,ocellaris_clownfish,Amphiprion ocellaris,random_forest
930:2922,3.05,112.25,0.26265604727042746,ocellaris_clownfish,Amphiprion ocellaris,random_forest
930:2923,3.05,112.35,0.26265604727042746,ocellaris_clownfish,Amphiprion ocellaris,random_forest
930:2924,3.05,112.45,0.26265604727042746,ocellaris_clownfish,Amphiprion ocellaris,random_forest
930:2925,3.05,112.55,0.26265604727042746,ocellaris_clownfish,Amphiprion ocellaris,random_forest
930:2926,3.05,112.65,0.26591254077692095,ocellaris_clownfish,Amphiprion ocellaris,random_forest
931:2807,3.15,100.75,0.22028359875195155,ocellaris_clownfish,Amphiprion ocellaris,random_forest
931:2808,3.15,100.85,0.22028359875195155,ocellaris_clownfish,Amphiprion ocellaris,random_forest
931:2809,3.15,100.95,0.22028359875195155,ocellaris_clownfish,Amphiprion ocellaris,random_forest
931:2810,3.15,101.05,0.22028359875195155,ocellaris_clownfish,Amphiprion ocellaris,random_forest
931:2811,3.15,101.15,0.22028359875195155,ocellaris_clownfish,Amphiprion ocellaris,random_forest
931:2812,3.15,101.25,0.22028359875195155,ocellaris_clownfish,Amphiprion ocellaris,random_forest
931:2834,3.15,103.45,0.3434738492890073,ocellaris_clownfish,Amphiprion ocellaris,random_forest
931:2835,3.15,103.55,0.35169814669233646,ocellaris_clownfish,Amphiprion ocellaris,random_forest
931:2836,3.15,103.65,0.35169814669233646,ocellaris_clownfish,Amphiprion ocellaris,random_forest
931:2837,3.15,103.75,0.3030847118075991,ocellaris_clownfish,Amphiprion ocellaris,random_forest
931:2838,3.15,103.85,0.28414565487978993,ocellaris_clownfish,Amphiprion ocellaris,random_forest
931:2839,3.15,103.95,0.28215847548749506,ocellaris_clownfish,Amphiprion ocellaris,random_forest
931:2840,3.15,104.05,0.31126297011738097,ocellaris_clownfish,Amphiprion ocellaris,random_forest
931:2841,3.15,104.15,0.41933369112460245,ocellaris_clownfish,Amphiprion ocellaris,random_forest
931:2842,3.15,104.25,0.3766794244926249,ocellaris_clownfish,Amphiprion ocellaris,random_forest
931:2843,3.15,104.35,0.15855750431513232,ocellaris_clownfish,Amphiprion ocellaris,random_forest
931:2844,3.15,104.45,0.031010706812359564,ocellaris_clownfish,Amphiprion ocellaris,random_forest
931:2845,3.15,104.55,0.018579401377462706,ocellaris_clownfish,Amphiprion ocellaris,random_forest
931:2846,3.15,104.65,0.018579401377462706,ocellaris_clownfish,Amphiprion ocellaris,random_forest
931:2847,3.15,104.75,0.017975910105642257,ocellaris_clownfish,Amphiprion ocellaris,random_forest
931:2899,3.15,109.95,0.017314707919849907,ocellaris_clownfish,Amphiprion ocellaris,random_forest
931:2900,3.15,110.05,0.017314707919849907,ocellaris_clownfish,Amphiprion ocellaris,random_forest
931:2901,3.15,110.15,0.017314707919849907,ocellaris_clownfish,Amphiprion ocellaris,random_forest
931:2902,3.15,110.25,0.017314707919849907,ocellaris_clownfish,Amphiprion ocellaris,random_forest
931:2903,3.15,110.35,0.017314707919849907,ocellaris_clownfish,Amphiprion ocellaris,random_forest
931:2904,3.15,110.45,0.017314707919849907,ocellaris_clownfish,Amphiprion ocellaris,random_forest
931:2905,3.15,110.55,0.017314707919849907,ocellaris_clownfish,Amphiprion ocellaris,random_forest
931:2906,3.15,110.65,0.017314707919849907,ocellaris_clownfish,Amphiprion ocellaris,random_forest
931:2907,3.15,110.75,0.01689850165833978,ocellaris_clownfish,Amphiprion ocellaris,random_forest
931:2908,3.15,110.85,0.01689850165833978,ocellaris_clownfish,Amphiprion ocellaris,random_forest
931:2909,3.15,110.95,0.01901988742613004,ocellaris_clownfish,Amphiprion ocellaris,random_forest
931:2910,3.15,111.05,0.01992897833522095,ocellaris_clownfish,Amphiprion ocellaris,random_forest
931:2911,3.15,111.15,0.01992897833522095,ocellaris_clownfish,Amphiprion ocellaris,random_forest
931:2912,3.15,111.25,0.02058066372847938,ocellaris_clownfish,Amphiprion ocellaris,random_forest
931:2913,3.15,111.35,0.022017962380191585,ocellaris_clownfish,Amphiprion ocellaris,random_forest
931:2914,3.15,111.45,0.024225924846567007,ocellaris_clownfish,Amphiprion ocellaris,random_forest
931:2915,3.15,111.55,0.027438682713284375,ocellaris_clownfish,Amphiprion ocellaris,random_forest
931:2916,3.15,111.65,0.028157432713284372,ocellaris_clownfish,Amphiprion ocellaris,random_forest
931:2917,3.15,111.75,0.028157432713284372,ocellaris_clownfish,Amphiprion ocellaris,random_forest
931:2918,3.15,111.85,0.032328541988392426,ocellaris_clownfish,Amphiprion ocellaris,random_forest
931:2919,3.15,111.95,0.038160259759285026,ocellaris_clownfish,Amphiprion ocellaris,random_forest
931:2920,3.15,112.05,0.038160259759285026,ocellaris_clownfish,Amphiprion ocellaris,random_forest
931:2921,3.15,112.15,0.04151499931167163,ocellaris_clownfish,Amphiprion ocellaris,random_forest
931:2922,3.15,112.25,0.04474031812957221,ocellaris_clownfish,Amphiprion ocellaris,random_forest
931:2923,3.15,112.35,0.04567420242709287,ocellaris_clownfish,Amphiprion ocellaris,random_forest
931:2924,3.15,112.45,0.04567420242709287,ocellaris_clownfish,Amphiprion ocellaris,random_forest
931:2925,3.15,112.55,0.04567420242709287,ocellaris_clownfish,Amphiprion ocellaris,random_forest
931:2926,3.15,112.65,0.05041130438956488,ocellaris_clownfish,Amphiprion ocellaris,random_forest
931:2927,3.15,112.75,0.05201243194418079,ocellaris_clownfish,Amphiprion ocellaris,random_forest
931:2928,3.15,112.85,0.05671042892371487,ocellaris_clownfish,Amphiprion ocellaris,random_forest
931:2929,3.15,112.95,0.06928600646588057,ocellaris_clownfish,Amphiprion ocellaris,random_forest
931:2933,3.15,113.35,0.07605267499293614,ocellaris_clownfish,Amphiprion ocellaris,random_forest
931:2997,3.15,119.75,0.8035048651827748,ocellaris_clownfish,Amphiprion ocellaris,random_forest
931:2998,3.15,119.85,0.8035048651827748,ocellaris_clownfish,Amphiprion ocellaris,random_forest
931:2999,3.15,119.95,0.8035048651827748,ocellaris_clownfish,Amphiprion ocellaris,random_forest
932:2805,3.25,100.55,0.2157305246650263,ocellaris_clownfish,Amphiprion ocellaris,random_forest
932:2806,3.25,100.65,0.2157305246650263,ocellaris_clownfish,Amphiprion ocellaris,random_forest
932:2807,3.25,100.75,0.2157305246650263,ocellaris_clownfish,Amphiprion ocellaris,random_forest
932:2808,3.25,100.85,0.2157305246650263,ocellaris_clownfish,Amphiprion ocellaris,random_forest
932:2809,3.25,100.95,0.2157305246650263,ocellaris_clownfish,Amphiprion ocellaris,random_forest
932:2810,3.25,101.05,0.2157305246650263,ocellaris_clownfish,Amphiprion ocellaris,random_forest
932:2811,3.25,101.15,0.2157305246650263,ocellaris_clownfish,Amphiprion ocellaris,random_forest
932:2812,3.25,101.25,0.2157305246650263,ocellaris_clownfish,Amphiprion ocellaris,random_forest
932:2834,3.25,103.45,0.33899591239784255,ocellaris_clownfish,Amphiprion ocellaris,random_forest
932:2835,3.25,103.55,0.34722020980117174,ocellaris_clownfish,Amphiprion ocellaris,random_forest
932:2836,3.25,103.65,0.34722020980117174,ocellaris_clownfish,Amphiprion ocellaris,random_forest
932:2837,3.25,103.75,0.29860677491643434,ocellaris_clownfish,Amphiprion ocellaris,random_forest
932:2838,3.25,103.85,0.2796677179886252,ocellaris_clownfish,Amphiprion ocellaris,random_forest
932:2839,3.25,103.95,0.27768053859633035,ocellaris_clownfish,Amphiprion ocellaris,random_forest
932:2840,3.25,104.05,0.30678503322621625,ocellaris_clownfish,Amphiprion ocellaris,random_forest
932:2841,3.25,104.15,0.4148557542334377,ocellaris_clownfish,Amphiprion ocellaris,random_forest
932:2842,3.25,104.25,0.3722014876014602,ocellaris_clownfish,Amphiprion ocellaris,random_forest
932:2843,3.25,104.35,0.15727921685335863,ocellaris_clownfish,Amphiprion ocellaris,random_forest
932:2844,3.25,104.45,0.031010706812359564,ocellaris_clownfish,Amphiprion ocellaris,random_forest
932:2845,3.25,104.55,0.018579401377462706,ocellaris_clownfish,Amphiprion ocellaris,random_forest
932:2846,3.25,104.65,0.018579401377462706,ocellaris_clownfish,Amphiprion ocellaris,random_forest
932:2847,3.25,104.75,0.017975910105642257,ocellaris_clownfish,Amphiprion ocellaris,random_forest
932:2899,3.25,109.95,0.017314707919849907,ocellaris_clownfish,Amphiprion ocellaris,random_forest
932:2900,3.25,110.05,0.017314707919849907,ocellaris_clownfish,Amphiprion ocellaris,random_forest
932:2901,3.25,110.15,0.017314707919849907,ocellaris_clownfish,Amphiprion ocellaris,random_forest
932:2902,3.25,110.25,0.017314707919849907,ocellaris_clownfish,Amphiprion ocellaris,random_forest
932:2903,3.25,110.35,0.017314707919849907,ocellaris_clownfish,Amphiprion ocellaris,random_forest
932:2904,3.25,110.45,0.017314707919849907,ocellaris_clownfish,Amphiprion ocellaris,random_forest
932:2905,3.25,110.55,0.017314707919849907,ocellaris_clownfish,Amphiprion ocellaris,random_forest
932:2906,3.25,110.65,0.017314707919849907,ocellaris_clownfish,Amphiprion ocellaris,random_forest
932:2907,3.25,110.75,0.01689850165833978,ocellaris_clownfish,Amphiprion ocellaris,random_forest
932:2908,3.25,110.85,0.01689850165833978,ocellaris_clownfish,Amphiprion ocellaris,random_forest
932:2909,3.25,110.95,0.01901988742613004,ocellaris_clownfish,Amphiprion ocellaris,random_forest
932:2910,3.25,111.05,0.01992897833522095,ocellaris_clownfish,Amphiprion ocellaris,random_forest
932:2911,3.25,111.15,0.01992897833522095,ocellaris_clownfish,Amphiprion ocellaris,random_forest
932:2912,3.25,111.25,0.02058066372847938,ocellaris_clownfish,Amphiprion ocellaris,random_forest
932:2913,3.25,111.35,0.022017962380191585,ocellaris_clownfish,Amphiprion ocellaris,random_forest
932:2914,3.25,111.45,0.024225924846567007,ocellaris_clownfish,Amphiprion ocellaris,random_forest
932:2915,3.25,111.55,0.027438682713284375,ocellaris_clownfish,Amphiprion ocellaris,random_forest
932:2916,3.25,111.65,0.028157432713284372,ocellaris_clownfish,Amphiprion ocellaris,random_forest
932:2917,3.25,111.75,0.028157432713284372,ocellaris_clownfish,Amphiprion ocellaris,random_forest
932:2918,3.25,111.85,0.032328541988392426,ocellaris_clownfish,Amphiprion ocellaris,random_forest
932:2919,3.25,111.95,0.038160259759285026,ocellaris_clownfish,Amphiprion ocellaris,random_forest
932:2920,3.25,112.05,0.038160259759285026,ocellaris_clownfish,Amphiprion ocellaris,random_forest
932:2921,3.25,112.15,0.04151499931167163,ocellaris_clownfish,Amphiprion ocellaris,random_forest
932:2922,3.25,112.25,0.04474031812957221,ocellaris_clownfish,Amphiprion ocellaris,random_forest
932:2923,3.25,112.35,0.04567420242709287,ocellaris_clownfish,Amphiprion ocellaris,random_forest
932:2924,3.25,112.45,0.04567420242709287,ocellaris_clownfish,Amphiprion ocellaris,random_forest
932:2925,3.25,112.55,0.04567420242709287,ocellaris_clownfish,Amphiprion ocellaris,random_forest
932:2926,3.25,112.65,0.05041130438956488,ocellaris_clownfish,Amphiprion ocellaris,random_forest
932:2927,3.25,112.75,0.05201243194418079,ocellaris_clownfish,Amphiprion ocellaris,random_forest
932:2928,3.25,112.85,0.05671042892371487,ocellaris_clownfish,Amphiprion ocellaris,random_forest
932:2929,3.25,112.95,0.06928600646588057,ocellaris_clownfish,Amphiprion ocellaris,random_forest
932:2930,3.25,113.05,0.06993769185913899,ocellaris_clownfish,Amphiprion ocellaris,random_forest
932:2994,3.25,119.45,0.8035048651827748,ocellaris_clownfish,Amphiprion ocellaris,random_forest
932:2995,3.25,119.55,0.8035048651827748,ocellaris_clownfish,Amphiprion ocellaris,random_forest
932:2996,3.25,119.65,0.8035048651827748,ocellaris_clownfish,Amphiprion ocellaris,random_forest
932:2997,3.25,119.75,0.8035048651827748,ocellaris_clownfish,Amphiprion ocellaris,random_forest
932:2998,3.25,119.85,0.8035048651827748,ocellaris_clownfish,Amphiprion ocellaris,random_forest
933:2804,3.35,100.45,0.18957753429772672,ocellaris_clownfish,Amphiprion ocellaris,random_forest
933:2805,3.35,100.55,0.19732691395005889,ocellaris_clownfish,Amphiprion ocellaris,random_forest
933:2806,3.35,100.65,0.19732691395005889,ocellaris_clownfish,Amphiprion ocellaris,random_forest
933:2807,3.35,100.75,0.19732691395005889,ocellaris_clownfish,Amphiprion ocellaris,random_forest
933:2808,3.35,100.85,0.19732691395005889,ocellaris_clownfish,Amphiprion ocellaris,random_forest
933:2809,3.35,100.95,0.19732691395005889,ocellaris_clownfish,Amphiprion ocellaris,random_forest
933:2810,3.35,101.05,0.19732691395005889,ocellaris_clownfish,Amphiprion ocellaris,random_forest
933:2811,3.35,101.15,0.19732691395005889,ocellaris_clownfish,Amphiprion ocellaris,random_forest
933:2834,3.35,103.45,0.31508047014605145,ocellaris_clownfish,Amphiprion ocellaris,random_forest
933:2835,3.35,103.55,0.32330476754938064,ocellaris_clownfish,Amphiprion ocellaris,random_forest
933:2836,3.35,103.65,0.32330476754938064,ocellaris_clownfish,Amphiprion ocellaris,random_forest
933:2837,3.35,103.75,0.2723932970836848,ocellaris_clownfish,Amphiprion ocellaris,random_forest
933:2838,3.35,103.85,0.25345424015587575,ocellaris_clownfish,Amphiprion ocellaris,random_forest
933:2839,3.35,103.95,0.2514670607635809,ocellaris_clownfish,Amphiprion ocellaris,random_forest
933:2840,3.35,104.05,0.28057155539346673,ocellaris_clownfish,Amphiprion ocellaris,random_forest
933:2841,3.35,104.15,0.3886422764006882,ocellaris_clownfish,Amphiprion ocellaris,random_forest
933:2842,3.35,104.25,0.34598800976871075,ocellaris_clownfish,Amphiprion ocellaris,random_forest
933:2843,3.35,104.35,0.13670257055743304,ocellaris_clownfish,Amphiprion ocellaris,random_forest
933:2844,3.35,104.45,0.017995545749539307,ocellaris_clownfish,Amphiprion ocellaris,random_forest
933:2845,3.35,104.55,0.00923162785789504,ocellaris_clownfish,Amphiprion ocellaris,random_forest
933:2846,3.35,104.65,0.00923162785789504,ocellaris_clownfish,Amphiprion ocellaris,random_forest
933:2847,3.35,104.75,0.00862813658607459,ocellaris_clownfish,Amphiprion ocellaris,random_forest
933:2899,3.35,109.95,0.00796693440028224,ocellaris_clownfish,Amphiprion ocellaris,random_forest
933:2900,3.35,110.05,0.00796693440028224,ocellaris_clownfish,Amphiprion ocellaris,random_forest
933:2901,3.35,110.15,0.00796693440028224,ocellaris_clownfish,Amphiprion ocellaris,random_forest
933:2902,3.35,110.25,0.00796693440028224,ocellaris_clownfish,Amphiprion ocellaris,random_forest
933:2903,3.35,110.35,0.00796693440028224,ocellaris_clownfish,Amphiprion ocellaris,random_forest
933:2904,3.35,110.45,0.00796693440028224,ocellaris_clownfish,Amphiprion ocellaris,random_forest
933:2905,3.35,110.55,0.00796693440028224,ocellaris_clownfish,Amphiprion ocellaris,random_forest
933:2906,3.35,110.65,0.00796693440028224,ocellaris_clownfish,Amphiprion ocellaris,random_forest
933:2907,3.35,110.75,0.0075507281387721115,ocellaris_clownfish,Amphiprion ocellaris,random_forest
933:2908,3.35,110.85,0.0075507281387721115,ocellaris_clownfish,Amphiprion ocellaris,random_forest
933:2909,3.35,110.95,0.009672113906562373,ocellaris_clownfish,Amphiprion ocellaris,random_forest
933:2910,3.35,111.05,0.010581204815653281,ocellaris_clownfish,Amphiprion ocellaris,random_forest
933:2911,3.35,111.15,0.010581204815653281,ocellaris_clownfish,Amphiprion ocellaris,random_forest
933:2912,3.35,111.25,0.011232890208911708,ocellaris_clownfish,Amphiprion ocellaris,random_forest
933:2913,3.35,111.35,0.012670188860623917,ocellaris_clownfish,Amphiprion ocellaris,random_forest
933:2914,3.35,111.45,0.014878151326999345,ocellaris_clownfish,Amphiprion ocellaris,random_forest
933:2915,3.35,111.55,0.01809090919371671,ocellaris_clownfish,Amphiprion ocellaris,random_forest
933:2916,3.35,111.65,0.018809659193716716,ocellaris_clownfish,Amphiprion ocellaris,random_forest
933:2917,3.35,111.75,0.018809659193716716,ocellaris_clownfish,Amphiprion ocellaris,random_forest
933:2918,3.35,111.85,0.022980768468824766,ocellaris_clownfish,Amphiprion ocellaris,random_forest
933:2919,3.35,111.95,0.02881248623971736,ocellaris_clownfish,Amphiprion ocellaris,random_forest
933:2920,3.35,112.05,0.02881248623971736,ocellaris_clownfish,Amphiprion ocellaris,random_forest
933:2921,3.35,112.15,0.03216722579210397,ocellaris_clownfish,Amphiprion ocellaris,random_forest
933:2922,3.35,112.25,0.035392544610004545,ocellaris_clownfish,Amphiprion ocellaris,random_forest
933:2923,3.35,112.35,0.036326428907525195,ocellaris_clownfish,Amphiprion ocellaris,random_forest
933:2924,3.35,112.45,0.036326428907525195,ocellaris_clownfish,Amphiprion ocellaris,random_forest
933:2925,3.35,112.55,0.036326428907525195,ocellaris_clownfish,Amphiprion ocellaris,random_forest
933:2926,3.35,112.65,0.0410635308699972,ocellaris_clownfish,Amphiprion ocellaris,random_forest
933:2927,3.35,112.75,0.042664658424613124,ocellaris_clownfish,Amphiprion ocellaris,random_forest
933:2928,3.35,112.85,0.0473626554041472,ocellaris_clownfish,Amphiprion ocellaris,random_forest
933:2929,3.35,112.95,0.05993823294631289,ocellaris_clownfish,Amphiprion ocellaris,random_forest
933:2930,3.35,113.05,0.060589918339571315,ocellaris_clownfish,Amphiprion ocellaris,random_forest
933:2931,3.35,113.15,0.060589918339571315,ocellaris_clownfish,Amphiprion ocellaris,random_forest
933:2992,3.35,119.25,0.802107274821329,ocellaris_clownfish,Amphiprion ocellaris,random_forest
933:2993,3.35,119.35,0.802107274821329,ocellaris_clownfish,Amphiprion ocellaris,random_forest
933:2994,3.35,119.45,0.802107274821329,ocellaris_clownfish,Amphiprion ocellaris,random_forest
933:2995,3.35,119.55,0.802107274821329,ocellaris_clownfish,Amphiprion ocellaris,random_forest
933:2996,3.35,119.65,0.802107274821329,ocellaris_clownfish,Amphiprion ocellaris,random_forest
933:2997,3.35,119.75,0.802107274821329,ocellaris_clownfish,Amphiprion ocellaris,random_forest
934:2803,3.45,100.35,0.14506150361474063,ocellaris_clownfish,Amphiprion ocellaris,random_forest
934:2804,3.45,100.45,0.1461355776888147,ocellaris_clownfish,Amphiprion ocellaris,random_forest
934:2805,3.45,100.55,0.15388495734114685,ocellaris_clownfish,Amphiprion ocellaris,random_forest
934:2806,3.45,100.65,0.15388495734114685,ocellaris_clownfish,Amphiprion ocellaris,random_forest
934:2807,3.45,100.75,0.15388495734114685,ocellaris_clownfish,Amphiprion ocellaris,random_forest
934:2808,3.45,100.85,0.15388495734114685,ocellaris_clownfish,Amphiprion ocellaris,random_forest
934:2809,3.45,100.95,0.15388495734114685,ocellaris_clownfish,Amphiprion ocellaris,random_forest
934:2810,3.45,101.05,0.15388495734114685,ocellaris_clownfish,Amphiprion ocellaris,random_forest
934:2834,3.45,103.45,0.2761871779719264,ocellaris_clownfish,Amphiprion ocellaris,random_forest
934:2835,3.45,103.55,0.2844114753752554,ocellaris_clownfish,Amphiprion ocellaris,random_forest
934:2836,3.45,103.65,0.2844114753752554,ocellaris_clownfish,Amphiprion ocellaris,random_forest
934:2837,3.45,103.75,0.23180508965532245,ocellaris_clownfish,Amphiprion ocellaris,random_forest
934:2838,3.45,103.85,0.21286603272751337,ocellaris_clownfish,Amphiprion ocellaris,random_forest
934:2839,3.45,103.95,0.21087885333521847,ocellaris_clownfish,Amphiprion ocellaris,random_forest
934:2840,3.45,104.05,0.23998334796510445,ocellaris_clownfish,Amphiprion ocellaris,random_forest
934:2841,3.45,104.15,0.348054068972326,ocellaris_clownfish,Amphiprion ocellaris,random_forest
934:2842,3.45,104.25,0.30668273596642515,ocellaris_clownfish,Amphiprion ocellaris,random_forest
934:2843,3.45,104.35,0.11385489225865586,ocellaris_clownfish,Amphiprion ocellaris,random_forest
934:2844,3.45,104.45,0.014224718896956205,ocellaris_clownfish,Amphiprion ocellaris,random_forest
934:2845,3.45,104.55,0.007071722507018419,ocellaris_clownfish,Amphiprion ocellaris,random_forest
934:2846,3.45,104.65,0.007071722507018419,ocellaris_clownfish,Amphiprion ocellaris,random_forest
934:2847,3.45,104.75,0.006468231235197971,ocellaris_clownfish,Amphiprion ocellaris,random_forest
934:2899,3.45,109.95,0.005807029049405622,ocellaris_clownfish,Amphiprion ocellaris,random_forest
934:2900,3.45,110.05,0.005807029049405622,ocellaris_clownfish,Amphiprion ocellaris,random_forest
934:2901,3.45,110.15,0.005807029049405622,ocellaris_clownfish,Amphiprion ocellaris,random_forest
934:2902,3.45,110.25,0.005807029049405622,ocellaris_clownfish,Amphiprion ocellaris,random_forest
934:2903,3.45,110.35,0.005807029049405622,ocellaris_clownfish,Amphiprion ocellaris,random_forest
934:2904,3.45,110.45,0.005807029049405622,ocellaris_clownfish,Amphiprion ocellaris,random_forest
934:2905,3.45,110.55,0.005807029049405622,ocellaris_clownfish,Amphiprion ocellaris,random_forest
934:2906,3.45,110.65,0.005807029049405622,ocellaris_clownfish,Amphiprion ocellaris,random_forest
934:2907,3.45,110.75,0.005390822787895493,ocellaris_clownfish,Amphiprion ocellaris,random_forest
934:2908,3.45,110.85,0.005390822787895493,ocellaris_clownfish,Amphiprion ocellaris,random_forest
934:2909,3.45,110.95,0.007512208555685754,ocellaris_clownfish,Amphiprion ocellaris,random_forest
934:2910,3.45,111.05,0.008421299464776663,ocellaris_clownfish,Amphiprion ocellaris,random_forest
934:2911,3.45,111.15,0.008421299464776663,ocellaris_clownfish,Amphiprion ocellaris,random_forest
934:2912,3.45,111.25,0.00907298485803509,ocellaris_clownfish,Amphiprion ocellaris,random_forest
934:2913,3.45,111.35,0.010510283509747295,ocellaris_clownfish,Amphiprion ocellaris,random_forest
934:2914,3.45,111.45,0.012718245976122726,ocellaris_clownfish,Amphiprion ocellaris,random_forest
934:2915,3.45,111.55,0.015931003842840092,ocellaris_clownfish,Amphiprion ocellaris,random_forest
934:2916,3.45,111.65,0.016649753842840093,ocellaris_clownfish,Amphiprion ocellaris,random_forest
934:2917,3.45,111.75,0.016649753842840093,ocellaris_clownfish,Amphiprion ocellaris,random_forest
934:2918,3.45,111.85,0.02082086311794815,ocellaris_clownfish,Amphiprion ocellaris,random_forest
934:2919,3.45,111.95,0.026652580888840743,ocellaris_clownfish,Amphiprion ocellaris,random_forest
934:2920,3.45,112.05,0.026652580888840743,ocellaris_clownfish,Amphiprion ocellaris,random_forest
934:2921,3.45,112.15,0.03000732044122735,ocellaris_clownfish,Amphiprion ocellaris,random_forest
934:2922,3.45,112.25,0.03323263925912792,ocellaris_clownfish,Amphiprion ocellaris,random_forest
934:2923,3.45,112.35,0.034166523556648586,ocellaris_clownfish,Amphiprion ocellaris,random_forest
934:2924,3.45,112.45,0.034166523556648586,ocellaris_clownfish,Amphiprion ocellaris,random_forest
934:2925,3.45,112.55,0.034166523556648586,ocellaris_clownfish,Amphiprion ocellaris,random_forest
934:2926,3.45,112.65,0.038903625519120584,ocellaris_clownfish,Amphiprion ocellaris,random_forest
934:2927,3.45,112.75,0.04050475307373651,ocellaris_clownfish,Amphiprion ocellaris,random_forest
934:2928,3.45,112.85,0.04597244702296755,ocellaris_clownfish,Amphiprion ocellaris,random_forest
934:2929,3.45,112.95,0.058548024565133236,ocellaris_clownfish,Amphiprion ocellaris,random_forest
934:2930,3.45,113.05,0.05919970995839166,ocellaris_clownfish,Amphiprion ocellaris,random_forest
934:2931,3.45,113.15,0.05919970995839166,ocellaris_clownfish,Amphiprion ocellaris,random_forest
934:2990,3.45,119.05,0.802803140611199,ocellaris_clownfish,Amphiprion ocellaris,random_forest
934:2991,3.45,119.15,0.802803140611199,ocellaris_clownfish,Amphiprion ocellaris,random_forest
934:2992,3.45,119.25,0.802803140611199,ocellaris_clownfish,Amphiprion ocellaris,random_forest
934:2993,3.45,119.35,0.802803140611199,ocellaris_clownfish,Amphiprion ocellaris,random_forest
934:2994,3.45,119.45,0.802803140611199,ocellaris_clownfish,Amphiprion ocellaris,random_forest
934:2995,3.45,119.55,0.802803140611199,ocellaris_clownfish,Amphiprion ocellaris,random_forest
934:2996,3.45,119.65,0.802803140611199,ocellaris_clownfish,Amphiprion ocellaris,random_forest
935:2802,3.55,100.25,0.13046978645978488,ocellaris_clownfish,Amphiprion ocellaris,random_forest
935:2803,3.55,100.35,0.13046978645978488,ocellaris_clownfish,Amphiprion ocellaris,random_forest
935:2804,3.55,100.45,0.13154386053385894,ocellaris_clownfish,Amphiprion ocellaris,random_forest
935:2805,3.55,100.55,0.13929324018619105,ocellaris_clownfish,Amphiprion ocellaris,random_forest
935:2806,3.55,100.65,0.13929324018619105,ocellaris_clownfish,Amphiprion ocellaris,random_forest
935:2807,3.55,100.75,0.13929324018619105,ocellaris_clownfish,Amphiprion ocellaris,random_forest
935:2808,3.55,100.85,0.13929324018619105,ocellaris_clownfish,Amphiprion ocellaris,random_forest
935:2809,3.55,100.95,0.13929324018619105,ocellaris_clownfish,Amphiprion ocellaris,random_forest
935:2810,3.55,101.05,0.13929324018619105,ocellaris_clownfish,Amphiprion ocellaris,random_forest
935:2834,3.55,103.45,0.25847810985236863,ocellaris_clownfish,Amphiprion ocellaris,random_forest
935:2835,3.55,103.55,0.2667024072556977,ocellaris_clownfish,Amphiprion ocellaris,random_forest
935:2836,3.55,103.65,0.2667024072556977,ocellaris_clownfish,Amphiprion ocellaris,random_forest
935:2837,3.55,103.75,0.21279290538845602,ocellaris_clownfish,Amphiprion ocellaris,random_forest
935:2838,3.55,103.85,0.19385384846064693,ocellaris_clownfish,Amphiprion ocellaris,random_forest
935:2839,3.55,103.95,0.19186666906835206,ocellaris_clownfish,Amphiprion ocellaris,random_forest
935:2840,3.55,104.05,0.22097116369823797,ocellaris_clownfish,Amphiprion ocellaris,random_forest
935:2841,3.55,104.15,0.32904188470545953,ocellaris_clownfish,Amphiprion ocellaris,random_forest
935:2842,3.55,104.25,0.29239675835111656,ocellaris_clownfish,Amphiprion ocellaris,random_forest
935:2843,3.55,104.35,0.10572709906831838,ocellaris_clownfish,Amphiprion ocellaris,random_forest
935:2844,3.55,104.45,0.012691476020429747,ocellaris_clownfish,Amphiprion ocellaris,random_forest
935:2845,3.55,104.55,0.007071722507018419,ocellaris_clownfish,Amphiprion ocellaris,random_forest
935:2846,3.55,104.65,0.007071722507018419,ocellaris_clownfish,Amphiprion ocellaris,random_forest
935:2847,3.55,104.75,0.006468231235197971,ocellaris_clownfish,Amphiprion ocellaris,random_forest
935:2899,3.55,109.95,0.005807029049405622,ocellaris_clownfish,Amphiprion ocellaris,random_forest
935:2900,3.55,110.05,0.005807029049405622,ocellaris_clownfish,Amphiprion ocellaris,random_forest
935:2901,3.55,110.15,0.005807029049405622,ocellaris_clownfish,Amphiprion ocellaris,random_forest
935:2902,3.55,110.25,0.005807029049405622,ocellaris_clownfish,Amphiprion ocellaris,random_forest
935:2903,3.55,110.35,0.005807029049405622,ocellaris_clownfish,Amphiprion ocellaris,random_forest
935:2904,3.55,110.45,0.005807029049405622,ocellaris_clownfish,Amphiprion ocellaris,random_forest
935:2905,3.55,110.55,0.005807029049405622,ocellaris_clownfish,Amphiprion ocellaris,random_forest
935:2906,3.55,110.65,0.005807029049405622,ocellaris_clownfish,Amphiprion ocellaris,random_forest
935:2907,3.55,110.75,0.005390822787895493,ocellaris_clownfish,Amphiprion ocellaris,random_forest
935:2908,3.55,110.85,0.005390822787895493,ocellaris_clownfish,Amphiprion ocellaris,random_forest
935:2909,3.55,110.95,0.007512208555685754,ocellaris_clownfish,Amphiprion ocellaris,random_forest
935:2910,3.55,111.05,0.008421299464776663,ocellaris_clownfish,Amphiprion ocellaris,random_forest
935:2911,3.55,111.15,0.008421299464776663,ocellaris_clownfish,Amphiprion ocellaris,random_forest
935:2912,3.55,111.25,0.00907298485803509,ocellaris_clownfish,Amphiprion ocellaris,random_forest
935:2913,3.55,111.35,0.010510283509747295,ocellaris_clownfish,Amphiprion ocellaris,random_forest
935:2914,3.55,111.45,0.012718245976122726,ocellaris_clownfish,Amphiprion ocellaris,random_forest
935:2915,3.55,111.55,0.015931003842840092,ocellaris_clownfish,Amphiprion ocellaris,random_forest
935:2916,3.55,111.65,0.016649753842840093,ocellaris_clownfish,Amphiprion ocellaris,random_forest
935:2917,3.55,111.75,0.016649753842840093,ocellaris_clownfish,Amphiprion ocellaris,random_forest
935:2918,3.55,111.85,0.02082086311794815,ocellaris_clownfish,Amphiprion ocellaris,random_forest
935:2919,3.55,111.95,0.026652580888840743,ocellaris_clownfish,Amphiprion ocellaris,random_forest
935:2920,3.55,112.05,0.026652580888840743,ocellaris_clownfish,Amphiprion ocellaris,random_forest
935:2921,3.55,112.15,0.03000732044122735,ocellaris_clownfish,Amphiprion ocellaris,random_forest
935:2922,3.55,112.25,0.03323263925912792,ocellaris_clownfish,Amphiprion ocellaris,random_forest
935:2923,3.55,112.35,0.034166523556648586,ocellaris_clownfish,Amphiprion ocellaris,random_forest
935:2924,3.55,112.45,0.034166523556648586,ocellaris_clownfish,Amphiprion ocellaris,random_forest
935:2925,3.55,112.55,0.034166523556648586,ocellaris_clownfish,Amphiprion ocellaris,random_forest
935:2926,3.55,112.65,0.038903625519120584,ocellaris_clownfish,Amphiprion ocellaris,random_forest
935:2927,3.55,112.75,0.04050475307373651,ocellaris_clownfish,Amphiprion ocellaris,random_forest
935:2928,3.55,112.85,0.04597244702296755,ocellaris_clownfish,Amphiprion ocellaris,random_forest
935:2929,3.55,112.95,0.058548024565133236,ocellaris_clownfish,Amphiprion ocellaris,random_forest
935:2930,3.55,113.05,0.05919970995839166,ocellaris_clownfish,Amphiprion ocellaris,random_forest
935:2931,3.55,113.15,0.05919970995839166,ocellaris_clownfish,Amphiprion ocellaris,random_forest
935:2932,3.55,113.25,0.06366497557806448,ocellaris_clownfish,Amphiprion ocellaris,random_forest
935:2988,3.55,118.85,0.802803140611199,ocellaris_clownfish,Amphiprion ocellaris,random_forest
935:2989,3.55,118.95,0.802803140611199,ocellaris_clownfish,Amphiprion ocellaris,random_forest
935:2990,3.55,119.05,0.802803140611199,ocellaris_clownfish,Amphiprion ocellaris,random_forest
935:2991,3.55,119.15,0.802803140611199,ocellaris_clownfish,Amphiprion ocellaris,random_forest
935:2992,3.55,119.25,0.802803140611199,ocellaris_clownfish,Amphiprion ocellaris,random_forest
935:2993,3.55,119.35,0.802803140611199,ocellaris_clownfish,Amphiprion ocellaris,random_forest
935:2994,3.55,119.45,0.802803140611199,ocellaris_clownfish,Amphiprion ocellaris,random_forest
935:2995,3.55,119.55,0.802803140611199,ocellaris_clownfish,Amphiprion ocellaris,random_forest
936:2801,3.65,100.15,0.09983758289417603,ocellaris_clownfish,Amphiprion ocellaris,random_forest
936:2802,3.65,100.25,0.12047175710037841,ocellaris_clownfish,Amphiprion ocellaris,random_forest
936:2803,3.65,100.35,0.12047175710037841,ocellaris_clownfish,Amphiprion ocellaris,random_forest
936:2804,3.65,100.45,0.12154583117445249,ocellaris_clownfish,Amphiprion ocellaris,random_forest
936:2805,3.65,100.55,0.12929521082678463,ocellaris_clownfish,Amphiprion ocellaris,random_forest
936:2806,3.65,100.65,0.12929521082678463,ocellaris_clownfish,Amphiprion ocellaris,random_forest
936:2807,3.65,100.75,0.12929521082678463,ocellaris_clownfish,Amphiprion ocellaris,random_forest
936:2808,3.65,100.85,0.12929521082678463,ocellaris_clownfish,Amphiprion ocellaris,random_forest
936:2809,3.65,100.95,0.12929521082678463,ocellaris_clownfish,Amphiprion ocellaris,random_forest
936:2834,3.65,103.45,0.24784374083589367,ocellaris_clownfish,Amphiprion ocellaris,random_forest
936:2835,3.65,103.55,0.25606803823922286,ocellaris_clownfish,Amphiprion ocellaris,random_forest
936:2836,3.65,103.65,0.25606803823922286,ocellaris_clownfish,Amphiprion ocellaris,random_forest
936:2837,3.65,103.75,0.20215853637198117,ocellaris_clownfish,Amphiprion ocellaris,random_forest
936:2838,3.65,103.85,0.183219479444172,ocellaris_clownfish,Amphiprion ocellaris,random_forest
936:2839,3.65,103.95,0.18123230005187713,ocellaris_clownfish,Amphiprion ocellaris,random_forest
936:2840,3.65,104.05,0.21033679468176306,ocellaris_clownfish,Amphiprion ocellaris,random_forest
936:2841,3.65,104.15,0.3184075156889847,ocellaris_clownfish,Amphiprion ocellaris,random_forest
936:2842,3.65,104.25,0.284904335082665,ocellaris_clownfish,Amphiprion ocellaris,random_forest
936:2843,3.65,104.35,0.10318260890041484,ocellaris_clownfish,Amphiprion ocellaris,random_forest
936:2844,3.65,104.45,0.011932700138240495,ocellaris_clownfish,Amphiprion ocellaris,random_forest
936:2845,3.65,104.55,0.006665112579679688,ocellaris_clownfish,Amphiprion ocellaris,random_forest
936:2846,3.65,104.65,0.006665112579679688,ocellaris_clownfish,Amphiprion ocellaris,random_forest
936:2847,3.65,104.75,0.0060616213078592395,ocellaris_clownfish,Amphiprion ocellaris,random_forest
936:2900,3.65,110.05,0.00540041912206689,ocellaris_clownfish,Amphiprion ocellaris,random_forest
936:2901,3.65,110.15,0.00540041912206689,ocellaris_clownfish,Amphiprion ocellaris,random_forest
936:2902,3.65,110.25,0.00540041912206689,ocellaris_clownfish,Amphiprion ocellaris,random_forest
936:2903,3.65,110.35,0.00540041912206689,ocellaris_clownfish,Amphiprion ocellaris,random_forest
936:2904,3.65,110.45,0.00540041912206689,ocellaris_clownfish,Amphiprion ocellaris,random_forest
936:2905,3.65,110.55,0.00540041912206689,ocellaris_clownfish,Amphiprion ocellaris,random_forest
936:2906,3.65,110.65,0.00540041912206689,ocellaris_clownfish,Amphiprion ocellaris,random_forest
936:2907,3.65,110.75,0.00498421286055676,ocellaris_clownfish,Amphiprion ocellaris,random_forest
936:2908,3.65,110.85,0.00498421286055676,ocellaris_clownfish,Amphiprion ocellaris,random_forest
936:2909,3.65,110.95,0.007105598628347022,ocellaris_clownfish,Amphiprion ocellaris,random_forest
936:2910,3.65,111.05,0.008014689537437931,ocellaris_clownfish,Amphiprion ocellaris,random_forest
936:2911,3.65,111.15,0.008014689537437931,ocellaris_clownfish,Amphiprion ocellaris,random_forest
936:2912,3.65,111.25,0.008666374930696358,ocellaris_clownfish,Amphiprion ocellaris,random_forest
936:2913,3.65,111.35,0.010103673582408563,ocellaris_clownfish,Amphiprion ocellaris,random_forest
936:2914,3.65,111.45,0.012311636048783992,ocellaris_clownfish,Amphiprion ocellaris,random_forest
936:2915,3.65,111.55,0.01552439391550136,ocellaris_clownfish,Amphiprion ocellaris,random_forest
936:2916,3.65,111.65,0.01624314391550136,ocellaris_clownfish,Amphiprion ocellaris,random_forest
936:2917,3.65,111.75,0.01624314391550136,ocellaris_clownfish,Amphiprion ocellaris,random_forest
936:2918,3.65,111.85,0.020414253190609417,ocellaris_clownfish,Amphiprion ocellaris,random_forest
936:2919,3.65,111.95,0.026245970961502014,ocellaris_clownfish,Amphiprion ocellaris,random_forest
936:2920,3.65,112.05,0.026245970961502014,ocellaris_clownfish,Amphiprion ocellaris,random_forest
936:2921,3.65,112.15,0.029600710513888618,ocellaris_clownfish,Amphiprion ocellaris,random_forest
936:2922,3.65,112.25,0.03282602933178919,ocellaris_clownfish,Amphiprion ocellaris,random_forest
936:2923,3.65,112.35,0.03375991362930986,ocellaris_clownfish,Amphiprion ocellaris,random_forest
936:2924,3.65,112.45,0.03375991362930986,ocellaris_clownfish,Amphiprion ocellaris,random_forest
936:2925,3.65,112.55,0.03375991362930986,ocellaris_clownfish,Amphiprion ocellaris,random_forest
936:2926,3.65,112.65,0.038497015591781855,ocellaris_clownfish,Amphiprion ocellaris,random_forest
936:2927,3.65,112.75,0.04009814314639777,ocellaris_clownfish,Amphiprion ocellaris,random_forest
936:2928,3.65,112.85,0.045565837095628815,ocellaris_clownfish,Amphiprion ocellaris,random_forest
936:2929,3.65,112.95,0.05814141463779451,ocellaris_clownfish,Amphiprion ocellaris,random_forest
936:2930,3.65,113.05,0.05879310003105293,ocellaris_clownfish,Amphiprion ocellaris,random_forest
936:2931,3.65,113.15,0.05879310003105293,ocellaris_clownfish,Amphiprion ocellaris,random_forest
936:2932,3.65,113.25,0.06386399945354265,ocellaris_clownfish,Amphiprion ocellaris,random_forest
936:2933,3.65,113.35,0.06551371696766696,ocellaris_clownfish,Amphiprion ocellaris,random_forest
936:2987,3.65,118.75,0.807360698322224,ocellaris_clownfish,Amphiprion ocellaris,random_forest
936:2988,3.65,118.85,0.802803140611199,ocellaris_clownfish,Amphiprion ocellaris,random_forest
936:2989,3.65,118.95,0.802803140611199,ocellaris_clownfish,Amphiprion ocellaris,random_forest
936:2990,3.65,119.05,0.802803140611199,ocellaris_clownfish,Amphiprion ocellaris,random_forest
936:2991,3.65,119.15,0.802803140611199,ocellaris_clownfish,Amphiprion ocellaris,random_forest
936:2992,3.65,119.25,0.802803140611199,ocellaris_clownfish,Amphiprion ocellaris,random_forest
936:2993,3.65,119.35,0.802803140611199,ocellaris_clownfish,Amphiprion ocellaris,random_forest
936:2994,3.65,119.45,0.802803140611199,ocellaris_clownfish,Amphiprion ocellaris,random_forest
936:2995,3.65,119.55,0.802803140611199,ocellaris_clownfish,Amphiprion ocellaris,random_forest
937:2800,3.75,100.05,0.09822888724200213,ocellaris_clownfish,Amphiprion ocellaris,random_forest
937:2801,3.75,100.15,0.09822888724200213,ocellaris_clownfish,Amphiprion ocellaris,random_forest
937:2802,3.75,100.25,0.11962594804614265,ocellaris_clownfish,Amphiprion ocellaris,random_forest
937:2803,3.75,100.35,0.11962594804614265,ocellaris_clownfish,Amphiprion ocellaris,random_forest
937:2804,3.75,100.45,0.12070002212021673,ocellaris_clownfish,Amphiprion ocellaris,random_forest
937:2805,3.75,100.55,0.12844940177254888,ocellaris_clownfish,Amphiprion ocellaris,random_forest
937:2806,3.75,100.65,0.12844940177254888,ocellaris_clownfish,Amphiprion ocellaris,random_forest
937:2807,3.75,100.75,0.12844940177254888,ocellaris_clownfish,Amphiprion ocellaris,random_forest
937:2808,3.75,100.85,0.12844940177254888,ocellaris_clownfish,Amphiprion ocellaris,random_forest
937:2833,3.75,103.35,0.24662920781154402,ocellaris_clownfish,Amphiprion ocellaris,random_forest
937:2834,3.75,103.45,0.24498809885563788,ocellaris_clownfish,Amphiprion ocellaris,random_forest
937:2835,3.75,103.55,0.2525251019864193,ocellaris_clownfish,Amphiprion ocellaris,random_forest
937:2836,3.75,103.65,0.2525251019864193,ocellaris_clownfish,Amphiprion ocellaris,random_forest
937:2837,3.75,103.75,0.1986156001191776,ocellaris_clownfish,Amphiprion ocellaris,random_forest
937:2838,3.75,103.85,0.1796765431913685,ocellaris_clownfish,Amphiprion ocellaris,random_forest
937:2839,3.75,103.95,0.17768936379907363,ocellaris_clownfish,Amphiprion ocellaris,random_forest
937:2840,3.75,104.05,0.20679385842895948,ocellaris_clownfish,Amphiprion ocellaris,random_forest
937:2841,3.75,104.15,0.3148645794361811,ocellaris_clownfish,Amphiprion ocellaris,random_forest
937:2842,3.75,104.25,0.28220720788409726,ocellaris_clownfish,Amphiprion ocellaris,random_forest
937:2843,3.75,104.35,0.10318260890041484,ocellaris_clownfish,Amphiprion ocellaris,random_forest
937:2844,3.75,104.45,0.011932700138240495,ocellaris_clownfish,Amphiprion ocellaris,random_forest
937:2845,3.75,104.55,0.006665112579679688,ocellaris_clownfish,Amphiprion ocellaris,random_forest
937:2846,3.75,104.65,0.006665112579679688,ocellaris_clownfish,Amphiprion ocellaris,random_forest
937:2847,3.75,104.75,0.0060616213078592395,ocellaris_clownfish,Amphiprion ocellaris,random_forest
937:2900,3.75,110.05,0.00540041912206689,ocellaris_clownfish,Amphiprion ocellaris,random_forest
937:2901,3.75,110.15,0.00540041912206689,ocellaris_clownfish,Amphiprion ocellaris,random_forest
937:2902,3.75,110.25,0.00540041912206689,ocellaris_clownfish,Amphiprion ocellaris,random_forest
937:2903,3.75,110.35,0.00540041912206689,ocellaris_clownfish,Amphiprion ocellaris,random_forest
937:2904,3.75,110.45,0.00540041912206689,ocellaris_clownfish,Amphiprion ocellaris,random_forest
937:2905,3.75,110.55,0.00540041912206689,ocellaris_clownfish,Amphiprion ocellaris,random_forest
937:2906,3.75,110.65,0.00540041912206689,ocellaris_clownfish,Amphiprion ocellaris,random_forest
937:2907,3.75,110.75,0.00498421286055676,ocellaris_clownfish,Amphiprion ocellaris,random_forest
937:2908,3.75,110.85,0.00498421286055676,ocellaris_clownfish,Amphiprion ocellaris,random_forest
937:2909,3.75,110.95,0.007105598628347022,ocellaris_clownfish,Amphiprion ocellaris,random_forest
937:2910,3.75,111.05,0.008014689537437931,ocellaris_clownfish,Amphiprion ocellaris,random_forest
937:2911,3.75,111.15,0.008014689537437931,ocellaris_clownfish,Amphiprion ocellaris,random_forest
937:2912,3.75,111.25,0.008666374930696358,ocellaris_clownfish,Amphiprion ocellaris,random_forest
937:2913,3.75,111.35,0.010103673582408563,ocellaris_clownfish,Amphiprion ocellaris,random_forest
937:2914,3.75,111.45,0.012311636048783992,ocellaris_clownfish,Amphiprion ocellaris,random_forest
937:2915,3.75,111.55,0.01552439391550136,ocellaris_clownfish,Amphiprion ocellaris,random_forest
937:2916,3.75,111.65,0.01624314391550136,ocellaris_clownfish,Amphiprion ocellaris,random_forest
937:2917,3.75,111.75,0.01624314391550136,ocellaris_clownfish,Amphiprion ocellaris,random_forest
937:2918,3.75,111.85,0.020414253190609417,ocellaris_clownfish,Amphiprion ocellaris,random_forest
937:2919,3.75,111.95,0.026245970961502014,ocellaris_clownfish,Amphiprion ocellaris,random_forest
937:2920,3.75,112.05,0.026245970961502014,ocellaris_clownfish,Amphiprion ocellaris,random_forest
937:2921,3.75,112.15,0.029600710513888618,ocellaris_clownfish,Amphiprion ocellaris,random_forest
937:2922,3.75,112.25,0.03282602933178919,ocellaris_clownfish,Amphiprion ocellaris,random_forest
937:2923,3.75,112.35,0.03375991362930986,ocellaris_clownfish,Amphiprion ocellaris,random_forest
937:2924,3.75,112.45,0.03375991362930986,ocellaris_clownfish,Amphiprion ocellaris,random_forest
937:2925,3.75,112.55,0.03375991362930986,ocellaris_clownfish,Amphiprion ocellaris,random_forest
937:2926,3.75,112.65,0.038497015591781855,ocellaris_clownfish,Amphiprion ocellaris,random_forest
937:2927,3.75,112.75,0.04009814314639777,ocellaris_clownfish,Amphiprion ocellaris,random_forest
937:2928,3.75,112.85,0.045565837095628815,ocellaris_clownfish,Amphiprion ocellaris,random_forest
937:2929,3.75,112.95,0.05814141463779451,ocellaris_clownfish,Amphiprion ocellaris,random_forest
937:2930,3.75,113.05,0.05879310003105293,ocellaris_clownfish,Amphiprion ocellaris,random_forest
937:2931,3.75,113.15,0.05879310003105293,ocellaris_clownfish,Amphiprion ocellaris,random_forest
937:2932,3.75,113.25,0.06386399945354265,ocellaris_clownfish,Amphiprion ocellaris,random_forest
937:2933,3.75,113.35,0.06551371696766696,ocellaris_clownfish,Amphiprion ocellaris,random_forest
937:2985,3.75,118.55,0.6913852542800374,ocellaris_clownfish,Amphiprion ocellaris,random_forest
937:2986,3.75,118.65,0.7898927686246245,ocellaris_clownfish,Amphiprion ocellaris,random_forest
937:2987,3.75,118.75,0.807360698322224,ocellaris_clownfish,Amphiprion ocellaris,random_forest
937:2988,3.75,118.85,0.802803140611199,ocellaris_clownfish,Amphiprion ocellaris,random_forest
937:2989,3.75,118.95,0.802803140611199,ocellaris_clownfish,Amphiprion ocellaris,random_forest
937:2990,3.75,119.05,0.802803140611199,ocellaris_clownfish,Amphiprion ocellaris,random_forest
937:2991,3.75,119.15,0.802803140611199,ocellaris_clownfish,Amphiprion ocellaris,random_forest
937:2992,3.75,119.25,0.802803140611199,ocellaris_clownfish,Amphiprion ocellaris,random_forest
937:2993,3.75,119.35,0.802803140611199,ocellaris_clownfish,Amphiprion ocellaris,random_forest
937:2994,3.75,119.45,0.802803140611199,ocellaris_clownfish,Amphiprion ocellaris,random_forest
938:2799,3.85,99.95,0.08083734836784277,ocellaris_clownfish,Amphiprion ocellaris,random_forest
938:2800,3.85,100.05,0.09020685166162423,ocellaris_clownfish,Amphiprion ocellaris,random_forest
938:2801,3.85,100.15,0.09020685166162423,ocellaris_clownfish,Amphiprion ocellaris,random_forest
938:2802,3.85,100.25,0.11160391246576476,ocellaris_clownfish,Amphiprion ocellaris,random_forest
938:2803,3.85,100.35,0.11160391246576476,ocellaris_clownfish,Amphiprion ocellaris,random_forest
938:2804,3.85,100.45,0.11267798653983882,ocellaris_clownfish,Amphiprion ocellaris,random_forest
938:2805,3.85,100.55,0.12042736619217097,ocellaris_clownfish,Amphiprion ocellaris,random_forest
938:2806,3.85,100.65,0.12042736619217097,ocellaris_clownfish,Amphiprion ocellaris,random_forest
938:2807,3.85,100.75,0.12042736619217097,ocellaris_clownfish,Amphiprion ocellaris,random_forest
938:2808,3.85,100.85,0.12042736619217097,ocellaris_clownfish,Amphiprion ocellaris,random_forest
938:2834,3.85,103.45,0.2345400453788248,ocellaris_clownfish,Amphiprion ocellaris,random_forest
938:2835,3.85,103.55,0.24308949664238627,ocellaris_clownfish,Amphiprion ocellaris,random_forest
938:2836,3.85,103.65,0.24308949664238627,ocellaris_clownfish,Amphiprion ocellaris,random_forest
938:2837,3.85,103.75,0.18917999477514458,ocellaris_clownfish,Amphiprion ocellaris,random_forest
938:2838,3.85,103.85,0.17024093784733552,ocellaris_clownfish,Amphiprion ocellaris,random_forest
938:2839,3.85,103.95,0.1682537584550406,ocellaris_clownfish,Amphiprion ocellaris,random_forest
938:2840,3.85,104.05,0.19735825308492655,ocellaris_clownfish,Amphiprion ocellaris,random_forest
938:2841,3.85,104.15,0.3054289740921481,ocellaris_clownfish,Amphiprion ocellaris,random_forest
938:2842,3.85,104.25,0.27550713735724086,ocellaris_clownfish,Amphiprion ocellaris,random_forest
938:2843,3.85,104.35,0.10477009207198155,ocellaris_clownfish,Amphiprion ocellaris,random_forest
938:2844,3.85,104.45,0.014570883081601137,ocellaris_clownfish,Amphiprion ocellaris,random_forest
938:2845,3.85,104.55,0.009303295523040328,ocellaris_clownfish,Amphiprion ocellaris,random_forest
938:2846,3.85,104.65,0.009303295523040328,ocellaris_clownfish,Amphiprion ocellaris,random_forest
938:2847,3.85,104.75,0.008699804251219878,ocellaris_clownfish,Amphiprion ocellaris,random_forest
938:2900,3.85,110.05,0.00803860206542753,ocellaris_clownfish,Amphiprion ocellaris,random_forest
938:2901,3.85,110.15,0.00803860206542753,ocellaris_clownfish,Amphiprion ocellaris,random_forest
938:2902,3.85,110.25,0.00803860206542753,ocellaris_clownfish,Amphiprion ocellaris,random_forest
938:2903,3.85,110.35,0.00803860206542753,ocellaris_clownfish,Amphiprion ocellaris,random_forest
938:2904,3.85,110.45,0.00803860206542753,ocellaris_clownfish,Amphiprion ocellaris,random_forest
938:2905,3.85,110.55,0.00803860206542753,ocellaris_clownfish,Amphiprion ocellaris,random_forest
938:2906,3.85,110.65,0.00803860206542753,ocellaris_clownfish,Amphiprion ocellaris,random_forest
938:2907,3.85,110.75,0.007622395803917401,ocellaris_clownfish,Amphiprion ocellaris,random_forest
938:2908,3.85,110.85,0.007622395803917401,ocellaris_clownfish,Amphiprion ocellaris,random_forest
938:2909,3.85,110.95,0.009743781571707664,ocellaris_clownfish,Amphiprion ocellaris,random_forest
938:2910,3.85,111.05,0.010652872480798574,ocellaris_clownfish,Amphiprion ocellaris,random_forest
938:2911,3.85,111.15,0.010652872480798574,ocellaris_clownfish,Amphiprion ocellaris,random_forest
938:2912,3.85,111.25,0.011304557874057,ocellaris_clownfish,Amphiprion ocellaris,random_forest
938:2913,3.85,111.35,0.012741856525769205,ocellaris_clownfish,Amphiprion ocellaris,random_forest
938:2914,3.85,111.45,0.014949818992144636,ocellaris_clownfish,Amphiprion ocellaris,random_forest
938:2915,3.85,111.55,0.018162576858862002,ocellaris_clownfish,Amphiprion ocellaris,random_forest
938:2916,3.85,111.65,0.018881326858862003,ocellaris_clownfish,Amphiprion ocellaris,random_forest
938:2917,3.85,111.75,0.018881326858862003,ocellaris_clownfish,Amphiprion ocellaris,random_forest
938:2918,3.85,111.85,0.023052436133970063,ocellaris_clownfish,Amphiprion ocellaris,random_forest
938:2919,3.85,111.95,0.02888415390486265,ocellaris_clownfish,Amphiprion ocellaris,random_forest
938:2920,3.85,112.05,0.02888415390486265,ocellaris_clownfish,Amphiprion ocellaris,random_forest
938:2921,3.85,112.15,0.032238893457249264,ocellaris_clownfish,Amphiprion ocellaris,random_forest
938:2922,3.85,112.25,0.035464212275149835,ocellaris_clownfish,Amphiprion ocellaris,random_forest
938:2923,3.85,112.35,0.03639809657267049,ocellaris_clownfish,Amphiprion ocellaris,random_forest
938:2924,3.85,112.45,0.03639809657267049,ocellaris_clownfish,Amphiprion ocellaris,random_forest
938:2925,3.85,112.55,0.03639809657267049,ocellaris_clownfish,Amphiprion ocellaris,random_forest
938:2926,3.85,112.65,0.04113519853514249,ocellaris_clownfish,Amphiprion ocellaris,random_forest
938:2927,3.85,112.75,0.042736326089758414,ocellaris_clownfish,Amphiprion ocellaris,random_forest
938:2928,3.85,112.85,0.04820402003898946,ocellaris_clownfish,Amphiprion ocellaris,random_forest
938:2929,3.85,112.95,0.06077959758115514,ocellaris_clownfish,Amphiprion ocellaris,random_forest
938:2930,3.85,113.05,0.06143128297441357,ocellaris_clownfish,Amphiprion ocellaris,random_forest
938:2931,3.85,113.15,0.06143128297441357,ocellaris_clownfish,Amphiprion ocellaris,random_forest
938:2932,3.85,113.25,0.06650218239690331,ocellaris_clownfish,Amphiprion ocellaris,random_forest
938:2933,3.85,113.35,0.06815189991102762,ocellaris_clownfish,Amphiprion ocellaris,random_forest
938:2934,3.85,113.45,0.07788184681433079,ocellaris_clownfish,Amphiprion ocellaris,random_forest
938:2935,3.85,113.55,0.08790771352170415,ocellaris_clownfish,Amphiprion ocellaris,random_forest
938:2984,3.85,118.45,0.6932220789768401,ocellaris_clownfish,Amphiprion ocellaris,random_forest
938:2985,3.85,118.55,0.6932220789768401,ocellaris_clownfish,Amphiprion ocellaris,random_forest
938:2986,3.85,118.65,0.791729593321427,ocellaris_clownfish,Amphiprion ocellaris,random_forest
938:2987,3.85,118.75,0.8091975230190267,ocellaris_clownfish,Amphiprion ocellaris,random_forest
938:2988,3.85,118.85,0.8046399653080016,ocellaris_clownfish,Amphiprion ocellaris,random_forest
938:2989,3.85,118.95,0.8046399653080016,ocellaris_clownfish,Amphiprion ocellaris,random_forest
938:2990,3.85,119.05,0.8046399653080016,ocellaris_clownfish,Amphiprion ocellaris,random_forest
938:2991,3.85,119.15,0.8046399653080016,ocellaris_clownfish,Amphiprion ocellaris,random_forest
938:2992,3.85,119.25,0.8046399653080016,ocellaris_clownfish,Amphiprion ocellaris,random_forest
938:2993,3.85,119.35,0.8046399653080016,ocellaris_clownfish,Amphiprion ocellaris,random_forest
939:2798,3.95,99.85,0.0779648914392305,ocellaris_clownfish,Amphiprion ocellaris,random_forest
939:2799,3.95,99.95,0.07794982803319254,ocellaris_clownfish,Amphiprion ocellaris,random_forest
939:2800,3.95,100.05,0.08731933132697398,ocellaris_clownfish,Amphiprion ocellaris,random_forest
939:2801,3.95,100.15,0.08731933132697398,ocellaris_clownfish,Amphiprion ocellaris,random_forest
939:2802,3.95,100.25,0.10986790728262968,ocellaris_clownfish,Amphiprion ocellaris,random_forest
939:2803,3.95,100.35,0.10986790728262968,ocellaris_clownfish,Amphiprion ocellaris,random_forest
939:2804,3.95,100.45,0.11094198135670374,ocellaris_clownfish,Amphiprion ocellaris,random_forest
939:2805,3.95,100.55,0.11869136100903589,ocellaris_clownfish,Amphiprion ocellaris,random_forest
939:2806,3.95,100.65,0.11869136100903589,ocellaris_clownfish,Amphiprion ocellaris,random_forest
939:2834,3.95,103.45,0.23370860603553742,ocellaris_clownfish,Amphiprion ocellaris,random_forest
939:2835,3.95,103.55,0.24225805729909897,ocellaris_clownfish,Amphiprion ocellaris,random_forest
939:2836,3.95,103.65,0.24225805729909897,ocellaris_clownfish,Amphiprion ocellaris,random_forest
939:2837,3.95,103.75,0.18930959439289624,ocellaris_clownfish,Amphiprion ocellaris,random_forest
939:2838,3.95,103.85,0.17037053746508712,ocellaris_clownfish,Amphiprion ocellaris,random_forest
939:2839,3.95,103.95,0.1683833580727922,ocellaris_clownfish,Amphiprion ocellaris,random_forest
939:2840,3.95,104.05,0.19748785270267816,ocellaris_clownfish,Amphiprion ocellaris,random_forest
939:2841,3.95,104.15,0.3055585737098998,ocellaris_clownfish,Amphiprion ocellaris,random_forest
939:2842,3.95,104.25,0.27595473762744693,ocellaris_clownfish,Amphiprion ocellaris,random_forest
939:2843,3.95,104.35,0.106448885500775,ocellaris_clownfish,Amphiprion ocellaris,random_forest
939:2844,3.95,104.45,0.016559699820417877,ocellaris_clownfish,Amphiprion ocellaris,random_forest
939:2845,3.95,104.55,0.011292112261857069,ocellaris_clownfish,Amphiprion ocellaris,random_forest
939:2846,3.95,104.65,0.011292112261857069,ocellaris_clownfish,Amphiprion ocellaris,random_forest
939:2847,3.95,104.75,0.01068862099003662,ocellaris_clownfish,Amphiprion ocellaris,random_forest
939:2900,3.95,110.05,0.01002741880424427,ocellaris_clownfish,Amphiprion ocellaris,random_forest
939:2901,3.95,110.15,0.01002741880424427,ocellaris_clownfish,Amphiprion ocellaris,random_forest
939:2902,3.95,110.25,0.01002741880424427,ocellaris_clownfish,Amphiprion ocellaris,random_forest
939:2903,3.95,110.35,0.01002741880424427,ocellaris_clownfish,Amphiprion ocellaris,random_forest
939:2904,3.95,110.45,0.01002741880424427,ocellaris_clownfish,Amphiprion ocellaris,random_forest
939:2905,3.95,110.55,0.01002741880424427,ocellaris_clownfish,Amphiprion ocellaris,random_forest
939:2906,3.95,110.65,0.01002741880424427,ocellaris_clownfish,Amphiprion ocellaris,random_forest
939:2907,3.95,110.75,0.00961121254273414,ocellaris_clownfish,Amphiprion ocellaris,random_forest
939:2908,3.95,110.85,0.00961121254273414,ocellaris_clownfish,Amphiprion ocellaris,random_forest
939:2909,3.95,110.95,0.011732598310524402,ocellaris_clownfish,Amphiprion ocellaris,random_forest
939:2910,3.95,111.05,0.01264168921961531,ocellaris_clownfish,Amphiprion ocellaris,random_forest
939:2911,3.95,111.15,0.01264168921961531,ocellaris_clownfish,Amphiprion ocellaris,random_forest
939:2912,3.95,111.25,0.013293374612873738,ocellaris_clownfish,Amphiprion ocellaris,random_forest
939:2913,3.95,111.35,0.014730673264585945,ocellaris_clownfish,Amphiprion ocellaris,random_forest
939:2914,3.95,111.45,0.016938635730961375,ocellaris_clownfish,Amphiprion ocellaris,random_forest
939:2915,3.95,111.55,0.020151393597678743,ocellaris_clownfish,Amphiprion ocellaris,random_forest
939:2916,3.95,111.65,0.020870143597678744,ocellaris_clownfish,Amphiprion ocellaris,random_forest
939:2917,3.95,111.75,0.020870143597678744,ocellaris_clownfish,Amphiprion ocellaris,random_forest
939:2918,3.95,111.85,0.025041252872786794,ocellaris_clownfish,Amphiprion ocellaris,random_forest
939:2919,3.95,111.95,0.030872970643679387,ocellaris_clownfish,Amphiprion ocellaris,random_forest
939:2920,3.95,112.05,0.030872970643679387,ocellaris_clownfish,Amphiprion ocellaris,random_forest
939:2921,3.95,112.15,0.034227710196066,ocellaris_clownfish,Amphiprion ocellaris,random_forest
939:2922,3.95,112.25,0.03745302901396656,ocellaris_clownfish,Amphiprion ocellaris,random_forest
939:2923,3.95,112.35,0.03838691331148723,ocellaris_clownfish,Amphiprion ocellaris,random_forest
939:2924,3.95,112.45,0.03838691331148723,ocellaris_clownfish,Amphiprion ocellaris,random_forest
939:2925,3.95,112.55,0.03838691331148723,ocellaris_clownfish,Amphiprion ocellaris,random_forest
939:2926,3.95,112.65,0.043124015273959225,ocellaris_clownfish,Amphiprion ocellaris,random_forest
939:2927,3.95,112.75,0.04472514282857515,ocellaris_clownfish,Amphiprion ocellaris,random_forest
939:2928,3.95,112.85,0.05019283677780619,ocellaris_clownfish,Amphiprion ocellaris,random_forest
939:2929,3.95,112.95,0.06276841431997188,ocellaris_clownfish,Amphiprion ocellaris,random_forest
939:2930,3.95,113.05,0.0634200997132303,ocellaris_clownfish,Amphiprion ocellaris,random_forest
939:2931,3.95,113.15,0.0634200997132303,ocellaris_clownfish,Amphiprion ocellaris,random_forest
939:2932,3.95,113.25,0.06849099913572006,ocellaris_clownfish,Amphiprion ocellaris,random_forest
939:2933,3.95,113.35,0.07014071664984435,ocellaris_clownfish,Amphiprion ocellaris,random_forest
939:2934,3.95,113.45,0.07987066355314754,ocellaris_clownfish,Amphiprion ocellaris,random_forest
939:2935,3.95,113.55,0.08989653026052088,ocellaris_clownfish,Amphiprion ocellaris,random_forest
939:2936,3.95,113.65,0.09951040178454384,ocellaris_clownfish,Amphiprion ocellaris,random_forest
939:2983,3.95,118.35,0.6912472290280772,ocellaris_clownfish,Amphiprion ocellaris,random_forest
939:2984,3.95,118.45,0.6932220789768401,ocellaris_clownfish,Amphiprion ocellaris,random_forest
939:2985,3.95,118.55,0.6932220789768401,ocellaris_clownfish,Amphiprion ocellaris,random_forest
939:2986,3.95,118.65,0.791729593321427,ocellaris_clownfish,Amphiprion ocellaris,random_forest
939:2987,3.95,118.75,0.8091975230190267,ocellaris_clownfish,Amphiprion ocellaris,random_forest
939:2988,3.95,118.85,0.8046399653080016,ocellaris_clownfish,Amphiprion ocellaris,random_forest
939:2989,3.95,118.95,0.8046399653080016,ocellaris_clownfish,Amphiprion ocellaris,random_forest
939:2990,3.95,119.05,0.8046399653080016,ocellaris_clownfish,Amphiprion ocellaris,random_forest
939:2991,3.95,119.15,0.8046399653080016,ocellaris_clownfish,Amphiprion ocellaris,random_forest
939:2992,3.95,119.25,0.8046399653080016,ocellaris_clownfish,Amphiprion ocellaris,random_forest
940:2797,4.05,99.75,0.0956278269140399,ocellaris_clownfish,Amphiprion ocellaris,random_forest
940:2798,4.05,99.85,0.07436834866795869,ocellaris_clownfish,Amphiprion ocellaris,random_forest
940:2799,4.05,99.95,0.07435328526192073,ocellaris_clownfish,Amphiprion ocellaris,random_forest
940:2800,4.05,100.05,0.08372278855570214,ocellaris_clownfish,Amphiprion ocellaris,random_forest
940:2801,4.05,100.15,0.08372278855570214,ocellaris_clownfish,Amphiprion ocellaris,random_forest
940:2802,4.05,100.25,0.10627136451135785,ocellaris_clownfish,Amphiprion ocellaris,random_forest
940:2803,4.05,100.35,0.10627136451135785,ocellaris_clownfish,Amphiprion ocellaris,random_forest
940:2804,4.05,100.45,0.10734543858543193,ocellaris_clownfish,Amphiprion ocellaris,random_forest
940:2805,4.05,100.55,0.11509481823776406,ocellaris_clownfish,Amphiprion ocellaris,random_forest
940:2806,4.05,100.65,0.11509481823776406,ocellaris_clownfish,Amphiprion ocellaris,random_forest
940:2807,4.05,100.75,0.11509481823776406,ocellaris_clownfish,Amphiprion ocellaris,random_forest
940:2834,4.05,103.45,0.22923107768168868,ocellaris_clownfish,Amphiprion ocellaris,random_forest
940:2835,4.05,103.55,0.23778052894525015,ocellaris_clownfish,Amphiprion ocellaris,random_forest
940:2836,4.05,103.65,0.23778052894525015,ocellaris_clownfish,Amphiprion ocellaris,random_forest
940:2837,4.05,103.75,0.18453592551455464,ocellaris_clownfish,Amphiprion ocellaris,random_forest
940:2838,4.05,103.85,0.16559686858674558,ocellaris_clownfish,Amphiprion ocellaris,random_forest
940:2839,4.05,103.95,0.16360968919445065,ocellaris_clownfish,Amphiprion ocellaris,random_forest
940:2840,4.05,104.05,0.19271418382433658,ocellaris_clownfish,Amphiprion ocellaris,random_forest
940:2841,4.05,104.15,0.3007849048315581,ocellaris_clownfish,Amphiprion ocellaris,random_forest
940:2842,4.05,104.25,0.2711810687491054,ocellaris_clownfish,Amphiprion ocellaris,random_forest
940:2843,4.05,104.35,0.10656768474194712,ocellaris_clownfish,Amphiprion ocellaris,random_forest
940:2844,4.05,104.45,0.02237058319557818,ocellaris_clownfish,Amphiprion ocellaris,random_forest
940:2845,4.05,104.55,0.017102995637017372,ocellaris_clownfish,Amphiprion ocellaris,random_forest
940:2846,4.05,104.65,0.017102995637017372,ocellaris_clownfish,Amphiprion ocellaris,random_forest
940:2847,4.05,104.75,0.016499504365196923,ocellaris_clownfish,Amphiprion ocellaris,random_forest
940:2848,4.05,104.85,0.016499504365196923,ocellaris_clownfish,Amphiprion ocellaris,random_forest
940:2900,4.05,110.05,0.01583830217940457,ocellaris_clownfish,Amphiprion ocellaris,random_forest
940:2901,4.05,110.15,0.01583830217940457,ocellaris_clownfish,Amphiprion ocellaris,random_forest
940:2902,4.05,110.25,0.01583830217940457,ocellaris_clownfish,Amphiprion ocellaris,random_forest
940:2903,4.05,110.35,0.01583830217940457,ocellaris_clownfish,Amphiprion ocellaris,random_forest
940:2904,4.05,110.45,0.01583830217940457,ocellaris_clownfish,Amphiprion ocellaris,random_forest
940:2905,4.05,110.55,0.01583830217940457,ocellaris_clownfish,Amphiprion ocellaris,random_forest
940:2906,4.05,110.65,0.01583830217940457,ocellaris_clownfish,Amphiprion ocellaris,random_forest
940:2907,4.05,110.75,0.015422095917894441,ocellaris_clownfish,Amphiprion ocellaris,random_forest
940:2908,4.05,110.85,0.015422095917894441,ocellaris_clownfish,Amphiprion ocellaris,random_forest
940:2909,4.05,110.95,0.017543481685684707,ocellaris_clownfish,Amphiprion ocellaris,random_forest
940:2910,4.05,111.05,0.018452572594775615,ocellaris_clownfish,Amphiprion ocellaris,random_forest
940:2911,4.05,111.15,0.018452572594775615,ocellaris_clownfish,Amphiprion ocellaris,random_forest
940:2912,4.05,111.25,0.019104257988034043,ocellaris_clownfish,Amphiprion ocellaris,random_forest
940:2913,4.05,111.35,0.02054155663974625,ocellaris_clownfish,Amphiprion ocellaris,random_forest
940:2914,4.05,111.45,0.022749519106121677,ocellaris_clownfish,Amphiprion ocellaris,random_forest
940:2915,4.05,111.55,0.025962276972839045,ocellaris_clownfish,Amphiprion ocellaris,random_forest
940:2916,4.05,111.65,0.026681026972839045,ocellaris_clownfish,Amphiprion ocellaris,random_forest
940:2917,4.05,111.75,0.026681026972839045,ocellaris_clownfish,Amphiprion ocellaris,random_forest
940:2918,4.05,111.85,0.030852136247947092,ocellaris_clownfish,Amphiprion ocellaris,random_forest
940:2919,4.05,111.95,0.036683854018839696,ocellaris_clownfish,Amphiprion ocellaris,random_forest
940:2920,4.05,112.05,0.036683854018839696,ocellaris_clownfish,Amphiprion ocellaris,random_forest
940:2921,4.05,112.15,0.0400385935712263,ocellaris_clownfish,Amphiprion ocellaris,random_forest
940:2922,4.05,112.25,0.04326391238912687,ocellaris_clownfish,Amphiprion ocellaris,random_forest
940:2923,4.05,112.35,0.044197796686647535,ocellaris_clownfish,Amphiprion ocellaris,random_forest
940:2924,4.05,112.45,0.044197796686647535,ocellaris_clownfish,Amphiprion ocellaris,random_forest
940:2925,4.05,112.55,0.044197796686647535,ocellaris_clownfish,Amphiprion ocellaris,random_forest
940:2926,4.05,112.65,0.04893489864911955,ocellaris_clownfish,Amphiprion ocellaris,random_forest
940:2927,4.05,112.75,0.05053602620373547,ocellaris_clownfish,Amphiprion ocellaris,random_forest
940:2928,4.05,112.85,0.05600372015296651,ocellaris_clownfish,Amphiprion ocellaris,random_forest
940:2929,4.05,112.95,0.06857929769513223,ocellaris_clownfish,Amphiprion ocellaris,random_forest
940:2930,4.05,113.05,0.06923098308839064,ocellaris_clownfish,Amphiprion ocellaris,random_forest
940:2931,4.05,113.15,0.06923098308839064,ocellaris_clownfish,Amphiprion ocellaris,random_forest
940:2932,4.05,113.25,0.07430188251088038,ocellaris_clownfish,Amphiprion ocellaris,random_forest
940:2933,4.05,113.35,0.07595160002500469,ocellaris_clownfish,Amphiprion ocellaris,random_forest
940:2934,4.05,113.45,0.08568154692830784,ocellaris_clownfish,Amphiprion ocellaris,random_forest
940:2935,4.05,113.55,0.09570741363568121,ocellaris_clownfish,Amphiprion ocellaris,random_forest
940:2936,4.05,113.65,0.10532128515970417,ocellaris_clownfish,Amphiprion ocellaris,random_forest
940:2937,4.05,113.75,0.19369661347582673,ocellaris_clownfish,Amphiprion ocellaris,random_forest
940:2982,4.05,118.25,0.6740297767813342,ocellaris_clownfish,Amphiprion ocellaris,random_forest
940:2983,4.05,118.35,0.6951014564333249,ocellaris_clownfish,Amphiprion ocellaris,random_forest
940:2984,4.05,118.45,0.6970763063820877,ocellaris_clownfish,Amphiprion ocellaris,random_forest
940:2985,4.05,118.55,0.6970763063820877,ocellaris_clownfish,Amphiprion ocellaris,random_forest
940:2986,4.05,118.65,0.7955838207266749,ocellaris_clownfish,Amphiprion ocellaris,random_forest
940:2987,4.05,118.75,0.8130517504242745,ocellaris_clownfish,Amphiprion ocellaris,random_forest
940:2988,4.05,118.85,0.8084941927132494,ocellaris_clownfish,Amphiprion ocellaris,random_forest
940:2989,4.05,118.95,0.8084941927132494,ocellaris_clownfish,Amphiprion ocellaris,random_forest
940:2990,4.05,119.05,0.8084941927132494,ocellaris_clownfish,Amphiprion ocellaris,random_forest
940:2991,4.05,119.15,0.8084941927132494,ocellaris_clownfish,Amphiprion ocellaris,random_forest
941:2796,4.15,99.65,0.10571684130791867,ocellaris_clownfish,Amphiprion ocellaris,random_forest
941:2797,4.15,99.75,0.10595464099794942,ocellaris_clownfish,Amphiprion ocellaris,random_forest
941:2798,4.15,99.85,0.0846951627518682,ocellaris_clownfish,Amphiprion ocellaris,random_forest
941:2799,4.15,99.95,0.08468009934583025,ocellaris_clownfish,Amphiprion ocellaris,random_forest
941:2800,4.15,100.05,0.09404960263961168,ocellaris_clownfish,Amphiprion ocellaris,random_forest
941:2801,4.15,100.15,0.09404960263961168,ocellaris_clownfish,Amphiprion ocellaris,random_forest
941:2802,4.15,100.25,0.12007680778279142,ocellaris_clownfish,Amphiprion ocellaris,random_forest
941:2803,4.15,100.35,0.12007680778279142,ocellaris_clownfish,Amphiprion ocellaris,random_forest
941:2804,4.15,100.45,0.12115088185686548,ocellaris_clownfish,Amphiprion ocellaris,random_forest
941:2805,4.15,100.55,0.12890026150919764,ocellaris_clownfish,Amphiprion ocellaris,random_forest
941:2806,4.15,100.65,0.12890026150919764,ocellaris_clownfish,Amphiprion ocellaris,random_forest
941:2834,4.15,103.45,0.24434467354838207,ocellaris_clownfish,Amphiprion ocellaris,random_forest
941:2835,4.15,103.55,0.25193484879384404,ocellaris_clownfish,Amphiprion ocellaris,random_forest
941:2836,4.15,103.65,0.25193484879384404,ocellaris_clownfish,Amphiprion ocellaris,random_forest
941:2837,4.15,103.75,0.1936796202398239,ocellaris_clownfish,Amphiprion ocellaris,random_forest
941:2838,4.15,103.85,0.17510955705298736,ocellaris_clownfish,Amphiprion ocellaris,random_forest
941:2839,4.15,103.95,0.17312237766069247,ocellaris_clownfish,Amphiprion ocellaris,random_forest
941:2840,4.15,104.05,0.2022268722905784,ocellaris_clownfish,Amphiprion ocellaris,random_forest
941:2841,4.15,104.15,0.30922351922372604,ocellaris_clownfish,Amphiprion ocellaris,random_forest
941:2842,4.15,104.25,0.2805789591593727,ocellaris_clownfish,Amphiprion ocellaris,random_forest
941:2843,4.15,104.35,0.13250050512111278,ocellaris_clownfish,Amphiprion ocellaris,random_forest
941:2844,4.15,104.45,0.05552722952913242,ocellaris_clownfish,Amphiprion ocellaris,random_forest
941:2845,4.15,104.55,0.05025964197057161,ocellaris_clownfish,Amphiprion ocellaris,random_forest
941:2846,4.15,104.65,0.05025964197057161,ocellaris_clownfish,Amphiprion ocellaris,random_forest
941:2847,4.15,104.75,0.04965615069875116,ocellaris_clownfish,Amphiprion ocellaris,random_forest
941:2848,4.15,104.85,0.04965615069875116,ocellaris_clownfish,Amphiprion ocellaris,random_forest
941:2900,4.15,110.05,0.048994948512958804,ocellaris_clownfish,Amphiprion ocellaris,random_forest
941:2901,4.15,110.15,0.048994948512958804,ocellaris_clownfish,Amphiprion ocellaris,random_forest
941:2902,4.15,110.25,0.048994948512958804,ocellaris_clownfish,Amphiprion ocellaris,random_forest
941:2903,4.15,110.35,0.048994948512958804,ocellaris_clownfish,Amphiprion ocellaris,random_forest
941:2904,4.15,110.45,0.048994948512958804,ocellaris_clownfish,Amphiprion ocellaris,random_forest
941:2905,4.15,110.55,0.048994948512958804,ocellaris_clownfish,Amphiprion ocellaris,random_forest
941:2906,4.15,110.65,0.048994948512958804,ocellaris_clownfish,Amphiprion ocellaris,random_forest
941:2907,4.15,110.75,0.048578742251448676,ocellaris_clownfish,Amphiprion ocellaris,random_forest
941:2908,4.15,110.85,0.048578742251448676,ocellaris_clownfish,Amphiprion ocellaris,random_forest
941:2909,4.15,110.95,0.05070012801923894,ocellaris_clownfish,Amphiprion ocellaris,random_forest
941:2910,4.15,111.05,0.05160921892832984,ocellaris_clownfish,Amphiprion ocellaris,random_forest
941:2911,4.15,111.15,0.05160921892832984,ocellaris_clownfish,Amphiprion ocellaris,random_forest
941:2912,4.15,111.25,0.05333497839566235,ocellaris_clownfish,Amphiprion ocellaris,random_forest
941:2913,4.15,111.35,0.05477227704737455,ocellaris_clownfish,Amphiprion ocellaris,random_forest
941:2914,4.15,111.45,0.05698023951374999,ocellaris_clownfish,Amphiprion ocellaris,random_forest
941:2915,4.15,111.55,0.06178329387642422,ocellaris_clownfish,Amphiprion ocellaris,random_forest
941:2916,4.15,111.65,0.06250204387642422,ocellaris_clownfish,Amphiprion ocellaris,random_forest
941:2917,4.15,111.75,0.06250204387642422,ocellaris_clownfish,Amphiprion ocellaris,random_forest
941:2918,4.15,111.85,0.06667315315153229,ocellaris_clownfish,Amphiprion ocellaris,random_forest
941:2919,4.15,111.95,0.07423671449784387,ocellaris_clownfish,Amphiprion ocellaris,random_forest
941:2920,4.15,112.05,0.07423671449784387,ocellaris_clownfish,Amphiprion ocellaris,random_forest
941:2921,4.15,112.15,0.0775914540502305,ocellaris_clownfish,Amphiprion ocellaris,random_forest
941:2922,4.15,112.25,0.08081677286813106,ocellaris_clownfish,Amphiprion ocellaris,random_forest
941:2923,4.15,112.35,0.08175065716565173,ocellaris_clownfish,Amphiprion ocellaris,random_forest
941:2924,4.15,112.45,0.08175065716565173,ocellaris_clownfish,Amphiprion ocellaris,random_forest
941:2925,4.15,112.55,0.08175065716565173,ocellaris_clownfish,Amphiprion ocellaris,random_forest
941:2926,4.15,112.65,0.08648775912812375,ocellaris_clownfish,Amphiprion ocellaris,random_forest
941:2927,4.15,112.75,0.08808888668273968,ocellaris_clownfish,Amphiprion ocellaris,random_forest
941:2928,4.15,112.85,0.0935565806319707,ocellaris_clownfish,Amphiprion ocellaris,random_forest
941:2929,4.15,112.95,0.10747333464472462,ocellaris_clownfish,Amphiprion ocellaris,random_forest
941:2930,4.15,113.05,0.10812502003798306,ocellaris_clownfish,Amphiprion ocellaris,random_forest
941:2931,4.15,113.15,0.10812502003798306,ocellaris_clownfish,Amphiprion ocellaris,random_forest
941:2932,4.15,113.25,0.11508271191330298,ocellaris_clownfish,Amphiprion ocellaris,random_forest
941:2933,4.15,113.35,0.11673242942742727,ocellaris_clownfish,Amphiprion ocellaris,random_forest
941:2934,4.15,113.45,0.12846237633073046,ocellaris_clownfish,Amphiprion ocellaris,random_forest
941:2935,4.15,113.55,0.1384882430381038,ocellaris_clownfish,Amphiprion ocellaris,random_forest
941:2936,4.15,113.65,0.14810211456212677,ocellaris_clownfish,Amphiprion ocellaris,random_forest
941:2937,4.15,113.75,0.24774334211346516,ocellaris_clownfish,Amphiprion ocellaris,random_forest
941:2980,4.15,118.05,0.718545835166384,ocellaris_clownfish,Amphiprion ocellaris,random_forest
941:2981,4.15,118.15,0.718545835166384,ocellaris_clownfish,Amphiprion ocellaris,random_forest
941:2982,4.15,118.25,0.7189919890125378,ocellaris_clownfish,Amphiprion ocellaris,random_forest
941:2983,4.15,118.35,0.7402106129678973,ocellaris_clownfish,Amphiprion ocellaris,random_forest
941:2984,4.15,118.45,0.7421854629166602,ocellaris_clownfish,Amphiprion ocellaris,random_forest
941:2985,4.15,118.55,0.7421854629166602,ocellaris_clownfish,Amphiprion ocellaris,random_forest
941:2986,4.15,118.65,0.843142695229575,ocellaris_clownfish,Amphiprion ocellaris,random_forest
941:2987,4.15,118.75,0.8606106249271744,ocellaris_clownfish,Amphiprion ocellaris,random_forest
941:2988,4.15,118.85,0.8560530672161495,ocellaris_clownfish,Amphiprion ocellaris,random_forest
941:2989,4.15,118.95,0.8560530672161495,ocellaris_clownfish,Amphiprion ocellaris,random_forest
941:2990,4.15,119.05,0.8560530672161495,ocellaris_clownfish,Amphiprion ocellaris,random_forest
941:2991,4.15,119.15,0.8560530672161495,ocellaris_clownfish,Amphiprion ocellaris,random_forest
942:2794,4.25,99.45,0.10852636673564492,ocellaris_clownfish,Amphiprion ocellaris,random_forest
942:2795,4.25,99.55,0.11550049436793287,ocellaris_clownfish,Amphiprion ocellaris,random_forest
942:2796,4.25,99.65,0.1145280630113809,ocellaris_clownfish,Amphiprion ocellaris,random_forest
942:2797,4.25,99.75,0.11476586270141165,ocellaris_clownfish,Amphiprion ocellaris,random_forest
942:2798,4.25,99.85,0.09418416223310822,ocellaris_clownfish,Amphiprion ocellaris,random_forest
942:2799,4.25,99.95,0.09416909882707025,ocellaris_clownfish,Amphiprion ocellaris,random_forest
942:2800,4.25,100.05,0.10353860212085168,ocellaris_clownfish,Amphiprion ocellaris,random_forest
942:2801,4.25,100.15,0.10353860212085168,ocellaris_clownfish,Amphiprion ocellaris,random_forest
942:2802,4.25,100.25,0.1312324739306981,ocellaris_clownfish,Amphiprion ocellaris,random_forest
942:2803,4.25,100.35,0.1312324739306981,ocellaris_clownfish,Amphiprion ocellaris,random_forest
942:2804,4.25,100.45,0.13230654800477215,ocellaris_clownfish,Amphiprion ocellaris,random_forest
942:2806,4.25,100.65,0.14005592765710428,ocellaris_clownfish,Amphiprion ocellaris,random_forest
942:2835,4.25,103.55,0.26522316726370976,ocellaris_clownfish,Amphiprion ocellaris,random_forest
942:2836,4.25,103.65,0.26522316726370976,ocellaris_clownfish,Amphiprion ocellaris,random_forest
942:2837,4.25,103.75,0.20559812917221668,ocellaris_clownfish,Amphiprion ocellaris,random_forest
942:2838,4.25,103.85,0.18384304183079075,ocellaris_clownfish,Amphiprion ocellaris,random_forest
942:2839,4.25,103.95,0.1805070252291935,ocellaris_clownfish,Amphiprion ocellaris,random_forest
942:2840,4.25,104.05,0.20961151985907944,ocellaris_clownfish,Amphiprion ocellaris,random_forest
942:2841,4.25,104.15,0.31660816679222703,ocellaris_clownfish,Amphiprion ocellaris,random_forest
942:2842,4.25,104.25,0.28796360672787374,ocellaris_clownfish,Amphiprion ocellaris,random_forest
942:2843,4.25,104.35,0.14495719729087217,ocellaris_clownfish,Amphiprion ocellaris,random_forest
942:2844,4.25,104.45,0.06854459548612188,ocellaris_clownfish,Amphiprion ocellaris,random_forest
942:2845,4.25,104.55,0.06367689761316504,ocellaris_clownfish,Amphiprion ocellaris,random_forest
942:2846,4.25,104.65,0.06367689761316504,ocellaris_clownfish,Amphiprion ocellaris,random_forest
942:2847,4.25,104.75,0.06307340634134459,ocellaris_clownfish,Amphiprion ocellaris,random_forest
942:2848,4.25,104.85,0.06307340634134459,ocellaris_clownfish,Amphiprion ocellaris,random_forest
942:2849,4.25,104.95,0.06307340634134459,ocellaris_clownfish,Amphiprion ocellaris,random_forest
942:2900,4.25,110.05,0.06307340634134459,ocellaris_clownfish,Amphiprion ocellaris,random_forest
942:2901,4.25,110.15,0.06307340634134459,ocellaris_clownfish,Amphiprion ocellaris,random_forest
942:2902,4.25,110.25,0.06307340634134459,ocellaris_clownfish,Amphiprion ocellaris,random_forest
942:2903,4.25,110.35,0.06307340634134459,ocellaris_clownfish,Amphiprion ocellaris,random_forest
942:2904,4.25,110.45,0.06307340634134459,ocellaris_clownfish,Amphiprion ocellaris,random_forest
942:2905,4.25,110.55,0.06307340634134459,ocellaris_clownfish,Amphiprion ocellaris,random_forest
942:2906,4.25,110.65,0.061886490453494127,ocellaris_clownfish,Amphiprion ocellaris,random_forest
942:2907,4.25,110.75,0.061886490453494127,ocellaris_clownfish,Amphiprion ocellaris,random_forest
942:2908,4.25,110.85,0.061886490453494127,ocellaris_clownfish,Amphiprion ocellaris,random_forest
942:2909,4.25,110.95,0.0654070857074504,ocellaris_clownfish,Amphiprion ocellaris,random_forest
942:2910,4.25,111.05,0.0663161766165413,ocellaris_clownfish,Amphiprion ocellaris,random_forest
942:2911,4.25,111.15,0.0663161766165413,ocellaris_clownfish,Amphiprion ocellaris,random_forest
942:2912,4.25,111.25,0.0695407075826453,ocellaris_clownfish,Amphiprion ocellaris,random_forest
942:2913,4.25,111.35,0.07097800623435749,ocellaris_clownfish,Amphiprion ocellaris,random_forest
942:2914,4.25,111.45,0.07454986554887046,ocellaris_clownfish,Amphiprion ocellaris,random_forest
942:2915,4.25,111.55,0.07935291991154471,ocellaris_clownfish,Amphiprion ocellaris,random_forest
942:2916,4.25,111.65,0.0800716699115447,ocellaris_clownfish,Amphiprion ocellaris,random_forest
942:2917,4.25,111.75,0.08122060608175748,ocellaris_clownfish,Amphiprion ocellaris,random_forest
942:2918,4.25,111.85,0.08539171535686553,ocellaris_clownfish,Amphiprion ocellaris,random_forest
942:2919,4.25,111.95,0.09295527670317713,ocellaris_clownfish,Amphiprion ocellaris,random_forest
942:2920,4.25,112.05,0.09295527670317713,ocellaris_clownfish,Amphiprion ocellaris,random_forest
942:2921,4.25,112.15,0.09631001625556375,ocellaris_clownfish,Amphiprion ocellaris,random_forest
942:2922,4.25,112.25,0.09953533507346432,ocellaris_clownfish,Amphiprion ocellaris,random_forest
942:2923,4.25,112.35,0.10046921937098499,ocellaris_clownfish,Amphiprion ocellaris,random_forest
942:2924,4.25,112.45,0.10046921937098499,ocellaris_clownfish,Amphiprion ocellaris,random_forest
942:2925,4.25,112.55,0.10046921937098499,ocellaris_clownfish,Amphiprion ocellaris,random_forest
942:2926,4.25,112.65,0.10520632133345699,ocellaris_clownfish,Amphiprion ocellaris,random_forest
942:2927,4.25,112.75,0.10680744888807292,ocellaris_clownfish,Amphiprion ocellaris,random_forest
942:2928,4.25,112.85,0.11227514283730396,ocellaris_clownfish,Amphiprion ocellaris,random_forest
942:2929,4.25,112.95,0.12684653602531562,ocellaris_clownfish,Amphiprion ocellaris,random_forest
942:2930,4.25,113.05,0.12749822141857403,ocellaris_clownfish,Amphiprion ocellaris,random_forest
942:2931,4.25,113.15,0.12749822141857403,ocellaris_clownfish,Amphiprion ocellaris,random_forest
942:2932,4.25,113.25,0.13445591329389395,ocellaris_clownfish,Amphiprion ocellaris,random_forest
942:2933,4.25,113.35,0.13610563080801827,ocellaris_clownfish,Amphiprion ocellaris,random_forest
942:2934,4.25,113.45,0.1498355777113214,ocellaris_clownfish,Amphiprion ocellaris,random_forest
942:2935,4.25,113.55,0.1598614444186947,ocellaris_clownfish,Amphiprion ocellaris,random_forest
942:2936,4.25,113.65,0.17147531594271775,ocellaris_clownfish,Amphiprion ocellaris,random_forest
942:2937,4.25,113.75,0.2807962664265002,ocellaris_clownfish,Amphiprion ocellaris,random_forest
942:2938,4.25,113.85,0.2886496532510879,ocellaris_clownfish,Amphiprion ocellaris,random_forest
942:2975,4.25,117.55,0.7317706004681505,ocellaris_clownfish,Amphiprion ocellaris,random_forest
942:2976,4.25,117.65,0.7317706004681505,ocellaris_clownfish,Amphiprion ocellaris,random_forest
942:2978,4.25,117.85,0.7317706004681505,ocellaris_clownfish,Amphiprion ocellaris,random_forest
942:2981,4.25,118.15,0.7498566580570131,ocellaris_clownfish,Amphiprion ocellaris,random_forest
942:2982,4.25,118.25,0.7503028119031668,ocellaris_clownfish,Amphiprion ocellaris,random_forest
942:2983,4.25,118.35,0.7715214358585265,ocellaris_clownfish,Amphiprion ocellaris,random_forest
942:2984,4.25,118.45,0.7740426707800547,ocellaris_clownfish,Amphiprion ocellaris,random_forest
942:2985,4.25,118.55,0.7740426707800547,ocellaris_clownfish,Amphiprion ocellaris,random_forest
942:2986,4.25,118.65,0.8790898562989471,ocellaris_clownfish,Amphiprion ocellaris,random_forest
942:2987,4.25,118.75,0.8984698230335838,ocellaris_clownfish,Amphiprion ocellaris,random_forest
942:2988,4.25,118.85,0.8938916232839795,ocellaris_clownfish,Amphiprion ocellaris,random_forest
942:2989,4.25,118.95,0.8938916232839795,ocellaris_clownfish,Amphiprion ocellaris,random_forest
942:2990,4.25,119.05,0.8938916232839795,ocellaris_clownfish,Amphiprion ocellaris,random_forest
943:2793,4.35,99.35,0.10514846701531497,ocellaris_clownfish,Amphiprion ocellaris,random_forest
943:2794,4.35,99.45,0.1098026547813309,ocellaris_clownfish,Amphiprion ocellaris,random_forest
943:2795,4.35,99.55,0.11677678241361886,ocellaris_clownfish,Amphiprion ocellaris,random_forest
943:2796,4.35,99.65,0.11580435105706688,ocellaris_clownfish,Amphiprion ocellaris,random_forest
943:2797,4.35,99.75,0.11604215074709763,ocellaris_clownfish,Amphiprion ocellaris,random_forest
943:2798,4.35,99.85,0.0954604502787942,ocellaris_clownfish,Amphiprion ocellaris,random_forest
943:2799,4.35,99.95,0.09544538687275625,ocellaris_clownfish,Amphiprion ocellaris,random_forest
943:2800,4.35,100.05,0.10481489016653765,ocellaris_clownfish,Amphiprion ocellaris,random_forest
943:2801,4.35,100.15,0.10481489016653765,ocellaris_clownfish,Amphiprion ocellaris,random_forest
943:2802,4.35,100.25,0.13250876197638412,ocellaris_clownfish,Amphiprion ocellaris,random_forest
943:2803,4.35,100.35,0.13250876197638412,ocellaris_clownfish,Amphiprion ocellaris,random_forest
943:2804,4.35,100.45,0.13358283605045815,ocellaris_clownfish,Amphiprion ocellaris,random_forest
943:2805,4.35,100.55,0.14133221570279028,ocellaris_clownfish,Amphiprion ocellaris,random_forest
943:2835,4.35,103.55,0.2660156561153925,ocellaris_clownfish,Amphiprion ocellaris,random_forest
943:2836,4.35,103.65,0.2660156561153925,ocellaris_clownfish,Amphiprion ocellaris,random_forest
943:2837,4.35,103.75,0.204185135120543,ocellaris_clownfish,Amphiprion ocellaris,random_forest
943:2838,4.35,103.85,0.1824300477791171,ocellaris_clownfish,Amphiprion ocellaris,random_forest
943:2839,4.35,103.95,0.1790940311775199,ocellaris_clownfish,Amphiprion ocellaris,random_forest
943:2840,4.35,104.05,0.20819852580740578,ocellaris_clownfish,Amphiprion ocellaris,random_forest
943:2841,4.35,104.15,0.3151951727405535,ocellaris_clownfish,Amphiprion ocellaris,random_forest
943:2842,4.35,104.25,0.28825698112256853,ocellaris_clownfish,Amphiprion ocellaris,random_forest
943:2843,4.35,104.35,0.14918435582112974,ocellaris_clownfish,Amphiprion ocellaris,random_forest
943:2844,4.35,104.45,0.07291659217142168,ocellaris_clownfish,Amphiprion ocellaris,random_forest
943:2845,4.35,104.55,0.06804889429846485,ocellaris_clownfish,Amphiprion ocellaris,random_forest
943:2846,4.35,104.65,0.06804889429846485,ocellaris_clownfish,Amphiprion ocellaris,random_forest
943:2847,4.35,104.75,0.06744540302664438,ocellaris_clownfish,Amphiprion ocellaris,random_forest
943:2848,4.35,104.85,0.06744540302664438,ocellaris_clownfish,Amphiprion ocellaris,random_forest
943:2849,4.35,104.95,0.06744540302664438,ocellaris_clownfish,Amphiprion ocellaris,random_forest
943:2900,4.35,110.05,0.0684454030266444,ocellaris_clownfish,Amphiprion ocellaris,random_forest
943:2901,4.35,110.15,0.0684454030266444,ocellaris_clownfish,Amphiprion ocellaris,random_forest
943:2902,4.35,110.25,0.0684454030266444,ocellaris_clownfish,Amphiprion ocellaris,random_forest
943:2903,4.35,110.35,0.0684454030266444,ocellaris_clownfish,Amphiprion ocellaris,random_forest
943:2904,4.35,110.45,0.0684454030266444,ocellaris_clownfish,Amphiprion ocellaris,random_forest
943:2905,4.35,110.55,0.0684454030266444,ocellaris_clownfish,Amphiprion ocellaris,random_forest
943:2906,4.35,110.65,0.06725848713879393,ocellaris_clownfish,Amphiprion ocellaris,random_forest
943:2907,4.35,110.75,0.06725848713879393,ocellaris_clownfish,Amphiprion ocellaris,random_forest
943:2908,4.35,110.85,0.06725848713879393,ocellaris_clownfish,Amphiprion ocellaris,random_forest
943:2909,4.35,110.95,0.07396442808576882,ocellaris_clownfish,Amphiprion ocellaris,random_forest
943:2910,4.35,111.05,0.07487351899485972,ocellaris_clownfish,Amphiprion ocellaris,random_forest
943:2911,4.35,111.15,0.07487351899485972,ocellaris_clownfish,Amphiprion ocellaris,random_forest
943:2912,4.35,111.25,0.07884804996096373,ocellaris_clownfish,Amphiprion ocellaris,random_forest
943:2913,4.35,111.35,0.08028534861267593,ocellaris_clownfish,Amphiprion ocellaris,random_forest
943:2914,4.35,111.45,0.08385720792718891,ocellaris_clownfish,Amphiprion ocellaris,random_forest
943:2915,4.35,111.55,0.08866026228986315,ocellaris_clownfish,Amphiprion ocellaris,random_forest
943:2916,4.35,111.65,0.0902718694327203,ocellaris_clownfish,Amphiprion ocellaris,random_forest
943:2917,4.35,111.75,0.09236104464675776,ocellaris_clownfish,Amphiprion ocellaris,random_forest
943:2918,4.35,111.85,0.09653215392186582,ocellaris_clownfish,Amphiprion ocellaris,random_forest
943:2919,4.35,111.95,0.10409571526817742,ocellaris_clownfish,Amphiprion ocellaris,random_forest
943:2920,4.35,112.05,0.10540453879758918,ocellaris_clownfish,Amphiprion ocellaris,random_forest
943:2921,4.35,112.15,0.10875927834997579,ocellaris_clownfish,Amphiprion ocellaris,random_forest
943:2922,4.35,112.25,0.11261831809810892,ocellaris_clownfish,Amphiprion ocellaris,random_forest
943:2923,4.35,112.35,0.11641732763647737,ocellaris_clownfish,Amphiprion ocellaris,random_forest
943:2924,4.35,112.45,0.11641732763647737,ocellaris_clownfish,Amphiprion ocellaris,random_forest
943:2925,4.35,112.55,0.11641732763647737,ocellaris_clownfish,Amphiprion ocellaris,random_forest
943:2926,4.35,112.65,0.12115442959894938,ocellaris_clownfish,Amphiprion ocellaris,random_forest
943:2927,4.35,112.75,0.1227555571535653,ocellaris_clownfish,Amphiprion ocellaris,random_forest
943:2928,4.35,112.85,0.12642384107329785,ocellaris_clownfish,Amphiprion ocellaris,random_forest
943:2929,4.35,112.95,0.1409952342613095,ocellaris_clownfish,Amphiprion ocellaris,random_forest
943:2930,4.35,113.05,0.14259691965456786,ocellaris_clownfish,Amphiprion ocellaris,random_forest
943:2931,4.35,113.15,0.14259691965456786,ocellaris_clownfish,Amphiprion ocellaris,random_forest
943:2932,4.35,113.25,0.15004714884332057,ocellaris_clownfish,Amphiprion ocellaris,random_forest
943:2933,4.35,113.35,0.1516968663574449,ocellaris_clownfish,Amphiprion ocellaris,random_forest
943:2934,4.35,113.45,0.16542681326074807,ocellaris_clownfish,Amphiprion ocellaris,random_forest
943:2935,4.35,113.55,0.17545267996812147,ocellaris_clownfish,Amphiprion ocellaris,random_forest
943:2936,4.35,113.65,0.1870665514921444,ocellaris_clownfish,Amphiprion ocellaris,random_forest
943:2937,4.35,113.75,0.29864153669789956,ocellaris_clownfish,Amphiprion ocellaris,random_forest
943:2938,4.35,113.85,0.3064949235224873,ocellaris_clownfish,Amphiprion ocellaris,random_forest
943:2939,4.35,113.95,0.33835482069335265,ocellaris_clownfish,Amphiprion ocellaris,random_forest
943:2976,4.35,117.65,0.7441233433310585,ocellaris_clownfish,Amphiprion ocellaris,random_forest
943:2985,4.35,118.55,0.7855418757904146,ocellaris_clownfish,Amphiprion ocellaris,random_forest
943:2986,4.35,118.65,0.8865540176048291,ocellaris_clownfish,Amphiprion ocellaris,random_forest
943:2987,4.35,118.75,0.9050834096268222,ocellaris_clownfish,Amphiprion ocellaris,random_forest
943:2988,4.35,118.85,0.9005052098772179,ocellaris_clownfish,Amphiprion ocellaris,random_forest
943:2989,4.35,118.95,0.9005052098772179,ocellaris_clownfish,Amphiprion ocellaris,random_forest
943:2990,4.35,119.05,0.9005052098772179,ocellaris_clownfish,Amphiprion ocellaris,random_forest
944:2792,4.45,99.25,0.10606188572197547,ocellaris_clownfish,Amphiprion ocellaris,random_forest
944:2793,4.45,99.35,0.10565872887881862,ocellaris_clownfish,Amphiprion ocellaris,random_forest
944:2794,4.45,99.45,0.11031291664483459,ocellaris_clownfish,Amphiprion ocellaris,random_forest
944:2795,4.45,99.55,0.11728704427712253,ocellaris_clownfish,Amphiprion ocellaris,random_forest
944:2796,4.45,99.65,0.11631461292057055,ocellaris_clownfish,Amphiprion ocellaris,random_forest
944:2797,4.45,99.75,0.1184429235595064,ocellaris_clownfish,Amphiprion ocellaris,random_forest
944:2798,4.45,99.85,0.09786122309120296,ocellaris_clownfish,Amphiprion ocellaris,random_forest
944:2799,4.45,99.95,0.09784615968516502,ocellaris_clownfish,Amphiprion ocellaris,random_forest
944:2800,4.45,100.05,0.10721566297894644,ocellaris_clownfish,Amphiprion ocellaris,random_forest
944:2801,4.45,100.15,0.10721566297894644,ocellaris_clownfish,Amphiprion ocellaris,random_forest
944:2802,4.45,100.25,0.1349095347887929,ocellaris_clownfish,Amphiprion ocellaris,random_forest
944:2803,4.45,100.35,0.1349095347887929,ocellaris_clownfish,Amphiprion ocellaris,random_forest
944:2804,4.45,100.45,0.13598360886286695,ocellaris_clownfish,Amphiprion ocellaris,random_forest
944:2805,4.45,100.55,0.14373298851519906,ocellaris_clownfish,Amphiprion ocellaris,random_forest
944:2834,4.45,103.45,0.2530694597031861,ocellaris_clownfish,Amphiprion ocellaris,random_forest
944:2835,4.45,103.55,0.2615075897975374,ocellaris_clownfish,Amphiprion ocellaris,random_forest
944:2836,4.45,103.65,0.2615075897975374,ocellaris_clownfish,Amphiprion ocellaris,random_forest
944:2837,4.45,103.75,0.19357743512946413,ocellaris_clownfish,Amphiprion ocellaris,random_forest
944:2838,4.45,103.85,0.16903619030990683,ocellaris_clownfish,Amphiprion ocellaris,random_forest
944:2839,4.45,103.95,0.16454147389951418,ocellaris_clownfish,Amphiprion ocellaris,random_forest
944:2840,4.45,104.05,0.19364596852940016,ocellaris_clownfish,Amphiprion ocellaris,random_forest
944:2841,4.45,104.15,0.30064261546254767,ocellaris_clownfish,Amphiprion ocellaris,random_forest
944:2842,4.45,104.25,0.2722812207112931,ocellaris_clownfish,Amphiprion ocellaris,random_forest
944:2843,4.45,104.35,0.11363423584699534,ocellaris_clownfish,Amphiprion ocellaris,random_forest
944:2844,4.45,104.45,0.02656789179677119,ocellaris_clownfish,Amphiprion ocellaris,random_forest
944:2845,4.45,104.55,0.022770990383991354,ocellaris_clownfish,Amphiprion ocellaris,random_forest
944:2846,4.45,104.65,0.022770990383991354,ocellaris_clownfish,Amphiprion ocellaris,random_forest
944:2847,4.45,104.75,0.0221674991121709,ocellaris_clownfish,Amphiprion ocellaris,random_forest
944:2848,4.45,104.85,0.0221674991121709,ocellaris_clownfish,Amphiprion ocellaris,random_forest
944:2849,4.45,104.95,0.0221674991121709,ocellaris_clownfish,Amphiprion ocellaris,random_forest
944:2850,4.45,105.05,0.0221674991121709,ocellaris_clownfish,Amphiprion ocellaris,random_forest
944:2900,4.45,110.05,0.023167499112170902,ocellaris_clownfish,Amphiprion ocellaris,random_forest
944:2901,4.45,110.15,0.023167499112170902,ocellaris_clownfish,Amphiprion ocellaris,random_forest
944:2902,4.45,110.25,0.023167499112170902,ocellaris_clownfish,Amphiprion ocellaris,random_forest
944:2903,4.45,110.35,0.023167499112170902,ocellaris_clownfish,Amphiprion ocellaris,random_forest
944:2904,4.45,110.45,0.023167499112170902,ocellaris_clownfish,Amphiprion ocellaris,random_forest
944:2905,4.45,110.55,0.023167499112170902,ocellaris_clownfish,Amphiprion ocellaris,random_forest
944:2906,4.45,110.65,0.021980583224320435,ocellaris_clownfish,Amphiprion ocellaris,random_forest
944:2907,4.45,110.75,0.021980583224320435,ocellaris_clownfish,Amphiprion ocellaris,random_forest
944:2908,4.45,110.85,0.021980583224320435,ocellaris_clownfish,Amphiprion ocellaris,random_forest
944:2909,4.45,110.95,0.02656513840350506,ocellaris_clownfish,Amphiprion ocellaris,random_forest
944:2910,4.45,111.05,0.02656513840350506,ocellaris_clownfish,Amphiprion ocellaris,random_forest
944:2911,4.45,111.15,0.02656513840350506,ocellaris_clownfish,Amphiprion ocellaris,random_forest
944:2912,4.45,111.25,0.029887983976350632,ocellaris_clownfish,Amphiprion ocellaris,random_forest
944:2913,4.45,111.35,0.029887983976350632,ocellaris_clownfish,Amphiprion ocellaris,random_forest
944:2914,4.45,111.45,0.03125188082448817,ocellaris_clownfish,Amphiprion ocellaris,random_forest
944:2915,4.45,111.55,0.03494665493238532,ocellaris_clownfish,Amphiprion ocellaris,random_forest
944:2916,4.45,111.65,0.03583951207524247,ocellaris_clownfish,Amphiprion ocellaris,random_forest
944:2917,4.45,111.75,0.037928687289279936,ocellaris_clownfish,Amphiprion ocellaris,random_forest
944:2918,4.45,111.85,0.03937761781410345,ocellaris_clownfish,Amphiprion ocellaris,random_forest
944:2919,4.45,111.95,0.04181316509322615,ocellaris_clownfish,Amphiprion ocellaris,random_forest
944:2920,4.45,112.05,0.04312198862263791,ocellaris_clownfish,Amphiprion ocellaris,random_forest
944:2921,4.45,112.15,0.04467255309084945,ocellaris_clownfish,Amphiprion ocellaris,random_forest
944:2922,4.45,112.25,0.04692746304547224,ocellaris_clownfish,Amphiprion ocellaris,random_forest
944:2923,4.45,112.35,0.05072647258384069,ocellaris_clownfish,Amphiprion ocellaris,random_forest
944:2924,4.45,112.45,0.05072647258384069,ocellaris_clownfish,Amphiprion ocellaris,random_forest
944:2925,4.45,112.55,0.05072647258384069,ocellaris_clownfish,Amphiprion ocellaris,random_forest
944:2926,4.45,112.65,0.05546357454631269,ocellaris_clownfish,Amphiprion ocellaris,random_forest
944:2927,4.45,112.75,0.05706470210092862,ocellaris_clownfish,Amphiprion ocellaris,random_forest
944:2928,4.45,112.85,0.06073298602066113,ocellaris_clownfish,Amphiprion ocellaris,random_forest
944:2929,4.45,112.95,0.07530437920867283,ocellaris_clownfish,Amphiprion ocellaris,random_forest
944:2930,4.45,113.05,0.07690606460193125,ocellaris_clownfish,Amphiprion ocellaris,random_forest
944:2931,4.45,113.15,0.07690606460193125,ocellaris_clownfish,Amphiprion ocellaris,random_forest
944:2932,4.45,113.25,0.08435629379068398,ocellaris_clownfish,Amphiprion ocellaris,random_forest
944:2933,4.45,113.35,0.08600601130480828,ocellaris_clownfish,Amphiprion ocellaris,random_forest
944:2934,4.45,113.45,0.09973595820811144,ocellaris_clownfish,Amphiprion ocellaris,random_forest
944:2935,4.45,113.55,0.10976182491548483,ocellaris_clownfish,Amphiprion ocellaris,random_forest
944:2936,4.45,113.65,0.12137569643950781,ocellaris_clownfish,Amphiprion ocellaris,random_forest
944:2937,4.45,113.75,0.2331730518753094,ocellaris_clownfish,Amphiprion ocellaris,random_forest
944:2938,4.45,113.85,0.24102643869989712,ocellaris_clownfish,Amphiprion ocellaris,random_forest
944:2939,4.45,113.95,0.27288633587076233,ocellaris_clownfish,Amphiprion ocellaris,random_forest
944:2986,4.45,118.65,0.8929787904109618,ocellaris_clownfish,Amphiprion ocellaris,random_forest
944:2987,4.45,118.75,0.911508182432955,ocellaris_clownfish,Amphiprion ocellaris,random_forest
944:2988,4.45,118.85,0.9069299826833508,ocellaris_clownfish,Amphiprion ocellaris,random_forest
944:2989,4.45,118.95,0.9069299826833508,ocellaris_clownfish,Amphiprion ocellaris,random_forest
944:2990,4.45,119.05,0.9069299826833508,ocellaris_clownfish,Amphiprion ocellaris,random_forest
945:2791,4.55,99.15,0.12380690088181336,ocellaris_clownfish,Amphiprion ocellaris,random_forest
945:2792,4.55,99.25,0.12380690088181336,ocellaris_clownfish,Amphiprion ocellaris,random_forest
945:2793,4.55,99.35,0.12340374403865652,ocellaris_clownfish,Amphiprion ocellaris,random_forest
945:2794,4.55,99.45,0.12873161601519878,ocellaris_clownfish,Amphiprion ocellaris,random_forest
945:2795,4.55,99.55,0.1364368614722601,ocellaris_clownfish,Amphiprion ocellaris,random_forest
945:2796,4.55,99.65,0.13546443011570813,ocellaris_clownfish,Amphiprion ocellaris,random_forest
945:2797,4.55,99.75,0.13857579160210165,ocellaris_clownfish,Amphiprion ocellaris,random_forest
945:2798,4.55,99.85,0.11799409113379822,ocellaris_clownfish,Amphiprion ocellaris,random_forest
945:2799,4.55,99.95,0.11797902772776027,ocellaris_clownfish,Amphiprion ocellaris,random_forest
945:2800,4.55,100.05,0.1273485310215417,ocellaris_clownfish,Amphiprion ocellaris,random_forest
945:2801,4.55,100.15,0.1273485310215417,ocellaris_clownfish,Amphiprion ocellaris,random_forest
945:2802,4.55,100.25,0.15504240283138815,ocellaris_clownfish,Amphiprion ocellaris,random_forest
945:2803,4.55,100.35,0.15504240283138815,ocellaris_clownfish,Amphiprion ocellaris,random_forest
945:2804,4.55,100.45,0.1561164769054622,ocellaris_clownfish,Amphiprion ocellaris,random_forest
945:2805,4.55,100.55,0.16386585655779437,ocellaris_clownfish,Amphiprion ocellaris,random_forest
945:2835,4.55,103.55,0.2819043874589012,ocellaris_clownfish,Amphiprion ocellaris,random_forest
945:2836,4.55,103.65,0.2819043874589012,ocellaris_clownfish,Amphiprion ocellaris,random_forest
945:2837,4.55,103.75,0.210841057171606,ocellaris_clownfish,Amphiprion ocellaris,random_forest
945:2838,4.55,103.85,0.1835687324340069,ocellaris_clownfish,Amphiprion ocellaris,random_forest
945:2839,4.55,103.95,0.17907401602361425,ocellaris_clownfish,Amphiprion ocellaris,random_forest
945:2840,4.55,104.05,0.2067737086182005,ocellaris_clownfish,Amphiprion ocellaris,random_forest
945:2841,4.55,104.15,0.3092418711828531,ocellaris_clownfish,Amphiprion ocellaris,random_forest
945:2842,4.55,104.25,0.27988047643159847,ocellaris_clownfish,Amphiprion ocellaris,random_forest
945:2843,4.55,104.35,0.11837920508891639,ocellaris_clownfish,Amphiprion ocellaris,random_forest
945:2844,4.55,104.45,0.0311126465525139,ocellaris_clownfish,Amphiprion ocellaris,random_forest
945:2845,4.55,104.55,0.026290801829076456,ocellaris_clownfish,Amphiprion ocellaris,random_forest
945:2846,4.55,104.65,0.026290801829076456,ocellaris_clownfish,Amphiprion ocellaris,random_forest
945:2847,4.55,104.75,0.02568731055725601,ocellaris_clownfish,Amphiprion ocellaris,random_forest
945:2848,4.55,104.85,0.02568731055725601,ocellaris_clownfish,Amphiprion ocellaris,random_forest
945:2849,4.55,104.95,0.02568731055725601,ocellaris_clownfish,Amphiprion ocellaris,random_forest
945:2850,4.55,105.05,0.02568731055725601,ocellaris_clownfish,Amphiprion ocellaris,random_forest
945:2851,4.55,105.15,0.02568731055725601,ocellaris_clownfish,Amphiprion ocellaris,random_forest
945:2900,4.55,110.05,0.02655729518255978,ocellaris_clownfish,Amphiprion ocellaris,random_forest
945:2901,4.55,110.15,0.02655729518255978,ocellaris_clownfish,Amphiprion ocellaris,random_forest
945:2902,4.55,110.25,0.02655729518255978,ocellaris_clownfish,Amphiprion ocellaris,random_forest
945:2903,4.55,110.35,0.02655729518255978,ocellaris_clownfish,Amphiprion ocellaris,random_forest
945:2904,4.55,110.45,0.02655729518255978,ocellaris_clownfish,Amphiprion ocellaris,random_forest
945:2905,4.55,110.55,0.02655729518255978,ocellaris_clownfish,Amphiprion ocellaris,random_forest
945:2906,4.55,110.65,0.025370379294709314,ocellaris_clownfish,Amphiprion ocellaris,random_forest
945:2907,4.55,110.75,0.025370379294709314,ocellaris_clownfish,Amphiprion ocellaris,random_forest
945:2908,4.55,110.85,0.025370379294709314,ocellaris_clownfish,Amphiprion ocellaris,random_forest
945:2909,4.55,110.95,0.027200125773582554,ocellaris_clownfish,Amphiprion ocellaris,random_forest
945:2910,4.55,111.05,0.027477052651052908,ocellaris_clownfish,Amphiprion ocellaris,random_forest
945:2911,4.55,111.15,0.027477052651052908,ocellaris_clownfish,Amphiprion ocellaris,random_forest
945:2912,4.55,111.25,0.030799898223898486,ocellaris_clownfish,Amphiprion ocellaris,random_forest
945:2913,4.55,111.35,0.030799898223898486,ocellaris_clownfish,Amphiprion ocellaris,random_forest
945:2914,4.55,111.45,0.030799898223898486,ocellaris_clownfish,Amphiprion ocellaris,random_forest
945:2915,4.55,111.55,0.032093202315851874,ocellaris_clownfish,Amphiprion ocellaris,random_forest
945:2916,4.55,111.65,0.03298605945870901,ocellaris_clownfish,Amphiprion ocellaris,random_forest
945:2917,4.55,111.75,0.03507523467274647,ocellaris_clownfish,Amphiprion ocellaris,random_forest
945:2918,4.55,111.85,0.036524165197569985,ocellaris_clownfish,Amphiprion ocellaris,random_forest
945:2919,4.55,111.95,0.038959712476692686,ocellaris_clownfish,Amphiprion ocellaris,random_forest
945:2920,4.55,112.05,0.04026853600610445,ocellaris_clownfish,Amphiprion ocellaris,random_forest
945:2921,4.55,112.15,0.040854394591963036,ocellaris_clownfish,Amphiprion ocellaris,random_forest
945:2922,4.55,112.25,0.04310930454658584,ocellaris_clownfish,Amphiprion ocellaris,random_forest
945:2923,4.55,112.35,0.04541938391587399,ocellaris_clownfish,Amphiprion ocellaris,random_forest
945:2924,4.55,112.45,0.04541938391587399,ocellaris_clownfish,Amphiprion ocellaris,random_forest
945:2925,4.55,112.55,0.04624132535563527,ocellaris_clownfish,Amphiprion ocellaris,random_forest
945:2926,4.55,112.65,0.05097842731810726,ocellaris_clownfish,Amphiprion ocellaris,random_forest
945:2927,4.55,112.75,0.05257955487272319,ocellaris_clownfish,Amphiprion ocellaris,random_forest
945:2928,4.55,112.85,0.0562478387924557,ocellaris_clownfish,Amphiprion ocellaris,random_forest
945:2929,4.55,112.95,0.06917166751055334,ocellaris_clownfish,Amphiprion ocellaris,random_forest
945:2930,4.55,113.05,0.07077335290381179,ocellaris_clownfish,Amphiprion ocellaris,random_forest
945:2931,4.55,113.15,0.07077335290381179,ocellaris_clownfish,Amphiprion ocellaris,random_forest
945:2932,4.55,113.25,0.07822358209256451,ocellaris_clownfish,Amphiprion ocellaris,random_forest
945:2933,4.55,113.35,0.07987329960668882,ocellaris_clownfish,Amphiprion ocellaris,random_forest
945:2934,4.55,113.45,0.09360324650999198,ocellaris_clownfish,Amphiprion ocellaris,random_forest
945:2935,4.55,113.55,0.10362911321736536,ocellaris_clownfish,Amphiprion ocellaris,random_forest
945:2936,4.55,113.65,0.11524298474138832,ocellaris_clownfish,Amphiprion ocellaris,random_forest
945:2937,4.55,113.75,0.227096197527387,ocellaris_clownfish,Amphiprion ocellaris,random_forest
945:2938,4.55,113.85,0.23494958435197472,ocellaris_clownfish,Amphiprion ocellaris,random_forest
945:2939,4.55,113.95,0.2668094815228399,ocellaris_clownfish,Amphiprion ocellaris,random_forest
945:2986,4.55,118.65,0.8987864601133162,ocellaris_clownfish,Amphiprion ocellaris,random_forest
945:2987,4.55,118.75,0.9181664268479528,ocellaris_clownfish,Amphiprion ocellaris,random_forest
945:2988,4.55,118.85,0.9135882270983486,ocellaris_clownfish,Amphiprion ocellaris,random_forest
945:2989,4.55,118.95,0.9135882270983486,ocellaris_clownfish,Amphiprion ocellaris,random_forest
946:2790,4.65,99.05,0.13799518324764665,ocellaris_clownfish,Amphiprion ocellaris,random_forest
946:2791,4.65,99.15,0.13799518324764665,ocellaris_clownfish,Amphiprion ocellaris,random_forest
946:2792,4.65,99.25,0.13799518324764665,ocellaris_clownfish,Amphiprion ocellaris,random_forest
946:2793,4.65,99.35,0.13759202640448978,ocellaris_clownfish,Amphiprion ocellaris,random_forest
946:2794,4.65,99.45,0.14291989838103203,ocellaris_clownfish,Amphiprion ocellaris,random_forest
946:2795,4.65,99.55,0.1552740653634401,ocellaris_clownfish,Amphiprion ocellaris,random_forest
946:2796,4.65,99.65,0.1543016340068881,ocellaris_clownfish,Amphiprion ocellaris,random_forest
946:2797,4.65,99.75,0.15885545073624838,ocellaris_clownfish,Amphiprion ocellaris,random_forest
946:2798,4.65,99.85,0.1382737502679449,ocellaris_clownfish,Amphiprion ocellaris,random_forest
946:2799,4.65,99.95,0.1382586868619069,ocellaris_clownfish,Amphiprion ocellaris,random_forest
946:2800,4.65,100.05,0.14762819015568837,ocellaris_clownfish,Amphiprion ocellaris,random_forest
946:2801,4.65,100.15,0.14762819015568837,ocellaris_clownfish,Amphiprion ocellaris,random_forest
946:2802,4.65,100.25,0.1800886395432956,ocellaris_clownfish,Amphiprion ocellaris,random_forest
946:2803,4.65,100.35,0.1800886395432956,ocellaris_clownfish,Amphiprion ocellaris,random_forest
946:2804,4.65,100.45,0.18116271361736963,ocellaris_clownfish,Amphiprion ocellaris,random_forest
946:2805,4.65,100.55,0.18891209326970176,ocellaris_clownfish,Amphiprion ocellaris,random_forest
946:2834,4.65,103.45,0.2972712544184951,ocellaris_clownfish,Amphiprion ocellaris,random_forest
946:2835,4.65,103.55,0.3057093845128466,ocellaris_clownfish,Amphiprion ocellaris,random_forest
946:2836,4.65,103.65,0.3057093845128466,ocellaris_clownfish,Amphiprion ocellaris,random_forest
946:2837,4.65,103.75,0.22589064077770712,ocellaris_clownfish,Amphiprion ocellaris,random_forest
946:2838,4.65,103.85,0.1986183160401081,ocellaris_clownfish,Amphiprion ocellaris,random_forest
946:2839,4.65,103.95,0.19298792123775568,ocellaris_clownfish,Amphiprion ocellaris,random_forest
946:2840,4.65,104.05,0.21944391635335023,ocellaris_clownfish,Amphiprion ocellaris,random_forest
946:2841,4.65,104.15,0.32143818333567353,ocellaris_clownfish,Amphiprion ocellaris,random_forest
946:2842,4.65,104.25,0.2920767885844189,ocellaris_clownfish,Amphiprion ocellaris,random_forest
946:2843,4.65,104.35,0.12623180673991088,ocellaris_clownfish,Amphiprion ocellaris,random_forest
946:2844,4.65,104.45,0.035856430006454866,ocellaris_clownfish,Amphiprion ocellaris,random_forest
946:2845,4.65,104.55,0.030207769640559334,ocellaris_clownfish,Amphiprion ocellaris,random_forest
946:2846,4.65,104.65,0.030207769640559334,ocellaris_clownfish,Amphiprion ocellaris,random_forest
946:2847,4.65,104.75,0.029604278368738884,ocellaris_clownfish,Amphiprion ocellaris,random_forest
946:2848,4.65,104.85,0.029604278368738884,ocellaris_clownfish,Amphiprion ocellaris,random_forest
946:2849,4.65,104.95,0.029604278368738884,ocellaris_clownfish,Amphiprion ocellaris,random_forest
946:2850,4.65,105.05,0.029604278368738884,ocellaris_clownfish,Amphiprion ocellaris,random_forest
946:2851,4.65,105.15,0.029604278368738884,ocellaris_clownfish,Amphiprion ocellaris,random_forest
946:2900,4.65,110.05,0.03000036741171334,ocellaris_clownfish,Amphiprion ocellaris,random_forest
946:2901,4.65,110.15,0.03000036741171334,ocellaris_clownfish,Amphiprion ocellaris,random_forest
946:2902,4.65,110.25,0.03000036741171334,ocellaris_clownfish,Amphiprion ocellaris,random_forest
946:2903,4.65,110.35,0.03000036741171334,ocellaris_clownfish,Amphiprion ocellaris,random_forest
946:2904,4.65,110.45,0.03000036741171334,ocellaris_clownfish,Amphiprion ocellaris,random_forest
946:2905,4.65,110.55,0.03000036741171334,ocellaris_clownfish,Amphiprion ocellaris,random_forest
946:2906,4.65,110.65,0.028813451523862874,ocellaris_clownfish,Amphiprion ocellaris,random_forest
946:2907,4.65,110.75,0.028813451523862874,ocellaris_clownfish,Amphiprion ocellaris,random_forest
946:2908,4.65,110.85,0.028813451523862874,ocellaris_clownfish,Amphiprion ocellaris,random_forest
946:2909,4.65,110.95,0.029751812234945853,ocellaris_clownfish,Amphiprion ocellaris,random_forest
946:2910,4.65,111.05,0.030028739112416207,ocellaris_clownfish,Amphiprion ocellaris,random_forest
946:2911,4.65,111.15,0.030028739112416207,ocellaris_clownfish,Amphiprion ocellaris,random_forest
946:2912,4.65,111.25,0.033351584685261774,ocellaris_clownfish,Amphiprion ocellaris,random_forest
946:2913,4.65,111.35,0.033351584685261774,ocellaris_clownfish,Amphiprion ocellaris,random_forest
946:2914,4.65,111.45,0.033351584685261774,ocellaris_clownfish,Amphiprion ocellaris,random_forest
946:2915,4.65,111.55,0.034644888777215166,ocellaris_clownfish,Amphiprion ocellaris,random_forest
946:2916,4.65,111.65,0.03553774592007231,ocellaris_clownfish,Amphiprion ocellaris,random_forest
946:2917,4.65,111.75,0.03762692113410978,ocellaris_clownfish,Amphiprion ocellaris,random_forest
946:2918,4.65,111.85,0.03907585165893329,ocellaris_clownfish,Amphiprion ocellaris,random_forest
946:2919,4.65,111.95,0.03977955536263699,ocellaris_clownfish,Amphiprion ocellaris,random_forest
946:2920,4.65,112.05,0.04108837889204875,ocellaris_clownfish,Amphiprion ocellaris,random_forest
946:2921,4.65,112.15,0.04167423747790734,ocellaris_clownfish,Amphiprion ocellaris,random_forest
946:2922,4.65,112.25,0.043929147432530145,ocellaris_clownfish,Amphiprion ocellaris,random_forest
946:2923,4.65,112.35,0.0462392268018183,ocellaris_clownfish,Amphiprion ocellaris,random_forest
946:2924,4.65,112.45,0.0462392268018183,ocellaris_clownfish,Amphiprion ocellaris,random_forest
946:2925,4.65,112.55,0.04706116824157958,ocellaris_clownfish,Amphiprion ocellaris,random_forest
946:2926,4.65,112.65,0.05179827020405158,ocellaris_clownfish,Amphiprion ocellaris,random_forest
946:2927,4.65,112.75,0.053399397758667505,ocellaris_clownfish,Amphiprion ocellaris,random_forest
946:2928,4.65,112.85,0.05706768167840002,ocellaris_clownfish,Amphiprion ocellaris,random_forest
946:2929,4.65,112.95,0.06999151039649767,ocellaris_clownfish,Amphiprion ocellaris,random_forest
946:2930,4.65,113.05,0.07159319578975608,ocellaris_clownfish,Amphiprion ocellaris,random_forest
946:2931,4.65,113.15,0.07159319578975608,ocellaris_clownfish,Amphiprion ocellaris,random_forest
946:2932,4.65,113.25,0.07715663252567861,ocellaris_clownfish,Amphiprion ocellaris,random_forest
946:2933,4.65,113.35,0.07880635003980292,ocellaris_clownfish,Amphiprion ocellaris,random_forest
946:2934,4.65,113.45,0.09136922488127387,ocellaris_clownfish,Amphiprion ocellaris,random_forest
946:2935,4.65,113.55,0.09963038570629429,ocellaris_clownfish,Amphiprion ocellaris,random_forest
946:2936,4.65,113.65,0.11069216308009228,ocellaris_clownfish,Amphiprion ocellaris,random_forest
946:2937,4.65,113.75,0.21930473061897804,ocellaris_clownfish,Amphiprion ocellaris,random_forest
946:2938,4.65,113.85,0.22715811744356576,ocellaris_clownfish,Amphiprion ocellaris,random_forest
946:2939,4.65,113.95,0.25901801461443097,ocellaris_clownfish,Amphiprion ocellaris,random_forest
946:2940,4.65,114.05,0.25901801461443097,ocellaris_clownfish,Amphiprion ocellaris,random_forest
946:2986,4.65,118.65,0.889994624696655,ocellaris_clownfish,Amphiprion ocellaris,random_forest
946:2987,4.65,118.75,0.9093745914312917,ocellaris_clownfish,Amphiprion ocellaris,random_forest
946:2988,4.65,118.85,0.9047963916816875,ocellaris_clownfish,Amphiprion ocellaris,random_forest
946:2989,4.65,118.95,0.9047963916816875,ocellaris_clownfish,Amphiprion ocellaris,random_forest
947:2789,4.75,98.95,0.2341891386913075,ocellaris_clownfish,Amphiprion ocellaris,random_forest
947:2790,4.75,99.05,0.2345650785409316,ocellaris_clownfish,Amphiprion ocellaris,random_forest
947:2791,4.75,99.15,0.2345650785409316,ocellaris_clownfish,Amphiprion ocellaris,random_forest
947:2792,4.75,99.25,0.2345650785409316,ocellaris_clownfish,Amphiprion ocellaris,random_forest
947:2793,4.75,99.35,0.23518794018459432,ocellaris_clownfish,Amphiprion ocellaris,random_forest
947:2794,4.75,99.45,0.24495458704011178,ocellaris_clownfish,Amphiprion ocellaris,random_forest
947:2795,4.75,99.55,0.26417933066806154,ocellaris_clownfish,Amphiprion ocellaris,random_forest
947:2796,4.75,99.65,0.26700569187063633,ocellaris_clownfish,Amphiprion ocellaris,random_forest
947:2797,4.75,99.75,0.2806577621967185,ocellaris_clownfish,Amphiprion ocellaris,random_forest
947:2798,4.75,99.85,0.26188682239631844,ocellaris_clownfish,Amphiprion ocellaris,random_forest
947:2799,4.75,99.95,0.26187175899028053,ocellaris_clownfish,Amphiprion ocellaris,random_forest
947:2800,4.75,100.05,0.27455471226713474,ocellaris_clownfish,Amphiprion ocellaris,random_forest
947:2801,4.75,100.15,0.27455471226713474,ocellaris_clownfish,Amphiprion ocellaris,random_forest
947:2802,4.75,100.25,0.32317513278015986,ocellaris_clownfish,Amphiprion ocellaris,random_forest
947:2803,4.75,100.35,0.32317513278015986,ocellaris_clownfish,Amphiprion ocellaris,random_forest
947:2804,4.75,100.45,0.3242492068542339,ocellaris_clownfish,Amphiprion ocellaris,random_forest
947:2805,4.75,100.55,0.33199858650656616,ocellaris_clownfish,Amphiprion ocellaris,random_forest
947:2834,4.75,103.45,0.45616770296326303,ocellaris_clownfish,Amphiprion ocellaris,random_forest
947:2835,4.75,103.55,0.4646058330576145,ocellaris_clownfish,Amphiprion ocellaris,random_forest
947:2836,4.75,103.65,0.4646058330576145,ocellaris_clownfish,Amphiprion ocellaris,random_forest
947:2837,4.75,103.75,0.36845926659302886,ocellaris_clownfish,Amphiprion ocellaris,random_forest
947:2838,4.75,103.85,0.30666351636066014,ocellaris_clownfish,Amphiprion ocellaris,random_forest
947:2839,4.75,103.95,0.2993569851946713,ocellaris_clownfish,Amphiprion ocellaris,random_forest
947:2840,4.75,104.05,0.3216800952665225,ocellaris_clownfish,Amphiprion ocellaris,random_forest
947:2841,4.75,104.15,0.3959377275038933,ocellaris_clownfish,Amphiprion ocellaris,random_forest
947:2842,4.75,104.25,0.36211350430255085,ocellaris_clownfish,Amphiprion ocellaris,random_forest
947:2843,4.75,104.35,0.1693916566071876,ocellaris_clownfish,Amphiprion ocellaris,random_forest
947:2844,4.75,104.45,0.054263790557428734,ocellaris_clownfish,Amphiprion ocellaris,random_forest
947:2845,4.75,104.55,0.046398635346172355,ocellaris_clownfish,Amphiprion ocellaris,random_forest
947:2846,4.75,104.65,0.046398635346172355,ocellaris_clownfish,Amphiprion ocellaris,random_forest
947:2847,4.75,104.75,0.04579514407435191,ocellaris_clownfish,Amphiprion ocellaris,random_forest
947:2848,4.75,104.85,0.04579514407435191,ocellaris_clownfish,Amphiprion ocellaris,random_forest
947:2849,4.75,104.95,0.04331153634023908,ocellaris_clownfish,Amphiprion ocellaris,random_forest
947:2850,4.75,105.05,0.04331153634023908,ocellaris_clownfish,Amphiprion ocellaris,random_forest
947:2851,4.75,105.15,0.04331153634023908,ocellaris_clownfish,Amphiprion ocellaris,random_forest
947:2852,4.75,105.25,0.04331153634023908,ocellaris_clownfish,Amphiprion ocellaris,random_forest
947:2900,4.75,110.05,0.04270762538321353,ocellaris_clownfish,Amphiprion ocellaris,random_forest
947:2901,4.75,110.15,0.04270762538321353,ocellaris_clownfish,Amphiprion ocellaris,random_forest
947:2902,4.75,110.25,0.04270762538321353,ocellaris_clownfish,Amphiprion ocellaris,random_forest
947:2903,4.75,110.35,0.04270762538321353,ocellaris_clownfish,Amphiprion ocellaris,random_forest
947:2904,4.75,110.45,0.04270762538321353,ocellaris_clownfish,Amphiprion ocellaris,random_forest
947:2905,4.75,110.55,0.04270762538321353,ocellaris_clownfish,Amphiprion ocellaris,random_forest
947:2906,4.75,110.65,0.041520709495363066,ocellaris_clownfish,Amphiprion ocellaris,random_forest
947:2907,4.75,110.75,0.041520709495363066,ocellaris_clownfish,Amphiprion ocellaris,random_forest
947:2908,4.75,110.85,0.041520709495363066,ocellaris_clownfish,Amphiprion ocellaris,random_forest
947:2909,4.75,110.95,0.041587070206446045,ocellaris_clownfish,Amphiprion ocellaris,random_forest
947:2910,4.75,111.05,0.041863997083916395,ocellaris_clownfish,Amphiprion ocellaris,random_forest
947:2911,4.75,111.15,0.041863997083916395,ocellaris_clownfish,Amphiprion ocellaris,random_forest
947:2912,4.75,111.25,0.04443684265676198,ocellaris_clownfish,Amphiprion ocellaris,random_forest
947:2913,4.75,111.35,0.04443684265676198,ocellaris_clownfish,Amphiprion ocellaris,random_forest
947:2914,4.75,111.45,0.04443684265676198,ocellaris_clownfish,Amphiprion ocellaris,random_forest
947:2915,4.75,111.55,0.04573014674871537,ocellaris_clownfish,Amphiprion ocellaris,random_forest
947:2916,4.75,111.65,0.04662300389157251,ocellaris_clownfish,Amphiprion ocellaris,random_forest
947:2917,4.75,111.75,0.04871217910560998,ocellaris_clownfish,Amphiprion ocellaris,random_forest
947:2918,4.75,111.85,0.04926972386264323,ocellaris_clownfish,Amphiprion ocellaris,random_forest
947:2919,4.75,111.95,0.04926972386264323,ocellaris_clownfish,Amphiprion ocellaris,random_forest
947:2920,4.75,112.05,0.050578547392055,ocellaris_clownfish,Amphiprion ocellaris,random_forest
947:2921,4.75,112.15,0.051164405977913587,ocellaris_clownfish,Amphiprion ocellaris,random_forest
947:2922,4.75,112.25,0.05341931593253639,ocellaris_clownfish,Amphiprion ocellaris,random_forest
947:2923,4.75,112.35,0.05572939530182454,ocellaris_clownfish,Amphiprion ocellaris,random_forest
947:2924,4.75,112.45,0.05572939530182454,ocellaris_clownfish,Amphiprion ocellaris,random_forest
947:2925,4.75,112.55,0.05655133674158582,ocellaris_clownfish,Amphiprion ocellaris,random_forest
947:2926,4.75,112.65,0.06080104374607463,ocellaris_clownfish,Amphiprion ocellaris,random_forest
947:2927,4.75,112.75,0.06240217130069056,ocellaris_clownfish,Amphiprion ocellaris,random_forest
947:2928,4.75,112.85,0.06607045522042308,ocellaris_clownfish,Amphiprion ocellaris,random_forest
947:2929,4.75,112.95,0.07787535189968571,ocellaris_clownfish,Amphiprion ocellaris,random_forest
947:2930,4.75,113.05,0.07947703729294414,ocellaris_clownfish,Amphiprion ocellaris,random_forest
947:2931,4.75,113.15,0.07947703729294414,ocellaris_clownfish,Amphiprion ocellaris,random_forest
947:2932,4.75,113.25,0.08504047402886669,ocellaris_clownfish,Amphiprion ocellaris,random_forest
947:2933,4.75,113.35,0.086690191542991,ocellaris_clownfish,Amphiprion ocellaris,random_forest
947:2934,4.75,113.45,0.09725306638446193,ocellaris_clownfish,Amphiprion ocellaris,random_forest
947:2935,4.75,113.55,0.10007743914431858,ocellaris_clownfish,Amphiprion ocellaris,random_forest
947:2936,4.75,113.65,0.11113921651811653,ocellaris_clownfish,Amphiprion ocellaris,random_forest
947:2937,4.75,113.75,0.2061703921785337,ocellaris_clownfish,Amphiprion ocellaris,random_forest
947:2938,4.75,113.85,0.2140237790031214,ocellaris_clownfish,Amphiprion ocellaris,random_forest
947:2939,4.75,113.95,0.24711367617398658,ocellaris_clownfish,Amphiprion ocellaris,random_forest
947:2940,4.75,114.05,0.24711367617398658,ocellaris_clownfish,Amphiprion ocellaris,random_forest
947:2982,4.75,118.25,0.7536308027253683,ocellaris_clownfish,Amphiprion ocellaris,random_forest
947:2983,4.75,118.35,0.7724194266807278,ocellaris_clownfish,Amphiprion ocellaris,random_forest
947:2984,4.75,118.45,0.774529359194553,ocellaris_clownfish,Amphiprion ocellaris,random_forest
947:2985,4.75,118.55,0.774529359194553,ocellaris_clownfish,Amphiprion ocellaris,random_forest
947:2986,4.75,118.65,0.8740294356985797,ocellaris_clownfish,Amphiprion ocellaris,random_forest
947:2987,4.75,118.75,0.892109849527106,ocellaris_clownfish,Amphiprion ocellaris,random_forest
947:2988,4.75,118.85,0.8875316497775019,ocellaris_clownfish,Amphiprion ocellaris,random_forest
947:2989,4.75,118.95,0.8875316497775019,ocellaris_clownfish,Amphiprion ocellaris,random_forest
948:2788,4.85,98.85,0.2583169026550917,ocellaris_clownfish,Amphiprion ocellaris,random_forest
948:2789,4.85,98.95,0.2583169026550917,ocellaris_clownfish,Amphiprion ocellaris,random_forest
948:2790,4.85,99.05,0.25869284250471575,ocellaris_clownfish,Amphiprion ocellaris,random_forest
948:2791,4.85,99.15,0.25869284250471575,ocellaris_clownfish,Amphiprion ocellaris,random_forest
948:2792,4.85,99.25,0.25869284250471575,ocellaris_clownfish,Amphiprion ocellaris,random_forest
948:2793,4.85,99.35,0.25931570414837846,ocellaris_clownfish,Amphiprion ocellaris,random_forest
948:2794,4.85,99.45,0.269082351003896,ocellaris_clownfish,Amphiprion ocellaris,random_forest
948:2795,4.85,99.55,0.28995360625975286,ocellaris_clownfish,Amphiprion ocellaris,random_forest
948:2796,4.85,99.65,0.29584662507993703,ocellaris_clownfish,Amphiprion ocellaris,random_forest
948:2797,4.85,99.75,0.31139289059886066,ocellaris_clownfish,Amphiprion ocellaris,random_forest
948:2798,4.85,99.85,0.2926219507984609,ocellaris_clownfish,Amphiprion ocellaris,random_forest
948:2799,4.85,99.95,0.29325933061535875,ocellaris_clownfish,Amphiprion ocellaris,random_forest
948:2800,4.85,100.05,0.31257126144125263,ocellaris_clownfish,Amphiprion ocellaris,random_forest
948:2801,4.85,100.15,0.31257126144125263,ocellaris_clownfish,Amphiprion ocellaris,random_forest
948:2802,4.85,100.25,0.361624319525435,ocellaris_clownfish,Amphiprion ocellaris,random_forest
948:2803,4.85,100.35,0.361624319525435,ocellaris_clownfish,Amphiprion ocellaris,random_forest
948:2804,4.85,100.45,0.36269839359950906,ocellaris_clownfish,Amphiprion ocellaris,random_forest
948:2805,4.85,100.55,0.3704477732518413,ocellaris_clownfish,Amphiprion ocellaris,random_forest
948:2834,4.85,103.45,0.4961217050860164,ocellaris_clownfish,Amphiprion ocellaris,random_forest
948:2835,4.85,103.55,0.5050773553960012,ocellaris_clownfish,Amphiprion ocellaris,random_forest
948:2836,4.85,103.65,0.5050773553960012,ocellaris_clownfish,Amphiprion ocellaris,random_forest
948:2837,4.85,103.75,0.4041172615007103,ocellaris_clownfish,Amphiprion ocellaris,random_forest
948:2838,4.85,103.85,0.3356304644380191,ocellaris_clownfish,Amphiprion ocellaris,random_forest
948:2839,4.85,103.95,0.3283239332720304,ocellaris_clownfish,Amphiprion ocellaris,random_forest
948:2840,4.85,104.05,0.349022882270056,ocellaris_clownfish,Amphiprion ocellaris,random_forest
948:2841,4.85,104.15,0.41462463830982926,ocellaris_clownfish,Amphiprion ocellaris,random_forest
948:2842,4.85,104.25,0.3777516546872276,ocellaris_clownfish,Amphiprion ocellaris,random_forest
948:2843,4.85,104.35,0.17301028585402345,ocellaris_clownfish,Amphiprion ocellaris,random_forest
948:2844,4.85,104.45,0.0514065921205681,ocellaris_clownfish,Amphiprion ocellaris,random_forest
948:2845,4.85,104.55,0.043141547223707756,ocellaris_clownfish,Amphiprion ocellaris,random_forest
948:2846,4.85,104.65,0.043141547223707756,ocellaris_clownfish,Amphiprion ocellaris,random_forest
948:2847,4.85,104.75,0.04253805595188731,ocellaris_clownfish,Amphiprion ocellaris,random_forest
948:2848,4.85,104.85,0.04253805595188731,ocellaris_clownfish,Amphiprion ocellaris,random_forest
948:2849,4.85,104.95,0.03913919398048635,ocellaris_clownfish,Amphiprion ocellaris,random_forest
948:2850,4.85,105.05,0.03913919398048635,ocellaris_clownfish,Amphiprion ocellaris,random_forest
948:2851,4.85,105.15,0.03913919398048635,ocellaris_clownfish,Amphiprion ocellaris,random_forest
948:2852,4.85,105.25,0.03913919398048635,ocellaris_clownfish,Amphiprion ocellaris,random_forest
948:2900,4.85,110.05,0.03716109471177249,ocellaris_clownfish,Amphiprion ocellaris,random_forest
948:2901,4.85,110.15,0.03716109471177249,ocellaris_clownfish,Amphiprion ocellaris,random_forest
948:2902,4.85,110.25,0.03716109471177249,ocellaris_clownfish,Amphiprion ocellaris,random_forest
948:2903,4.85,110.35,0.03716109471177249,ocellaris_clownfish,Amphiprion ocellaris,random_forest
948:2904,4.85,110.45,0.03716109471177249,ocellaris_clownfish,Amphiprion ocellaris,random_forest
948:2905,4.85,110.55,0.03716109471177249,ocellaris_clownfish,Amphiprion ocellaris,random_forest
948:2906,4.85,110.65,0.03597417882392202,ocellaris_clownfish,Amphiprion ocellaris,random_forest
948:2907,4.85,110.75,0.03597417882392202,ocellaris_clownfish,Amphiprion ocellaris,random_forest
948:2908,4.85,110.85,0.03506113534566116,ocellaris_clownfish,Amphiprion ocellaris,random_forest
948:2909,4.85,110.95,0.03512749605674414,ocellaris_clownfish,Amphiprion ocellaris,random_forest
948:2910,4.85,111.05,0.03512749605674414,ocellaris_clownfish,Amphiprion ocellaris,random_forest
948:2911,4.85,111.15,0.03512749605674414,ocellaris_clownfish,Amphiprion ocellaris,random_forest
948:2912,4.85,111.25,0.0377003416295897,ocellaris_clownfish,Amphiprion ocellaris,random_forest
948:2913,4.85,111.35,0.0377003416295897,ocellaris_clownfish,Amphiprion ocellaris,random_forest
948:2914,4.85,111.45,0.0377003416295897,ocellaris_clownfish,Amphiprion ocellaris,random_forest
948:2915,4.85,111.55,0.0383253416295897,ocellaris_clownfish,Amphiprion ocellaris,random_forest
948:2916,4.85,111.65,0.039218198772446845,ocellaris_clownfish,Amphiprion ocellaris,random_forest
948:2917,4.85,111.75,0.04045023112934146,ocellaris_clownfish,Amphiprion ocellaris,random_forest
948:2918,4.85,111.85,0.041007775886374706,ocellaris_clownfish,Amphiprion ocellaris,random_forest
948:2919,4.85,111.95,0.041007775886374706,ocellaris_clownfish,Amphiprion ocellaris,random_forest
948:2920,4.85,112.05,0.04231659941578648,ocellaris_clownfish,Amphiprion ocellaris,random_forest
948:2921,4.85,112.15,0.042902458001645064,ocellaris_clownfish,Amphiprion ocellaris,random_forest
948:2922,4.85,112.25,0.04443861795626786,ocellaris_clownfish,Amphiprion ocellaris,random_forest
948:2923,4.85,112.35,0.04543861795626787,ocellaris_clownfish,Amphiprion ocellaris,random_forest
948:2924,4.85,112.45,0.04543861795626787,ocellaris_clownfish,Amphiprion ocellaris,random_forest
948:2925,4.85,112.55,0.046260559396029154,ocellaris_clownfish,Amphiprion ocellaris,random_forest
948:2926,4.85,112.65,0.04988063677088834,ocellaris_clownfish,Amphiprion ocellaris,random_forest
948:2927,4.85,112.75,0.05148176432550427,ocellaris_clownfish,Amphiprion ocellaris,random_forest
948:2928,4.85,112.85,0.054806852978964586,ocellaris_clownfish,Amphiprion ocellaris,random_forest
948:2929,4.85,112.95,0.06661174965822725,ocellaris_clownfish,Amphiprion ocellaris,random_forest
948:2930,4.85,113.05,0.0682134350514857,ocellaris_clownfish,Amphiprion ocellaris,random_forest
948:2931,4.85,113.15,0.0682134350514857,ocellaris_clownfish,Amphiprion ocellaris,random_forest
948:2932,4.85,113.25,0.07323097806760147,ocellaris_clownfish,Amphiprion ocellaris,random_forest
948:2933,4.85,113.35,0.07488069558172578,ocellaris_clownfish,Amphiprion ocellaris,random_forest
948:2934,4.85,113.45,0.08344357042319668,ocellaris_clownfish,Amphiprion ocellaris,random_forest
948:2935,4.85,113.55,0.08626794318305331,ocellaris_clownfish,Amphiprion ocellaris,random_forest
948:2936,4.85,113.65,0.09732972055685125,ocellaris_clownfish,Amphiprion ocellaris,random_forest
948:2937,4.85,113.75,0.19025648509890417,ocellaris_clownfish,Amphiprion ocellaris,random_forest
948:2938,4.85,113.85,0.19810987192349191,ocellaris_clownfish,Amphiprion ocellaris,random_forest
948:2950,4.85,115.05,0.22087689049139175,ocellaris_clownfish,Amphiprion ocellaris,random_forest
948:2981,4.85,118.15,0.7409560147724104,ocellaris_clownfish,Amphiprion ocellaris,random_forest
948:2982,4.85,118.25,0.7414021686185641,ocellaris_clownfish,Amphiprion ocellaris,random_forest
948:2983,4.85,118.35,0.7601907925739237,ocellaris_clownfish,Amphiprion ocellaris,random_forest
948:2984,4.85,118.45,0.7623007250877489,ocellaris_clownfish,Amphiprion ocellaris,random_forest
948:2985,4.85,118.55,0.7623007250877489,ocellaris_clownfish,Amphiprion ocellaris,random_forest
948:2986,4.85,118.65,0.8576178682735536,ocellaris_clownfish,Amphiprion ocellaris,random_forest
948:2987,4.85,118.75,0.8736982821020797,ocellaris_clownfish,Amphiprion ocellaris,random_forest
948:2988,4.85,118.85,0.8691200823524755,ocellaris_clownfish,Amphiprion ocellaris,random_forest
948:2989,4.85,118.95,0.8691200823524755,ocellaris_clownfish,Amphiprion ocellaris,random_forest
948:2990,4.85,119.05,0.8691200823524755,ocellaris_clownfish,Amphiprion ocellaris,random_forest
949:2787,4.95,98.75,0.23120014395462707,ocellaris_clownfish,Amphiprion ocellaris,random_forest
949:2788,4.95,98.85,0.23120014395462707,ocellaris_clownfish,Amphiprion ocellaris,random_forest
949:2789,4.95,98.95,0.23120014395462707,ocellaris_clownfish,Amphiprion ocellaris,random_forest
949:2790,4.95,99.05,0.23157608380425115,ocellaris_clownfish,Amphiprion ocellaris,random_forest
949:2791,4.95,99.15,0.23157608380425115,ocellaris_clownfish,Amphiprion ocellaris,random_forest
949:2792,4.95,99.25,0.23157608380425115,ocellaris_clownfish,Amphiprion ocellaris,random_forest
949:2793,4.95,99.35,0.23219894544791386,ocellaris_clownfish,Amphiprion ocellaris,random_forest
949:2794,4.95,99.45,0.24196559230343131,ocellaris_clownfish,Amphiprion ocellaris,random_forest
949:2795,4.95,99.55,0.262836847559288,ocellaris_clownfish,Amphiprion ocellaris,random_forest
949:2796,4.95,99.65,0.26872986637947227,ocellaris_clownfish,Amphiprion ocellaris,random_forest
949:2797,4.95,99.75,0.2879242552227929,ocellaris_clownfish,Amphiprion ocellaris,random_forest
949:2798,4.95,99.85,0.26847553764461507,ocellaris_clownfish,Amphiprion ocellaris,random_forest
949:2799,4.95,99.95,0.2691129174615129,ocellaris_clownfish,Amphiprion ocellaris,random_forest
949:2800,4.95,100.05,0.2884248482874071,ocellaris_clownfish,Amphiprion ocellaris,random_forest
949:2801,4.95,100.15,0.2884248482874071,ocellaris_clownfish,Amphiprion ocellaris,random_forest
949:2802,4.95,100.25,0.3374779063715895,ocellaris_clownfish,Amphiprion ocellaris,random_forest
949:2803,4.95,100.35,0.3374779063715895,ocellaris_clownfish,Amphiprion ocellaris,random_forest
949:2833,4.95,103.35,0.4626947994513603,ocellaris_clownfish,Amphiprion ocellaris,random_forest
949:2834,4.95,103.45,0.4607040340787401,ocellaris_clownfish,Amphiprion ocellaris,random_forest
949:2835,4.95,103.55,0.46965968438872496,ocellaris_clownfish,Amphiprion ocellaris,random_forest
949:2836,4.95,103.65,0.46965968438872496,ocellaris_clownfish,Amphiprion ocellaris,random_forest
949:2837,4.95,103.75,0.37084871268140784,ocellaris_clownfish,Amphiprion ocellaris,random_forest
949:2838,4.95,103.85,0.30536766806462273,ocellaris_clownfish,Amphiprion ocellaris,random_forest
949:2839,4.95,103.95,0.2992198367074293,ocellaris_clownfish,Amphiprion ocellaris,random_forest
949:2840,4.95,104.05,0.32015915550514684,ocellaris_clownfish,Amphiprion ocellaris,random_forest
949:2841,4.95,104.15,0.386834985618994,ocellaris_clownfish,Amphiprion ocellaris,random_forest
949:2842,4.95,104.25,0.35065728501526033,ocellaris_clownfish,Amphiprion ocellaris,random_forest
949:2843,4.95,104.35,0.14591591618205615,ocellaris_clownfish,Amphiprion ocellaris,random_forest
949:2844,4.95,104.45,0.02576676790314629,ocellaris_clownfish,Amphiprion ocellaris,random_forest
949:2845,4.95,104.55,0.01852666631694355,ocellaris_clownfish,Amphiprion ocellaris,random_forest
949:2846,4.95,104.65,0.01852666631694355,ocellaris_clownfish,Amphiprion ocellaris,random_forest
949:2847,4.95,104.75,0.017923175045123096,ocellaris_clownfish,Amphiprion ocellaris,random_forest
949:2848,4.95,104.85,0.017923175045123096,ocellaris_clownfish,Amphiprion ocellaris,random_forest
949:2849,4.95,104.95,0.014524313073722135,ocellaris_clownfish,Amphiprion ocellaris,random_forest
949:2850,4.95,105.05,0.014524313073722135,ocellaris_clownfish,Amphiprion ocellaris,random_forest
949:2851,4.95,105.15,0.014524313073722135,ocellaris_clownfish,Amphiprion ocellaris,random_forest
949:2852,4.95,105.25,0.014524313073722135,ocellaris_clownfish,Amphiprion ocellaris,random_forest
949:2853,4.95,105.35,0.014524313073722135,ocellaris_clownfish,Amphiprion ocellaris,random_forest
949:2900,4.95,110.05,0.012676229179704509,ocellaris_clownfish,Amphiprion ocellaris,random_forest
949:2901,4.95,110.15,0.012676229179704509,ocellaris_clownfish,Amphiprion ocellaris,random_forest
949:2902,4.95,110.25,0.012676229179704509,ocellaris_clownfish,Amphiprion ocellaris,random_forest
949:2903,4.95,110.35,0.012676229179704509,ocellaris_clownfish,Amphiprion ocellaris,random_forest
949:2904,4.95,110.45,0.012676229179704509,ocellaris_clownfish,Amphiprion ocellaris,random_forest
949:2905,4.95,110.55,0.012676229179704509,ocellaris_clownfish,Amphiprion ocellaris,random_forest
949:2906,4.95,110.65,0.01148931329185404,ocellaris_clownfish,Amphiprion ocellaris,random_forest
949:2907,4.95,110.75,0.01148931329185404,ocellaris_clownfish,Amphiprion ocellaris,random_forest
949:2908,4.95,110.85,0.01057626981359317,ocellaris_clownfish,Amphiprion ocellaris,random_forest
949:2909,4.95,110.95,0.01057626981359317,ocellaris_clownfish,Amphiprion ocellaris,random_forest
949:2910,4.95,111.05,0.01057626981359317,ocellaris_clownfish,Amphiprion ocellaris,random_forest
949:2911,4.95,111.15,0.01057626981359317,ocellaris_clownfish,Amphiprion ocellaris,random_forest
949:2912,4.95,111.25,0.01057626981359317,ocellaris_clownfish,Amphiprion ocellaris,random_forest
949:2913,4.95,111.35,0.01057626981359317,ocellaris_clownfish,Amphiprion ocellaris,random_forest
949:2914,4.95,111.45,0.01057626981359317,ocellaris_clownfish,Amphiprion ocellaris,random_forest
949:2915,4.95,111.55,0.01057626981359317,ocellaris_clownfish,Amphiprion ocellaris,random_forest
949:2916,4.95,111.65,0.011469126956450313,ocellaris_clownfish,Amphiprion ocellaris,random_forest
949:2917,4.95,111.75,0.012701159313344921,ocellaris_clownfish,Amphiprion ocellaris,random_forest
949:2918,4.95,111.85,0.012701159313344921,ocellaris_clownfish,Amphiprion ocellaris,random_forest
949:2919,4.95,111.95,0.012701159313344921,ocellaris_clownfish,Amphiprion ocellaris,random_forest
949:2920,4.95,112.05,0.014009982842756686,ocellaris_clownfish,Amphiprion ocellaris,random_forest
949:2921,4.95,112.15,0.014595841428615274,ocellaris_clownfish,Amphiprion ocellaris,random_forest
949:2922,4.95,112.25,0.016132001383238073,ocellaris_clownfish,Amphiprion ocellaris,random_forest
949:2923,4.95,112.35,0.017132001383238074,ocellaris_clownfish,Amphiprion ocellaris,random_forest
949:2924,4.95,112.45,0.017132001383238074,ocellaris_clownfish,Amphiprion ocellaris,random_forest
949:2925,4.95,112.55,0.017132001383238074,ocellaris_clownfish,Amphiprion ocellaris,random_forest
949:2926,4.95,112.65,0.020752078758097255,ocellaris_clownfish,Amphiprion ocellaris,random_forest
949:2927,4.95,112.75,0.022353206312713182,ocellaris_clownfish,Amphiprion ocellaris,random_forest
949:2928,4.95,112.85,0.025678294966173507,ocellaris_clownfish,Amphiprion ocellaris,random_forest
949:2929,4.95,112.95,0.03823319164543615,ocellaris_clownfish,Amphiprion ocellaris,random_forest
949:2930,4.95,113.05,0.03983487703869459,ocellaris_clownfish,Amphiprion ocellaris,random_forest
949:2931,4.95,113.15,0.03983487703869459,ocellaris_clownfish,Amphiprion ocellaris,random_forest
949:2932,4.95,113.25,0.04285242005481038,ocellaris_clownfish,Amphiprion ocellaris,random_forest
949:2933,4.95,113.35,0.04450213756893468,ocellaris_clownfish,Amphiprion ocellaris,random_forest
949:2934,4.95,113.45,0.051163171919608064,ocellaris_clownfish,Amphiprion ocellaris,random_forest
949:2935,4.95,113.55,0.05398754467946469,ocellaris_clownfish,Amphiprion ocellaris,random_forest
949:2936,4.95,113.65,0.06111911268137831,ocellaris_clownfish,Amphiprion ocellaris,random_forest
949:2937,4.95,113.75,0.14774715416809195,ocellaris_clownfish,Amphiprion ocellaris,random_forest
949:2951,4.95,115.15,0.17836755956057956,ocellaris_clownfish,Amphiprion ocellaris,random_forest
949:2952,4.95,115.25,0.17836755956057956,ocellaris_clownfish,Amphiprion ocellaris,random_forest
949:2953,4.95,115.35,0.1865984856916405,ocellaris_clownfish,Amphiprion ocellaris,random_forest
949:2982,4.95,118.25,0.7034182034817491,ocellaris_clownfish,Amphiprion ocellaris,random_forest
949:2983,4.95,118.35,0.7222068274371085,ocellaris_clownfish,Amphiprion ocellaris,random_forest
949:2984,4.95,118.45,0.7252040326782063,ocellaris_clownfish,Amphiprion ocellaris,random_forest
949:2985,4.95,118.55,0.7252040326782063,ocellaris_clownfish,Amphiprion ocellaris,random_forest
949:2987,4.95,118.75,0.833024397351307,ocellaris_clownfish,Amphiprion ocellaris,random_forest
949:2988,4.95,118.85,0.8284461976017027,ocellaris_clownfish,Amphiprion ocellaris,random_forest
949:2989,4.95,118.95,0.8284461976017027,ocellaris_clownfish,Amphiprion ocellaris,random_forest
949:2990,4.95,119.05,0.8284461976017027,ocellaris_clownfish,Amphiprion ocellaris,random_forest
949:2991,4.95,119.15,0.8284461976017027,ocellaris_clownfish,Amphiprion ocellaris,random_forest
950:2786,5.05,98.65,0.22749120631425146,ocellaris_clownfish,Amphiprion ocellaris,random_forest
950:2787,5.05,98.75,0.22749120631425146,ocellaris_clownfish,Amphiprion ocellaris,random_forest
950:2788,5.05,98.85,0.22749120631425146,ocellaris_clownfish,Amphiprion ocellaris,random_forest
950:2789,5.05,98.95,0.22749120631425146,ocellaris_clownfish,Amphiprion ocellaris,random_forest
950:2790,5.05,99.05,0.22786714616387554,ocellaris_clownfish,Amphiprion ocellaris,random_forest
950:2791,5.05,99.15,0.22786714616387554,ocellaris_clownfish,Amphiprion ocellaris,random_forest
950:2792,5.05,99.25,0.22786714616387554,ocellaris_clownfish,Amphiprion ocellaris,random_forest
950:2793,5.05,99.35,0.22849000780753825,ocellaris_clownfish,Amphiprion ocellaris,random_forest
950:2794,5.05,99.45,0.23825665466305576,ocellaris_clownfish,Amphiprion ocellaris,random_forest
950:2795,5.05,99.55,0.260782147207048,ocellaris_clownfish,Amphiprion ocellaris,random_forest
950:2796,5.05,99.65,0.26850125298375405,ocellaris_clownfish,Amphiprion ocellaris,random_forest
950:2797,5.05,99.75,0.28928538541681825,ocellaris_clownfish,Amphiprion ocellaris,random_forest
950:2798,5.05,99.85,0.26983666783864046,ocellaris_clownfish,Amphiprion ocellaris,random_forest
950:2799,5.05,99.95,0.2704740476555383,ocellaris_clownfish,Amphiprion ocellaris,random_forest
950:2800,5.05,100.05,0.28978597848143245,ocellaris_clownfish,Amphiprion ocellaris,random_forest
950:2801,5.05,100.15,0.28978597848143245,ocellaris_clownfish,Amphiprion ocellaris,random_forest
950:2802,5.05,100.25,0.3388390365656148,ocellaris_clownfish,Amphiprion ocellaris,random_forest
950:2803,5.05,100.35,0.3388390365656148,ocellaris_clownfish,Amphiprion ocellaris,random_forest
950:2833,5.05,103.35,0.45918959910376744,ocellaris_clownfish,Amphiprion ocellaris,random_forest
950:2834,5.05,103.45,0.4571988337311472,ocellaris_clownfish,Amphiprion ocellaris,random_forest
950:2835,5.05,103.55,0.4661544840411321,ocellaris_clownfish,Amphiprion ocellaris,random_forest
950:2836,5.05,103.65,0.4661544840411321,ocellaris_clownfish,Amphiprion ocellaris,random_forest
950:2837,5.05,103.75,0.367343512333815,ocellaris_clownfish,Amphiprion ocellaris,random_forest
950:2838,5.05,103.85,0.30186246771702974,ocellaris_clownfish,Amphiprion ocellaris,random_forest
950:2839,5.05,103.95,0.29571463635983647,ocellaris_clownfish,Amphiprion ocellaris,random_forest
950:2840,5.05,104.05,0.31665395515755396,ocellaris_clownfish,Amphiprion ocellaris,random_forest
950:2841,5.05,104.15,0.38332978527140116,ocellaris_clownfish,Amphiprion ocellaris,random_forest
950:2842,5.05,104.25,0.34715208466766756,ocellaris_clownfish,Amphiprion ocellaris,random_forest
950:2843,5.05,104.35,0.1424107158344633,ocellaris_clownfish,Amphiprion ocellaris,random_forest
950:2844,5.05,104.45,0.022057830262770726,ocellaris_clownfish,Amphiprion ocellaris,random_forest
950:2845,5.05,104.55,0.014817728676567977,ocellaris_clownfish,Amphiprion ocellaris,random_forest
950:2846,5.05,104.65,0.014817728676567977,ocellaris_clownfish,Amphiprion ocellaris,random_forest
950:2847,5.05,104.75,0.014214237404747528,ocellaris_clownfish,Amphiprion ocellaris,random_forest
950:2848,5.05,104.85,0.014214237404747528,ocellaris_clownfish,Amphiprion ocellaris,random_forest
950:2849,5.05,104.95,0.010815375433346573,ocellaris_clownfish,Amphiprion ocellaris,random_forest
950:2850,5.05,105.05,0.010815375433346573,ocellaris_clownfish,Amphiprion ocellaris,random_forest
950:2851,5.05,105.15,0.010815375433346573,ocellaris_clownfish,Amphiprion ocellaris,random_forest
950:2852,5.05,105.25,0.010815375433346573,ocellaris_clownfish,Amphiprion ocellaris,random_forest
950:2853,5.05,105.35,0.010815375433346573,ocellaris_clownfish,Amphiprion ocellaris,random_forest
950:2854,5.05,105.45,0.010815375433346573,ocellaris_clownfish,Amphiprion ocellaris,random_forest
950:2900,5.05,110.05,0.008330172425755534,ocellaris_clownfish,Amphiprion ocellaris,random_forest
950:2901,5.05,110.15,0.008330172425755534,ocellaris_clownfish,Amphiprion ocellaris,random_forest
950:2902,5.05,110.25,0.008330172425755534,ocellaris_clownfish,Amphiprion ocellaris,random_forest
950:2903,5.05,110.35,0.008330172425755534,ocellaris_clownfish,Amphiprion ocellaris,random_forest
950:2904,5.05,110.45,0.008330172425755534,ocellaris_clownfish,Amphiprion ocellaris,random_forest
950:2905,5.05,110.55,0.008330172425755534,ocellaris_clownfish,Amphiprion ocellaris,random_forest
950:2906,5.05,110.65,0.007143256537905067,ocellaris_clownfish,Amphiprion ocellaris,random_forest
950:2907,5.05,110.75,0.007143256537905067,ocellaris_clownfish,Amphiprion ocellaris,random_forest
950:2908,5.05,110.85,0.006230213059644195,ocellaris_clownfish,Amphiprion ocellaris,random_forest
950:2909,5.05,110.95,0.006230213059644195,ocellaris_clownfish,Amphiprion ocellaris,random_forest
950:2910,5.05,111.05,0.006230213059644195,ocellaris_clownfish,Amphiprion ocellaris,random_forest
950:2911,5.05,111.15,0.006230213059644195,ocellaris_clownfish,Amphiprion ocellaris,random_forest
950:2912,5.05,111.25,0.006230213059644195,ocellaris_clownfish,Amphiprion ocellaris,random_forest
950:2913,5.05,111.35,0.006230213059644195,ocellaris_clownfish,Amphiprion ocellaris,random_forest
950:2914,5.05,111.45,0.006230213059644195,ocellaris_clownfish,Amphiprion ocellaris,random_forest
950:2915,5.05,111.55,0.006230213059644195,ocellaris_clownfish,Amphiprion ocellaris,random_forest
950:2916,5.05,111.65,0.007123070202501338,ocellaris_clownfish,Amphiprion ocellaris,random_forest
950:2917,5.05,111.75,0.008355102559395951,ocellaris_clownfish,Amphiprion ocellaris,random_forest
950:2918,5.05,111.85,0.008355102559395951,ocellaris_clownfish,Amphiprion ocellaris,random_forest
950:2919,5.05,111.95,0.008355102559395951,ocellaris_clownfish,Amphiprion ocellaris,random_forest
950:2920,5.05,112.05,0.009663926088807714,ocellaris_clownfish,Amphiprion ocellaris,random_forest
950:2921,5.05,112.15,0.010249784674666302,ocellaris_clownfish,Amphiprion ocellaris,random_forest
950:2922,5.05,112.25,0.011785944629289101,ocellaris_clownfish,Amphiprion ocellaris,random_forest
950:2923,5.05,112.35,0.012785944629289102,ocellaris_clownfish,Amphiprion ocellaris,random_forest
950:2924,5.05,112.45,0.012785944629289102,ocellaris_clownfish,Amphiprion ocellaris,random_forest
950:2925,5.05,112.55,0.012785944629289102,ocellaris_clownfish,Amphiprion ocellaris,random_forest
950:2926,5.05,112.65,0.01640602200414828,ocellaris_clownfish,Amphiprion ocellaris,random_forest
950:2927,5.05,112.75,0.018007149558764212,ocellaris_clownfish,Amphiprion ocellaris,random_forest
950:2928,5.05,112.85,0.021332238212224536,ocellaris_clownfish,Amphiprion ocellaris,random_forest
950:2929,5.05,112.95,0.03388713489148719,ocellaris_clownfish,Amphiprion ocellaris,random_forest
950:2930,5.05,113.05,0.0354888202847456,ocellaris_clownfish,Amphiprion ocellaris,random_forest
950:2931,5.05,113.15,0.0354888202847456,ocellaris_clownfish,Amphiprion ocellaris,random_forest
950:2932,5.05,113.25,0.0385063633008614,ocellaris_clownfish,Amphiprion ocellaris,random_forest
950:2933,5.05,113.35,0.0401560808149857,ocellaris_clownfish,Amphiprion ocellaris,random_forest
950:2934,5.05,113.45,0.046817115165659076,ocellaris_clownfish,Amphiprion ocellaris,random_forest
950:2935,5.05,113.55,0.04964148792551571,ocellaris_clownfish,Amphiprion ocellaris,random_forest
950:2936,5.05,113.65,0.05677305592742933,ocellaris_clownfish,Amphiprion ocellaris,random_forest
950:2952,5.05,115.25,0.16592278146339304,ocellaris_clownfish,Amphiprion ocellaris,random_forest
950:2953,5.05,115.35,0.1740553800134834,ocellaris_clownfish,Amphiprion ocellaris,random_forest
950:2954,5.05,115.45,0.17812838708822826,ocellaris_clownfish,Amphiprion ocellaris,random_forest
950:2990,5.05,119.05,0.7964790450461716,ocellaris_clownfish,Amphiprion ocellaris,random_forest
950:2991,5.05,119.15,0.7964790450461716,ocellaris_clownfish,Amphiprion ocellaris,random_forest
950:2992,5.05,119.25,0.7964790450461716,ocellaris_clownfish,Amphiprion ocellaris,random_forest
951:2785,5.15,98.55,0.22697007955368806,ocellaris_clownfish,Amphiprion ocellaris,random_forest
951:2786,5.15,98.65,0.22697007955368806,ocellaris_clownfish,Amphiprion ocellaris,random_forest
951:2787,5.15,98.75,0.22697007955368806,ocellaris_clownfish,Amphiprion ocellaris,random_forest
951:2788,5.15,98.85,0.22697007955368806,ocellaris_clownfish,Amphiprion ocellaris,random_forest
951:2789,5.15,98.95,0.22697007955368806,ocellaris_clownfish,Amphiprion ocellaris,random_forest
951:2790,5.15,99.05,0.22734601940331214,ocellaris_clownfish,Amphiprion ocellaris,random_forest
951:2791,5.15,99.15,0.22734601940331214,ocellaris_clownfish,Amphiprion ocellaris,random_forest
951:2792,5.15,99.25,0.22734601940331214,ocellaris_clownfish,Amphiprion ocellaris,random_forest
951:2793,5.15,99.35,0.22796888104697488,ocellaris_clownfish,Amphiprion ocellaris,random_forest
951:2794,5.15,99.45,0.2377355279024924,ocellaris_clownfish,Amphiprion ocellaris,random_forest
951:2795,5.15,99.55,0.2602610204464847,ocellaris_clownfish,Amphiprion ocellaris,random_forest
951:2796,5.15,99.65,0.2679801262231906,ocellaris_clownfish,Amphiprion ocellaris,random_forest
951:2797,5.15,99.75,0.2887642586562549,ocellaris_clownfish,Amphiprion ocellaris,random_forest
951:2798,5.15,99.85,0.26931554107807704,ocellaris_clownfish,Amphiprion ocellaris,random_forest
951:2799,5.15,99.95,0.2699529208949749,ocellaris_clownfish,Amphiprion ocellaris,random_forest
951:2800,5.15,100.05,0.289264851720869,ocellaris_clownfish,Amphiprion ocellaris,random_forest
951:2801,5.15,100.15,0.289264851720869,ocellaris_clownfish,Amphiprion ocellaris,random_forest
951:2802,5.15,100.25,0.3383179098050515,ocellaris_clownfish,Amphiprion ocellaris,random_forest
951:2803,5.15,100.35,0.3383179098050515,ocellaris_clownfish,Amphiprion ocellaris,random_forest
951:2832,5.15,103.25,0.46271663372401445,ocellaris_clownfish,Amphiprion ocellaris,random_forest
951:2833,5.15,103.35,0.458668472343204,ocellaris_clownfish,Amphiprion ocellaris,random_forest
951:2834,5.15,103.45,0.4566777069705838,ocellaris_clownfish,Amphiprion ocellaris,random_forest
951:2835,5.15,103.55,0.4656333572805687,ocellaris_clownfish,Amphiprion ocellaris,random_forest
951:2836,5.15,103.65,0.4656333572805687,ocellaris_clownfish,Amphiprion ocellaris,random_forest
951:2837,5.15,103.75,0.3668223855732516,ocellaris_clownfish,Amphiprion ocellaris,random_forest
951:2838,5.15,103.85,0.3013413409564664,ocellaris_clownfish,Amphiprion ocellaris,random_forest
951:2839,5.15,103.95,0.29519350959927304,ocellaris_clownfish,Amphiprion ocellaris,random_forest
951:2840,5.15,104.05,0.31613282839699053,ocellaris_clownfish,Amphiprion ocellaris,random_forest
951:2841,5.15,104.15,0.38280865851083773,ocellaris_clownfish,Amphiprion ocellaris,random_forest
951:2842,5.15,104.25,0.3466309579071042,ocellaris_clownfish,Amphiprion ocellaris,random_forest
951:2843,5.15,104.35,0.14188958907389992,ocellaris_clownfish,Amphiprion ocellaris,random_forest
951:2844,5.15,104.45,0.021536703502207342,ocellaris_clownfish,Amphiprion ocellaris,random_forest
951:2845,5.15,104.55,0.014296601916004598,ocellaris_clownfish,Amphiprion ocellaris,random_forest
951:2846,5.15,104.65,0.014296601916004598,ocellaris_clownfish,Amphiprion ocellaris,random_forest
951:2847,5.15,104.75,0.013693110644184148,ocellaris_clownfish,Amphiprion ocellaris,random_forest
951:2848,5.15,104.85,0.013693110644184148,ocellaris_clownfish,Amphiprion ocellaris,random_forest
951:2849,5.15,104.95,0.010294248672783191,ocellaris_clownfish,Amphiprion ocellaris,random_forest
951:2850,5.15,105.05,0.010294248672783191,ocellaris_clownfish,Amphiprion ocellaris,random_forest
951:2851,5.15,105.15,0.010294248672783191,ocellaris_clownfish,Amphiprion ocellaris,random_forest
951:2852,5.15,105.25,0.010294248672783191,ocellaris_clownfish,Amphiprion ocellaris,random_forest
951:2853,5.15,105.35,0.010294248672783191,ocellaris_clownfish,Amphiprion ocellaris,random_forest
951:2854,5.15,105.45,0.010294248672783191,ocellaris_clownfish,Amphiprion ocellaris,random_forest
951:2900,5.15,110.05,0.007809045665192153,ocellaris_clownfish,Amphiprion ocellaris,random_forest
951:2901,5.15,110.15,0.007809045665192153,ocellaris_clownfish,Amphiprion ocellaris,random_forest
951:2902,5.15,110.25,0.007809045665192153,ocellaris_clownfish,Amphiprion ocellaris,random_forest
951:2903,5.15,110.35,0.007809045665192153,ocellaris_clownfish,Amphiprion ocellaris,random_forest
951:2904,5.15,110.45,0.007809045665192153,ocellaris_clownfish,Amphiprion ocellaris,random_forest
951:2905,5.15,110.55,0.007809045665192153,ocellaris_clownfish,Amphiprion ocellaris,random_forest
951:2906,5.15,110.65,0.006622129777341687,ocellaris_clownfish,Amphiprion ocellaris,random_forest
951:2907,5.15,110.75,0.006622129777341687,ocellaris_clownfish,Amphiprion ocellaris,random_forest
951:2908,5.15,110.85,0.005709086299080816,ocellaris_clownfish,Amphiprion ocellaris,random_forest
951:2909,5.15,110.95,0.005709086299080816,ocellaris_clownfish,Amphiprion ocellaris,random_forest
951:2910,5.15,111.05,0.005709086299080816,ocellaris_clownfish,Amphiprion ocellaris,random_forest
951:2911,5.15,111.15,0.005709086299080816,ocellaris_clownfish,Amphiprion ocellaris,random_forest
951:2912,5.15,111.25,0.005709086299080816,ocellaris_clownfish,Amphiprion ocellaris,random_forest
951:2913,5.15,111.35,0.005709086299080816,ocellaris_clownfish,Amphiprion ocellaris,random_forest
951:2914,5.15,111.45,0.005709086299080816,ocellaris_clownfish,Amphiprion ocellaris,random_forest
951:2915,5.15,111.55,0.005709086299080816,ocellaris_clownfish,Amphiprion ocellaris,random_forest
951:2916,5.15,111.65,0.006601943441937958,ocellaris_clownfish,Amphiprion ocellaris,random_forest
951:2917,5.15,111.75,0.00783397579883257,ocellaris_clownfish,Amphiprion ocellaris,random_forest
951:2918,5.15,111.85,0.00783397579883257,ocellaris_clownfish,Amphiprion ocellaris,random_forest
951:2919,5.15,111.95,0.00783397579883257,ocellaris_clownfish,Amphiprion ocellaris,random_forest
951:2920,5.15,112.05,0.009142799328244335,ocellaris_clownfish,Amphiprion ocellaris,random_forest
951:2921,5.15,112.15,0.009728657914102922,ocellaris_clownfish,Amphiprion ocellaris,random_forest
951:2922,5.15,112.25,0.011264817868725721,ocellaris_clownfish,Amphiprion ocellaris,random_forest
951:2923,5.15,112.35,0.01226481786872572,ocellaris_clownfish,Amphiprion ocellaris,random_forest
951:2924,5.15,112.45,0.01226481786872572,ocellaris_clownfish,Amphiprion ocellaris,random_forest
951:2925,5.15,112.55,0.01226481786872572,ocellaris_clownfish,Amphiprion ocellaris,random_forest
951:2926,5.15,112.65,0.015884895243584902,ocellaris_clownfish,Amphiprion ocellaris,random_forest
951:2927,5.15,112.75,0.01748602279820083,ocellaris_clownfish,Amphiprion ocellaris,random_forest
951:2928,5.15,112.85,0.020811111451661157,ocellaris_clownfish,Amphiprion ocellaris,random_forest
951:2929,5.15,112.95,0.0333660081309238,ocellaris_clownfish,Amphiprion ocellaris,random_forest
951:2930,5.15,113.05,0.034967693524182226,ocellaris_clownfish,Amphiprion ocellaris,random_forest
951:2931,5.15,113.15,0.034967693524182226,ocellaris_clownfish,Amphiprion ocellaris,random_forest
951:2932,5.15,113.25,0.03798523654029802,ocellaris_clownfish,Amphiprion ocellaris,random_forest
951:2933,5.15,113.35,0.039634954054422314,ocellaris_clownfish,Amphiprion ocellaris,random_forest
951:2934,5.15,113.45,0.046295988405095696,ocellaris_clownfish,Amphiprion ocellaris,random_forest
951:2935,5.15,113.55,0.04912036116495233,ocellaris_clownfish,Amphiprion ocellaris,random_forest
951:2951,5.15,115.15,0.1654016547028297,ocellaris_clownfish,Amphiprion ocellaris,random_forest
951:2952,5.15,115.25,0.1654016547028297,ocellaris_clownfish,Amphiprion ocellaris,random_forest
951:2953,5.15,115.35,0.17353425325292,ocellaris_clownfish,Amphiprion ocellaris,random_forest
951:2954,5.15,115.45,0.1776072603276649,ocellaris_clownfish,Amphiprion ocellaris,random_forest
951:2955,5.15,115.55,0.27295370449933615,ocellaris_clownfish,Amphiprion ocellaris,random_forest
951:2992,5.15,119.25,0.7964790450461716,ocellaris_clownfish,Amphiprion ocellaris,random_forest
951:2993,5.15,119.35,0.7964790450461716,ocellaris_clownfish,Amphiprion ocellaris,random_forest
952:2784,5.25,98.45,0.23185963785364438,ocellaris_clownfish,Amphiprion ocellaris,random_forest
952:2785,5.25,98.55,0.23185963785364438,ocellaris_clownfish,Amphiprion ocellaris,random_forest
952:2786,5.25,98.65,0.23185963785364438,ocellaris_clownfish,Amphiprion ocellaris,random_forest
952:2787,5.25,98.75,0.23185963785364438,ocellaris_clownfish,Amphiprion ocellaris,random_forest
952:2788,5.25,98.85,0.23185963785364438,ocellaris_clownfish,Amphiprion ocellaris,random_forest
952:2789,5.25,98.95,0.23185963785364438,ocellaris_clownfish,Amphiprion ocellaris,random_forest
952:2790,5.25,99.05,0.23223557770326844,ocellaris_clownfish,Amphiprion ocellaris,random_forest
952:2791,5.25,99.15,0.23223557770326844,ocellaris_clownfish,Amphiprion ocellaris,random_forest
952:2792,5.25,99.25,0.23223557770326844,ocellaris_clownfish,Amphiprion ocellaris,random_forest
952:2793,5.25,99.35,0.23285843934693115,ocellaris_clownfish,Amphiprion ocellaris,random_forest
952:2794,5.25,99.45,0.24262508620244863,ocellaris_clownfish,Amphiprion ocellaris,random_forest
952:2795,5.25,99.55,0.27026556255686696,ocellaris_clownfish,Amphiprion ocellaris,random_forest
952:2796,5.25,99.65,0.2779846683335729,ocellaris_clownfish,Amphiprion ocellaris,random_forest
952:2797,5.25,99.75,0.29876880076663703,ocellaris_clownfish,Amphiprion ocellaris,random_forest
952:2798,5.25,99.85,0.2793200831884593,ocellaris_clownfish,Amphiprion ocellaris,random_forest
952:2799,5.25,99.95,0.2799574630053572,ocellaris_clownfish,Amphiprion ocellaris,random_forest
952:2800,5.25,100.05,0.30002271797408936,ocellaris_clownfish,Amphiprion ocellaris,random_forest
952:2801,5.25,100.15,0.30002271797408936,ocellaris_clownfish,Amphiprion ocellaris,random_forest
952:2802,5.25,100.25,0.3509746966562396,ocellaris_clownfish,Amphiprion ocellaris,random_forest
952:2803,5.25,100.35,0.3509746966562396,ocellaris_clownfish,Amphiprion ocellaris,random_forest
952:2832,5.25,103.25,0.470815580326793,ocellaris_clownfish,Amphiprion ocellaris,random_forest
952:2833,5.25,103.35,0.46676741894598256,ocellaris_clownfish,Amphiprion ocellaris,random_forest
952:2834,5.25,103.45,0.4627766535733624,ocellaris_clownfish,Amphiprion ocellaris,random_forest
952:2835,5.25,103.55,0.47173230388334725,ocellaris_clownfish,Amphiprion ocellaris,random_forest
952:2836,5.25,103.65,0.47173230388334725,ocellaris_clownfish,Amphiprion ocellaris,random_forest
952:2837,5.25,103.75,0.3732555219812519,ocellaris_clownfish,Amphiprion ocellaris,random_forest
952:2838,5.25,103.85,0.30702115322162865,ocellaris_clownfish,Amphiprion ocellaris,random_forest
952:2839,5.25,103.95,0.3008733218644352,ocellaris_clownfish,Amphiprion ocellaris,random_forest
952:2840,5.25,104.05,0.3207045325540447,ocellaris_clownfish,Amphiprion ocellaris,random_forest
952:2841,5.25,104.15,0.3840728385743816,ocellaris_clownfish,Amphiprion ocellaris,random_forest
952:2842,5.25,104.25,0.34592142446122026,ocellaris_clownfish,Amphiprion ocellaris,random_forest
952:2843,5.25,104.35,0.1409851142180794,ocellaris_clownfish,Amphiprion ocellaris,random_forest
952:2844,5.25,104.45,0.020553652654749715,ocellaris_clownfish,Amphiprion ocellaris,random_forest
952:2845,5.25,104.55,0.013313551068546972,ocellaris_clownfish,Amphiprion ocellaris,random_forest
952:2846,5.25,104.65,0.013313551068546972,ocellaris_clownfish,Amphiprion ocellaris,random_forest
952:2847,5.25,104.75,0.012710059796726523,ocellaris_clownfish,Amphiprion ocellaris,random_forest
952:2848,5.25,104.85,0.012710059796726523,ocellaris_clownfish,Amphiprion ocellaris,random_forest
952:2849,5.25,104.95,0.009311197825325563,ocellaris_clownfish,Amphiprion ocellaris,random_forest
952:2850,5.25,105.05,0.009311197825325563,ocellaris_clownfish,Amphiprion ocellaris,random_forest
952:2851,5.25,105.15,0.009311197825325563,ocellaris_clownfish,Amphiprion ocellaris,random_forest
952:2852,5.25,105.25,0.009311197825325563,ocellaris_clownfish,Amphiprion ocellaris,random_forest
952:2853,5.25,105.35,0.009311197825325563,ocellaris_clownfish,Amphiprion ocellaris,random_forest
952:2854,5.25,105.45,0.009311197825325563,ocellaris_clownfish,Amphiprion ocellaris,random_forest
952:2855,5.25,105.55,0.009311197825325563,ocellaris_clownfish,Amphiprion ocellaris,random_forest
952:2900,5.25,110.05,0.006825994817734526,ocellaris_clownfish,Amphiprion ocellaris,random_forest
952:2901,5.25,110.15,0.006825994817734526,ocellaris_clownfish,Amphiprion ocellaris,random_forest
952:2902,5.25,110.25,0.006825994817734526,ocellaris_clownfish,Amphiprion ocellaris,random_forest
952:2903,5.25,110.35,0.006825994817734526,ocellaris_clownfish,Amphiprion ocellaris,random_forest
952:2904,5.25,110.45,0.006825994817734526,ocellaris_clownfish,Amphiprion ocellaris,random_forest
952:2905,5.25,110.55,0.006825994817734526,ocellaris_clownfish,Amphiprion ocellaris,random_forest
952:2906,5.25,110.65,0.005639078929884059,ocellaris_clownfish,Amphiprion ocellaris,random_forest
952:2907,5.25,110.75,0.005639078929884059,ocellaris_clownfish,Amphiprion ocellaris,random_forest
952:2908,5.25,110.85,0.004726035451623189,ocellaris_clownfish,Amphiprion ocellaris,random_forest
952:2909,5.25,110.95,0.004726035451623189,ocellaris_clownfish,Amphiprion ocellaris,random_forest
952:2910,5.25,111.05,0.004726035451623189,ocellaris_clownfish,Amphiprion ocellaris,random_forest
952:2911,5.25,111.15,0.004726035451623189,ocellaris_clownfish,Amphiprion ocellaris,random_forest
952:2912,5.25,111.25,0.004726035451623189,ocellaris_clownfish,Amphiprion ocellaris,random_forest
952:2913,5.25,111.35,0.004726035451623189,ocellaris_clownfish,Amphiprion ocellaris,random_forest
952:2914,5.25,111.45,0.004726035451623189,ocellaris_clownfish,Amphiprion ocellaris,random_forest
952:2915,5.25,111.55,0.004726035451623189,ocellaris_clownfish,Amphiprion ocellaris,random_forest
952:2916,5.25,111.65,0.005618892594480332,ocellaris_clownfish,Amphiprion ocellaris,random_forest
952:2917,5.25,111.75,0.006850924951374943,ocellaris_clownfish,Amphiprion ocellaris,random_forest
952:2918,5.25,111.85,0.006850924951374943,ocellaris_clownfish,Amphiprion ocellaris,random_forest
952:2919,5.25,111.95,0.006850924951374943,ocellaris_clownfish,Amphiprion ocellaris,random_forest
952:2920,5.25,112.05,0.008159748480786707,ocellaris_clownfish,Amphiprion ocellaris,random_forest
952:2921,5.25,112.15,0.008745607066645294,ocellaris_clownfish,Amphiprion ocellaris,random_forest
952:2922,5.25,112.25,0.010281767021268096,ocellaris_clownfish,Amphiprion ocellaris,random_forest
952:2923,5.25,112.35,0.011281767021268095,ocellaris_clownfish,Amphiprion ocellaris,random_forest
952:2924,5.25,112.45,0.011281767021268095,ocellaris_clownfish,Amphiprion ocellaris,random_forest
952:2925,5.25,112.55,0.011281767021268095,ocellaris_clownfish,Amphiprion ocellaris,random_forest
952:2926,5.25,112.65,0.014901844396127274,ocellaris_clownfish,Amphiprion ocellaris,random_forest
952:2927,5.25,112.75,0.0165029719507432,ocellaris_clownfish,Amphiprion ocellaris,random_forest
952:2928,5.25,112.85,0.01982806060420353,ocellaris_clownfish,Amphiprion ocellaris,random_forest
952:2929,5.25,112.95,0.03238295728346618,ocellaris_clownfish,Amphiprion ocellaris,random_forest
952:2930,5.25,113.05,0.0339846426767246,ocellaris_clownfish,Amphiprion ocellaris,random_forest
952:2931,5.25,113.15,0.0339846426767246,ocellaris_clownfish,Amphiprion ocellaris,random_forest
952:2932,5.25,113.25,0.03700218569284039,ocellaris_clownfish,Amphiprion ocellaris,random_forest
952:2933,5.25,113.35,0.03865190320696469,ocellaris_clownfish,Amphiprion ocellaris,random_forest
952:2934,5.25,113.45,0.04531293755763807,ocellaris_clownfish,Amphiprion ocellaris,random_forest
952:2950,5.25,115.05,0.16441860385537208,ocellaris_clownfish,Amphiprion ocellaris,random_forest
952:2951,5.25,115.15,0.16441860385537208,ocellaris_clownfish,Amphiprion ocellaris,random_forest
952:2952,5.25,115.25,0.16441860385537208,ocellaris_clownfish,Amphiprion ocellaris,random_forest
952:2953,5.25,115.35,0.1725512024054624,ocellaris_clownfish,Amphiprion ocellaris,random_forest
952:2993,5.25,119.35,0.7934915817034596,ocellaris_clownfish,Amphiprion ocellaris,random_forest
952:2994,5.25,119.45,0.7934915817034596,ocellaris_clownfish,Amphiprion ocellaris,random_forest
953:2784,5.35,98.45,0.23116916166316817,ocellaris_clownfish,Amphiprion ocellaris,random_forest
953:2785,5.35,98.55,0.23116916166316817,ocellaris_clownfish,Amphiprion ocellaris,random_forest
953:2786,5.35,98.65,0.23116916166316817,ocellaris_clownfish,Amphiprion ocellaris,random_forest
953:2787,5.35,98.75,0.23116916166316817,ocellaris_clownfish,Amphiprion ocellaris,random_forest
953:2788,5.35,98.85,0.23116916166316817,ocellaris_clownfish,Amphiprion ocellaris,random_forest
953:2789,5.35,98.95,0.23116916166316817,ocellaris_clownfish,Amphiprion ocellaris,random_forest
953:2790,5.35,99.05,0.23154510151279223,ocellaris_clownfish,Amphiprion ocellaris,random_forest
953:2791,5.35,99.15,0.23154510151279223,ocellaris_clownfish,Amphiprion ocellaris,random_forest
953:2792,5.35,99.25,0.23154510151279223,ocellaris_clownfish,Amphiprion ocellaris,random_forest
953:2793,5.35,99.35,0.23216796315645497,ocellaris_clownfish,Amphiprion ocellaris,random_forest
953:2794,5.35,99.45,0.24193461001197245,ocellaris_clownfish,Amphiprion ocellaris,random_forest
953:2795,5.35,99.55,0.2695750863663907,ocellaris_clownfish,Amphiprion ocellaris,random_forest
953:2796,5.35,99.65,0.27729419214309664,ocellaris_clownfish,Amphiprion ocellaris,random_forest
953:2797,5.35,99.75,0.2980783245761608,ocellaris_clownfish,Amphiprion ocellaris,random_forest
953:2798,5.35,99.85,0.2786296069979831,ocellaris_clownfish,Amphiprion ocellaris,random_forest
953:2799,5.35,99.95,0.27926698681488094,ocellaris_clownfish,Amphiprion ocellaris,random_forest
953:2800,5.35,100.05,0.2993322417836131,ocellaris_clownfish,Amphiprion ocellaris,random_forest
953:2801,5.35,100.15,0.2993322417836131,ocellaris_clownfish,Amphiprion ocellaris,random_forest
953:2803,5.35,100.35,0.3502842204657634,ocellaris_clownfish,Amphiprion ocellaris,random_forest
953:2831,5.35,103.15,0.5046963962122315,ocellaris_clownfish,Amphiprion ocellaris,random_forest
953:2832,5.35,103.25,0.4685379403819571,ocellaris_clownfish,Amphiprion ocellaris,random_forest
953:2833,5.35,103.35,0.4644897790011467,ocellaris_clownfish,Amphiprion ocellaris,random_forest
953:2834,5.35,103.45,0.4604990136285265,ocellaris_clownfish,Amphiprion ocellaris,random_forest
953:2835,5.35,103.55,0.4694546639385114,ocellaris_clownfish,Amphiprion ocellaris,random_forest
953:2836,5.35,103.65,0.4694546639385114,ocellaris_clownfish,Amphiprion ocellaris,random_forest
953:2837,5.35,103.75,0.370977882036416,ocellaris_clownfish,Amphiprion ocellaris,random_forest
953:2838,5.35,103.85,0.30474351327679283,ocellaris_clownfish,Amphiprion ocellaris,random_forest
953:2839,5.35,103.95,0.29859568191959945,ocellaris_clownfish,Amphiprion ocellaris,random_forest
953:2840,5.35,104.05,0.3195545374227885,ocellaris_clownfish,Amphiprion ocellaris,random_forest
953:2841,5.35,104.15,0.38109284344312544,ocellaris_clownfish,Amphiprion ocellaris,random_forest
953:2842,5.35,104.25,0.3429414293299641,ocellaris_clownfish,Amphiprion ocellaris,random_forest
953:2843,5.35,104.35,0.14029463802760322,ocellaris_clownfish,Amphiprion ocellaris,random_forest
953:2844,5.35,104.45,0.019863176464273526,ocellaris_clownfish,Amphiprion ocellaris,random_forest
953:2845,5.35,104.55,0.01262307487807078,ocellaris_clownfish,Amphiprion ocellaris,random_forest
953:2846,5.35,104.65,0.01262307487807078,ocellaris_clownfish,Amphiprion ocellaris,random_forest
953:2847,5.35,104.75,0.012019583606250333,ocellaris_clownfish,Amphiprion ocellaris,random_forest
953:2848,5.35,104.85,0.012019583606250333,ocellaris_clownfish,Amphiprion ocellaris,random_forest
953:2849,5.35,104.95,0.008620721634849372,ocellaris_clownfish,Amphiprion ocellaris,random_forest
953:2850,5.35,105.05,0.008620721634849372,ocellaris_clownfish,Amphiprion ocellaris,random_forest
953:2851,5.35,105.15,0.008620721634849372,ocellaris_clownfish,Amphiprion ocellaris,random_forest
953:2852,5.35,105.25,0.008620721634849372,ocellaris_clownfish,Amphiprion ocellaris,random_forest
953:2853,5.35,105.35,0.008620721634849372,ocellaris_clownfish,Amphiprion ocellaris,random_forest
953:2854,5.35,105.45,0.008620721634849372,ocellaris_clownfish,Amphiprion ocellaris,random_forest
953:2855,5.35,105.55,0.008620721634849372,ocellaris_clownfish,Amphiprion ocellaris,random_forest
953:2900,5.35,110.05,0.006135518627258335,ocellaris_clownfish,Amphiprion ocellaris,random_forest
953:2901,5.35,110.15,0.006135518627258335,ocellaris_clownfish,Amphiprion ocellaris,random_forest
953:2902,5.35,110.25,0.006135518627258335,ocellaris_clownfish,Amphiprion ocellaris,random_forest
953:2903,5.35,110.35,0.006135518627258335,ocellaris_clownfish,Amphiprion ocellaris,random_forest
953:2904,5.35,110.45,0.006135518627258335,ocellaris_clownfish,Amphiprion ocellaris,random_forest
953:2905,5.35,110.55,0.006135518627258335,ocellaris_clownfish,Amphiprion ocellaris,random_forest
953:2906,5.35,110.65,0.004948602739407868,ocellaris_clownfish,Amphiprion ocellaris,random_forest
953:2907,5.35,110.75,0.004948602739407868,ocellaris_clownfish,Amphiprion ocellaris,random_forest
953:2908,5.35,110.85,0.004035559261146999,ocellaris_clownfish,Amphiprion ocellaris,random_forest
953:2909,5.35,110.95,0.004035559261146999,ocellaris_clownfish,Amphiprion ocellaris,random_forest
953:2910,5.35,111.05,0.004035559261146999,ocellaris_clownfish,Amphiprion ocellaris,random_forest
953:2911,5.35,111.15,0.004035559261146999,ocellaris_clownfish,Amphiprion ocellaris,random_forest
953:2912,5.35,111.25,0.004035559261146999,ocellaris_clownfish,Amphiprion ocellaris,random_forest
953:2913,5.35,111.35,0.004035559261146999,ocellaris_clownfish,Amphiprion ocellaris,random_forest
953:2914,5.35,111.45,0.004035559261146999,ocellaris_clownfish,Amphiprion ocellaris,random_forest
953:2915,5.35,111.55,0.004035559261146999,ocellaris_clownfish,Amphiprion ocellaris,random_forest
953:2916,5.35,111.65,0.004928416404004142,ocellaris_clownfish,Amphiprion ocellaris,random_forest
953:2917,5.35,111.75,0.006160448760898752,ocellaris_clownfish,Amphiprion ocellaris,random_forest
953:2918,5.35,111.85,0.006160448760898752,ocellaris_clownfish,Amphiprion ocellaris,random_forest
953:2919,5.35,111.95,0.006160448760898752,ocellaris_clownfish,Amphiprion ocellaris,random_forest
953:2920,5.35,112.05,0.007469272290310517,ocellaris_clownfish,Amphiprion ocellaris,random_forest
953:2921,5.35,112.15,0.008055130876169101,ocellaris_clownfish,Amphiprion ocellaris,random_forest
953:2922,5.35,112.25,0.009591290830791905,ocellaris_clownfish,Amphiprion ocellaris,random_forest
953:2923,5.35,112.35,0.010591290830791905,ocellaris_clownfish,Amphiprion ocellaris,random_forest
953:2924,5.35,112.45,0.010591290830791905,ocellaris_clownfish,Amphiprion ocellaris,random_forest
953:2925,5.35,112.55,0.010591290830791905,ocellaris_clownfish,Amphiprion ocellaris,random_forest
953:2926,5.35,112.65,0.014211368205651083,ocellaris_clownfish,Amphiprion ocellaris,random_forest
953:2927,5.35,112.75,0.015812495760267012,ocellaris_clownfish,Amphiprion ocellaris,random_forest
953:2928,5.35,112.85,0.01913758441372734,ocellaris_clownfish,Amphiprion ocellaris,random_forest
953:2929,5.35,112.95,0.031692481092989985,ocellaris_clownfish,Amphiprion ocellaris,random_forest
953:2930,5.35,113.05,0.03329416648624842,ocellaris_clownfish,Amphiprion ocellaris,random_forest
953:2931,5.35,113.15,0.03329416648624842,ocellaris_clownfish,Amphiprion ocellaris,random_forest
953:2932,5.35,113.25,0.0363117095023642,ocellaris_clownfish,Amphiprion ocellaris,random_forest
953:2933,5.35,113.35,0.0379614270164885,ocellaris_clownfish,Amphiprion ocellaris,random_forest
953:2948,5.35,114.85,0.1657700779160707,ocellaris_clownfish,Amphiprion ocellaris,random_forest
953:2949,5.35,114.95,0.16502959825313118,ocellaris_clownfish,Amphiprion ocellaris,random_forest
953:2950,5.35,115.05,0.1637281276648959,ocellaris_clownfish,Amphiprion ocellaris,random_forest
953:2951,5.35,115.15,0.1637281276648959,ocellaris_clownfish,Amphiprion ocellaris,random_forest
953:2952,5.35,115.25,0.1637281276648959,ocellaris_clownfish,Amphiprion ocellaris,random_forest
953:2953,5.35,115.35,0.17186072621498621,ocellaris_clownfish,Amphiprion ocellaris,random_forest
953:2993,5.35,119.35,0.7934915817034596,ocellaris_clownfish,Amphiprion ocellaris,random_forest
953:2994,5.35,119.45,0.7934915817034596,ocellaris_clownfish,Amphiprion ocellaris,random_forest
954:2783,5.45,98.35,0.23190333887835807,ocellaris_clownfish,Amphiprion ocellaris,random_forest
954:2784,5.45,98.45,0.23190333887835807,ocellaris_clownfish,Amphiprion ocellaris,random_forest
954:2785,5.45,98.55,0.23190333887835807,ocellaris_clownfish,Amphiprion ocellaris,random_forest
954:2786,5.45,98.65,0.23190333887835807,ocellaris_clownfish,Amphiprion ocellaris,random_forest
954:2787,5.45,98.75,0.23190333887835807,ocellaris_clownfish,Amphiprion ocellaris,random_forest
954:2788,5.45,98.85,0.23190333887835807,ocellaris_clownfish,Amphiprion ocellaris,random_forest
954:2789,5.45,98.95,0.23190333887835807,ocellaris_clownfish,Amphiprion ocellaris,random_forest
954:2790,5.45,99.05,0.2322792787279821,ocellaris_clownfish,Amphiprion ocellaris,random_forest
954:2791,5.45,99.15,0.2322792787279821,ocellaris_clownfish,Amphiprion ocellaris,random_forest
954:2792,5.45,99.25,0.2322792787279821,ocellaris_clownfish,Amphiprion ocellaris,random_forest
954:2793,5.45,99.35,0.23290214037164483,ocellaris_clownfish,Amphiprion ocellaris,random_forest
954:2794,5.45,99.45,0.2426687872271623,ocellaris_clownfish,Amphiprion ocellaris,random_forest
954:2795,5.45,99.55,0.27030926358158064,ocellaris_clownfish,Amphiprion ocellaris,random_forest
954:2796,5.45,99.65,0.27802836935828656,ocellaris_clownfish,Amphiprion ocellaris,random_forest
954:2797,5.45,99.75,0.2988125017913507,ocellaris_clownfish,Amphiprion ocellaris,random_forest
954:2798,5.45,99.85,0.2793637842131729,ocellaris_clownfish,Amphiprion ocellaris,random_forest
954:2799,5.45,99.95,0.28000116403007086,ocellaris_clownfish,Amphiprion ocellaris,random_forest
954:2800,5.45,100.05,0.30006641899880304,ocellaris_clownfish,Amphiprion ocellaris,random_forest
954:2801,5.45,100.15,0.30006641899880304,ocellaris_clownfish,Amphiprion ocellaris,random_forest
954:2803,5.45,100.35,0.3510183976809533,ocellaris_clownfish,Amphiprion ocellaris,random_forest
954:2830,5.45,103.05,0.5297444669108118,ocellaris_clownfish,Amphiprion ocellaris,random_forest
954:2831,5.45,103.15,0.5054305734274214,ocellaris_clownfish,Amphiprion ocellaris,random_forest
954:2832,5.45,103.25,0.46927211759714704,ocellaris_clownfish,Amphiprion ocellaris,random_forest
954:2833,5.45,103.35,0.4652239562163366,ocellaris_clownfish,Amphiprion ocellaris,random_forest
954:2834,5.45,103.45,0.4612331908437164,ocellaris_clownfish,Amphiprion ocellaris,random_forest
954:2835,5.45,103.55,0.4701888411537013,ocellaris_clownfish,Amphiprion ocellaris,random_forest
954:2836,5.45,103.65,0.4701888411537013,ocellaris_clownfish,Amphiprion ocellaris,random_forest
954:2837,5.45,103.75,0.37171205925160594,ocellaris_clownfish,Amphiprion ocellaris,random_forest
954:2838,5.45,103.85,0.3054776904919827,ocellaris_clownfish,Amphiprion ocellaris,random_forest
954:2839,5.45,103.95,0.2993298591347893,ocellaris_clownfish,Amphiprion ocellaris,random_forest
954:2840,5.45,104.05,0.3202887146379783,ocellaris_clownfish,Amphiprion ocellaris,random_forest
954:2841,5.45,104.15,0.38182702065831536,ocellaris_clownfish,Amphiprion ocellaris,random_forest
954:2842,5.45,104.25,0.34367560654515394,ocellaris_clownfish,Amphiprion ocellaris,random_forest
954:2843,5.45,104.35,0.14102881524279312,ocellaris_clownfish,Amphiprion ocellaris,random_forest
954:2844,5.45,104.45,0.0205973536794634,ocellaris_clownfish,Amphiprion ocellaris,random_forest
954:2845,5.45,104.55,0.013357252093260654,ocellaris_clownfish,Amphiprion ocellaris,random_forest
954:2846,5.45,104.65,0.013357252093260654,ocellaris_clownfish,Amphiprion ocellaris,random_forest
954:2847,5.45,104.75,0.012753760821440207,ocellaris_clownfish,Amphiprion ocellaris,random_forest
954:2848,5.45,104.85,0.012753760821440207,ocellaris_clownfish,Amphiprion ocellaris,random_forest
954:2849,5.45,104.95,0.009354898850039246,ocellaris_clownfish,Amphiprion ocellaris,random_forest
954:2850,5.45,105.05,0.009354898850039246,ocellaris_clownfish,Amphiprion ocellaris,random_forest
954:2851,5.45,105.15,0.009354898850039246,ocellaris_clownfish,Amphiprion ocellaris,random_forest
954:2852,5.45,105.25,0.009354898850039246,ocellaris_clownfish,Amphiprion ocellaris,random_forest
954:2853,5.45,105.35,0.009354898850039246,ocellaris_clownfish,Amphiprion ocellaris,random_forest
954:2854,5.45,105.45,0.009354898850039246,ocellaris_clownfish,Amphiprion ocellaris,random_forest
954:2855,5.45,105.55,0.009354898850039246,ocellaris_clownfish,Amphiprion ocellaris,random_forest
954:2856,5.45,105.65,0.009354898850039246,ocellaris_clownfish,Amphiprion ocellaris,random_forest
954:2900,5.45,110.05,0.006869695842448208,ocellaris_clownfish,Amphiprion ocellaris,random_forest
954:2901,5.45,110.15,0.006869695842448208,ocellaris_clownfish,Amphiprion ocellaris,random_forest
954:2902,5.45,110.25,0.006869695842448208,ocellaris_clownfish,Amphiprion ocellaris,random_forest
954:2903,5.45,110.35,0.006869695842448208,ocellaris_clownfish,Amphiprion ocellaris,random_forest
954:2904,5.45,110.45,0.006869695842448208,ocellaris_clownfish,Amphiprion ocellaris,random_forest
954:2905,5.45,110.55,0.006869695842448208,ocellaris_clownfish,Amphiprion ocellaris,random_forest
954:2906,5.45,110.65,0.005682779954597741,ocellaris_clownfish,Amphiprion ocellaris,random_forest
954:2907,5.45,110.75,0.005682779954597741,ocellaris_clownfish,Amphiprion ocellaris,random_forest
954:2908,5.45,110.85,0.004769736476336872,ocellaris_clownfish,Amphiprion ocellaris,random_forest
954:2909,5.45,110.95,0.004769736476336872,ocellaris_clownfish,Amphiprion ocellaris,random_forest
954:2910,5.45,111.05,0.004769736476336872,ocellaris_clownfish,Amphiprion ocellaris,random_forest
954:2911,5.45,111.15,0.004769736476336872,ocellaris_clownfish,Amphiprion ocellaris,random_forest
954:2912,5.45,111.25,0.004769736476336872,ocellaris_clownfish,Amphiprion ocellaris,random_forest
954:2913,5.45,111.35,0.004769736476336872,ocellaris_clownfish,Amphiprion ocellaris,random_forest
954:2914,5.45,111.45,0.004769736476336872,ocellaris_clownfish,Amphiprion ocellaris,random_forest
954:2915,5.45,111.55,0.004769736476336872,ocellaris_clownfish,Amphiprion ocellaris,random_forest
954:2916,5.45,111.65,0.005662593619194014,ocellaris_clownfish,Amphiprion ocellaris,random_forest
954:2917,5.45,111.75,0.006894625976088625,ocellaris_clownfish,Amphiprion ocellaris,random_forest
954:2918,5.45,111.85,0.006894625976088625,ocellaris_clownfish,Amphiprion ocellaris,random_forest
954:2919,5.45,111.95,0.006894625976088625,ocellaris_clownfish,Amphiprion ocellaris,random_forest
954:2920,5.45,112.05,0.00820344950550039,ocellaris_clownfish,Amphiprion ocellaris,random_forest
954:2921,5.45,112.15,0.008789308091358975,ocellaris_clownfish,Amphiprion ocellaris,random_forest
954:2922,5.45,112.25,0.01032546804598178,ocellaris_clownfish,Amphiprion ocellaris,random_forest
954:2923,5.45,112.35,0.01132546804598178,ocellaris_clownfish,Amphiprion ocellaris,random_forest
954:2924,5.45,112.45,0.01132546804598178,ocellaris_clownfish,Amphiprion ocellaris,random_forest
954:2925,5.45,112.55,0.01132546804598178,ocellaris_clownfish,Amphiprion ocellaris,random_forest
954:2926,5.45,112.65,0.014945545420840957,ocellaris_clownfish,Amphiprion ocellaris,random_forest
954:2927,5.45,112.75,0.016546672975456887,ocellaris_clownfish,Amphiprion ocellaris,random_forest
954:2928,5.45,112.85,0.01987176162891721,ocellaris_clownfish,Amphiprion ocellaris,random_forest
954:2929,5.45,112.95,0.03242665830817986,ocellaris_clownfish,Amphiprion ocellaris,random_forest
954:2930,5.45,113.05,0.03402834370143827,ocellaris_clownfish,Amphiprion ocellaris,random_forest
954:2931,5.45,113.15,0.03402834370143827,ocellaris_clownfish,Amphiprion ocellaris,random_forest
954:2932,5.45,113.25,0.03704588671755408,ocellaris_clownfish,Amphiprion ocellaris,random_forest
954:2947,5.45,114.75,0.17170892919865627,ocellaris_clownfish,Amphiprion ocellaris,random_forest
954:2948,5.45,114.85,0.16650425513126058,ocellaris_clownfish,Amphiprion ocellaris,random_forest
954:2949,5.45,114.95,0.16576377546832102,ocellaris_clownfish,Amphiprion ocellaris,random_forest
954:2950,5.45,115.05,0.16446230488008576,ocellaris_clownfish,Amphiprion ocellaris,random_forest
954:2951,5.45,115.15,0.16446230488008576,ocellaris_clownfish,Amphiprion ocellaris,random_forest
954:2952,5.45,115.25,0.16446230488008576,ocellaris_clownfish,Amphiprion ocellaris,random_forest
954:2953,5.45,115.35,0.17259490343017608,ocellaris_clownfish,Amphiprion ocellaris,random_forest
954:2989,5.45,118.95,0.7942257589186494,ocellaris_clownfish,Amphiprion ocellaris,random_forest
954:2990,5.45,119.05,0.7942257589186494,ocellaris_clownfish,Amphiprion ocellaris,random_forest
954:2992,5.45,119.25,0.7942257589186494,ocellaris_clownfish,Amphiprion ocellaris,random_forest
954:2993,5.45,119.35,0.7942257589186494,ocellaris_clownfish,Amphiprion ocellaris,random_forest
954:2994,5.45,119.45,0.7942257589186494,ocellaris_clownfish,Amphiprion ocellaris,random_forest
955:2782,5.55,98.25,0.2980679648600471,ocellaris_clownfish,Amphiprion ocellaris,random_forest
955:2783,5.55,98.35,0.2980679648600471,ocellaris_clownfish,Amphiprion ocellaris,random_forest
955:2784,5.55,98.45,0.2980679648600471,ocellaris_clownfish,Amphiprion ocellaris,random_forest
955:2785,5.55,98.55,0.2980679648600471,ocellaris_clownfish,Amphiprion ocellaris,random_forest
955:2786,5.55,98.65,0.2980679648600471,ocellaris_clownfish,Amphiprion ocellaris,random_forest
955:2787,5.55,98.75,0.2980679648600471,ocellaris_clownfish,Amphiprion ocellaris,random_forest
955:2788,5.55,98.85,0.2980679648600471,ocellaris_clownfish,Amphiprion ocellaris,random_forest
955:2789,5.55,98.95,0.2980679648600471,ocellaris_clownfish,Amphiprion ocellaris,random_forest
955:2790,5.55,99.05,0.29844390470967114,ocellaris_clownfish,Amphiprion ocellaris,random_forest
955:2791,5.55,99.15,0.29844390470967114,ocellaris_clownfish,Amphiprion ocellaris,random_forest
955:2792,5.55,99.25,0.29844390470967114,ocellaris_clownfish,Amphiprion ocellaris,random_forest
955:2793,5.55,99.35,0.2990667663533339,ocellaris_clownfish,Amphiprion ocellaris,random_forest
955:2794,5.55,99.45,0.3155023322093342,ocellaris_clownfish,Amphiprion ocellaris,random_forest
955:2795,5.55,99.55,0.3502324994106686,ocellaris_clownfish,Amphiprion ocellaris,random_forest
955:2796,5.55,99.65,0.3589546539678623,ocellaris_clownfish,Amphiprion ocellaris,random_forest
955:2797,5.55,99.75,0.38569974948028757,ocellaris_clownfish,Amphiprion ocellaris,random_forest
955:2798,5.55,99.85,0.3662510319021099,ocellaris_clownfish,Amphiprion ocellaris,random_forest
955:2799,5.55,99.95,0.3673924005502801,ocellaris_clownfish,Amphiprion ocellaris,random_forest
955:2800,5.55,100.05,0.3874576555190123,ocellaris_clownfish,Amphiprion ocellaris,random_forest
955:2801,5.55,100.15,0.3874576555190123,ocellaris_clownfish,Amphiprion ocellaris,random_forest
955:2802,5.55,100.25,0.43325509989354355,ocellaris_clownfish,Amphiprion ocellaris,random_forest
955:2803,5.55,100.35,0.43325509989354355,ocellaris_clownfish,Amphiprion ocellaris,random_forest
955:2829,5.55,102.95,0.5997351597332522,ocellaris_clownfish,Amphiprion ocellaris,random_forest
955:2830,5.55,103.05,0.5916361578791871,ocellaris_clownfish,Amphiprion ocellaris,random_forest
955:2831,5.55,103.15,0.5469654845115512,ocellaris_clownfish,Amphiprion ocellaris,random_forest
955:2832,5.55,103.25,0.5006664620925706,ocellaris_clownfish,Amphiprion ocellaris,random_forest
955:2833,5.55,103.35,0.49661830071176016,ocellaris_clownfish,Amphiprion ocellaris,random_forest
955:2834,5.55,103.45,0.49074693832421457,ocellaris_clownfish,Amphiprion ocellaris,random_forest
955:2835,5.55,103.55,0.4997025886341994,ocellaris_clownfish,Amphiprion ocellaris,random_forest
955:2836,5.55,103.65,0.4997025886341994,ocellaris_clownfish,Amphiprion ocellaris,random_forest
955:2837,5.55,103.75,0.39993216818479455,ocellaris_clownfish,Amphiprion ocellaris,random_forest
955:2838,5.55,103.85,0.3327018017873296,ocellaris_clownfish,Amphiprion ocellaris,random_forest
955:2839,5.55,103.95,0.32748033749535527,ocellaris_clownfish,Amphiprion ocellaris,random_forest
955:2840,5.55,104.05,0.34456403244639244,ocellaris_clownfish,Amphiprion ocellaris,random_forest
955:2841,5.55,104.15,0.3999527475594084,ocellaris_clownfish,Amphiprion ocellaris,random_forest
955:2842,5.55,104.25,0.362552450679538,ocellaris_clownfish,Amphiprion ocellaris,random_forest
955:2843,5.55,104.35,0.1590840162164394,ocellaris_clownfish,Amphiprion ocellaris,random_forest
955:2844,5.55,104.45,0.035160725266544644,ocellaris_clownfish,Amphiprion ocellaris,random_forest
955:2845,5.55,104.55,0.027920623680341906,ocellaris_clownfish,Amphiprion ocellaris,random_forest
955:2846,5.55,104.65,0.027920623680341906,ocellaris_clownfish,Amphiprion ocellaris,random_forest
955:2847,5.55,104.75,0.027317132408521457,ocellaris_clownfish,Amphiprion ocellaris,random_forest
955:2848,5.55,104.85,0.027317132408521457,ocellaris_clownfish,Amphiprion ocellaris,random_forest
955:2849,5.55,104.95,0.023918270437120498,ocellaris_clownfish,Amphiprion ocellaris,random_forest
955:2850,5.55,105.05,0.023918270437120498,ocellaris_clownfish,Amphiprion ocellaris,random_forest
955:2851,5.55,105.15,0.023918270437120498,ocellaris_clownfish,Amphiprion ocellaris,random_forest
955:2852,5.55,105.25,0.023918270437120498,ocellaris_clownfish,Amphiprion ocellaris,random_forest
955:2853,5.55,105.35,0.023918270437120498,ocellaris_clownfish,Amphiprion ocellaris,random_forest
955:2854,5.55,105.45,0.023918270437120498,ocellaris_clownfish,Amphiprion ocellaris,random_forest
955:2855,5.55,105.55,0.023918270437120498,ocellaris_clownfish,Amphiprion ocellaris,random_forest
955:2856,5.55,105.65,0.023918270437120498,ocellaris_clownfish,Amphiprion ocellaris,random_forest
955:2900,5.55,110.05,0.016190785256836215,ocellaris_clownfish,Amphiprion ocellaris,random_forest
955:2901,5.55,110.15,0.016190785256836215,ocellaris_clownfish,Amphiprion ocellaris,random_forest
955:2902,5.55,110.25,0.016190785256836215,ocellaris_clownfish,Amphiprion ocellaris,random_forest
955:2903,5.55,110.35,0.016190785256836215,ocellaris_clownfish,Amphiprion ocellaris,random_forest
955:2904,5.55,110.45,0.016190785256836215,ocellaris_clownfish,Amphiprion ocellaris,random_forest
955:2905,5.55,110.55,0.016190785256836215,ocellaris_clownfish,Amphiprion ocellaris,random_forest
955:2906,5.55,110.65,0.015003869368985744,ocellaris_clownfish,Amphiprion ocellaris,random_forest
955:2907,5.55,110.75,0.015003869368985744,ocellaris_clownfish,Amphiprion ocellaris,random_forest
955:2908,5.55,110.85,0.01409082589072487,ocellaris_clownfish,Amphiprion ocellaris,random_forest
955:2909,5.55,110.95,0.01409082589072487,ocellaris_clownfish,Amphiprion ocellaris,random_forest
955:2910,5.55,111.05,0.01409082589072487,ocellaris_clownfish,Amphiprion ocellaris,random_forest
955:2911,5.55,111.15,0.01409082589072487,ocellaris_clownfish,Amphiprion ocellaris,random_forest
955:2912,5.55,111.25,0.01409082589072487,ocellaris_clownfish,Amphiprion ocellaris,random_forest
955:2913,5.55,111.35,0.01409082589072487,ocellaris_clownfish,Amphiprion ocellaris,random_forest
955:2914,5.55,111.45,0.01409082589072487,ocellaris_clownfish,Amphiprion ocellaris,random_forest
955:2915,5.55,111.55,0.01409082589072487,ocellaris_clownfish,Amphiprion ocellaris,random_forest
955:2916,5.55,111.65,0.014983683033582013,ocellaris_clownfish,Amphiprion ocellaris,random_forest
955:2917,5.55,111.75,0.01621571539047663,ocellaris_clownfish,Amphiprion ocellaris,random_forest
955:2918,5.55,111.85,0.01621571539047663,ocellaris_clownfish,Amphiprion ocellaris,random_forest
955:2919,5.55,111.95,0.01621571539047663,ocellaris_clownfish,Amphiprion ocellaris,random_forest
955:2920,5.55,112.05,0.017524538919888394,ocellaris_clownfish,Amphiprion ocellaris,random_forest
955:2921,5.55,112.15,0.01811039750574698,ocellaris_clownfish,Amphiprion ocellaris,random_forest
955:2922,5.55,112.25,0.019646557460369782,ocellaris_clownfish,Amphiprion ocellaris,random_forest
955:2923,5.55,112.35,0.019646557460369782,ocellaris_clownfish,Amphiprion ocellaris,random_forest
955:2924,5.55,112.45,0.019646557460369782,ocellaris_clownfish,Amphiprion ocellaris,random_forest
955:2925,5.55,112.55,0.019646557460369782,ocellaris_clownfish,Amphiprion ocellaris,random_forest
955:2926,5.55,112.65,0.02326663483522896,ocellaris_clownfish,Amphiprion ocellaris,random_forest
955:2927,5.55,112.75,0.024867762389844887,ocellaris_clownfish,Amphiprion ocellaris,random_forest
955:2928,5.55,112.85,0.027679807565044342,ocellaris_clownfish,Amphiprion ocellaris,random_forest
955:2929,5.55,112.95,0.03970137091097366,ocellaris_clownfish,Amphiprion ocellaris,random_forest
955:2930,5.55,113.05,0.04130305630423209,ocellaris_clownfish,Amphiprion ocellaris,random_forest
955:2931,5.55,113.15,0.04130305630423209,ocellaris_clownfish,Amphiprion ocellaris,random_forest
955:2946,5.55,114.65,0.1749091253229069,ocellaris_clownfish,Amphiprion ocellaris,random_forest
955:2947,5.55,114.75,0.1749091253229069,ocellaris_clownfish,Amphiprion ocellaris,random_forest
955:2948,5.55,114.85,0.1697044512555112,ocellaris_clownfish,Amphiprion ocellaris,random_forest
955:2949,5.55,114.95,0.16896397159257168,ocellaris_clownfish,Amphiprion ocellaris,random_forest
955:2950,5.55,115.05,0.16766250100433638,ocellaris_clownfish,Amphiprion ocellaris,random_forest
955:2951,5.55,115.15,0.16766250100433638,ocellaris_clownfish,Amphiprion ocellaris,random_forest
955:2952,5.55,115.25,0.16766250100433638,ocellaris_clownfish,Amphiprion ocellaris,random_forest
955:2953,5.55,115.35,0.1757950995544267,ocellaris_clownfish,Amphiprion ocellaris,random_forest
955:2954,5.55,115.45,0.17986810662917158,ocellaris_clownfish,Amphiprion ocellaris,random_forest
955:2955,5.55,115.55,0.27654994884879175,ocellaris_clownfish,Amphiprion ocellaris,random_forest
955:2956,5.55,115.65,0.563222025079808,ocellaris_clownfish,Amphiprion ocellaris,random_forest
955:2957,5.55,115.75,0.563222025079808,ocellaris_clownfish,Amphiprion ocellaris,random_forest
955:2985,5.55,118.55,0.6953514163542822,ocellaris_clownfish,Amphiprion ocellaris,random_forest
955:2987,5.55,118.75,0.8051057387087258,ocellaris_clownfish,Amphiprion ocellaris,random_forest
955:2988,5.55,118.85,0.8005275389591217,ocellaris_clownfish,Amphiprion ocellaris,random_forest
955:2989,5.55,118.95,0.8005275389591217,ocellaris_clownfish,Amphiprion ocellaris,random_forest
955:2990,5.55,119.05,0.8005275389591217,ocellaris_clownfish,Amphiprion ocellaris,random_forest
955:2991,5.55,119.15,0.8005275389591217,ocellaris_clownfish,Amphiprion ocellaris,random_forest
955:2992,5.55,119.25,0.8005275389591217,ocellaris_clownfish,Amphiprion ocellaris,random_forest
955:2993,5.55,119.35,0.8005275389591217,ocellaris_clownfish,Amphiprion ocellaris,random_forest
956:2782,5.65,98.25,0.4887976399802044,ocellaris_clownfish,Amphiprion ocellaris,random_forest
956:2783,5.65,98.35,0.4887976399802044,ocellaris_clownfish,Amphiprion ocellaris,random_forest
956:2784,5.65,98.45,0.4887976399802044,ocellaris_clownfish,Amphiprion ocellaris,random_forest
956:2785,5.65,98.55,0.4887976399802044,ocellaris_clownfish,Amphiprion ocellaris,random_forest
956:2786,5.65,98.65,0.4887976399802044,ocellaris_clownfish,Amphiprion ocellaris,random_forest
956:2787,5.65,98.75,0.4887976399802044,ocellaris_clownfish,Amphiprion ocellaris,random_forest
956:2788,5.65,98.85,0.4887976399802044,ocellaris_clownfish,Amphiprion ocellaris,random_forest
956:2789,5.65,98.95,0.4887976399802044,ocellaris_clownfish,Amphiprion ocellaris,random_forest
956:2790,5.65,99.05,0.4891735798298285,ocellaris_clownfish,Amphiprion ocellaris,random_forest
956:2791,5.65,99.15,0.4891735798298285,ocellaris_clownfish,Amphiprion ocellaris,random_forest
956:2792,5.65,99.25,0.4891735798298285,ocellaris_clownfish,Amphiprion ocellaris,random_forest
956:2793,5.65,99.35,0.4897964414734913,ocellaris_clownfish,Amphiprion ocellaris,random_forest
956:2794,5.65,99.45,0.5087190013020371,ocellaris_clownfish,Amphiprion ocellaris,random_forest
956:2795,5.65,99.55,0.5543149774340974,ocellaris_clownfish,Amphiprion ocellaris,random_forest
956:2796,5.65,99.65,0.5653907097224534,ocellaris_clownfish,Amphiprion ocellaris,random_forest
956:2797,5.65,99.75,0.6247639325114266,ocellaris_clownfish,Amphiprion ocellaris,random_forest
956:2798,5.65,99.85,0.6053152149332488,ocellaris_clownfish,Amphiprion ocellaris,random_forest
956:2799,5.65,99.95,0.6125491432158257,ocellaris_clownfish,Amphiprion ocellaris,random_forest
956:2800,5.65,100.05,0.6307228588842124,ocellaris_clownfish,Amphiprion ocellaris,random_forest
956:2801,5.65,100.15,0.6307228588842124,ocellaris_clownfish,Amphiprion ocellaris,random_forest
956:2802,5.65,100.25,0.6675181164204133,ocellaris_clownfish,Amphiprion ocellaris,random_forest
956:2828,5.65,102.85,0.7854205219322415,ocellaris_clownfish,Amphiprion ocellaris,random_forest
956:2829,5.65,102.95,0.783025859562146,ocellaris_clownfish,Amphiprion ocellaris,random_forest
956:2830,5.65,103.05,0.7634754532756681,ocellaris_clownfish,Amphiprion ocellaris,random_forest
956:2831,5.65,103.15,0.6940826115965311,ocellaris_clownfish,Amphiprion ocellaris,random_forest
956:2832,5.65,103.25,0.5702135151936119,ocellaris_clownfish,Amphiprion ocellaris,random_forest
956:2833,5.65,103.35,0.5661653538128015,ocellaris_clownfish,Amphiprion ocellaris,random_forest
956:2834,5.65,103.45,0.5595709275954688,ocellaris_clownfish,Amphiprion ocellaris,random_forest
956:2835,5.65,103.55,0.5685265779054535,ocellaris_clownfish,Amphiprion ocellaris,random_forest
956:2836,5.65,103.65,0.5685265779054535,ocellaris_clownfish,Amphiprion ocellaris,random_forest
956:2837,5.65,103.75,0.47228023294153737,ocellaris_clownfish,Amphiprion ocellaris,random_forest
956:2838,5.65,103.85,0.39694078269619915,ocellaris_clownfish,Amphiprion ocellaris,random_forest
956:2839,5.65,103.95,0.39356852003103454,ocellaris_clownfish,Amphiprion ocellaris,random_forest
956:2840,5.65,104.05,0.4044257517245062,ocellaris_clownfish,Amphiprion ocellaris,random_forest
956:2841,5.65,104.15,0.44709669624615594,ocellaris_clownfish,Amphiprion ocellaris,random_forest
956:2842,5.65,104.25,0.416512956668908,ocellaris_clownfish,Amphiprion ocellaris,random_forest
956:2843,5.65,104.35,0.2104488242996763,ocellaris_clownfish,Amphiprion ocellaris,random_forest
956:2844,5.65,104.45,0.08729359211720271,ocellaris_clownfish,Amphiprion ocellaris,random_forest
956:2845,5.65,104.55,0.08530030352659865,ocellaris_clownfish,Amphiprion ocellaris,random_forest
956:2846,5.65,104.65,0.08530030352659865,ocellaris_clownfish,Amphiprion ocellaris,random_forest
956:2847,5.65,104.75,0.08469681225477821,ocellaris_clownfish,Amphiprion ocellaris,random_forest
956:2848,5.65,104.85,0.08469681225477821,ocellaris_clownfish,Amphiprion ocellaris,random_forest
956:2849,5.65,104.95,0.08378155801749006,ocellaris_clownfish,Amphiprion ocellaris,random_forest
956:2850,5.65,105.05,0.08378155801749006,ocellaris_clownfish,Amphiprion ocellaris,random_forest
956:2851,5.65,105.15,0.08378155801749006,ocellaris_clownfish,Amphiprion ocellaris,random_forest
956:2852,5.65,105.25,0.08378155801749006,ocellaris_clownfish,Amphiprion ocellaris,random_forest
956:2853,5.65,105.35,0.08378155801749006,ocellaris_clownfish,Amphiprion ocellaris,random_forest
956:2854,5.65,105.45,0.08378155801749006,ocellaris_clownfish,Amphiprion ocellaris,random_forest
956:2855,5.65,105.55,0.08378155801749006,ocellaris_clownfish,Amphiprion ocellaris,random_forest
956:2856,5.65,105.65,0.08378155801749006,ocellaris_clownfish,Amphiprion ocellaris,random_forest
956:2857,5.65,105.75,0.08378155801749006,ocellaris_clownfish,Amphiprion ocellaris,random_forest
956:2899,5.65,109.95,0.07161170413874951,ocellaris_clownfish,Amphiprion ocellaris,random_forest
956:2900,5.65,110.05,0.07161170413874951,ocellaris_clownfish,Amphiprion ocellaris,random_forest
956:2901,5.65,110.15,0.07161170413874951,ocellaris_clownfish,Amphiprion ocellaris,random_forest
956:2902,5.65,110.25,0.07161170413874951,ocellaris_clownfish,Amphiprion ocellaris,random_forest
956:2903,5.65,110.35,0.07161170413874951,ocellaris_clownfish,Amphiprion ocellaris,random_forest
956:2904,5.65,110.45,0.07161170413874951,ocellaris_clownfish,Amphiprion ocellaris,random_forest
956:2905,5.65,110.55,0.07161170413874951,ocellaris_clownfish,Amphiprion ocellaris,random_forest
956:2906,5.65,110.65,0.07042478825089905,ocellaris_clownfish,Amphiprion ocellaris,random_forest
956:2907,5.65,110.75,0.07042478825089905,ocellaris_clownfish,Amphiprion ocellaris,random_forest
956:2908,5.65,110.85,0.07042478825089905,ocellaris_clownfish,Amphiprion ocellaris,random_forest
956:2909,5.65,110.95,0.07042478825089905,ocellaris_clownfish,Amphiprion ocellaris,random_forest
956:2910,5.65,111.05,0.07042478825089905,ocellaris_clownfish,Amphiprion ocellaris,random_forest
956:2911,5.65,111.15,0.07042478825089905,ocellaris_clownfish,Amphiprion ocellaris,random_forest
956:2912,5.65,111.25,0.07042478825089905,ocellaris_clownfish,Amphiprion ocellaris,random_forest
956:2913,5.65,111.35,0.07042478825089905,ocellaris_clownfish,Amphiprion ocellaris,random_forest
956:2914,5.65,111.45,0.07042478825089905,ocellaris_clownfish,Amphiprion ocellaris,random_forest
956:2915,5.65,111.55,0.07042478825089905,ocellaris_clownfish,Amphiprion ocellaris,random_forest
956:2916,5.65,111.65,0.07042478825089905,ocellaris_clownfish,Amphiprion ocellaris,random_forest
956:2917,5.65,111.75,0.07071658156396897,ocellaris_clownfish,Amphiprion ocellaris,random_forest
956:2918,5.65,111.85,0.07071658156396897,ocellaris_clownfish,Amphiprion ocellaris,random_forest
956:2919,5.65,111.95,0.07071658156396897,ocellaris_clownfish,Amphiprion ocellaris,random_forest
956:2920,5.65,112.05,0.07071658156396897,ocellaris_clownfish,Amphiprion ocellaris,random_forest
956:2921,5.65,112.15,0.07071658156396897,ocellaris_clownfish,Amphiprion ocellaris,random_forest
956:2922,5.65,112.25,0.07225274151859176,ocellaris_clownfish,Amphiprion ocellaris,random_forest
956:2923,5.65,112.35,0.07225274151859176,ocellaris_clownfish,Amphiprion ocellaris,random_forest
956:2924,5.65,112.45,0.07225274151859176,ocellaris_clownfish,Amphiprion ocellaris,random_forest
956:2925,5.65,112.55,0.07225274151859176,ocellaris_clownfish,Amphiprion ocellaris,random_forest
956:2926,5.65,112.65,0.07225274151859176,ocellaris_clownfish,Amphiprion ocellaris,random_forest
956:2927,5.65,112.75,0.07385386907320769,ocellaris_clownfish,Amphiprion ocellaris,random_forest
956:2928,5.65,112.85,0.07385386907320769,ocellaris_clownfish,Amphiprion ocellaris,random_forest
956:2929,5.65,112.95,0.08069546583415202,ocellaris_clownfish,Amphiprion ocellaris,random_forest
956:2930,5.65,113.05,0.08134715122741043,ocellaris_clownfish,Amphiprion ocellaris,random_forest
956:2945,5.65,114.55,0.20323745591474762,ocellaris_clownfish,Amphiprion ocellaris,random_forest
956:2946,5.65,114.65,0.20016120163035292,ocellaris_clownfish,Amphiprion ocellaris,random_forest
956:2947,5.65,114.75,0.20016120163035292,ocellaris_clownfish,Amphiprion ocellaris,random_forest
956:2948,5.65,114.85,0.19495652756295714,ocellaris_clownfish,Amphiprion ocellaris,random_forest
956:2949,5.65,114.95,0.1942160479000176,ocellaris_clownfish,Amphiprion ocellaris,random_forest
956:2950,5.65,115.05,0.1964635290136752,ocellaris_clownfish,Amphiprion ocellaris,random_forest
956:2951,5.65,115.15,0.1964635290136752,ocellaris_clownfish,Amphiprion ocellaris,random_forest
956:2952,5.65,115.25,0.1964635290136752,ocellaris_clownfish,Amphiprion ocellaris,random_forest
956:2953,5.65,115.35,0.2054502942304322,ocellaris_clownfish,Amphiprion ocellaris,random_forest
956:2954,5.65,115.45,0.21115966494154065,ocellaris_clownfish,Amphiprion ocellaris,random_forest
956:2955,5.65,115.55,0.3095410860299094,ocellaris_clownfish,Amphiprion ocellaris,random_forest
956:2956,5.65,115.65,0.6026593394683223,ocellaris_clownfish,Amphiprion ocellaris,random_forest
956:2957,5.65,115.75,0.6026593394683223,ocellaris_clownfish,Amphiprion ocellaris,random_forest
956:2958,5.65,115.85,0.6906460326737819,ocellaris_clownfish,Amphiprion ocellaris,random_forest
956:2986,5.65,118.65,0.8111452796320735,ocellaris_clownfish,Amphiprion ocellaris,random_forest
956:2987,5.65,118.75,0.8242962212341671,ocellaris_clownfish,Amphiprion ocellaris,random_forest
956:2988,5.65,118.85,0.8197180214845627,ocellaris_clownfish,Amphiprion ocellaris,random_forest
956:2989,5.65,118.95,0.8197180214845627,ocellaris_clownfish,Amphiprion ocellaris,random_forest
956:2990,5.65,119.05,0.8197180214845627,ocellaris_clownfish,Amphiprion ocellaris,random_forest
956:2991,5.65,119.15,0.8197180214845627,ocellaris_clownfish,Amphiprion ocellaris,random_forest
956:2992,5.65,119.25,0.8197180214845627,ocellaris_clownfish,Amphiprion ocellaris,random_forest
957:2781,5.75,98.15,0.5645031274722102,ocellaris_clownfish,Amphiprion ocellaris,random_forest
957:2782,5.75,98.25,0.5645031274722102,ocellaris_clownfish,Amphiprion ocellaris,random_forest
957:2783,5.75,98.35,0.5645031274722102,ocellaris_clownfish,Amphiprion ocellaris,random_forest
957:2784,5.75,98.45,0.5645031274722102,ocellaris_clownfish,Amphiprion ocellaris,random_forest
957:2785,5.75,98.55,0.5645031274722102,ocellaris_clownfish,Amphiprion ocellaris,random_forest
957:2786,5.75,98.65,0.5645031274722102,ocellaris_clownfish,Amphiprion ocellaris,random_forest
957:2787,5.75,98.75,0.5645031274722102,ocellaris_clownfish,Amphiprion ocellaris,random_forest
957:2788,5.75,98.85,0.5645031274722102,ocellaris_clownfish,Amphiprion ocellaris,random_forest
957:2789,5.75,98.95,0.5645031274722102,ocellaris_clownfish,Amphiprion ocellaris,random_forest
957:2790,5.75,99.05,0.5648790673218342,ocellaris_clownfish,Amphiprion ocellaris,random_forest
957:2791,5.75,99.15,0.5648790673218342,ocellaris_clownfish,Amphiprion ocellaris,random_forest
957:2792,5.75,99.25,0.5648790673218342,ocellaris_clownfish,Amphiprion ocellaris,random_forest
957:2793,5.75,99.35,0.565501928965497,ocellaris_clownfish,Amphiprion ocellaris,random_forest
957:2794,5.75,99.45,0.5909473282112538,ocellaris_clownfish,Amphiprion ocellaris,random_forest
957:2795,5.75,99.55,0.6468453327758057,ocellaris_clownfish,Amphiprion ocellaris,random_forest
957:2796,5.75,99.65,0.659921065064162,ocellaris_clownfish,Amphiprion ocellaris,random_forest
957:2797,5.75,99.75,0.7276276687551377,ocellaris_clownfish,Amphiprion ocellaris,random_forest
957:2798,5.75,99.85,0.7097430537410626,ocellaris_clownfish,Amphiprion ocellaris,random_forest
957:2799,5.75,99.95,0.7216873597963325,ocellaris_clownfish,Amphiprion ocellaris,random_forest
957:2800,5.75,100.05,0.7437420363991109,ocellaris_clownfish,Amphiprion ocellaris,random_forest
957:2801,5.75,100.15,0.7437420363991109,ocellaris_clownfish,Amphiprion ocellaris,random_forest
957:2802,5.75,100.25,0.7819393063373243,ocellaris_clownfish,Amphiprion ocellaris,random_forest
957:2803,5.75,100.35,0.7819393063373243,ocellaris_clownfish,Amphiprion ocellaris,random_forest
957:2827,5.75,102.75,0.8836229175326964,ocellaris_clownfish,Amphiprion ocellaris,random_forest
957:2828,5.75,102.85,0.8833540179376123,ocellaris_clownfish,Amphiprion ocellaris,random_forest
957:2829,5.75,102.95,0.8804712132750265,ocellaris_clownfish,Amphiprion ocellaris,random_forest
957:2830,5.75,103.05,0.8586531685974901,ocellaris_clownfish,Amphiprion ocellaris,random_forest
957:2831,5.75,103.15,0.7842130051919839,ocellaris_clownfish,Amphiprion ocellaris,random_forest
957:2832,5.75,103.25,0.6454456856938628,ocellaris_clownfish,Amphiprion ocellaris,random_forest
957:2833,5.75,103.35,0.6413975243130524,ocellaris_clownfish,Amphiprion ocellaris,random_forest
957:2834,5.75,103.45,0.6320746640607139,ocellaris_clownfish,Amphiprion ocellaris,random_forest
957:2835,5.75,103.55,0.6276104593384054,ocellaris_clownfish,Amphiprion ocellaris,random_forest
957:2836,5.75,103.65,0.6276104593384054,ocellaris_clownfish,Amphiprion ocellaris,random_forest
957:2837,5.75,103.75,0.5296055645557851,ocellaris_clownfish,Amphiprion ocellaris,random_forest
957:2838,5.75,103.85,0.4535802653842109,ocellaris_clownfish,Amphiprion ocellaris,random_forest
957:2839,5.75,103.95,0.4454194761865021,ocellaris_clownfish,Amphiprion ocellaris,random_forest
957:2840,5.75,104.05,0.4494744769297792,ocellaris_clownfish,Amphiprion ocellaris,random_forest
957:2841,5.75,104.15,0.4827917150458418,ocellaris_clownfish,Amphiprion ocellaris,random_forest
957:2842,5.75,104.25,0.45260055772147456,ocellaris_clownfish,Amphiprion ocellaris,random_forest
957:2843,5.75,104.35,0.24479917210518068,ocellaris_clownfish,Amphiprion ocellaris,random_forest
957:2844,5.75,104.45,0.12828625510410735,ocellaris_clownfish,Amphiprion ocellaris,random_forest
957:2845,5.75,104.55,0.12586317818103043,ocellaris_clownfish,Amphiprion ocellaris,random_forest
957:2846,5.75,104.65,0.12586317818103043,ocellaris_clownfish,Amphiprion ocellaris,random_forest
957:2847,5.75,104.75,0.12525968690920997,ocellaris_clownfish,Amphiprion ocellaris,random_forest
957:2848,5.75,104.85,0.12525968690920997,ocellaris_clownfish,Amphiprion ocellaris,random_forest
957:2849,5.75,104.95,0.12525968690920997,ocellaris_clownfish,Amphiprion ocellaris,random_forest
957:2850,5.75,105.05,0.12525968690920997,ocellaris_clownfish,Amphiprion ocellaris,random_forest
957:2851,5.75,105.15,0.12525968690920997,ocellaris_clownfish,Amphiprion ocellaris,random_forest
957:2852,5.75,105.25,0.12525968690920997,ocellaris_clownfish,Amphiprion ocellaris,random_forest
957:2853,5.75,105.35,0.12525968690920997,ocellaris_clownfish,Amphiprion ocellaris,random_forest
957:2854,5.75,105.45,0.12525968690920997,ocellaris_clownfish,Amphiprion ocellaris,random_forest
957:2855,5.75,105.55,0.12525968690920997,ocellaris_clownfish,Amphiprion ocellaris,random_forest
957:2856,5.75,105.65,0.12525968690920997,ocellaris_clownfish,Amphiprion ocellaris,random_forest
957:2857,5.75,105.75,0.12525968690920997,ocellaris_clownfish,Amphiprion ocellaris,random_forest
957:2899,5.75,109.95,0.10817666676465001,ocellaris_clownfish,Amphiprion ocellaris,random_forest
957:2900,5.75,110.05,0.10817666676465001,ocellaris_clownfish,Amphiprion ocellaris,random_forest
957:2901,5.75,110.15,0.10817666676465001,ocellaris_clownfish,Amphiprion ocellaris,random_forest
957:2902,5.75,110.25,0.10817666676465001,ocellaris_clownfish,Amphiprion ocellaris,random_forest
957:2903,5.75,110.35,0.10817666676465001,ocellaris_clownfish,Amphiprion ocellaris,random_forest
957:2904,5.75,110.45,0.10817666676465001,ocellaris_clownfish,Amphiprion ocellaris,random_forest
957:2905,5.75,110.55,0.10817666676465001,ocellaris_clownfish,Amphiprion ocellaris,random_forest
957:2906,5.75,110.65,0.10817666676465001,ocellaris_clownfish,Amphiprion ocellaris,random_forest
957:2907,5.75,110.75,0.10817666676465001,ocellaris_clownfish,Amphiprion ocellaris,random_forest
957:2908,5.75,110.85,0.10817666676465001,ocellaris_clownfish,Amphiprion ocellaris,random_forest
957:2909,5.75,110.95,0.10817666676465001,ocellaris_clownfish,Amphiprion ocellaris,random_forest
957:2910,5.75,111.05,0.10817666676465001,ocellaris_clownfish,Amphiprion ocellaris,random_forest
957:2911,5.75,111.15,0.10817666676465001,ocellaris_clownfish,Amphiprion ocellaris,random_forest
957:2912,5.75,111.25,0.10817666676465001,ocellaris_clownfish,Amphiprion ocellaris,random_forest
957:2913,5.75,111.35,0.10817666676465001,ocellaris_clownfish,Amphiprion ocellaris,random_forest
957:2914,5.75,111.45,0.10817666676465001,ocellaris_clownfish,Amphiprion ocellaris,random_forest
957:2915,5.75,111.55,0.10817666676465001,ocellaris_clownfish,Amphiprion ocellaris,random_forest
957:2916,5.75,111.65,0.10817666676465001,ocellaris_clownfish,Amphiprion ocellaris,random_forest
957:2917,5.75,111.75,0.10817666676465001,ocellaris_clownfish,Amphiprion ocellaris,random_forest
957:2918,5.75,111.85,0.10817666676465001,ocellaris_clownfish,Amphiprion ocellaris,random_forest
957:2919,5.75,111.95,0.10817666676465001,ocellaris_clownfish,Amphiprion ocellaris,random_forest
957:2920,5.75,112.05,0.10817666676465001,ocellaris_clownfish,Amphiprion ocellaris,random_forest
957:2921,5.75,112.15,0.10817666676465001,ocellaris_clownfish,Amphiprion ocellaris,random_forest
957:2922,5.75,112.25,0.10817666676465001,ocellaris_clownfish,Amphiprion ocellaris,random_forest
957:2923,5.75,112.35,0.10817666676465001,ocellaris_clownfish,Amphiprion ocellaris,random_forest
957:2924,5.75,112.45,0.10817666676465001,ocellaris_clownfish,Amphiprion ocellaris,random_forest
957:2925,5.75,112.55,0.10817666676465001,ocellaris_clownfish,Amphiprion ocellaris,random_forest
957:2926,5.75,112.65,0.10817666676465001,ocellaris_clownfish,Amphiprion ocellaris,random_forest
957:2927,5.75,112.75,0.10817666676465001,ocellaris_clownfish,Amphiprion ocellaris,random_forest
957:2928,5.75,112.85,0.10817666676465001,ocellaris_clownfish,Amphiprion ocellaris,random_forest
957:2929,5.75,112.95,0.10864800434426784,ocellaris_clownfish,Amphiprion ocellaris,random_forest
957:2944,5.75,114.45,0.22061968684834077,ocellaris_clownfish,Amphiprion ocellaris,random_forest
957:2945,5.75,114.55,0.22216440229549525,ocellaris_clownfish,Amphiprion ocellaris,random_forest
957:2946,5.75,114.65,0.21908814801110055,ocellaris_clownfish,Amphiprion ocellaris,random_forest
957:2947,5.75,114.75,0.21908814801110055,ocellaris_clownfish,Amphiprion ocellaris,random_forest
957:2948,5.75,114.85,0.21388347394370485,ocellaris_clownfish,Amphiprion ocellaris,random_forest
957:2949,5.75,114.95,0.2131429942807653,ocellaris_clownfish,Amphiprion ocellaris,random_forest
957:2950,5.75,115.05,0.21539047539442283,ocellaris_clownfish,Amphiprion ocellaris,random_forest
957:2951,5.75,115.15,0.21539047539442283,ocellaris_clownfish,Amphiprion ocellaris,random_forest
957:2952,5.75,115.25,0.21539047539442283,ocellaris_clownfish,Amphiprion ocellaris,random_forest
957:2953,5.75,115.35,0.2243772406111798,ocellaris_clownfish,Amphiprion ocellaris,random_forest
957:2954,5.75,115.45,0.23008661132228833,ocellaris_clownfish,Amphiprion ocellaris,random_forest
957:2955,5.75,115.55,0.33855099570746505,ocellaris_clownfish,Amphiprion ocellaris,random_forest
957:2956,5.75,115.65,0.6403479008118302,ocellaris_clownfish,Amphiprion ocellaris,random_forest
957:2957,5.75,115.75,0.6403479008118302,ocellaris_clownfish,Amphiprion ocellaris,random_forest
957:2958,5.75,115.85,0.7274355300835282,ocellaris_clownfish,Amphiprion ocellaris,random_forest
957:2979,5.75,117.95,0.7362707243228881,ocellaris_clownfish,Amphiprion ocellaris,random_forest
957:2980,5.75,118.05,0.7362707243228881,ocellaris_clownfish,Amphiprion ocellaris,random_forest
957:2981,5.75,118.15,0.7362707243228881,ocellaris_clownfish,Amphiprion ocellaris,random_forest
957:2985,5.75,118.55,0.7580945198382336,ocellaris_clownfish,Amphiprion ocellaris,random_forest
957:2986,5.75,118.65,0.8255806388421839,ocellaris_clownfish,Amphiprion ocellaris,random_forest
957:2987,5.75,118.75,0.8387315804442775,ocellaris_clownfish,Amphiprion ocellaris,random_forest
957:2988,5.75,118.85,0.834855781858874,ocellaris_clownfish,Amphiprion ocellaris,random_forest
957:2989,5.75,118.95,0.834855781858874,ocellaris_clownfish,Amphiprion ocellaris,random_forest
958:2781,5.85,98.15,0.5876485281053447,ocellaris_clownfish,Amphiprion ocellaris,random_forest
958:2782,5.85,98.25,0.5876485281053447,ocellaris_clownfish,Amphiprion ocellaris,random_forest
958:2783,5.85,98.35,0.5876485281053447,ocellaris_clownfish,Amphiprion ocellaris,random_forest
958:2784,5.85,98.45,0.5876485281053447,ocellaris_clownfish,Amphiprion ocellaris,random_forest
958:2785,5.85,98.55,0.5876485281053447,ocellaris_clownfish,Amphiprion ocellaris,random_forest
958:2786,5.85,98.65,0.5876485281053447,ocellaris_clownfish,Amphiprion ocellaris,random_forest
958:2787,5.85,98.75,0.5876485281053447,ocellaris_clownfish,Amphiprion ocellaris,random_forest
958:2788,5.85,98.85,0.5876485281053447,ocellaris_clownfish,Amphiprion ocellaris,random_forest
958:2789,5.85,98.95,0.5876485281053447,ocellaris_clownfish,Amphiprion ocellaris,random_forest
958:2790,5.85,99.05,0.5880244679549689,ocellaris_clownfish,Amphiprion ocellaris,random_forest
958:2791,5.85,99.15,0.5880244679549689,ocellaris_clownfish,Amphiprion ocellaris,random_forest
958:2792,5.85,99.25,0.5880244679549689,ocellaris_clownfish,Amphiprion ocellaris,random_forest
958:2793,5.85,99.35,0.5890386339464577,ocellaris_clownfish,Amphiprion ocellaris,random_forest
958:2794,5.85,99.45,0.6147997477040046,ocellaris_clownfish,Amphiprion ocellaris,random_forest
958:2795,5.85,99.55,0.6712649865069368,ocellaris_clownfish,Amphiprion ocellaris,random_forest
958:2796,5.85,99.65,0.6843407187952931,ocellaris_clownfish,Amphiprion ocellaris,random_forest
958:2797,5.85,99.75,0.7531097171634458,ocellaris_clownfish,Amphiprion ocellaris,random_forest
958:2798,5.85,99.85,0.7340919126058894,ocellaris_clownfish,Amphiprion ocellaris,random_forest
958:2799,5.85,99.95,0.7483521655718122,ocellaris_clownfish,Amphiprion ocellaris,random_forest
958:2800,5.85,100.05,0.7698885015201564,ocellaris_clownfish,Amphiprion ocellaris,random_forest
958:2801,5.85,100.15,0.7698885015201564,ocellaris_clownfish,Amphiprion ocellaris,random_forest
958:2802,5.85,100.25,0.805488172755045,ocellaris_clownfish,Amphiprion ocellaris,random_forest
958:2803,5.85,100.35,0.805488172755045,ocellaris_clownfish,Amphiprion ocellaris,random_forest
958:2825,5.85,102.55,0.8891150363939225,ocellaris_clownfish,Amphiprion ocellaris,random_forest
958:2826,5.85,102.65,0.8891150363939225,ocellaris_clownfish,Amphiprion ocellaris,random_forest
958:2827,5.85,102.75,0.8899043540015491,ocellaris_clownfish,Amphiprion ocellaris,random_forest
958:2828,5.85,102.85,0.889635454406465,ocellaris_clownfish,Amphiprion ocellaris,random_forest
958:2829,5.85,102.95,0.8867526497438794,ocellaris_clownfish,Amphiprion ocellaris,random_forest
958:2830,5.85,103.05,0.8612662642037306,ocellaris_clownfish,Amphiprion ocellaris,random_forest
958:2831,5.85,103.15,0.7860945619786577,ocellaris_clownfish,Amphiprion ocellaris,random_forest
958:2832,5.85,103.25,0.6493295811010003,ocellaris_clownfish,Amphiprion ocellaris,random_forest
958:2833,5.85,103.35,0.6452814197201898,ocellaris_clownfish,Amphiprion ocellaris,random_forest
958:2834,5.85,103.45,0.6363096232976386,ocellaris_clownfish,Amphiprion ocellaris,random_forest
958:2835,5.85,103.55,0.63184541857533,ocellaris_clownfish,Amphiprion ocellaris,random_forest
958:2836,5.85,103.65,0.6294188904318732,ocellaris_clownfish,Amphiprion ocellaris,random_forest
958:2837,5.85,103.75,0.5309246307223819,ocellaris_clownfish,Amphiprion ocellaris,random_forest
958:2838,5.85,103.85,0.45227650923582685,ocellaris_clownfish,Amphiprion ocellaris,random_forest
958:2839,5.85,103.95,0.4453179608194251,ocellaris_clownfish,Amphiprion ocellaris,random_forest
958:2840,5.85,104.05,0.4493729615627021,ocellaris_clownfish,Amphiprion ocellaris,random_forest
958:2841,5.85,104.15,0.4804728171514696,ocellaris_clownfish,Amphiprion ocellaris,random_forest
958:2842,5.85,104.25,0.44977909865554777,ocellaris_clownfish,Amphiprion ocellaris,random_forest
958:2843,5.85,104.35,0.2476195736835232,ocellaris_clownfish,Amphiprion ocellaris,random_forest
958:2844,5.85,104.45,0.13115455866924733,ocellaris_clownfish,Amphiprion ocellaris,random_forest
958:2845,5.85,104.55,0.1287314817461704,ocellaris_clownfish,Amphiprion ocellaris,random_forest
958:2846,5.85,104.65,0.1287314817461704,ocellaris_clownfish,Amphiprion ocellaris,random_forest
958:2847,5.85,104.75,0.12812799047434995,ocellaris_clownfish,Amphiprion ocellaris,random_forest
958:2848,5.85,104.85,0.12812799047434995,ocellaris_clownfish,Amphiprion ocellaris,random_forest
958:2849,5.85,104.95,0.12812799047434995,ocellaris_clownfish,Amphiprion ocellaris,random_forest
958:2850,5.85,105.05,0.12812799047434995,ocellaris_clownfish,Amphiprion ocellaris,random_forest
958:2851,5.85,105.15,0.12812799047434995,ocellaris_clownfish,Amphiprion ocellaris,random_forest
958:2852,5.85,105.25,0.12812799047434995,ocellaris_clownfish,Amphiprion ocellaris,random_forest
958:2853,5.85,105.35,0.12812799047434995,ocellaris_clownfish,Amphiprion ocellaris,random_forest
958:2854,5.85,105.45,0.12812799047434995,ocellaris_clownfish,Amphiprion ocellaris,random_forest
958:2855,5.85,105.55,0.12812799047434995,ocellaris_clownfish,Amphiprion ocellaris,random_forest
958:2856,5.85,105.65,0.12812799047434995,ocellaris_clownfish,Amphiprion ocellaris,random_forest
958:2857,5.85,105.75,0.12812799047434995,ocellaris_clownfish,Amphiprion ocellaris,random_forest
958:2898,5.85,109.85,0.11180927149526239,ocellaris_clownfish,Amphiprion ocellaris,random_forest
958:2899,5.85,109.95,0.11180927149526239,ocellaris_clownfish,Amphiprion ocellaris,random_forest
958:2900,5.85,110.05,0.11180927149526239,ocellaris_clownfish,Amphiprion ocellaris,random_forest
958:2901,5.85,110.15,0.11180927149526239,ocellaris_clownfish,Amphiprion ocellaris,random_forest
958:2902,5.85,110.25,0.11180927149526239,ocellaris_clownfish,Amphiprion ocellaris,random_forest
958:2903,5.85,110.35,0.11180927149526239,ocellaris_clownfish,Amphiprion ocellaris,random_forest
958:2904,5.85,110.45,0.11180927149526239,ocellaris_clownfish,Amphiprion ocellaris,random_forest
958:2905,5.85,110.55,0.11180927149526239,ocellaris_clownfish,Amphiprion ocellaris,random_forest
958:2906,5.85,110.65,0.11180927149526239,ocellaris_clownfish,Amphiprion ocellaris,random_forest
958:2907,5.85,110.75,0.11180927149526239,ocellaris_clownfish,Amphiprion ocellaris,random_forest
958:2908,5.85,110.85,0.11180927149526239,ocellaris_clownfish,Amphiprion ocellaris,random_forest
958:2909,5.85,110.95,0.11180927149526239,ocellaris_clownfish,Amphiprion ocellaris,random_forest
958:2910,5.85,111.05,0.11180927149526239,ocellaris_clownfish,Amphiprion ocellaris,random_forest
958:2911,5.85,111.15,0.11180927149526239,ocellaris_clownfish,Amphiprion ocellaris,random_forest
958:2912,5.85,111.25,0.11180927149526239,ocellaris_clownfish,Amphiprion ocellaris,random_forest
958:2913,5.85,111.35,0.11180927149526239,ocellaris_clownfish,Amphiprion ocellaris,random_forest
958:2914,5.85,111.45,0.11180927149526239,ocellaris_clownfish,Amphiprion ocellaris,random_forest
958:2915,5.85,111.55,0.11180927149526239,ocellaris_clownfish,Amphiprion ocellaris,random_forest
958:2916,5.85,111.65,0.11180927149526239,ocellaris_clownfish,Amphiprion ocellaris,random_forest
958:2917,5.85,111.75,0.11180927149526239,ocellaris_clownfish,Amphiprion ocellaris,random_forest
958:2918,5.85,111.85,0.11180927149526239,ocellaris_clownfish,Amphiprion ocellaris,random_forest
958:2919,5.85,111.95,0.11180927149526239,ocellaris_clownfish,Amphiprion ocellaris,random_forest
958:2920,5.85,112.05,0.11180927149526239,ocellaris_clownfish,Amphiprion ocellaris,random_forest
958:2921,5.85,112.15,0.11180927149526239,ocellaris_clownfish,Amphiprion ocellaris,random_forest
958:2922,5.85,112.25,0.11180927149526239,ocellaris_clownfish,Amphiprion ocellaris,random_forest
958:2923,5.85,112.35,0.11180927149526239,ocellaris_clownfish,Amphiprion ocellaris,random_forest
958:2924,5.85,112.45,0.11180927149526239,ocellaris_clownfish,Amphiprion ocellaris,random_forest
958:2925,5.85,112.55,0.11180927149526239,ocellaris_clownfish,Amphiprion ocellaris,random_forest
958:2926,5.85,112.65,0.11180927149526239,ocellaris_clownfish,Amphiprion ocellaris,random_forest
958:2927,5.85,112.75,0.11180927149526239,ocellaris_clownfish,Amphiprion ocellaris,random_forest
958:2928,5.85,112.85,0.11180927149526239,ocellaris_clownfish,Amphiprion ocellaris,random_forest
958:2943,5.85,114.35,0.22035876390118295,ocellaris_clownfish,Amphiprion ocellaris,random_forest
958:2944,5.85,114.45,0.22035876390118295,ocellaris_clownfish,Amphiprion ocellaris,random_forest
958:2945,5.85,114.55,0.22190347934833743,ocellaris_clownfish,Amphiprion ocellaris,random_forest
958:2946,5.85,114.65,0.21882722506394273,ocellaris_clownfish,Amphiprion ocellaris,random_forest
958:2947,5.85,114.75,0.21882722506394273,ocellaris_clownfish,Amphiprion ocellaris,random_forest
958:2948,5.85,114.85,0.21362255099654703,ocellaris_clownfish,Amphiprion ocellaris,random_forest
958:2949,5.85,114.95,0.21288207133360748,ocellaris_clownfish,Amphiprion ocellaris,random_forest
958:2950,5.85,115.05,0.215129552447265,ocellaris_clownfish,Amphiprion ocellaris,random_forest
958:2951,5.85,115.15,0.215129552447265,ocellaris_clownfish,Amphiprion ocellaris,random_forest
958:2952,5.85,115.25,0.215129552447265,ocellaris_clownfish,Amphiprion ocellaris,random_forest
958:2953,5.85,115.35,0.22411631766402207,ocellaris_clownfish,Amphiprion ocellaris,random_forest
958:2954,5.85,115.45,0.22982568837513054,ocellaris_clownfish,Amphiprion ocellaris,random_forest
958:2955,5.85,115.55,0.3396325988353594,ocellaris_clownfish,Amphiprion ocellaris,random_forest
958:2956,5.85,115.65,0.6442794992835578,ocellaris_clownfish,Amphiprion ocellaris,random_forest
958:2957,5.85,115.75,0.6442794992835578,ocellaris_clownfish,Amphiprion ocellaris,random_forest
958:2958,5.85,115.85,0.7319599637223602,ocellaris_clownfish,Amphiprion ocellaris,random_forest
958:2959,5.85,115.95,0.7319599637223602,ocellaris_clownfish,Amphiprion ocellaris,random_forest
958:2981,5.85,118.15,0.7387674709549001,ocellaris_clownfish,Amphiprion ocellaris,random_forest
958:2982,5.85,118.25,0.7392136248010539,ocellaris_clownfish,Amphiprion ocellaris,random_forest
958:2983,5.85,118.35,0.7557926853100309,ocellaris_clownfish,Amphiprion ocellaris,random_forest
958:2984,5.85,118.45,0.7576425551279311,ocellaris_clownfish,Amphiprion ocellaris,random_forest
958:2985,5.85,118.55,0.7576425551279311,ocellaris_clownfish,Amphiprion ocellaris,random_forest
958:2986,5.85,118.65,0.8250028371887619,ocellaris_clownfish,Amphiprion ocellaris,random_forest
958:2987,5.85,118.75,0.8381537787908553,ocellaris_clownfish,Amphiprion ocellaris,random_forest
959:2780,5.95,98.05,0.622786323247878,ocellaris_clownfish,Amphiprion ocellaris,random_forest
959:2781,5.95,98.15,0.622786323247878,ocellaris_clownfish,Amphiprion ocellaris,random_forest
959:2782,5.95,98.25,0.622786323247878,ocellaris_clownfish,Amphiprion ocellaris,random_forest
959:2783,5.95,98.35,0.622786323247878,ocellaris_clownfish,Amphiprion ocellaris,random_forest
959:2784,5.95,98.45,0.622786323247878,ocellaris_clownfish,Amphiprion ocellaris,random_forest
959:2785,5.95,98.55,0.622786323247878,ocellaris_clownfish,Amphiprion ocellaris,random_forest
959:2786,5.95,98.65,0.622786323247878,ocellaris_clownfish,Amphiprion ocellaris,random_forest
959:2787,5.95,98.75,0.622786323247878,ocellaris_clownfish,Amphiprion ocellaris,random_forest
959:2788,5.95,98.85,0.622786323247878,ocellaris_clownfish,Amphiprion ocellaris,random_forest
959:2789,5.95,98.95,0.622786323247878,ocellaris_clownfish,Amphiprion ocellaris,random_forest
959:2790,5.95,99.05,0.623162263097502,ocellaris_clownfish,Amphiprion ocellaris,random_forest
959:2791,5.95,99.15,0.623162263097502,ocellaris_clownfish,Amphiprion ocellaris,random_forest
959:2792,5.95,99.25,0.623162263097502,ocellaris_clownfish,Amphiprion ocellaris,random_forest
959:2793,5.95,99.35,0.6241764290889907,ocellaris_clownfish,Amphiprion ocellaris,random_forest
959:2794,5.95,99.45,0.6498165237382576,ocellaris_clownfish,Amphiprion ocellaris,random_forest
959:2795,5.95,99.55,0.7067511917368036,ocellaris_clownfish,Amphiprion ocellaris,random_forest
959:2796,5.95,99.65,0.7198269240251601,ocellaris_clownfish,Amphiprion ocellaris,random_forest
959:2797,5.95,99.75,0.7874990115775952,ocellaris_clownfish,Amphiprion ocellaris,random_forest
959:2798,5.95,99.85,0.7688405278793595,ocellaris_clownfish,Amphiprion ocellaris,random_forest
959:2799,5.95,99.95,0.7821457816170064,ocellaris_clownfish,Amphiprion ocellaris,random_forest
959:2800,5.95,100.05,0.8029624574886269,ocellaris_clownfish,Amphiprion ocellaris,random_forest
959:2801,5.95,100.15,0.8029624574886269,ocellaris_clownfish,Amphiprion ocellaris,random_forest
959:2802,5.95,100.25,0.8291872821734882,ocellaris_clownfish,Amphiprion ocellaris,random_forest
959:2803,5.95,100.35,0.8291872821734882,ocellaris_clownfish,Amphiprion ocellaris,random_forest
959:2825,5.95,102.55,0.9073667084243596,ocellaris_clownfish,Amphiprion ocellaris,random_forest
959:2826,5.95,102.65,0.9073667084243596,ocellaris_clownfish,Amphiprion ocellaris,random_forest
959:2827,5.95,102.75,0.9081560260319862,ocellaris_clownfish,Amphiprion ocellaris,random_forest
959:2828,5.95,102.85,0.9076075051192527,ocellaris_clownfish,Amphiprion ocellaris,random_forest
959:2829,5.95,102.95,0.9048117834073863,ocellaris_clownfish,Amphiprion ocellaris,random_forest
959:2830,5.95,103.05,0.878932817452408,ocellaris_clownfish,Amphiprion ocellaris,random_forest
959:2831,5.95,103.15,0.8019668281016072,ocellaris_clownfish,Amphiprion ocellaris,random_forest
959:2832,5.95,103.25,0.6760491060167427,ocellaris_clownfish,Amphiprion ocellaris,random_forest
959:2833,5.95,103.35,0.6720009446359322,ocellaris_clownfish,Amphiprion ocellaris,random_forest
959:2834,5.95,103.45,0.6629097452283065,ocellaris_clownfish,Amphiprion ocellaris,random_forest
959:2835,5.95,103.55,0.6567481235318281,ocellaris_clownfish,Amphiprion ocellaris,random_forest
959:2836,5.95,103.65,0.6535759362690491,ocellaris_clownfish,Amphiprion ocellaris,random_forest
959:2837,5.95,103.75,0.5645787849063932,ocellaris_clownfish,Amphiprion ocellaris,random_forest
959:2838,5.95,103.85,0.48781328271251506,ocellaris_clownfish,Amphiprion ocellaris,random_forest
959:2839,5.95,103.95,0.4814429695902309,ocellaris_clownfish,Amphiprion ocellaris,random_forest
959:2840,5.95,104.05,0.485497970333508,ocellaris_clownfish,Amphiprion ocellaris,random_forest
959:2841,5.95,104.15,0.5128156152154728,ocellaris_clownfish,Amphiprion ocellaris,random_forest
959:2842,5.95,104.25,0.48362189671955114,ocellaris_clownfish,Amphiprion ocellaris,random_forest
959:2843,5.95,104.35,0.2857914044467483,ocellaris_clownfish,Amphiprion ocellaris,random_forest
959:2844,5.95,104.45,0.17132183022879932,ocellaris_clownfish,Amphiprion ocellaris,random_forest
959:2845,5.95,104.55,0.16855992546689452,ocellaris_clownfish,Amphiprion ocellaris,random_forest
959:2846,5.95,104.65,0.16855992546689452,ocellaris_clownfish,Amphiprion ocellaris,random_forest
959:2847,5.95,104.75,0.16795643419507408,ocellaris_clownfish,Amphiprion ocellaris,random_forest
959:2848,5.95,104.85,0.16795643419507408,ocellaris_clownfish,Amphiprion ocellaris,random_forest
959:2849,5.95,104.95,0.16795643419507408,ocellaris_clownfish,Amphiprion ocellaris,random_forest
959:2850,5.95,105.05,0.16795643419507408,ocellaris_clownfish,Amphiprion ocellaris,random_forest
959:2851,5.95,105.15,0.16795643419507408,ocellaris_clownfish,Amphiprion ocellaris,random_forest
959:2852,5.95,105.25,0.16795643419507408,ocellaris_clownfish,Amphiprion ocellaris,random_forest
959:2853,5.95,105.35,0.16795643419507408,ocellaris_clownfish,Amphiprion ocellaris,random_forest
959:2854,5.95,105.45,0.16795643419507408,ocellaris_clownfish,Amphiprion ocellaris,random_forest
959:2855,5.95,105.55,0.16795643419507408,ocellaris_clownfish,Amphiprion ocellaris,random_forest
959:2856,5.95,105.65,0.16795643419507408,ocellaris_clownfish,Amphiprion ocellaris,random_forest
959:2857,5.95,105.75,0.16795643419507408,ocellaris_clownfish,Amphiprion ocellaris,random_forest
959:2898,5.95,109.85,0.15306932710381527,ocellaris_clownfish,Amphiprion ocellaris,random_forest
959:2899,5.95,109.95,0.15306932710381527,ocellaris_clownfish,Amphiprion ocellaris,random_forest
959:2900,5.95,110.05,0.15306932710381527,ocellaris_clownfish,Amphiprion ocellaris,random_forest
959:2901,5.95,110.15,0.15306932710381527,ocellaris_clownfish,Amphiprion ocellaris,random_forest
959:2902,5.95,110.25,0.15306932710381527,ocellaris_clownfish,Amphiprion ocellaris,random_forest
959:2903,5.95,110.35,0.15306932710381527,ocellaris_clownfish,Amphiprion ocellaris,random_forest
959:2904,5.95,110.45,0.15306932710381527,ocellaris_clownfish,Amphiprion ocellaris,random_forest
959:2905,5.95,110.55,0.15306932710381527,ocellaris_clownfish,Amphiprion ocellaris,random_forest
959:2906,5.95,110.65,0.15306932710381527,ocellaris_clownfish,Amphiprion ocellaris,random_forest
959:2907,5.95,110.75,0.15306932710381527,ocellaris_clownfish,Amphiprion ocellaris,random_forest
959:2908,5.95,110.85,0.15306932710381527,ocellaris_clownfish,Amphiprion ocellaris,random_forest
959:2909,5.95,110.95,0.15306932710381527,ocellaris_clownfish,Amphiprion ocellaris,random_forest
959:2910,5.95,111.05,0.15306932710381527,ocellaris_clownfish,Amphiprion ocellaris,random_forest
959:2911,5.95,111.15,0.15306932710381527,ocellaris_clownfish,Amphiprion ocellaris,random_forest
959:2912,5.95,111.25,0.15306932710381527,ocellaris_clownfish,Amphiprion ocellaris,random_forest
959:2913,5.95,111.35,0.15306932710381527,ocellaris_clownfish,Amphiprion ocellaris,random_forest
959:2914,5.95,111.45,0.15306932710381527,ocellaris_clownfish,Amphiprion ocellaris,random_forest
959:2915,5.95,111.55,0.15306932710381527,ocellaris_clownfish,Amphiprion ocellaris,random_forest
959:2916,5.95,111.65,0.15306932710381527,ocellaris_clownfish,Amphiprion ocellaris,random_forest
959:2917,5.95,111.75,0.15306932710381527,ocellaris_clownfish,Amphiprion ocellaris,random_forest
959:2918,5.95,111.85,0.15306932710381527,ocellaris_clownfish,Amphiprion ocellaris,random_forest
959:2919,5.95,111.95,0.15306932710381527,ocellaris_clownfish,Amphiprion ocellaris,random_forest
959:2920,5.95,112.05,0.15306932710381527,ocellaris_clownfish,Amphiprion ocellaris,random_forest
959:2921,5.95,112.15,0.15306932710381527,ocellaris_clownfish,Amphiprion ocellaris,random_forest
959:2922,5.95,112.25,0.15306932710381527,ocellaris_clownfish,Amphiprion ocellaris,random_forest
959:2923,5.95,112.35,0.15306932710381527,ocellaris_clownfish,Amphiprion ocellaris,random_forest
959:2924,5.95,112.45,0.15306932710381527,ocellaris_clownfish,Amphiprion ocellaris,random_forest
959:2925,5.95,112.55,0.15306932710381527,ocellaris_clownfish,Amphiprion ocellaris,random_forest
959:2926,5.95,112.65,0.15306932710381527,ocellaris_clownfish,Amphiprion ocellaris,random_forest
959:2927,5.95,112.75,0.15306932710381527,ocellaris_clownfish,Amphiprion ocellaris,random_forest
959:2942,5.95,114.25,0.25485150804408996,ocellaris_clownfish,Amphiprion ocellaris,random_forest
959:2943,5.95,114.35,0.25485150804408996,ocellaris_clownfish,Amphiprion ocellaris,random_forest
959:2944,5.95,114.45,0.25485150804408996,ocellaris_clownfish,Amphiprion ocellaris,random_forest
959:2945,5.95,114.55,0.25820960377293456,ocellaris_clownfish,Amphiprion ocellaris,random_forest
959:2946,5.95,114.65,0.25464595453055666,ocellaris_clownfish,Amphiprion ocellaris,random_forest
959:2947,5.95,114.75,0.25464595453055666,ocellaris_clownfish,Amphiprion ocellaris,random_forest
959:2948,5.95,114.85,0.24944128046316089,ocellaris_clownfish,Amphiprion ocellaris,random_forest
959:2949,5.95,114.95,0.2482255941886511,ocellaris_clownfish,Amphiprion ocellaris,random_forest
959:2950,5.95,115.05,0.25238231713960807,ocellaris_clownfish,Amphiprion ocellaris,random_forest
959:2951,5.95,115.15,0.25238231713960807,ocellaris_clownfish,Amphiprion ocellaris,random_forest
959:2952,5.95,115.25,0.25238231713960807,ocellaris_clownfish,Amphiprion ocellaris,random_forest
959:2953,5.95,115.35,0.2613690823563651,ocellaris_clownfish,Amphiprion ocellaris,random_forest
959:2954,5.95,115.45,0.26707845306747363,ocellaris_clownfish,Amphiprion ocellaris,random_forest
959:2955,5.95,115.55,0.3732484903548914,ocellaris_clownfish,Amphiprion ocellaris,random_forest
959:2956,5.95,115.65,0.6752952658144759,ocellaris_clownfish,Amphiprion ocellaris,random_forest
959:2957,5.95,115.75,0.6752952658144759,ocellaris_clownfish,Amphiprion ocellaris,random_forest
959:2958,5.95,115.85,0.7741587763570127,ocellaris_clownfish,Amphiprion ocellaris,random_forest
959:2959,5.95,115.95,0.7741587763570127,ocellaris_clownfish,Amphiprion ocellaris,random_forest
959:2977,5.95,117.75,0.7646068624305207,ocellaris_clownfish,Amphiprion ocellaris,random_forest
959:2978,5.95,117.85,0.7646068624305207,ocellaris_clownfish,Amphiprion ocellaris,random_forest
959:2981,5.95,118.15,0.776169544585353,ocellaris_clownfish,Amphiprion ocellaris,random_forest
959:2982,5.95,118.25,0.7766156984315068,ocellaris_clownfish,Amphiprion ocellaris,random_forest
959:2983,5.95,118.35,0.7912251723643804,ocellaris_clownfish,Amphiprion ocellaris,random_forest
959:2984,5.95,118.45,0.7924971250802257,ocellaris_clownfish,Amphiprion ocellaris,random_forest
959:2985,5.95,118.55,0.7924971250802257,ocellaris_clownfish,Amphiprion ocellaris,random_forest
960:2783,6.05,98.35,0.6226678878566136,ocellaris_clownfish,Amphiprion ocellaris,random_forest
960:2784,6.05,98.45,0.6226678878566136,ocellaris_clownfish,Amphiprion ocellaris,random_forest
960:2785,6.05,98.55,0.6226678878566136,ocellaris_clownfish,Amphiprion ocellaris,random_forest
960:2786,6.05,98.65,0.6226678878566136,ocellaris_clownfish,Amphiprion ocellaris,random_forest
960:2787,6.05,98.75,0.6226678878566136,ocellaris_clownfish,Amphiprion ocellaris,random_forest
960:2788,6.05,98.85,0.6226678878566136,ocellaris_clownfish,Amphiprion ocellaris,random_forest
960:2789,6.05,98.95,0.6226678878566136,ocellaris_clownfish,Amphiprion ocellaris,random_forest
960:2790,6.05,99.05,0.6230438277062376,ocellaris_clownfish,Amphiprion ocellaris,random_forest
960:2791,6.05,99.15,0.6230438277062376,ocellaris_clownfish,Amphiprion ocellaris,random_forest
960:2792,6.05,99.25,0.6230438277062376,ocellaris_clownfish,Amphiprion ocellaris,random_forest
960:2793,6.05,99.35,0.6240579936977265,ocellaris_clownfish,Amphiprion ocellaris,random_forest
960:2794,6.05,99.45,0.6495770692387131,ocellaris_clownfish,Amphiprion ocellaris,random_forest
960:2795,6.05,99.55,0.7057133970732987,ocellaris_clownfish,Amphiprion ocellaris,random_forest
960:2796,6.05,99.65,0.7187891293616551,ocellaris_clownfish,Amphiprion ocellaris,random_forest
960:2797,6.05,99.75,0.786122692643876,ocellaris_clownfish,Amphiprion ocellaris,random_forest
960:2798,6.05,99.85,0.7674642089456404,ocellaris_clownfish,Amphiprion ocellaris,random_forest
960:2799,6.05,99.95,0.7807694626832872,ocellaris_clownfish,Amphiprion ocellaris,random_forest
960:2800,6.05,100.05,0.7997105594682102,ocellaris_clownfish,Amphiprion ocellaris,random_forest
960:2801,6.05,100.15,0.7997105594682102,ocellaris_clownfish,Amphiprion ocellaris,random_forest
960:2802,6.05,100.25,0.824805085879916,ocellaris_clownfish,Amphiprion ocellaris,random_forest
960:2824,6.05,102.45,0.8943966256899123,ocellaris_clownfish,Amphiprion ocellaris,random_forest
960:2825,6.05,102.55,0.8943966256899123,ocellaris_clownfish,Amphiprion ocellaris,random_forest
960:2826,6.05,102.65,0.8943966256899123,ocellaris_clownfish,Amphiprion ocellaris,random_forest
960:2827,6.05,102.75,0.8944529590043452,ocellaris_clownfish,Amphiprion ocellaris,random_forest
960:2828,6.05,102.85,0.8939044380916116,ocellaris_clownfish,Amphiprion ocellaris,random_forest
960:2829,6.05,102.95,0.8911087163797454,ocellaris_clownfish,Amphiprion ocellaris,random_forest
960:2830,6.05,103.05,0.8656240361390526,ocellaris_clownfish,Amphiprion ocellaris,random_forest
960:2831,6.05,103.15,0.7896674464642467,ocellaris_clownfish,Amphiprion ocellaris,random_forest
960:2832,6.05,103.25,0.6688219070085941,ocellaris_clownfish,Amphiprion ocellaris,random_forest
960:2833,6.05,103.35,0.6647737456277838,ocellaris_clownfish,Amphiprion ocellaris,random_forest
960:2834,6.05,103.45,0.656054546220158,ocellaris_clownfish,Amphiprion ocellaris,random_forest
960:2835,6.05,103.55,0.6498929245236799,ocellaris_clownfish,Amphiprion ocellaris,random_forest
960:2836,6.05,103.65,0.6467207372609008,ocellaris_clownfish,Amphiprion ocellaris,random_forest
960:2837,6.05,103.75,0.5586050045385526,ocellaris_clownfish,Amphiprion ocellaris,random_forest
960:2838,6.05,103.85,0.4850166789640833,ocellaris_clownfish,Amphiprion ocellaris,random_forest
960:2839,6.05,103.95,0.47879118998391224,ocellaris_clownfish,Amphiprion ocellaris,random_forest
960:2840,6.05,104.05,0.4828461907271894,ocellaris_clownfish,Amphiprion ocellaris,random_forest
960:2841,6.05,104.15,0.50887812132344,ocellaris_clownfish,Amphiprion ocellaris,random_forest
960:2842,6.05,104.25,0.4803260097452464,ocellaris_clownfish,Amphiprion ocellaris,random_forest
960:2843,6.05,104.35,0.28719805067282167,ocellaris_clownfish,Amphiprion ocellaris,random_forest
960:2844,6.05,104.45,0.17899971190651817,ocellaris_clownfish,Amphiprion ocellaris,random_forest
960:2845,6.05,104.55,0.1762378071446134,ocellaris_clownfish,Amphiprion ocellaris,random_forest
960:2846,6.05,104.65,0.1762378071446134,ocellaris_clownfish,Amphiprion ocellaris,random_forest
960:2847,6.05,104.75,0.17563431587279296,ocellaris_clownfish,Amphiprion ocellaris,random_forest
960:2848,6.05,104.85,0.17563431587279296,ocellaris_clownfish,Amphiprion ocellaris,random_forest
960:2849,6.05,104.95,0.17563431587279296,ocellaris_clownfish,Amphiprion ocellaris,random_forest
960:2850,6.05,105.05,0.17563431587279296,ocellaris_clownfish,Amphiprion ocellaris,random_forest
960:2851,6.05,105.15,0.17563431587279296,ocellaris_clownfish,Amphiprion ocellaris,random_forest
960:2852,6.05,105.25,0.17563431587279296,ocellaris_clownfish,Amphiprion ocellaris,random_forest
960:2853,6.05,105.35,0.17563431587279296,ocellaris_clownfish,Amphiprion ocellaris,random_forest
960:2854,6.05,105.45,0.17563431587279296,ocellaris_clownfish,Amphiprion ocellaris,random_forest
960:2855,6.05,105.55,0.17563431587279296,ocellaris_clownfish,Amphiprion ocellaris,random_forest
960:2856,6.05,105.65,0.17563431587279296,ocellaris_clownfish,Amphiprion ocellaris,random_forest
960:2857,6.05,105.75,0.17563431587279296,ocellaris_clownfish,Amphiprion ocellaris,random_forest
960:2898,6.05,109.85,0.160254932391854,ocellaris_clownfish,Amphiprion ocellaris,random_forest
960:2899,6.05,109.95,0.160254932391854,ocellaris_clownfish,Amphiprion ocellaris,random_forest
960:2900,6.05,110.05,0.160254932391854,ocellaris_clownfish,Amphiprion ocellaris,random_forest
960:2901,6.05,110.15,0.160254932391854,ocellaris_clownfish,Amphiprion ocellaris,random_forest
960:2902,6.05,110.25,0.160254932391854,ocellaris_clownfish,Amphiprion ocellaris,random_forest
960:2903,6.05,110.35,0.160254932391854,ocellaris_clownfish,Amphiprion ocellaris,random_forest
960:2904,6.05,110.45,0.160254932391854,ocellaris_clownfish,Amphiprion ocellaris,random_forest
960:2905,6.05,110.55,0.160254932391854,ocellaris_clownfish,Amphiprion ocellaris,random_forest
960:2906,6.05,110.65,0.160254932391854,ocellaris_clownfish,Amphiprion ocellaris,random_forest
960:2907,6.05,110.75,0.160254932391854,ocellaris_clownfish,Amphiprion ocellaris,random_forest
960:2908,6.05,110.85,0.160254932391854,ocellaris_clownfish,Amphiprion ocellaris,random_forest
960:2909,6.05,110.95,0.160254932391854,ocellaris_clownfish,Amphiprion ocellaris,random_forest
960:2910,6.05,111.05,0.15932110886244225,ocellaris_clownfish,Amphiprion ocellaris,random_forest
960:2911,6.05,111.15,0.15932110886244225,ocellaris_clownfish,Amphiprion ocellaris,random_forest
960:2912,6.05,111.25,0.15932110886244225,ocellaris_clownfish,Amphiprion ocellaris,random_forest
960:2913,6.05,111.35,0.15932110886244225,ocellaris_clownfish,Amphiprion ocellaris,random_forest
960:2914,6.05,111.45,0.15932110886244225,ocellaris_clownfish,Amphiprion ocellaris,random_forest
960:2915,6.05,111.55,0.15932110886244225,ocellaris_clownfish,Amphiprion ocellaris,random_forest
960:2916,6.05,111.65,0.15932110886244225,ocellaris_clownfish,Amphiprion ocellaris,random_forest
960:2917,6.05,111.75,0.15932110886244225,ocellaris_clownfish,Amphiprion ocellaris,random_forest
960:2918,6.05,111.85,0.15932110886244225,ocellaris_clownfish,Amphiprion ocellaris,random_forest
960:2919,6.05,111.95,0.15932110886244225,ocellaris_clownfish,Amphiprion ocellaris,random_forest
960:2920,6.05,112.05,0.15932110886244225,ocellaris_clownfish,Amphiprion ocellaris,random_forest
960:2921,6.05,112.15,0.15932110886244225,ocellaris_clownfish,Amphiprion ocellaris,random_forest
960:2922,6.05,112.25,0.15932110886244225,ocellaris_clownfish,Amphiprion ocellaris,random_forest
960:2923,6.05,112.35,0.15932110886244225,ocellaris_clownfish,Amphiprion ocellaris,random_forest
960:2924,6.05,112.45,0.15932110886244225,ocellaris_clownfish,Amphiprion ocellaris,random_forest
960:2925,6.05,112.55,0.15932110886244225,ocellaris_clownfish,Amphiprion ocellaris,random_forest
960:2926,6.05,112.65,0.15932110886244225,ocellaris_clownfish,Amphiprion ocellaris,random_forest
960:2941,6.05,114.15,0.25522710278486643,ocellaris_clownfish,Amphiprion ocellaris,random_forest
960:2942,6.05,114.25,0.25522710278486643,ocellaris_clownfish,Amphiprion ocellaris,random_forest
960:2943,6.05,114.35,0.25522710278486643,ocellaris_clownfish,Amphiprion ocellaris,random_forest
960:2944,6.05,114.45,0.25522710278486643,ocellaris_clownfish,Amphiprion ocellaris,random_forest
960:2945,6.05,114.55,0.2594592725877852,ocellaris_clownfish,Amphiprion ocellaris,random_forest
960:2946,6.05,114.65,0.2558956233454072,ocellaris_clownfish,Amphiprion ocellaris,random_forest
960:2947,6.05,114.75,0.2558956233454072,ocellaris_clownfish,Amphiprion ocellaris,random_forest
960:2948,6.05,114.85,0.2506909492780115,ocellaris_clownfish,Amphiprion ocellaris,random_forest
960:2949,6.05,114.95,0.2494752630035017,ocellaris_clownfish,Amphiprion ocellaris,random_forest
960:2950,6.05,115.05,0.2536319859544587,ocellaris_clownfish,Amphiprion ocellaris,random_forest
960:2951,6.05,115.15,0.2536319859544587,ocellaris_clownfish,Amphiprion ocellaris,random_forest
960:2952,6.05,115.25,0.2536319859544587,ocellaris_clownfish,Amphiprion ocellaris,random_forest
960:2953,6.05,115.35,0.2643660435899883,ocellaris_clownfish,Amphiprion ocellaris,random_forest
960:2954,6.05,115.45,0.2700754143010969,ocellaris_clownfish,Amphiprion ocellaris,random_forest
960:2955,6.05,115.55,0.3748370878573728,ocellaris_clownfish,Amphiprion ocellaris,random_forest
960:2956,6.05,115.65,0.6777891046281184,ocellaris_clownfish,Amphiprion ocellaris,random_forest
960:2957,6.05,115.75,0.6777891046281184,ocellaris_clownfish,Amphiprion ocellaris,random_forest
960:2958,6.05,115.85,0.782185773393468,ocellaris_clownfish,Amphiprion ocellaris,random_forest
960:2959,6.05,115.95,0.782185773393468,ocellaris_clownfish,Amphiprion ocellaris,random_forest
960:2960,6.05,116.05,0.8068666631005005,ocellaris_clownfish,Amphiprion ocellaris,random_forest
960:2976,6.05,117.65,0.7737296218254914,ocellaris_clownfish,Amphiprion ocellaris,random_forest
960:2977,6.05,117.75,0.7737296218254914,ocellaris_clownfish,Amphiprion ocellaris,random_forest
960:2978,6.05,117.85,0.7737296218254914,ocellaris_clownfish,Amphiprion ocellaris,random_forest
960:2979,6.05,117.95,0.7852923039803238,ocellaris_clownfish,Amphiprion ocellaris,random_forest
960:2980,6.05,118.05,0.7852923039803238,ocellaris_clownfish,Amphiprion ocellaris,random_forest
960:2981,6.05,118.15,0.7852923039803238,ocellaris_clownfish,Amphiprion ocellaris,random_forest
960:2982,6.05,118.25,0.7857384578264777,ocellaris_clownfish,Amphiprion ocellaris,random_forest
961:2786,6.15,98.65,0.5997523840473523,ocellaris_clownfish,Amphiprion ocellaris,random_forest
961:2787,6.15,98.75,0.5997523840473523,ocellaris_clownfish,Amphiprion ocellaris,random_forest
961:2788,6.15,98.85,0.5997523840473523,ocellaris_clownfish,Amphiprion ocellaris,random_forest
961:2789,6.15,98.95,0.5997523840473523,ocellaris_clownfish,Amphiprion ocellaris,random_forest
961:2790,6.15,99.05,0.6001283238969763,ocellaris_clownfish,Amphiprion ocellaris,random_forest
961:2791,6.15,99.15,0.6001283238969763,ocellaris_clownfish,Amphiprion ocellaris,random_forest
961:2792,6.15,99.25,0.6001283238969763,ocellaris_clownfish,Amphiprion ocellaris,random_forest
961:2793,6.15,99.35,0.6011424898884651,ocellaris_clownfish,Amphiprion ocellaris,random_forest
961:2794,6.15,99.45,0.6266615654294517,ocellaris_clownfish,Amphiprion ocellaris,random_forest
961:2795,6.15,99.55,0.6826342569004007,ocellaris_clownfish,Amphiprion ocellaris,random_forest
961:2796,6.15,99.65,0.695709989188757,ocellaris_clownfish,Amphiprion ocellaris,random_forest
961:2797,6.15,99.75,0.7617414996850543,ocellaris_clownfish,Amphiprion ocellaris,random_forest
961:2798,6.15,99.85,0.7419952090017515,ocellaris_clownfish,Amphiprion ocellaris,random_forest
961:2799,6.15,99.95,0.7553004627393983,ocellaris_clownfish,Amphiprion ocellaris,random_forest
961:2800,6.15,100.05,0.7742415595243214,ocellaris_clownfish,Amphiprion ocellaris,random_forest
961:2801,6.15,100.15,0.7742415595243214,ocellaris_clownfish,Amphiprion ocellaris,random_forest
961:2802,6.15,100.25,0.7991191449439772,ocellaris_clownfish,Amphiprion ocellaris,random_forest
961:2824,6.15,102.45,0.8640160032242828,ocellaris_clownfish,Amphiprion ocellaris,random_forest
961:2825,6.15,102.55,0.8640160032242828,ocellaris_clownfish,Amphiprion ocellaris,random_forest
961:2826,6.15,102.65,0.8640160032242828,ocellaris_clownfish,Amphiprion ocellaris,random_forest
961:2827,6.15,102.75,0.8640723365387157,ocellaris_clownfish,Amphiprion ocellaris,random_forest
961:2828,6.15,102.85,0.8635238156259821,ocellaris_clownfish,Amphiprion ocellaris,random_forest
961:2829,6.15,102.95,0.8607280939141159,ocellaris_clownfish,Amphiprion ocellaris,random_forest
961:2830,6.15,103.05,0.835863465749907,ocellaris_clownfish,Amphiprion ocellaris,random_forest
961:2831,6.15,103.15,0.7599068760751014,ocellaris_clownfish,Amphiprion ocellaris,random_forest
961:2832,6.15,103.25,0.6407172135844439,ocellaris_clownfish,Amphiprion ocellaris,random_forest
961:2833,6.15,103.35,0.6366690522036335,ocellaris_clownfish,Amphiprion ocellaris,random_forest
961:2834,6.15,103.45,0.6264498527960076,ocellaris_clownfish,Amphiprion ocellaris,random_forest
961:2835,6.15,103.55,0.6202882310995291,ocellaris_clownfish,Amphiprion ocellaris,random_forest
961:2836,6.15,103.65,0.6171160438367502,ocellaris_clownfish,Amphiprion ocellaris,random_forest
961:2837,6.15,103.75,0.5304134527433844,ocellaris_clownfish,Amphiprion ocellaris,random_forest
961:2838,6.15,103.85,0.45389823539924345,ocellaris_clownfish,Amphiprion ocellaris,random_forest
961:2839,6.15,103.95,0.44767274641907234,ocellaris_clownfish,Amphiprion ocellaris,random_forest
961:2840,6.15,104.05,0.4517277471623495,ocellaris_clownfish,Amphiprion ocellaris,random_forest
961:2841,6.15,104.15,0.4760532557402515,ocellaris_clownfish,Amphiprion ocellaris,random_forest
961:2842,6.15,104.25,0.4475011441620579,ocellaris_clownfish,Amphiprion ocellaris,random_forest
961:2843,6.15,104.35,0.253107120063938,ocellaris_clownfish,Amphiprion ocellaris,random_forest
961:2844,6.15,104.45,0.14407316485927868,ocellaris_clownfish,Amphiprion ocellaris,random_forest
961:2845,6.15,104.55,0.14131126009737388,ocellaris_clownfish,Amphiprion ocellaris,random_forest
961:2846,6.15,104.65,0.14131126009737388,ocellaris_clownfish,Amphiprion ocellaris,random_forest
961:2847,6.15,104.75,0.14070776882555344,ocellaris_clownfish,Amphiprion ocellaris,random_forest
961:2848,6.15,104.85,0.14070776882555344,ocellaris_clownfish,Amphiprion ocellaris,random_forest
961:2849,6.15,104.95,0.14070776882555344,ocellaris_clownfish,Amphiprion ocellaris,random_forest
961:2850,6.15,105.05,0.14070776882555344,ocellaris_clownfish,Amphiprion ocellaris,random_forest
961:2851,6.15,105.15,0.14070776882555344,ocellaris_clownfish,Amphiprion ocellaris,random_forest
961:2852,6.15,105.25,0.14070776882555344,ocellaris_clownfish,Amphiprion ocellaris,random_forest
961:2853,6.15,105.35,0.14070776882555344,ocellaris_clownfish,Amphiprion ocellaris,random_forest
961:2854,6.15,105.45,0.14070776882555344,ocellaris_clownfish,Amphiprion ocellaris,random_forest
961:2855,6.15,105.55,0.14070776882555344,ocellaris_clownfish,Amphiprion ocellaris,random_forest
961:2899,6.15,109.95,0.12716425105225215,ocellaris_clownfish,Amphiprion ocellaris,random_forest
961:2900,6.15,110.05,0.12716425105225215,ocellaris_clownfish,Amphiprion ocellaris,random_forest
961:2901,6.15,110.15,0.12716425105225215,ocellaris_clownfish,Amphiprion ocellaris,random_forest
961:2902,6.15,110.25,0.12716425105225215,ocellaris_clownfish,Amphiprion ocellaris,random_forest
961:2903,6.15,110.35,0.12716425105225215,ocellaris_clownfish,Amphiprion ocellaris,random_forest
961:2904,6.15,110.45,0.12716425105225215,ocellaris_clownfish,Amphiprion ocellaris,random_forest
961:2905,6.15,110.55,0.12716425105225215,ocellaris_clownfish,Amphiprion ocellaris,random_forest
961:2906,6.15,110.65,0.12716425105225215,ocellaris_clownfish,Amphiprion ocellaris,random_forest
961:2907,6.15,110.75,0.12716425105225215,ocellaris_clownfish,Amphiprion ocellaris,random_forest
961:2908,6.15,110.85,0.12716425105225215,ocellaris_clownfish,Amphiprion ocellaris,random_forest
961:2909,6.15,110.95,0.12716425105225215,ocellaris_clownfish,Amphiprion ocellaris,random_forest
961:2910,6.15,111.05,0.1262304275228404,ocellaris_clownfish,Amphiprion ocellaris,random_forest
961:2911,6.15,111.15,0.1262304275228404,ocellaris_clownfish,Amphiprion ocellaris,random_forest
961:2912,6.15,111.25,0.1262304275228404,ocellaris_clownfish,Amphiprion ocellaris,random_forest
961:2913,6.15,111.35,0.1262304275228404,ocellaris_clownfish,Amphiprion ocellaris,random_forest
961:2914,6.15,111.45,0.12538657370224238,ocellaris_clownfish,Amphiprion ocellaris,random_forest
961:2915,6.15,111.55,0.12538657370224238,ocellaris_clownfish,Amphiprion ocellaris,random_forest
961:2916,6.15,111.65,0.12538657370224238,ocellaris_clownfish,Amphiprion ocellaris,random_forest
961:2917,6.15,111.75,0.12538657370224238,ocellaris_clownfish,Amphiprion ocellaris,random_forest
961:2918,6.15,111.85,0.12538657370224238,ocellaris_clownfish,Amphiprion ocellaris,random_forest
961:2919,6.15,111.95,0.12538657370224238,ocellaris_clownfish,Amphiprion ocellaris,random_forest
961:2920,6.15,112.05,0.12538657370224238,ocellaris_clownfish,Amphiprion ocellaris,random_forest
961:2921,6.15,112.15,0.12538657370224238,ocellaris_clownfish,Amphiprion ocellaris,random_forest
961:2922,6.15,112.25,0.12538657370224238,ocellaris_clownfish,Amphiprion ocellaris,random_forest
961:2923,6.15,112.35,0.12538657370224238,ocellaris_clownfish,Amphiprion ocellaris,random_forest
961:2924,6.15,112.45,0.12538657370224238,ocellaris_clownfish,Amphiprion ocellaris,random_forest
961:2925,6.15,112.55,0.12538657370224238,ocellaris_clownfish,Amphiprion ocellaris,random_forest
961:2940,6.15,114.05,0.22143784585276277,ocellaris_clownfish,Amphiprion ocellaris,random_forest
961:2941,6.15,114.15,0.22143784585276277,ocellaris_clownfish,Amphiprion ocellaris,random_forest
961:2942,6.15,114.25,0.22143784585276277,ocellaris_clownfish,Amphiprion ocellaris,random_forest
961:2943,6.15,114.35,0.22143784585276277,ocellaris_clownfish,Amphiprion ocellaris,random_forest
961:2944,6.15,114.45,0.22143784585276277,ocellaris_clownfish,Amphiprion ocellaris,random_forest
961:2945,6.15,114.55,0.22567001565568146,ocellaris_clownfish,Amphiprion ocellaris,random_forest
961:2946,6.15,114.65,0.22210636641330356,ocellaris_clownfish,Amphiprion ocellaris,random_forest
961:2947,6.15,114.75,0.22210636641330356,ocellaris_clownfish,Amphiprion ocellaris,random_forest
961:2948,6.15,114.85,0.21690169234590784,ocellaris_clownfish,Amphiprion ocellaris,random_forest
961:2949,6.15,114.95,0.21568600607139804,ocellaris_clownfish,Amphiprion ocellaris,random_forest
961:2950,6.15,115.05,0.21812003994672471,ocellaris_clownfish,Amphiprion ocellaris,random_forest
961:2951,6.15,115.15,0.21812003994672471,ocellaris_clownfish,Amphiprion ocellaris,random_forest
961:2952,6.15,115.25,0.21812003994672471,ocellaris_clownfish,Amphiprion ocellaris,random_forest
961:2953,6.15,115.35,0.2288540975822543,ocellaris_clownfish,Amphiprion ocellaris,random_forest
961:2954,6.15,115.45,0.2345634682933628,ocellaris_clownfish,Amphiprion ocellaris,random_forest
961:2955,6.15,115.55,0.34096578537449146,ocellaris_clownfish,Amphiprion ocellaris,random_forest
961:2956,6.15,115.65,0.6442538739497045,ocellaris_clownfish,Amphiprion ocellaris,random_forest
961:2957,6.15,115.75,0.6442538739497045,ocellaris_clownfish,Amphiprion ocellaris,random_forest
961:2958,6.15,115.85,0.7542150503880204,ocellaris_clownfish,Amphiprion ocellaris,random_forest
961:2959,6.15,115.95,0.7542150503880204,ocellaris_clownfish,Amphiprion ocellaris,random_forest
961:2960,6.15,116.05,0.7803702990694121,ocellaris_clownfish,Amphiprion ocellaris,random_forest
961:2976,6.15,117.65,0.7567732444470517,ocellaris_clownfish,Amphiprion ocellaris,random_forest
961:2977,6.15,117.75,0.7567732444470517,ocellaris_clownfish,Amphiprion ocellaris,random_forest
961:2978,6.15,117.85,0.7567732444470517,ocellaris_clownfish,Amphiprion ocellaris,random_forest
961:2979,6.15,117.95,0.7707707543921153,ocellaris_clownfish,Amphiprion ocellaris,random_forest
961:2980,6.15,118.05,0.7707707543921153,ocellaris_clownfish,Amphiprion ocellaris,random_forest
961:2981,6.15,118.15,0.7707707543921153,ocellaris_clownfish,Amphiprion ocellaris,random_forest
962:2790,6.25,99.05,0.5698826439993107,ocellaris_clownfish,Amphiprion ocellaris,random_forest
962:2791,6.25,99.15,0.5698826439993107,ocellaris_clownfish,Amphiprion ocellaris,random_forest
962:2792,6.25,99.25,0.5698826439993107,ocellaris_clownfish,Amphiprion ocellaris,random_forest
962:2793,6.25,99.35,0.5708968099907994,ocellaris_clownfish,Amphiprion ocellaris,random_forest
962:2794,6.25,99.45,0.5941459934679048,ocellaris_clownfish,Amphiprion ocellaris,random_forest
962:2795,6.25,99.55,0.6490589239826786,ocellaris_clownfish,Amphiprion ocellaris,random_forest
962:2796,6.25,99.65,0.6621346562710351,ocellaris_clownfish,Amphiprion ocellaris,random_forest
962:2797,6.25,99.75,0.728166166767332,ocellaris_clownfish,Amphiprion ocellaris,random_forest
962:2799,6.25,99.95,0.7214628814159663,ocellaris_clownfish,Amphiprion ocellaris,random_forest
962:2800,6.25,100.05,0.7381713932914951,ocellaris_clownfish,Amphiprion ocellaris,random_forest
962:2801,6.25,100.15,0.7381713932914951,ocellaris_clownfish,Amphiprion ocellaris,random_forest
962:2821,6.25,102.15,0.8203034385425567,ocellaris_clownfish,Amphiprion ocellaris,random_forest
962:2822,6.25,102.25,0.819125711968056,ocellaris_clownfish,Amphiprion ocellaris,random_forest
962:2823,6.25,102.35,0.8178121279848177,ocellaris_clownfish,Amphiprion ocellaris,random_forest
962:2824,6.25,102.45,0.8178121279848177,ocellaris_clownfish,Amphiprion ocellaris,random_forest
962:2825,6.25,102.55,0.8178121279848177,ocellaris_clownfish,Amphiprion ocellaris,random_forest
962:2826,6.25,102.65,0.8178121279848177,ocellaris_clownfish,Amphiprion ocellaris,random_forest
962:2827,6.25,102.75,0.8178684612992505,ocellaris_clownfish,Amphiprion ocellaris,random_forest
962:2828,6.25,102.85,0.817319940386517,ocellaris_clownfish,Amphiprion ocellaris,random_forest
962:2829,6.25,102.95,0.8145242186746506,ocellaris_clownfish,Amphiprion ocellaris,random_forest
962:2830,6.25,103.05,0.7914836307983555,ocellaris_clownfish,Amphiprion ocellaris,random_forest
962:2831,6.25,103.15,0.7155270411235499,ocellaris_clownfish,Amphiprion ocellaris,random_forest
962:2832,6.25,103.25,0.5978543417972553,ocellaris_clownfish,Amphiprion ocellaris,random_forest
962:2833,6.25,103.35,0.5938061804164451,ocellaris_clownfish,Amphiprion ocellaris,random_forest
962:2834,6.25,103.45,0.5835869810088196,ocellaris_clownfish,Amphiprion ocellaris,random_forest
962:2835,6.25,103.55,0.5774253593123413,ocellaris_clownfish,Amphiprion ocellaris,random_forest
962:2836,6.25,103.65,0.5742531720495622,ocellaris_clownfish,Amphiprion ocellaris,random_forest
962:2837,6.25,103.75,0.4912328997048752,ocellaris_clownfish,Amphiprion ocellaris,random_forest
962:2838,6.25,103.85,0.4157084167034706,ocellaris_clownfish,Amphiprion ocellaris,random_forest
962:2839,6.25,103.95,0.40994578161264655,ocellaris_clownfish,Amphiprion ocellaris,random_forest
962:2840,6.25,104.05,0.4140007823559236,ocellaris_clownfish,Amphiprion ocellaris,random_forest
962:2841,6.25,104.15,0.43878549226549024,ocellaris_clownfish,Amphiprion ocellaris,random_forest
962:2842,6.25,104.25,0.41064176428623583,ocellaris_clownfish,Amphiprion ocellaris,random_forest
962:2843,6.25,104.35,0.2297045523639025,ocellaris_clownfish,Amphiprion ocellaris,random_forest
962:2844,6.25,104.45,0.1306408901905292,ocellaris_clownfish,Amphiprion ocellaris,random_forest
962:2845,6.25,104.55,0.12787898542862441,ocellaris_clownfish,Amphiprion ocellaris,random_forest
962:2846,6.25,104.65,0.12787898542862441,ocellaris_clownfish,Amphiprion ocellaris,random_forest
962:2847,6.25,104.75,0.12727549415680395,ocellaris_clownfish,Amphiprion ocellaris,random_forest
962:2848,6.25,104.85,0.12727549415680395,ocellaris_clownfish,Amphiprion ocellaris,random_forest
962:2849,6.25,104.95,0.12727549415680395,ocellaris_clownfish,Amphiprion ocellaris,random_forest
962:2850,6.25,105.05,0.12727549415680395,ocellaris_clownfish,Amphiprion ocellaris,random_forest
962:2851,6.25,105.15,0.12727549415680395,ocellaris_clownfish,Amphiprion ocellaris,random_forest
962:2852,6.25,105.25,0.12727549415680395,ocellaris_clownfish,Amphiprion ocellaris,random_forest
962:2853,6.25,105.35,0.12727549415680395,ocellaris_clownfish,Amphiprion ocellaris,random_forest
962:2902,6.25,110.25,0.11796726941526214,ocellaris_clownfish,Amphiprion ocellaris,random_forest
962:2903,6.25,110.35,0.11796726941526214,ocellaris_clownfish,Amphiprion ocellaris,random_forest
962:2904,6.25,110.45,0.11796726941526214,ocellaris_clownfish,Amphiprion ocellaris,random_forest
962:2905,6.25,110.55,0.11796726941526214,ocellaris_clownfish,Amphiprion ocellaris,random_forest
962:2906,6.25,110.65,0.11796726941526214,ocellaris_clownfish,Amphiprion ocellaris,random_forest
962:2907,6.25,110.75,0.11796726941526214,ocellaris_clownfish,Amphiprion ocellaris,random_forest
962:2908,6.25,110.85,0.11796726941526214,ocellaris_clownfish,Amphiprion ocellaris,random_forest
962:2909,6.25,110.95,0.11796726941526214,ocellaris_clownfish,Amphiprion ocellaris,random_forest
962:2910,6.25,111.05,0.11703344588585037,ocellaris_clownfish,Amphiprion ocellaris,random_forest
962:2911,6.25,111.15,0.11703344588585037,ocellaris_clownfish,Amphiprion ocellaris,random_forest
962:2912,6.25,111.25,0.11703344588585037,ocellaris_clownfish,Amphiprion ocellaris,random_forest
962:2913,6.25,111.35,0.11703344588585037,ocellaris_clownfish,Amphiprion ocellaris,random_forest
962:2914,6.25,111.45,0.11618959206525235,ocellaris_clownfish,Amphiprion ocellaris,random_forest
962:2915,6.25,111.55,0.11618959206525235,ocellaris_clownfish,Amphiprion ocellaris,random_forest
962:2916,6.25,111.65,0.11618959206525235,ocellaris_clownfish,Amphiprion ocellaris,random_forest
962:2917,6.25,111.75,0.11618959206525235,ocellaris_clownfish,Amphiprion ocellaris,random_forest
962:2918,6.25,111.85,0.11618959206525235,ocellaris_clownfish,Amphiprion ocellaris,random_forest
962:2919,6.25,111.95,0.11618959206525235,ocellaris_clownfish,Amphiprion ocellaris,random_forest
962:2920,6.25,112.05,0.11618959206525235,ocellaris_clownfish,Amphiprion ocellaris,random_forest
962:2921,6.25,112.15,0.11618959206525235,ocellaris_clownfish,Amphiprion ocellaris,random_forest
962:2922,6.25,112.25,0.11618959206525235,ocellaris_clownfish,Amphiprion ocellaris,random_forest
962:2923,6.25,112.35,0.11618959206525235,ocellaris_clownfish,Amphiprion ocellaris,random_forest
962:2924,6.25,112.45,0.11618959206525235,ocellaris_clownfish,Amphiprion ocellaris,random_forest
962:2939,6.25,113.95,0.208623646848143,ocellaris_clownfish,Amphiprion ocellaris,random_forest
962:2940,6.25,114.05,0.208623646848143,ocellaris_clownfish,Amphiprion ocellaris,random_forest
962:2941,6.25,114.15,0.208623646848143,ocellaris_clownfish,Amphiprion ocellaris,random_forest
962:2942,6.25,114.25,0.208623646848143,ocellaris_clownfish,Amphiprion ocellaris,random_forest
962:2943,6.25,114.35,0.208623646848143,ocellaris_clownfish,Amphiprion ocellaris,random_forest
962:2944,6.25,114.45,0.208623646848143,ocellaris_clownfish,Amphiprion ocellaris,random_forest
962:2945,6.25,114.55,0.21285581665106165,ocellaris_clownfish,Amphiprion ocellaris,random_forest
962:2946,6.25,114.65,0.20929216740868375,ocellaris_clownfish,Amphiprion ocellaris,random_forest
962:2947,6.25,114.75,0.20929216740868375,ocellaris_clownfish,Amphiprion ocellaris,random_forest
962:2948,6.25,114.85,0.204087493341288,ocellaris_clownfish,Amphiprion ocellaris,random_forest
962:2949,6.25,114.95,0.20287180706677818,ocellaris_clownfish,Amphiprion ocellaris,random_forest
962:2950,6.25,115.05,0.20530584094210494,ocellaris_clownfish,Amphiprion ocellaris,random_forest
962:2951,6.25,115.15,0.20530584094210494,ocellaris_clownfish,Amphiprion ocellaris,random_forest
962:2952,6.25,115.25,0.20530584094210494,ocellaris_clownfish,Amphiprion ocellaris,random_forest
962:2953,6.25,115.35,0.2160398985776345,ocellaris_clownfish,Amphiprion ocellaris,random_forest
962:2954,6.25,115.45,0.22174926928874303,ocellaris_clownfish,Amphiprion ocellaris,random_forest
962:2955,6.25,115.55,0.32704655008307004,ocellaris_clownfish,Amphiprion ocellaris,random_forest
962:2956,6.25,115.65,0.6325275883223505,ocellaris_clownfish,Amphiprion ocellaris,random_forest
962:2957,6.25,115.75,0.6325275883223505,ocellaris_clownfish,Amphiprion ocellaris,random_forest
962:2958,6.25,115.85,0.7421469899066946,ocellaris_clownfish,Amphiprion ocellaris,random_forest
962:2959,6.25,115.95,0.7421469899066946,ocellaris_clownfish,Amphiprion ocellaris,random_forest
962:2960,6.25,116.05,0.7695779924372386,ocellaris_clownfish,Amphiprion ocellaris,random_forest
962:2961,6.25,116.15,0.774359843572364,ocellaris_clownfish,Amphiprion ocellaris,random_forest
962:2962,6.25,116.25,0.8006807481154217,ocellaris_clownfish,Amphiprion ocellaris,random_forest
962:2977,6.25,117.75,0.7516923706285028,ocellaris_clownfish,Amphiprion ocellaris,random_forest
962:2978,6.25,117.85,0.7516923706285028,ocellaris_clownfish,Amphiprion ocellaris,random_forest
962:2979,6.25,117.95,0.7660013954321263,ocellaris_clownfish,Amphiprion ocellaris,random_forest
963:2795,6.35,99.55,0.6100566973506523,ocellaris_clownfish,Amphiprion ocellaris,random_forest
963:2796,6.35,99.65,0.6195099757050393,ocellaris_clownfish,Amphiprion ocellaris,random_forest
963:2799,6.35,99.95,0.6781204860486637,ocellaris_clownfish,Amphiprion ocellaris,random_forest
963:2800,6.35,100.05,0.6941304685124277,ocellaris_clownfish,Amphiprion ocellaris,random_forest
963:2821,6.35,102.15,0.7718487032452286,ocellaris_clownfish,Amphiprion ocellaris,random_forest
963:2822,6.35,102.25,0.7706709766707278,ocellaris_clownfish,Amphiprion ocellaris,random_forest
963:2823,6.35,102.35,0.7693573926874895,ocellaris_clownfish,Amphiprion ocellaris,random_forest
963:2824,6.35,102.45,0.7693573926874895,ocellaris_clownfish,Amphiprion ocellaris,random_forest
963:2825,6.35,102.55,0.7693573926874895,ocellaris_clownfish,Amphiprion ocellaris,random_forest
963:2826,6.35,102.65,0.7693573926874895,ocellaris_clownfish,Amphiprion ocellaris,random_forest
963:2827,6.35,102.75,0.7694137260019224,ocellaris_clownfish,Amphiprion ocellaris,random_forest
963:2828,6.35,102.85,0.7688652050891888,ocellaris_clownfish,Amphiprion ocellaris,random_forest
963:2829,6.35,102.95,0.7660694833773227,ocellaris_clownfish,Amphiprion ocellaris,random_forest
963:2830,6.35,103.05,0.7433146097867417,ocellaris_clownfish,Amphiprion ocellaris,random_forest
963:2831,6.35,103.15,0.6698580201119361,ocellaris_clownfish,Amphiprion ocellaris,random_forest
963:2832,6.35,103.25,0.5570838856910558,ocellaris_clownfish,Amphiprion ocellaris,random_forest
963:2833,6.35,103.35,0.5541637243102455,ocellaris_clownfish,Amphiprion ocellaris,random_forest
963:2834,6.35,103.45,0.5439445249026198,ocellaris_clownfish,Amphiprion ocellaris,random_forest
963:2835,6.35,103.55,0.5377829032061415,ocellaris_clownfish,Amphiprion ocellaris,random_forest
963:2836,6.35,103.65,0.5354987825483579,ocellaris_clownfish,Amphiprion ocellaris,random_forest
963:2837,6.35,103.75,0.4539785102036708,ocellaris_clownfish,Amphiprion ocellaris,random_forest
963:2838,6.35,103.85,0.39333749202600893,ocellaris_clownfish,Amphiprion ocellaris,random_forest
963:2839,6.35,103.95,0.38757485693518495,ocellaris_clownfish,Amphiprion ocellaris,random_forest
963:2840,6.35,104.05,0.391629857678462,ocellaris_clownfish,Amphiprion ocellaris,random_forest
963:2841,6.35,104.15,0.4191625587493025,ocellaris_clownfish,Amphiprion ocellaris,random_forest
963:2842,6.35,104.25,0.3941078705978086,ocellaris_clownfish,Amphiprion ocellaris,random_forest
963:2843,6.35,104.35,0.21996796007585612,ocellaris_clownfish,Amphiprion ocellaris,random_forest
963:2844,6.35,104.45,0.12195255878366949,ocellaris_clownfish,Amphiprion ocellaris,random_forest
963:2845,6.35,104.55,0.11919065402176474,ocellaris_clownfish,Amphiprion ocellaris,random_forest
963:2846,6.35,104.65,0.11919065402176474,ocellaris_clownfish,Amphiprion ocellaris,random_forest
963:2847,6.35,104.75,0.11858716274994428,ocellaris_clownfish,Amphiprion ocellaris,random_forest
963:2848,6.35,104.85,0.11858716274994428,ocellaris_clownfish,Amphiprion ocellaris,random_forest
963:2849,6.35,104.95,0.11858716274994428,ocellaris_clownfish,Amphiprion ocellaris,random_forest
963:2850,6.35,105.05,0.11858716274994428,ocellaris_clownfish,Amphiprion ocellaris,random_forest
963:2909,6.35,110.95,0.11062328879442825,ocellaris_clownfish,Amphiprion ocellaris,random_forest
963:2910,6.35,111.05,0.10968946526501648,ocellaris_clownfish,Amphiprion ocellaris,random_forest
963:2911,6.35,111.15,0.10968946526501648,ocellaris_clownfish,Amphiprion ocellaris,random_forest
963:2912,6.35,111.25,0.10968946526501648,ocellaris_clownfish,Amphiprion ocellaris,random_forest
963:2913,6.35,111.35,0.10968946526501648,ocellaris_clownfish,Amphiprion ocellaris,random_forest
963:2914,6.35,111.45,0.10884561144441847,ocellaris_clownfish,Amphiprion ocellaris,random_forest
963:2915,6.35,111.55,0.10884561144441847,ocellaris_clownfish,Amphiprion ocellaris,random_forest
963:2916,6.35,111.65,0.10884561144441847,ocellaris_clownfish,Amphiprion ocellaris,random_forest
963:2917,6.35,111.75,0.10884561144441847,ocellaris_clownfish,Amphiprion ocellaris,random_forest
963:2918,6.35,111.85,0.10884561144441847,ocellaris_clownfish,Amphiprion ocellaris,random_forest
963:2919,6.35,111.95,0.10884561144441847,ocellaris_clownfish,Amphiprion ocellaris,random_forest
963:2920,6.35,112.05,0.10884561144441847,ocellaris_clownfish,Amphiprion ocellaris,random_forest
963:2921,6.35,112.15,0.10884561144441847,ocellaris_clownfish,Amphiprion ocellaris,random_forest
963:2922,6.35,112.25,0.10884561144441847,ocellaris_clownfish,Amphiprion ocellaris,random_forest
963:2923,6.35,112.35,0.10884561144441847,ocellaris_clownfish,Amphiprion ocellaris,random_forest
963:2938,6.35,113.85,0.16875502526599465,ocellaris_clownfish,Amphiprion ocellaris,random_forest
963:2939,6.35,113.95,0.19489078085956899,ocellaris_clownfish,Amphiprion ocellaris,random_forest
963:2940,6.35,114.05,0.19489078085956899,ocellaris_clownfish,Amphiprion ocellaris,random_forest
963:2941,6.35,114.15,0.19489078085956899,ocellaris_clownfish,Amphiprion ocellaris,random_forest
963:2942,6.35,114.25,0.19489078085956899,ocellaris_clownfish,Amphiprion ocellaris,random_forest
963:2943,6.35,114.35,0.19489078085956899,ocellaris_clownfish,Amphiprion ocellaris,random_forest
963:2944,6.35,114.45,0.19489078085956899,ocellaris_clownfish,Amphiprion ocellaris,random_forest
963:2945,6.35,114.55,0.19757823521533321,ocellaris_clownfish,Amphiprion ocellaris,random_forest
963:2946,6.35,114.65,0.1940145859729553,ocellaris_clownfish,Amphiprion ocellaris,random_forest
963:2947,6.35,114.75,0.1940145859729553,ocellaris_clownfish,Amphiprion ocellaris,random_forest
963:2948,6.35,114.85,0.18880991190555962,ocellaris_clownfish,Amphiprion ocellaris,random_forest
963:2949,6.35,114.95,0.1875942256310498,ocellaris_clownfish,Amphiprion ocellaris,random_forest
963:2950,6.35,115.05,0.1882019968801139,ocellaris_clownfish,Amphiprion ocellaris,random_forest
963:2951,6.35,115.15,0.1882019968801139,ocellaris_clownfish,Amphiprion ocellaris,random_forest
963:2952,6.35,115.25,0.1882019968801139,ocellaris_clownfish,Amphiprion ocellaris,random_forest
963:2953,6.35,115.35,0.19893605451564347,ocellaris_clownfish,Amphiprion ocellaris,random_forest
963:2954,6.35,115.45,0.2036257807312604,ocellaris_clownfish,Amphiprion ocellaris,random_forest
963:2955,6.35,115.55,0.30228991082570217,ocellaris_clownfish,Amphiprion ocellaris,random_forest
963:2956,6.35,115.65,0.5952305402840764,ocellaris_clownfish,Amphiprion ocellaris,random_forest
963:2957,6.35,115.75,0.5952305402840764,ocellaris_clownfish,Amphiprion ocellaris,random_forest
963:2958,6.35,115.85,0.7067574875432432,ocellaris_clownfish,Amphiprion ocellaris,random_forest
963:2959,6.35,115.95,0.7067574875432432,ocellaris_clownfish,Amphiprion ocellaris,random_forest
963:2960,6.35,116.05,0.7383138120122751,ocellaris_clownfish,Amphiprion ocellaris,random_forest
963:2961,6.35,116.15,0.7430956631474004,ocellaris_clownfish,Amphiprion ocellaris,random_forest
963:2962,6.35,116.25,0.7739405952929318,ocellaris_clownfish,Amphiprion ocellaris,random_forest
963:2977,6.35,117.75,0.7249231601057222,ocellaris_clownfish,Amphiprion ocellaris,random_forest
963:2978,6.35,117.85,0.7249231601057222,ocellaris_clownfish,Amphiprion ocellaris,random_forest
963:2979,6.35,117.95,0.7398456021001212,ocellaris_clownfish,Amphiprion ocellaris,random_forest
964:2795,6.45,99.55,0.5993347687746479,ocellaris_clownfish,Amphiprion ocellaris,random_forest
964:2796,6.45,99.65,0.6075373468489229,ocellaris_clownfish,Amphiprion ocellaris,random_forest
964:2797,6.45,99.75,0.6727453279334552,ocellaris_clownfish,Amphiprion ocellaris,random_forest
964:2799,6.45,99.95,0.6653243277807824,ocellaris_clownfish,Amphiprion ocellaris,random_forest
964:2822,6.45,102.25,0.7567115210548826,ocellaris_clownfish,Amphiprion ocellaris,random_forest
964:2823,6.45,102.35,0.7553979370716444,ocellaris_clownfish,Amphiprion ocellaris,random_forest
964:2824,6.45,102.45,0.7553979370716444,ocellaris_clownfish,Amphiprion ocellaris,random_forest
964:2825,6.45,102.55,0.7553979370716444,ocellaris_clownfish,Amphiprion ocellaris,random_forest
964:2826,6.45,102.65,0.7553979370716444,ocellaris_clownfish,Amphiprion ocellaris,random_forest
964:2827,6.45,102.75,0.7554542703860772,ocellaris_clownfish,Amphiprion ocellaris,random_forest
964:2828,6.45,102.85,0.7549057494733437,ocellaris_clownfish,Amphiprion ocellaris,random_forest
964:2829,6.45,102.95,0.7521100277614775,ocellaris_clownfish,Amphiprion ocellaris,random_forest
964:2830,6.45,103.05,0.7293551541708967,ocellaris_clownfish,Amphiprion ocellaris,random_forest
964:2831,6.45,103.15,0.6565998631973896,ocellaris_clownfish,Amphiprion ocellaris,random_forest
964:2832,6.45,103.25,0.5433257287765095,ocellaris_clownfish,Amphiprion ocellaris,random_forest
964:2833,6.45,103.35,0.5404055673956992,ocellaris_clownfish,Amphiprion ocellaris,random_forest
964:2834,6.45,103.45,0.5301863679880734,ocellaris_clownfish,Amphiprion ocellaris,random_forest
964:2835,6.45,103.55,0.5240247462915952,ocellaris_clownfish,Amphiprion ocellaris,random_forest
964:2836,6.45,103.65,0.5222188865033768,ocellaris_clownfish,Amphiprion ocellaris,random_forest
964:2837,6.45,103.75,0.44069861415868955,ocellaris_clownfish,Amphiprion ocellaris,random_forest
964:2838,6.45,103.85,0.3816062685473993,ocellaris_clownfish,Amphiprion ocellaris,random_forest
964:2839,6.45,103.95,0.37584363345657534,ocellaris_clownfish,Amphiprion ocellaris,random_forest
964:2840,6.45,104.05,0.37989863419985237,ocellaris_clownfish,Amphiprion ocellaris,random_forest
964:2841,6.45,104.15,0.407555831703347,ocellaris_clownfish,Amphiprion ocellaris,random_forest
964:2842,6.45,104.25,0.382501143551853,ocellaris_clownfish,Amphiprion ocellaris,random_forest
964:2843,6.45,104.35,0.20975173479238618,ocellaris_clownfish,Amphiprion ocellaris,random_forest
964:2844,6.45,104.45,0.11469727802793574,ocellaris_clownfish,Amphiprion ocellaris,random_forest
964:2845,6.45,104.55,0.11193537326603098,ocellaris_clownfish,Amphiprion ocellaris,random_forest
964:2846,6.45,104.65,0.11193537326603098,ocellaris_clownfish,Amphiprion ocellaris,random_forest
964:2847,6.45,104.75,0.11133188199421053,ocellaris_clownfish,Amphiprion ocellaris,random_forest
964:2848,6.45,104.85,0.11133188199421053,ocellaris_clownfish,Amphiprion ocellaris,random_forest
964:2912,6.45,111.25,0.10243418450928271,ocellaris_clownfish,Amphiprion ocellaris,random_forest
964:2913,6.45,111.35,0.10243418450928271,ocellaris_clownfish,Amphiprion ocellaris,random_forest
964:2914,6.45,111.45,0.1015903306886847,ocellaris_clownfish,Amphiprion ocellaris,random_forest
964:2915,6.45,111.55,0.1015903306886847,ocellaris_clownfish,Amphiprion ocellaris,random_forest
964:2916,6.45,111.65,0.1015903306886847,ocellaris_clownfish,Amphiprion ocellaris,random_forest
964:2917,6.45,111.75,0.1015903306886847,ocellaris_clownfish,Amphiprion ocellaris,random_forest
964:2918,6.45,111.85,0.1015903306886847,ocellaris_clownfish,Amphiprion ocellaris,random_forest
964:2919,6.45,111.95,0.1015903306886847,ocellaris_clownfish,Amphiprion ocellaris,random_forest
964:2920,6.45,112.05,0.1015903306886847,ocellaris_clownfish,Amphiprion ocellaris,random_forest
964:2921,6.45,112.15,0.1015903306886847,ocellaris_clownfish,Amphiprion ocellaris,random_forest
964:2922,6.45,112.25,0.1015903306886847,ocellaris_clownfish,Amphiprion ocellaris,random_forest
964:2937,6.45,113.75,0.1532734225506967,ocellaris_clownfish,Amphiprion ocellaris,random_forest
964:2938,6.45,113.85,0.160810720120017,ocellaris_clownfish,Amphiprion ocellaris,random_forest
964:2939,6.45,113.95,0.18694647571359133,ocellaris_clownfish,Amphiprion ocellaris,random_forest
964:2940,6.45,114.05,0.18694647571359133,ocellaris_clownfish,Amphiprion ocellaris,random_forest
964:2941,6.45,114.15,0.18694647571359133,ocellaris_clownfish,Amphiprion ocellaris,random_forest
964:2942,6.45,114.25,0.18694647571359133,ocellaris_clownfish,Amphiprion ocellaris,random_forest
964:2943,6.45,114.35,0.18694647571359133,ocellaris_clownfish,Amphiprion ocellaris,random_forest
964:2944,6.45,114.45,0.18694647571359133,ocellaris_clownfish,Amphiprion ocellaris,random_forest
964:2945,6.45,114.55,0.18963393006935553,ocellaris_clownfish,Amphiprion ocellaris,random_forest
964:2946,6.45,114.65,0.18607028082697763,ocellaris_clownfish,Amphiprion ocellaris,random_forest
964:2947,6.45,114.75,0.18607028082697763,ocellaris_clownfish,Amphiprion ocellaris,random_forest
964:2948,6.45,114.85,0.18086560675958188,ocellaris_clownfish,Amphiprion ocellaris,random_forest
964:2949,6.45,114.95,0.17964992048507208,ocellaris_clownfish,Amphiprion ocellaris,random_forest
964:2950,6.45,115.05,0.18025769173413617,ocellaris_clownfish,Amphiprion ocellaris,random_forest
964:2951,6.45,115.15,0.18025769173413617,ocellaris_clownfish,Amphiprion ocellaris,random_forest
964:2952,6.45,115.25,0.18025769173413617,ocellaris_clownfish,Amphiprion ocellaris,random_forest
964:2953,6.45,115.35,0.19099174936966576,ocellaris_clownfish,Amphiprion ocellaris,random_forest
964:2954,6.45,115.45,0.1956814755852827,ocellaris_clownfish,Amphiprion ocellaris,random_forest
964:2955,6.45,115.55,0.29434560567972445,ocellaris_clownfish,Amphiprion ocellaris,random_forest
964:2956,6.45,115.65,0.5872862351380986,ocellaris_clownfish,Amphiprion ocellaris,random_forest
964:2957,6.45,115.75,0.5872862351380986,ocellaris_clownfish,Amphiprion ocellaris,random_forest
964:2958,6.45,115.85,0.6995022067875093,ocellaris_clownfish,Amphiprion ocellaris,random_forest
964:2959,6.45,115.95,0.6995022067875093,ocellaris_clownfish,Amphiprion ocellaris,random_forest
964:2960,6.45,116.05,0.7342436749668809,ocellaris_clownfish,Amphiprion ocellaris,random_forest
964:2961,6.45,116.15,0.7391080179239378,ocellaris_clownfish,Amphiprion ocellaris,random_forest
964:2962,6.45,116.25,0.7763938760945448,ocellaris_clownfish,Amphiprion ocellaris,random_forest
964:2963,6.45,116.35,0.7763938760945448,ocellaris_clownfish,Amphiprion ocellaris,random_forest
964:2977,6.45,117.75,0.7273764409073352,ocellaris_clownfish,Amphiprion ocellaris,random_forest
964:2978,6.45,117.85,0.7273764409073352,ocellaris_clownfish,Amphiprion ocellaris,random_forest
964:2979,6.45,117.95,0.7422988829017343,ocellaris_clownfish,Amphiprion ocellaris,random_forest
965:2822,6.55,102.25,0.6443136491449748,ocellaris_clownfish,Amphiprion ocellaris,random_forest
965:2823,6.55,102.35,0.6443136491449748,ocellaris_clownfish,Amphiprion ocellaris,random_forest
965:2824,6.55,102.45,0.6443136491449748,ocellaris_clownfish,Amphiprion ocellaris,random_forest
965:2825,6.55,102.55,0.6443136491449748,ocellaris_clownfish,Amphiprion ocellaris,random_forest
965:2826,6.55,102.65,0.6443136491449748,ocellaris_clownfish,Amphiprion ocellaris,random_forest
965:2827,6.55,102.75,0.6439548881197849,ocellaris_clownfish,Amphiprion ocellaris,random_forest
965:2828,6.55,102.85,0.6434063672070512,ocellaris_clownfish,Amphiprion ocellaris,random_forest
965:2829,6.55,102.95,0.6406106454951852,ocellaris_clownfish,Amphiprion ocellaris,random_forest
965:2830,6.55,103.05,0.6194227822138828,ocellaris_clownfish,Amphiprion ocellaris,random_forest
965:2831,6.55,103.15,0.5466674912403758,ocellaris_clownfish,Amphiprion ocellaris,random_forest
965:2832,6.55,103.25,0.45046281138146615,ocellaris_clownfish,Amphiprion ocellaris,random_forest
965:2833,6.55,103.35,0.44754265000065574,ocellaris_clownfish,Amphiprion ocellaris,random_forest
965:2834,6.55,103.45,0.43874280543173977,ocellaris_clownfish,Amphiprion ocellaris,random_forest
965:2835,6.55,103.55,0.4325811837352615,ocellaris_clownfish,Amphiprion ocellaris,random_forest
965:2836,6.55,103.65,0.4323137854855046,ocellaris_clownfish,Amphiprion ocellaris,random_forest
965:2837,6.55,103.75,0.35853127664814977,ocellaris_clownfish,Amphiprion ocellaris,random_forest
965:2838,6.55,103.85,0.31466971669733107,ocellaris_clownfish,Amphiprion ocellaris,random_forest
965:2839,6.55,103.95,0.3088734681611289,ocellaris_clownfish,Amphiprion ocellaris,random_forest
965:2840,6.55,104.05,0.31382911406569625,ocellaris_clownfish,Amphiprion ocellaris,random_forest
965:2841,6.55,104.15,0.34011895983388685,ocellaris_clownfish,Amphiprion ocellaris,random_forest
965:2842,6.55,104.25,0.31928304467755025,ocellaris_clownfish,Amphiprion ocellaris,random_forest
965:2843,6.55,104.35,0.16275412936996236,ocellaris_clownfish,Amphiprion ocellaris,random_forest
965:2844,6.55,104.45,0.08143095527857472,ocellaris_clownfish,Amphiprion ocellaris,random_forest
965:2845,6.55,104.55,0.08043095527857473,ocellaris_clownfish,Amphiprion ocellaris,random_forest
965:2846,6.55,104.65,0.08043095527857473,ocellaris_clownfish,Amphiprion ocellaris,random_forest
965:2847,6.55,104.75,0.08043095527857473,ocellaris_clownfish,Amphiprion ocellaris,random_forest
965:2912,6.55,111.25,0.07313325779364688,ocellaris_clownfish,Amphiprion ocellaris,random_forest
965:2913,6.55,111.35,0.07313325779364688,ocellaris_clownfish,Amphiprion ocellaris,random_forest
965:2914,6.55,111.45,0.07228940397304888,ocellaris_clownfish,Amphiprion ocellaris,random_forest
965:2915,6.55,111.55,0.07228940397304888,ocellaris_clownfish,Amphiprion ocellaris,random_forest
965:2916,6.55,111.65,0.07228940397304888,ocellaris_clownfish,Amphiprion ocellaris,random_forest
965:2917,6.55,111.75,0.07228940397304888,ocellaris_clownfish,Amphiprion ocellaris,random_forest
965:2918,6.55,111.85,0.07228940397304888,ocellaris_clownfish,Amphiprion ocellaris,random_forest
965:2919,6.55,111.95,0.07228940397304888,ocellaris_clownfish,Amphiprion ocellaris,random_forest
965:2920,6.55,112.05,0.07228940397304888,ocellaris_clownfish,Amphiprion ocellaris,random_forest
965:2921,6.55,112.15,0.07228940397304888,ocellaris_clownfish,Amphiprion ocellaris,random_forest
965:2936,6.55,113.65,0.0785763674046626,ocellaris_clownfish,Amphiprion ocellaris,random_forest
965:2937,6.55,113.75,0.11078407936882594,ocellaris_clownfish,Amphiprion ocellaris,random_forest
965:2938,6.55,113.85,0.11588113391010753,ocellaris_clownfish,Amphiprion ocellaris,random_forest
965:2939,6.55,113.95,0.13986991337489849,ocellaris_clownfish,Amphiprion ocellaris,random_forest
965:2940,6.55,114.05,0.13986991337489849,ocellaris_clownfish,Amphiprion ocellaris,random_forest
965:2941,6.55,114.15,0.13986991337489849,ocellaris_clownfish,Amphiprion ocellaris,random_forest
965:2942,6.55,114.25,0.13986991337489849,ocellaris_clownfish,Amphiprion ocellaris,random_forest
965:2943,6.55,114.35,0.13986991337489849,ocellaris_clownfish,Amphiprion ocellaris,random_forest
965:2944,6.55,114.45,0.13986991337489849,ocellaris_clownfish,Amphiprion ocellaris,random_forest
965:2945,6.55,114.55,0.14074398744897257,ocellaris_clownfish,Amphiprion ocellaris,random_forest
965:2946,6.55,114.65,0.13718033820659464,ocellaris_clownfish,Amphiprion ocellaris,random_forest
965:2947,6.55,114.75,0.13718033820659464,ocellaris_clownfish,Amphiprion ocellaris,random_forest
965:2948,6.55,114.85,0.1319756641391989,ocellaris_clownfish,Amphiprion ocellaris,random_forest
965:2949,6.55,114.95,0.1307599778646891,ocellaris_clownfish,Amphiprion ocellaris,random_forest
965:2950,6.55,115.05,0.1313677491137532,ocellaris_clownfish,Amphiprion ocellaris,random_forest
965:2951,6.55,115.15,0.1313677491137532,ocellaris_clownfish,Amphiprion ocellaris,random_forest
965:2952,6.55,115.25,0.1313677491137532,ocellaris_clownfish,Amphiprion ocellaris,random_forest
965:2953,6.55,115.35,0.13971373141719323,ocellaris_clownfish,Amphiprion ocellaris,random_forest
965:2954,6.55,115.45,0.14362805656329145,ocellaris_clownfish,Amphiprion ocellaris,random_forest
965:2955,6.55,115.55,0.21884505102387392,ocellaris_clownfish,Amphiprion ocellaris,random_forest
965:2956,6.55,115.65,0.49231748306207124,ocellaris_clownfish,Amphiprion ocellaris,random_forest
965:2957,6.55,115.75,0.49231748306207124,ocellaris_clownfish,Amphiprion ocellaris,random_forest
965:2958,6.55,115.85,0.6002390578962136,ocellaris_clownfish,Amphiprion ocellaris,random_forest
965:2959,6.55,115.95,0.6002390578962136,ocellaris_clownfish,Amphiprion ocellaris,random_forest
965:2960,6.55,116.05,0.6339672106714609,ocellaris_clownfish,Amphiprion ocellaris,random_forest
965:2961,6.55,116.15,0.6393648869618509,ocellaris_clownfish,Amphiprion ocellaris,random_forest
965:2962,6.55,116.25,0.6804918210669955,ocellaris_clownfish,Amphiprion ocellaris,random_forest
965:2963,6.55,116.35,0.6804918210669955,ocellaris_clownfish,Amphiprion ocellaris,random_forest
965:2964,6.55,116.45,0.6804918210669955,ocellaris_clownfish,Amphiprion ocellaris,random_forest
965:2976,6.55,117.65,0.6357832289029015,ocellaris_clownfish,Amphiprion ocellaris,random_forest
965:2977,6.55,117.75,0.6357832289029015,ocellaris_clownfish,Amphiprion ocellaris,random_forest
965:2978,6.55,117.85,0.6357832289029015,ocellaris_clownfish,Amphiprion ocellaris,random_forest
965:2979,6.55,117.95,0.6549645550456427,ocellaris_clownfish,Amphiprion ocellaris,random_forest
966:2823,6.65,102.35,0.6248314153567845,ocellaris_clownfish,Amphiprion ocellaris,random_forest
966:2824,6.65,102.45,0.6248314153567845,ocellaris_clownfish,Amphiprion ocellaris,random_forest
966:2825,6.65,102.55,0.6248314153567845,ocellaris_clownfish,Amphiprion ocellaris,random_forest
966:2826,6.65,102.65,0.6248314153567845,ocellaris_clownfish,Amphiprion ocellaris,random_forest
966:2827,6.65,102.75,0.6244726543315946,ocellaris_clownfish,Amphiprion ocellaris,random_forest
966:2828,6.65,102.85,0.6239241334188611,ocellaris_clownfish,Amphiprion ocellaris,random_forest
966:2829,6.65,102.95,0.621128411706995,ocellaris_clownfish,Amphiprion ocellaris,random_forest
966:2830,6.65,103.05,0.5999405484256922,ocellaris_clownfish,Amphiprion ocellaris,random_forest
966:2831,6.65,103.15,0.5282024988314957,ocellaris_clownfish,Amphiprion ocellaris,random_forest
966:2832,6.65,103.25,0.43314944725843624,ocellaris_clownfish,Amphiprion ocellaris,random_forest
966:2833,6.65,103.35,0.43022928587762577,ocellaris_clownfish,Amphiprion ocellaris,random_forest
966:2834,6.65,103.45,0.42142944130870985,ocellaris_clownfish,Amphiprion ocellaris,random_forest
966:2835,6.65,103.55,0.4152678196122317,ocellaris_clownfish,Amphiprion ocellaris,random_forest
966:2836,6.65,103.65,0.4150004213624748,ocellaris_clownfish,Amphiprion ocellaris,random_forest
966:2837,6.65,103.75,0.3431047049779499,ocellaris_clownfish,Amphiprion ocellaris,random_forest
966:2838,6.65,103.85,0.3008908991642471,ocellaris_clownfish,Amphiprion ocellaris,random_forest
966:2839,6.65,103.95,0.2950946506280449,ocellaris_clownfish,Amphiprion ocellaris,random_forest
966:2840,6.65,104.05,0.3000502965326123,ocellaris_clownfish,Amphiprion ocellaris,random_forest
966:2841,6.65,104.15,0.32554828709718303,ocellaris_clownfish,Amphiprion ocellaris,random_forest
966:2842,6.65,104.25,0.30643650987188087,ocellaris_clownfish,Amphiprion ocellaris,random_forest
966:2843,6.65,104.35,0.15441755190429574,ocellaris_clownfish,Amphiprion ocellaris,random_forest
966:2844,6.65,104.45,0.07309437781290806,ocellaris_clownfish,Amphiprion ocellaris,random_forest
966:2845,6.65,104.55,0.07209437781290806,ocellaris_clownfish,Amphiprion ocellaris,random_forest
966:2913,6.65,111.35,0.06641934641625419,ocellaris_clownfish,Amphiprion ocellaris,random_forest
966:2914,6.65,111.45,0.06557549259565618,ocellaris_clownfish,Amphiprion ocellaris,random_forest
966:2915,6.65,111.55,0.06557549259565618,ocellaris_clownfish,Amphiprion ocellaris,random_forest
966:2916,6.65,111.65,0.06557549259565618,ocellaris_clownfish,Amphiprion ocellaris,random_forest
966:2917,6.65,111.75,0.06557549259565618,ocellaris_clownfish,Amphiprion ocellaris,random_forest
966:2918,6.65,111.85,0.06557549259565618,ocellaris_clownfish,Amphiprion ocellaris,random_forest
966:2919,6.65,111.95,0.06557549259565618,ocellaris_clownfish,Amphiprion ocellaris,random_forest
966:2920,6.65,112.05,0.06557549259565618,ocellaris_clownfish,Amphiprion ocellaris,random_forest
966:2935,6.65,113.55,0.06963561731759248,ocellaris_clownfish,Amphiprion ocellaris,random_forest
966:2936,6.65,113.65,0.0718624560272699,ocellaris_clownfish,Amphiprion ocellaris,random_forest
966:2937,6.65,113.75,0.10103240920015844,ocellaris_clownfish,Amphiprion ocellaris,random_forest
966:2938,6.65,113.85,0.10612946374143999,ocellaris_clownfish,Amphiprion ocellaris,random_forest
966:2939,6.65,113.95,0.13011824320623097,ocellaris_clownfish,Amphiprion ocellaris,random_forest
966:2940,6.65,114.05,0.13011824320623097,ocellaris_clownfish,Amphiprion ocellaris,random_forest
966:2941,6.65,114.15,0.13011824320623097,ocellaris_clownfish,Amphiprion ocellaris,random_forest
966:2942,6.65,114.25,0.13011824320623097,ocellaris_clownfish,Amphiprion ocellaris,random_forest
966:2943,6.65,114.35,0.13011824320623097,ocellaris_clownfish,Amphiprion ocellaris,random_forest
966:2944,6.65,114.45,0.13011824320623097,ocellaris_clownfish,Amphiprion ocellaris,random_forest
966:2945,6.65,114.55,0.13011824320623097,ocellaris_clownfish,Amphiprion ocellaris,random_forest
966:2946,6.65,114.65,0.12655459396385305,ocellaris_clownfish,Amphiprion ocellaris,random_forest
966:2947,6.65,114.75,0.12655459396385305,ocellaris_clownfish,Amphiprion ocellaris,random_forest
966:2948,6.65,114.85,0.1213499198964573,ocellaris_clownfish,Amphiprion ocellaris,random_forest
966:2949,6.65,114.95,0.12013423362194749,ocellaris_clownfish,Amphiprion ocellaris,random_forest
966:2950,6.65,115.05,0.1207420048710116,ocellaris_clownfish,Amphiprion ocellaris,random_forest
966:2951,6.65,115.15,0.1207420048710116,ocellaris_clownfish,Amphiprion ocellaris,random_forest
966:2952,6.65,115.25,0.1207420048710116,ocellaris_clownfish,Amphiprion ocellaris,random_forest
966:2953,6.65,115.35,0.12741829020475468,ocellaris_clownfish,Amphiprion ocellaris,random_forest
966:2954,6.65,115.45,0.13133261535085292,ocellaris_clownfish,Amphiprion ocellaris,random_forest
966:2955,6.65,115.55,0.19991232288178368,ocellaris_clownfish,Amphiprion ocellaris,random_forest
966:2956,6.65,115.65,0.45166248851709406,ocellaris_clownfish,Amphiprion ocellaris,random_forest
966:2957,6.65,115.75,0.45166248851709406,ocellaris_clownfish,Amphiprion ocellaris,random_forest
966:2958,6.65,115.85,0.5547768114263437,ocellaris_clownfish,Amphiprion ocellaris,random_forest
966:2959,6.65,115.95,0.5547768114263437,ocellaris_clownfish,Amphiprion ocellaris,random_forest
966:2960,6.65,116.05,0.5892462029026964,ocellaris_clownfish,Amphiprion ocellaris,random_forest
966:2961,6.65,116.15,0.5946438791930866,ocellaris_clownfish,Amphiprion ocellaris,random_forest
966:2962,6.65,116.25,0.6357708132982309,ocellaris_clownfish,Amphiprion ocellaris,random_forest
966:2963,6.65,116.35,0.6357708132982309,ocellaris_clownfish,Amphiprion ocellaris,random_forest
966:2964,6.65,116.45,0.6357708132982309,ocellaris_clownfish,Amphiprion ocellaris,random_forest
966:2965,6.65,116.55,0.5925717926142937,ocellaris_clownfish,Amphiprion ocellaris,random_forest
966:2968,6.65,116.85,0.591782267246045,ocellaris_clownfish,Amphiprion ocellaris,random_forest
966:2975,6.65,117.55,0.5937417641081404,ocellaris_clownfish,Amphiprion ocellaris,random_forest
966:2976,6.65,117.65,0.5937417641081404,ocellaris_clownfish,Amphiprion ocellaris,random_forest
966:2977,6.65,117.75,0.5937417641081404,ocellaris_clownfish,Amphiprion ocellaris,random_forest
966:2978,6.65,117.85,0.5937417641081404,ocellaris_clownfish,Amphiprion ocellaris,random_forest
966:2979,6.65,117.95,0.6142274784765802,ocellaris_clownfish,Amphiprion ocellaris,random_forest
967:2823,6.75,102.35,0.5281334633369756,ocellaris_clownfish,Amphiprion ocellaris,random_forest
967:2824,6.75,102.45,0.5281334633369756,ocellaris_clownfish,Amphiprion ocellaris,random_forest
967:2825,6.75,102.55,0.5281334633369756,ocellaris_clownfish,Amphiprion ocellaris,random_forest
967:2826,6.75,102.65,0.5281334633369756,ocellaris_clownfish,Amphiprion ocellaris,random_forest
967:2827,6.75,102.75,0.5273649988077425,ocellaris_clownfish,Amphiprion ocellaris,random_forest
967:2828,6.75,102.85,0.526816477895009,ocellaris_clownfish,Amphiprion ocellaris,random_forest
967:2829,6.75,102.95,0.5240207561831429,ocellaris_clownfish,Amphiprion ocellaris,random_forest
967:2830,6.75,103.05,0.5028328929018404,ocellaris_clownfish,Amphiprion ocellaris,random_forest
967:2831,6.75,103.15,0.4310948433076437,ocellaris_clownfish,Amphiprion ocellaris,random_forest
967:2832,6.75,103.25,0.3460019954820401,ocellaris_clownfish,Amphiprion ocellaris,random_forest
967:2833,6.75,103.35,0.3430818341012296,ocellaris_clownfish,Amphiprion ocellaris,random_forest
967:2834,6.75,103.45,0.3356042117545358,ocellaris_clownfish,Amphiprion ocellaris,random_forest
967:2835,6.75,103.55,0.3310992025870598,ocellaris_clownfish,Amphiprion ocellaris,random_forest
967:2836,6.75,103.65,0.33083180433730297,ocellaris_clownfish,Amphiprion ocellaris,random_forest
967:2837,6.75,103.75,0.26945916749010507,ocellaris_clownfish,Amphiprion ocellaris,random_forest
967:2838,6.75,103.85,0.24436197116051692,ocellaris_clownfish,Amphiprion ocellaris,random_forest
967:2839,6.75,103.95,0.24242579553241855,ocellaris_clownfish,Amphiprion ocellaris,random_forest
967:2840,6.75,104.05,0.24738144143698593,ocellaris_clownfish,Amphiprion ocellaris,random_forest
967:2841,6.75,104.15,0.27087311838484224,ocellaris_clownfish,Amphiprion ocellaris,random_forest
967:2842,6.75,104.25,0.25443911893731797,ocellaris_clownfish,Amphiprion ocellaris,random_forest
967:2843,6.75,104.35,0.12074650774595264,ocellaris_clownfish,Amphiprion ocellaris,random_forest
967:2914,6.75,111.45,0.04353173694572175,ocellaris_clownfish,Amphiprion ocellaris,random_forest
967:2915,6.75,111.55,0.04353173694572175,ocellaris_clownfish,Amphiprion ocellaris,random_forest
967:2916,6.75,111.65,0.04353173694572175,ocellaris_clownfish,Amphiprion ocellaris,random_forest
967:2917,6.75,111.75,0.04353173694572175,ocellaris_clownfish,Amphiprion ocellaris,random_forest
967:2918,6.75,111.85,0.04353173694572175,ocellaris_clownfish,Amphiprion ocellaris,random_forest
967:2919,6.75,111.95,0.04353173694572175,ocellaris_clownfish,Amphiprion ocellaris,random_forest
967:2934,6.75,113.45,0.04587781340447426,ocellaris_clownfish,Amphiprion ocellaris,random_forest
967:2935,6.75,113.55,0.04665162262383335,ocellaris_clownfish,Amphiprion ocellaris,random_forest
967:2936,6.75,113.65,0.04887846133351077,ocellaris_clownfish,Amphiprion ocellaris,random_forest
967:2937,6.75,113.75,0.07346253031558499,ocellaris_clownfish,Amphiprion ocellaris,random_forest
967:2938,6.75,113.85,0.078109318971947,ocellaris_clownfish,Amphiprion ocellaris,random_forest
967:2939,6.75,113.95,0.09966948504392943,ocellaris_clownfish,Amphiprion ocellaris,random_forest
967:2940,6.75,114.05,0.09966948504392943,ocellaris_clownfish,Amphiprion ocellaris,random_forest
967:2941,6.75,114.15,0.09966948504392943,ocellaris_clownfish,Amphiprion ocellaris,random_forest
967:2942,6.75,114.25,0.09966948504392943,ocellaris_clownfish,Amphiprion ocellaris,random_forest
967:2943,6.75,114.35,0.09966948504392943,ocellaris_clownfish,Amphiprion ocellaris,random_forest
967:2944,6.75,114.45,0.09966948504392943,ocellaris_clownfish,Amphiprion ocellaris,random_forest
967:2945,6.75,114.55,0.09966948504392943,ocellaris_clownfish,Amphiprion ocellaris,random_forest
967:2946,6.75,114.65,0.0961058358015515,ocellaris_clownfish,Amphiprion ocellaris,random_forest
967:2947,6.75,114.75,0.0961058358015515,ocellaris_clownfish,Amphiprion ocellaris,random_forest
967:2948,6.75,114.85,0.09090116173415574,ocellaris_clownfish,Amphiprion ocellaris,random_forest
967:2949,6.75,114.95,0.08968547545964595,ocellaris_clownfish,Amphiprion ocellaris,random_forest
967:2950,6.75,115.05,0.09029324670871006,ocellaris_clownfish,Amphiprion ocellaris,random_forest
967:2951,6.75,115.15,0.09029324670871006,ocellaris_clownfish,Amphiprion ocellaris,random_forest
967:2952,6.75,115.25,0.09029324670871006,ocellaris_clownfish,Amphiprion ocellaris,random_forest
967:2953,6.75,115.35,0.09398936291135182,ocellaris_clownfish,Amphiprion ocellaris,random_forest
967:2954,6.75,115.45,0.09836522651898849,ocellaris_clownfish,Amphiprion ocellaris,random_forest
967:2955,6.75,115.55,0.15526483521851192,ocellaris_clownfish,Amphiprion ocellaris,random_forest
967:2956,6.75,115.65,0.3455129551221299,ocellaris_clownfish,Amphiprion ocellaris,random_forest
967:2957,6.75,115.75,0.3455129551221299,ocellaris_clownfish,Amphiprion ocellaris,random_forest
967:2958,6.75,115.85,0.4305305881706622,ocellaris_clownfish,Amphiprion ocellaris,random_forest
967:2959,6.75,115.95,0.4305305881706622,ocellaris_clownfish,Amphiprion ocellaris,random_forest
967:2960,6.75,116.05,0.4600392495646495,ocellaris_clownfish,Amphiprion ocellaris,random_forest
967:2961,6.75,116.15,0.46543692585503965,ocellaris_clownfish,Amphiprion ocellaris,random_forest
967:2962,6.75,116.25,0.5067036644343165,ocellaris_clownfish,Amphiprion ocellaris,random_forest
967:2963,6.75,116.35,0.5067036644343165,ocellaris_clownfish,Amphiprion ocellaris,random_forest
967:2964,6.75,116.45,0.5067036644343165,ocellaris_clownfish,Amphiprion ocellaris,random_forest
967:2965,6.75,116.55,0.4635046437503795,ocellaris_clownfish,Amphiprion ocellaris,random_forest
967:2968,6.75,116.85,0.4627151183821307,ocellaris_clownfish,Amphiprion ocellaris,random_forest
967:2969,6.75,116.95,0.4627151183821307,ocellaris_clownfish,Amphiprion ocellaris,random_forest
967:2973,6.75,117.35,0.46111120089863117,ocellaris_clownfish,Amphiprion ocellaris,random_forest
967:2974,6.75,117.45,0.46111120089863117,ocellaris_clownfish,Amphiprion ocellaris,random_forest
967:2975,6.75,117.55,0.4669306134288681,ocellaris_clownfish,Amphiprion ocellaris,random_forest
967:2976,6.75,117.65,0.4669306134288681,ocellaris_clownfish,Amphiprion ocellaris,random_forest
967:2977,6.75,117.75,0.4669306134288681,ocellaris_clownfish,Amphiprion ocellaris,random_forest
967:2978,6.75,117.85,0.4669306134288681,ocellaris_clownfish,Amphiprion ocellaris,random_forest
967:2979,6.75,117.95,0.490822766080551,ocellaris_clownfish,Amphiprion ocellaris,random_forest
968:2824,6.85,102.45,0.4022743636152153,ocellaris_clownfish,Amphiprion ocellaris,random_forest
968:2825,6.85,102.55,0.4022743636152153,ocellaris_clownfish,Amphiprion ocellaris,random_forest
968:2826,6.85,102.65,0.4022743636152153,ocellaris_clownfish,Amphiprion ocellaris,random_forest
968:2827,6.85,102.75,0.4018517637476364,ocellaris_clownfish,Amphiprion ocellaris,random_forest
968:2828,6.85,102.85,0.4013032428349029,ocellaris_clownfish,Amphiprion ocellaris,random_forest
968:2829,6.85,102.95,0.39891848002714636,ocellaris_clownfish,Amphiprion ocellaris,random_forest
968:2830,6.85,103.05,0.38046926748228277,ocellaris_clownfish,Amphiprion ocellaris,random_forest
968:2831,6.85,103.15,0.3087312178880858,ocellaris_clownfish,Amphiprion ocellaris,random_forest
968:2832,6.85,103.25,0.2559711059606546,ocellaris_clownfish,Amphiprion ocellaris,random_forest
968:2833,6.85,103.35,0.2530509445798442,ocellaris_clownfish,Amphiprion ocellaris,random_forest
968:2834,6.85,103.45,0.24907332223315037,ocellaris_clownfish,Amphiprion ocellaris,random_forest
968:2835,6.85,103.55,0.2468489659072906,ocellaris_clownfish,Amphiprion ocellaris,random_forest
968:2836,6.85,103.65,0.2468489659072906,ocellaris_clownfish,Amphiprion ocellaris,random_forest
968:2837,6.85,103.75,0.19963920913127803,ocellaris_clownfish,Amphiprion ocellaris,random_forest
968:2838,6.85,103.85,0.18299188377418873,ocellaris_clownfish,Amphiprion ocellaris,random_forest
968:2839,6.85,103.95,0.18364156673194892,ocellaris_clownfish,Amphiprion ocellaris,random_forest
968:2840,6.85,104.05,0.18859721263651627,ocellaris_clownfish,Amphiprion ocellaris,random_forest
968:2841,6.85,104.15,0.2139617353232771,ocellaris_clownfish,Amphiprion ocellaris,random_forest
968:2842,6.85,104.25,0.20171830616701447,ocellaris_clownfish,Amphiprion ocellaris,random_forest
968:2915,6.85,111.55,0.02282546796233722,ocellaris_clownfish,Amphiprion ocellaris,random_forest
968:2916,6.85,111.65,0.02282546796233722,ocellaris_clownfish,Amphiprion ocellaris,random_forest
968:2917,6.85,111.75,0.02282546796233722,ocellaris_clownfish,Amphiprion ocellaris,random_forest
968:2918,6.85,111.85,0.02282546796233722,ocellaris_clownfish,Amphiprion ocellaris,random_forest
968:2933,6.85,113.35,0.02282546796233722,ocellaris_clownfish,Amphiprion ocellaris,random_forest
968:2934,6.85,113.45,0.02282546796233722,ocellaris_clownfish,Amphiprion ocellaris,random_forest
968:2935,6.85,113.55,0.023397805005262496,ocellaris_clownfish,Amphiprion ocellaris,random_forest
968:2936,6.85,113.65,0.023397805005262496,ocellaris_clownfish,Amphiprion ocellaris,random_forest
968:2937,6.85,113.75,0.03599343532320426,ocellaris_clownfish,Amphiprion ocellaris,random_forest
968:2938,6.85,113.85,0.04064022397956627,ocellaris_clownfish,Amphiprion ocellaris,random_forest
968:2939,6.85,113.95,0.061823878825296566,ocellaris_clownfish,Amphiprion ocellaris,random_forest
968:2940,6.85,114.05,0.061823878825296566,ocellaris_clownfish,Amphiprion ocellaris,random_forest
968:2941,6.85,114.15,0.061823878825296566,ocellaris_clownfish,Amphiprion ocellaris,random_forest
968:2942,6.85,114.25,0.061823878825296566,ocellaris_clownfish,Amphiprion ocellaris,random_forest
968:2943,6.85,114.35,0.061823878825296566,ocellaris_clownfish,Amphiprion ocellaris,random_forest
968:2944,6.85,114.45,0.061823878825296566,ocellaris_clownfish,Amphiprion ocellaris,random_forest
968:2945,6.85,114.55,0.061823878825296566,ocellaris_clownfish,Amphiprion ocellaris,random_forest
968:2946,6.85,114.65,0.058260229582918655,ocellaris_clownfish,Amphiprion ocellaris,random_forest
968:2947,6.85,114.75,0.058260229582918655,ocellaris_clownfish,Amphiprion ocellaris,random_forest
968:2948,6.85,114.85,0.05305555551552291,ocellaris_clownfish,Amphiprion ocellaris,random_forest
968:2949,6.85,114.95,0.0518398692410131,ocellaris_clownfish,Amphiprion ocellaris,random_forest
968:2950,6.85,115.05,0.05053839865277781,ocellaris_clownfish,Amphiprion ocellaris,random_forest
968:2951,6.85,115.15,0.05053839865277781,ocellaris_clownfish,Amphiprion ocellaris,random_forest
968:2952,6.85,115.25,0.05053839865277781,ocellaris_clownfish,Amphiprion ocellaris,random_forest
968:2953,6.85,115.35,0.05423451485541955,ocellaris_clownfish,Amphiprion ocellaris,random_forest
968:2954,6.85,115.45,0.05697401482669261,ocellaris_clownfish,Amphiprion ocellaris,random_forest
968:2955,6.85,115.55,0.09244426493392713,ocellaris_clownfish,Amphiprion ocellaris,random_forest
968:2956,6.85,115.65,0.24654387545448456,ocellaris_clownfish,Amphiprion ocellaris,random_forest
968:2957,6.85,115.75,0.24654387545448456,ocellaris_clownfish,Amphiprion ocellaris,random_forest
968:2958,6.85,115.85,0.307948306995154,ocellaris_clownfish,Amphiprion ocellaris,random_forest
968:2959,6.85,115.95,0.307948306995154,ocellaris_clownfish,Amphiprion ocellaris,random_forest
968:2960,6.85,116.05,0.3316587063418562,ocellaris_clownfish,Amphiprion ocellaris,random_forest
968:2961,6.85,116.15,0.3370563826322463,ocellaris_clownfish,Amphiprion ocellaris,random_forest
968:2962,6.85,116.25,0.3623029736507808,ocellaris_clownfish,Amphiprion ocellaris,random_forest
968:2963,6.85,116.35,0.3623029736507808,ocellaris_clownfish,Amphiprion ocellaris,random_forest
968:2964,6.85,116.45,0.3623029736507808,ocellaris_clownfish,Amphiprion ocellaris,random_forest
968:2965,6.85,116.55,0.32361262524130213,ocellaris_clownfish,Amphiprion ocellaris,random_forest
968:2969,6.85,116.95,0.32282309987305335,ocellaris_clownfish,Amphiprion ocellaris,random_forest
968:2970,6.85,117.05,0.32237694346405277,ocellaris_clownfish,Amphiprion ocellaris,random_forest
968:2972,6.85,117.25,0.3221442309034828,ocellaris_clownfish,Amphiprion ocellaris,random_forest
968:2973,6.85,117.35,0.3223248402955124,ocellaris_clownfish,Amphiprion ocellaris,random_forest
968:2974,6.85,117.45,0.3223248402955124,ocellaris_clownfish,Amphiprion ocellaris,random_forest
968:2975,6.85,117.55,0.32985853854003494,ocellaris_clownfish,Amphiprion ocellaris,random_forest
968:2976,6.85,117.65,0.32985853854003494,ocellaris_clownfish,Amphiprion ocellaris,random_forest
968:2977,6.85,117.75,0.32985853854003494,ocellaris_clownfish,Amphiprion ocellaris,random_forest
968:2978,6.85,117.85,0.32985853854003494,ocellaris_clownfish,Amphiprion ocellaris,random_forest
968:2979,6.85,117.95,0.35708626562048024,ocellaris_clownfish,Amphiprion ocellaris,random_forest
969:2824,6.95,102.45,0.3441250624174571,ocellaris_clownfish,Amphiprion ocellaris,random_forest
969:2825,6.95,102.55,0.3441250624174571,ocellaris_clownfish,Amphiprion ocellaris,random_forest
969:2826,6.95,102.65,0.3441250624174571,ocellaris_clownfish,Amphiprion ocellaris,random_forest
969:2827,6.95,102.75,0.3438902798087614,ocellaris_clownfish,Amphiprion ocellaris,random_forest
969:2828,6.95,102.85,0.34334175889602786,ocellaris_clownfish,Amphiprion ocellaris,random_forest
969:2829,6.95,102.95,0.34072541663921974,ocellaris_clownfish,Amphiprion ocellaris,random_forest
969:2830,6.95,103.05,0.32336509298324506,ocellaris_clownfish,Amphiprion ocellaris,random_forest
969:2831,6.95,103.15,0.25175265915259504,ocellaris_clownfish,Amphiprion ocellaris,random_forest
969:2832,6.95,103.25,0.22024520482376997,ocellaris_clownfish,Amphiprion ocellaris,random_forest
969:2833,6.95,103.35,0.21732504344295955,ocellaris_clownfish,Amphiprion ocellaris,random_forest
969:2834,6.95,103.45,0.21437155507086653,ocellaris_clownfish,Amphiprion ocellaris,random_forest
969:2835,6.95,103.55,0.21214719874500682,ocellaris_clownfish,Amphiprion ocellaris,random_forest
969:2836,6.95,103.65,0.21214719874500682,ocellaris_clownfish,Amphiprion ocellaris,random_forest
969:2837,6.95,103.75,0.17194953244541183,ocellaris_clownfish,Amphiprion ocellaris,random_forest
969:2838,6.95,103.85,0.1563421378910317,ocellaris_clownfish,Amphiprion ocellaris,random_forest
969:2839,6.95,103.95,0.1563421378910317,ocellaris_clownfish,Amphiprion ocellaris,random_forest
969:2840,6.95,104.05,0.16129778379559906,ocellaris_clownfish,Amphiprion ocellaris,random_forest
969:2841,6.95,104.15,0.18601174886154206,ocellaris_clownfish,Amphiprion ocellaris,random_forest
969:2916,6.95,111.65,0.004494086418440726,ocellaris_clownfish,Amphiprion ocellaris,random_forest
969:2917,6.95,111.75,0.004494086418440726,ocellaris_clownfish,Amphiprion ocellaris,random_forest
969:2932,6.95,113.25,0.004494086418440726,ocellaris_clownfish,Amphiprion ocellaris,random_forest
969:2933,6.95,113.35,0.004494086418440726,ocellaris_clownfish,Amphiprion ocellaris,random_forest
969:2934,6.95,113.45,0.004494086418440726,ocellaris_clownfish,Amphiprion ocellaris,random_forest
969:2935,6.95,113.55,0.004494086418440726,ocellaris_clownfish,Amphiprion ocellaris,random_forest
969:2936,6.95,113.65,0.004494086418440726,ocellaris_clownfish,Amphiprion ocellaris,random_forest
969:2937,6.95,113.75,0.005028500338946059,ocellaris_clownfish,Amphiprion ocellaris,random_forest
969:2938,6.95,113.85,0.00967528899530807,ocellaris_clownfish,Amphiprion ocellaris,random_forest
969:2939,6.95,113.95,0.028675035795061327,ocellaris_clownfish,Amphiprion ocellaris,random_forest
969:2940,6.95,114.05,0.028675035795061327,ocellaris_clownfish,Amphiprion ocellaris,random_forest
969:2941,6.95,114.15,0.028675035795061327,ocellaris_clownfish,Amphiprion ocellaris,random_forest
969:2942,6.95,114.25,0.028675035795061327,ocellaris_clownfish,Amphiprion ocellaris,random_forest
969:2943,6.95,114.35,0.028675035795061327,ocellaris_clownfish,Amphiprion ocellaris,random_forest
969:2944,6.95,114.45,0.028675035795061327,ocellaris_clownfish,Amphiprion ocellaris,random_forest
969:2945,6.95,114.55,0.028675035795061327,ocellaris_clownfish,Amphiprion ocellaris,random_forest
969:2946,6.95,114.65,0.02511138655268342,ocellaris_clownfish,Amphiprion ocellaris,random_forest
969:2947,6.95,114.75,0.02511138655268342,ocellaris_clownfish,Amphiprion ocellaris,random_forest
969:2948,6.95,114.85,0.019906712485287678,ocellaris_clownfish,Amphiprion ocellaris,random_forest
969:2949,6.95,114.95,0.018691026210777877,ocellaris_clownfish,Amphiprion ocellaris,random_forest
969:2950,6.95,115.05,0.01738955562254258,ocellaris_clownfish,Amphiprion ocellaris,random_forest
969:2951,6.95,115.15,0.01738955562254258,ocellaris_clownfish,Amphiprion ocellaris,random_forest
969:2952,6.95,115.25,0.01738955562254258,ocellaris_clownfish,Amphiprion ocellaris,random_forest
969:2953,6.95,115.35,0.01926667310888138,ocellaris_clownfish,Amphiprion ocellaris,random_forest
969:2954,6.95,115.45,0.02200617308015443,ocellaris_clownfish,Amphiprion ocellaris,random_forest
969:2955,6.95,115.55,0.044193169294155996,ocellaris_clownfish,Amphiprion ocellaris,random_forest
969:2956,6.95,115.65,0.16294215700640033,ocellaris_clownfish,Amphiprion ocellaris,random_forest
969:2957,6.95,115.75,0.16294215700640033,ocellaris_clownfish,Amphiprion ocellaris,random_forest
969:2958,6.95,115.85,0.2103329300480967,ocellaris_clownfish,Amphiprion ocellaris,random_forest
969:2959,6.95,115.95,0.2103329300480967,ocellaris_clownfish,Amphiprion ocellaris,random_forest
969:2960,6.95,116.05,0.2324796310032987,ocellaris_clownfish,Amphiprion ocellaris,random_forest
969:2961,6.95,116.15,0.2348339043419967,ocellaris_clownfish,Amphiprion ocellaris,random_forest
969:2962,6.95,116.25,0.2553886016557054,ocellaris_clownfish,Amphiprion ocellaris,random_forest
969:2963,6.95,116.35,0.2553886016557054,ocellaris_clownfish,Amphiprion ocellaris,random_forest
969:2964,6.95,116.45,0.2553886016557054,ocellaris_clownfish,Amphiprion ocellaris,random_forest
969:2965,6.95,116.55,0.21735226845173855,ocellaris_clownfish,Amphiprion ocellaris,random_forest
969:2966,6.95,116.65,0.21735226845173855,ocellaris_clownfish,Amphiprion ocellaris,random_forest
969:2968,6.95,116.85,0.21656274308348977,ocellaris_clownfish,Amphiprion ocellaris,random_forest
969:2969,6.95,116.95,0.21656274308348977,ocellaris_clownfish,Amphiprion ocellaris,random_forest
969:2970,6.95,117.05,0.21656274308348977,ocellaris_clownfish,Amphiprion ocellaris,random_forest
969:2972,6.95,117.25,0.21656274308348977,ocellaris_clownfish,Amphiprion ocellaris,random_forest
969:2973,6.95,117.35,0.21674335247551935,ocellaris_clownfish,Amphiprion ocellaris,random_forest
969:2974,6.95,117.45,0.21674335247551935,ocellaris_clownfish,Amphiprion ocellaris,random_forest
969:2975,6.95,117.55,0.2265629228880288,ocellaris_clownfish,Amphiprion ocellaris,random_forest
969:2976,6.95,117.65,0.2265629228880288,ocellaris_clownfish,Amphiprion ocellaris,random_forest
969:2977,6.95,117.75,0.2265629228880288,ocellaris_clownfish,Amphiprion ocellaris,random_forest
969:2978,6.95,117.85,0.2265629228880288,ocellaris_clownfish,Amphiprion ocellaris,random_forest
970:2825,7.05,102.55,0.32987462763433967,ocellaris_clownfish,Amphiprion ocellaris,random_forest
970:2826,7.05,102.65,0.32987462763433967,ocellaris_clownfish,Amphiprion ocellaris,random_forest
970:2827,7.05,102.75,0.329639845025644,ocellaris_clownfish,Amphiprion ocellaris,random_forest
970:2828,7.05,102.85,0.3290913241129104,ocellaris_clownfish,Amphiprion ocellaris,random_forest
970:2829,7.05,102.95,0.3264749818561023,ocellaris_clownfish,Amphiprion ocellaris,random_forest
970:2830,7.05,103.05,0.3110014506529578,ocellaris_clownfish,Amphiprion ocellaris,random_forest
970:2831,7.05,103.15,0.2393890168223078,ocellaris_clownfish,Amphiprion ocellaris,random_forest
970:2832,7.05,103.25,0.20916138108758708,ocellaris_clownfish,Amphiprion ocellaris,random_forest
970:2833,7.05,103.35,0.20624121970677664,ocellaris_clownfish,Amphiprion ocellaris,random_forest
970:2834,7.05,103.45,0.20328773133468359,ocellaris_clownfish,Amphiprion ocellaris,random_forest
970:2835,7.05,103.55,0.20135073133066292,ocellaris_clownfish,Amphiprion ocellaris,random_forest
970:2836,7.05,103.65,0.20135073133066292,ocellaris_clownfish,Amphiprion ocellaris,random_forest
970:2837,7.05,103.75,0.16404571917495364,ocellaris_clownfish,Amphiprion ocellaris,random_forest
970:2838,7.05,103.85,0.1484383246205735,ocellaris_clownfish,Amphiprion ocellaris,random_forest
970:2839,7.05,103.95,0.1484383246205735,ocellaris_clownfish,Amphiprion ocellaris,random_forest
970:2931,7.05,113.15,0.0,ocellaris_clownfish,Amphiprion ocellaris,random_forest
970:2932,7.05,113.25,0.0,ocellaris_clownfish,Amphiprion ocellaris,random_forest
970:2933,7.05,113.35,0.0,ocellaris_clownfish,Amphiprion ocellaris,random_forest
970:2934,7.05,113.45,0.0,ocellaris_clownfish,Amphiprion ocellaris,random_forest
970:2935,7.05,113.55,0.0,ocellaris_clownfish,Amphiprion ocellaris,random_forest
970:2936,7.05,113.65,0.0,ocellaris_clownfish,Amphiprion ocellaris,random_forest
970:2937,7.05,113.75,0.0,ocellaris_clownfish,Amphiprion ocellaris,random_forest
970:2938,7.05,113.85,0.00464678865636201,ocellaris_clownfish,Amphiprion ocellaris,random_forest
970:2939,7.05,113.95,0.023646535456115267,ocellaris_clownfish,Amphiprion ocellaris,random_forest
970:2940,7.05,114.05,0.023646535456115267,ocellaris_clownfish,Amphiprion ocellaris,random_forest
970:2941,7.05,114.15,0.023646535456115267,ocellaris_clownfish,Amphiprion ocellaris,random_forest
970:2942,7.05,114.25,0.023646535456115267,ocellaris_clownfish,Amphiprion ocellaris,random_forest
970:2943,7.05,114.35,0.023646535456115267,ocellaris_clownfish,Amphiprion ocellaris,random_forest
970:2944,7.05,114.45,0.023646535456115267,ocellaris_clownfish,Amphiprion ocellaris,random_forest
970:2945,7.05,114.55,0.023646535456115267,ocellaris_clownfish,Amphiprion ocellaris,random_forest
970:2946,7.05,114.65,0.020082886213737352,ocellaris_clownfish,Amphiprion ocellaris,random_forest
970:2947,7.05,114.75,0.020082886213737352,ocellaris_clownfish,Amphiprion ocellaris,random_forest
970:2948,7.05,114.85,0.01487821214634162,ocellaris_clownfish,Amphiprion ocellaris,random_forest
970:2949,7.05,114.95,0.013662525871831813,ocellaris_clownfish,Amphiprion ocellaris,random_forest
970:2950,7.05,115.05,0.012361055283596519,ocellaris_clownfish,Amphiprion ocellaris,random_forest
970:2951,7.05,115.15,0.012361055283596519,ocellaris_clownfish,Amphiprion ocellaris,random_forest
970:2952,7.05,115.25,0.012361055283596519,ocellaris_clownfish,Amphiprion ocellaris,random_forest
970:2953,7.05,115.35,0.014238172769935317,ocellaris_clownfish,Amphiprion ocellaris,random_forest
970:2954,7.05,115.45,0.01697767274120836,ocellaris_clownfish,Amphiprion ocellaris,random_forest
970:2955,7.05,115.55,0.034108054760236164,ocellaris_clownfish,Amphiprion ocellaris,random_forest
970:2956,7.05,115.65,0.14909300428379765,ocellaris_clownfish,Amphiprion ocellaris,random_forest
970:2957,7.05,115.75,0.14909300428379765,ocellaris_clownfish,Amphiprion ocellaris,random_forest
970:2958,7.05,115.85,0.19313587903800056,ocellaris_clownfish,Amphiprion ocellaris,random_forest
970:2959,7.05,115.95,0.19313587903800056,ocellaris_clownfish,Amphiprion ocellaris,random_forest
970:2960,7.05,116.05,0.2152825799932025,ocellaris_clownfish,Amphiprion ocellaris,random_forest
970:2961,7.05,116.15,0.21763685333190047,ocellaris_clownfish,Amphiprion ocellaris,random_forest
970:2962,7.05,116.25,0.2385915506456092,ocellaris_clownfish,Amphiprion ocellaris,random_forest
970:2963,7.05,116.35,0.2385915506456092,ocellaris_clownfish,Amphiprion ocellaris,random_forest
970:2964,7.05,116.45,0.2385915506456092,ocellaris_clownfish,Amphiprion ocellaris,random_forest
970:2965,7.05,116.55,0.2017686425707301,ocellaris_clownfish,Amphiprion ocellaris,random_forest
970:2966,7.05,116.65,0.2017686425707301,ocellaris_clownfish,Amphiprion ocellaris,random_forest
970:2967,7.05,116.75,0.2017686425707301,ocellaris_clownfish,Amphiprion ocellaris,random_forest
970:2968,7.05,116.85,0.20097911720248135,ocellaris_clownfish,Amphiprion ocellaris,random_forest
970:2969,7.05,116.95,0.20097911720248135,ocellaris_clownfish,Amphiprion ocellaris,random_forest
970:2970,7.05,117.05,0.20097911720248135,ocellaris_clownfish,Amphiprion ocellaris,random_forest
970:2971,7.05,117.15,0.20097911720248135,ocellaris_clownfish,Amphiprion ocellaris,random_forest
970:2972,7.05,117.25,0.20097911720248135,ocellaris_clownfish,Amphiprion ocellaris,random_forest
970:2973,7.05,117.35,0.20115972659451092,ocellaris_clownfish,Amphiprion ocellaris,random_forest
970:2974,7.05,117.45,0.20115972659451092,ocellaris_clownfish,Amphiprion ocellaris,random_forest
970:2975,7.05,117.55,0.21097929700702034,ocellaris_clownfish,Amphiprion ocellaris,random_forest
970:2976,7.05,117.65,0.21097929700702034,ocellaris_clownfish,Amphiprion ocellaris,random_forest
970:2977,7.05,117.75,0.21097929700702034,ocellaris_clownfish,Amphiprion ocellaris,random_forest
971:2825,7.15,102.55,0.32987462763433967,ocellaris_clownfish,Amphiprion ocellaris,random_forest
971:2826,7.15,102.65,0.32987462763433967,ocellaris_clownfish,Amphiprion ocellaris,random_forest
971:2827,7.15,102.75,0.329639845025644,ocellaris_clownfish,Amphiprion ocellaris,random_forest
971:2828,7.15,102.85,0.3290913241129104,ocellaris_clownfish,Amphiprion ocellaris,random_forest
971:2829,7.15,102.95,0.3264749818561023,ocellaris_clownfish,Amphiprion ocellaris,random_forest
971:2830,7.15,103.05,0.3110014506529578,ocellaris_clownfish,Amphiprion ocellaris,random_forest
971:2831,7.15,103.15,0.2393890168223078,ocellaris_clownfish,Amphiprion ocellaris,random_forest
971:2832,7.15,103.25,0.20916138108758708,ocellaris_clownfish,Amphiprion ocellaris,random_forest
971:2833,7.15,103.35,0.20624121970677664,ocellaris_clownfish,Amphiprion ocellaris,random_forest
971:2834,7.15,103.45,0.20328773133468359,ocellaris_clownfish,Amphiprion ocellaris,random_forest
971:2835,7.15,103.55,0.20135073133066292,ocellaris_clownfish,Amphiprion ocellaris,random_forest
971:2836,7.15,103.65,0.20135073133066292,ocellaris_clownfish,Amphiprion ocellaris,random_forest
971:2837,7.15,103.75,0.16404571917495364,ocellaris_clownfish,Amphiprion ocellaris,random_forest
971:2838,7.15,103.85,0.1484383246205735,ocellaris_clownfish,Amphiprion ocellaris,random_forest
971:2930,7.15,113.05,0.0,ocellaris_clownfish,Amphiprion ocellaris,random_forest
971:2931,7.15,113.15,0.0,ocellaris_clownfish,Amphiprion ocellaris,random_forest
971:2932,7.15,113.25,0.0,ocellaris_clownfish,Amphiprion ocellaris,random_forest
971:2933,7.15,113.35,0.0,ocellaris_clownfish,Amphiprion ocellaris,random_forest
971:2934,7.15,113.45,0.0,ocellaris_clownfish,Amphiprion ocellaris,random_forest
971:2935,7.15,113.55,0.0,ocellaris_clownfish,Amphiprion ocellaris,random_forest
971:2936,7.15,113.65,0.0,ocellaris_clownfish,Amphiprion ocellaris,random_forest
971:2937,7.15,113.75,0.0,ocellaris_clownfish,Amphiprion ocellaris,random_forest
971:2938,7.15,113.85,0.00464678865636201,ocellaris_clownfish,Amphiprion ocellaris,random_forest
971:2939,7.15,113.95,0.023646535456115267,ocellaris_clownfish,Amphiprion ocellaris,random_forest
971:2940,7.15,114.05,0.023646535456115267,ocellaris_clownfish,Amphiprion ocellaris,random_forest
971:2941,7.15,114.15,0.023646535456115267,ocellaris_clownfish,Amphiprion ocellaris,random_forest
971:2942,7.15,114.25,0.023646535456115267,ocellaris_clownfish,Amphiprion ocellaris,random_forest
971:2943,7.15,114.35,0.023646535456115267,ocellaris_clownfish,Amphiprion ocellaris,random_forest
971:2944,7.15,114.45,0.023646535456115267,ocellaris_clownfish,Amphiprion ocellaris,random_forest
971:2945,7.15,114.55,0.023646535456115267,ocellaris_clownfish,Amphiprion ocellaris,random_forest
971:2946,7.15,114.65,0.020082886213737352,ocellaris_clownfish,Amphiprion ocellaris,random_forest
971:2947,7.15,114.75,0.020082886213737352,ocellaris_clownfish,Amphiprion ocellaris,random_forest
971:2948,7.15,114.85,0.01487821214634162,ocellaris_clownfish,Amphiprion ocellaris,random_forest
971:2949,7.15,114.95,0.013662525871831813,ocellaris_clownfish,Amphiprion ocellaris,random_forest
971:2950,7.15,115.05,0.012361055283596519,ocellaris_clownfish,Amphiprion ocellaris,random_forest
971:2951,7.15,115.15,0.012361055283596519,ocellaris_clownfish,Amphiprion ocellaris,random_forest
971:2952,7.15,115.25,0.012361055283596519,ocellaris_clownfish,Amphiprion ocellaris,random_forest
971:2953,7.15,115.35,0.014238172769935317,ocellaris_clownfish,Amphiprion ocellaris,random_forest
971:2954,7.15,115.45,0.01697767274120836,ocellaris_clownfish,Amphiprion ocellaris,random_forest
971:2955,7.15,115.55,0.034108054760236164,ocellaris_clownfish,Amphiprion ocellaris,random_forest
971:2956,7.15,115.65,0.14909300428379765,ocellaris_clownfish,Amphiprion ocellaris,random_forest
971:2957,7.15,115.75,0.14909300428379765,ocellaris_clownfish,Amphiprion ocellaris,random_forest
971:2958,7.15,115.85,0.19313587903800056,ocellaris_clownfish,Amphiprion ocellaris,random_forest
971:2959,7.15,115.95,0.19313587903800056,ocellaris_clownfish,Amphiprion ocellaris,random_forest
971:2960,7.15,116.05,0.2152825799932025,ocellaris_clownfish,Amphiprion ocellaris,random_forest
971:2961,7.15,116.15,0.21763685333190047,ocellaris_clownfish,Amphiprion ocellaris,random_forest
971:2962,7.15,116.25,0.2385915506456092,ocellaris_clownfish,Amphiprion ocellaris,random_forest
971:2963,7.15,116.35,0.2385915506456092,ocellaris_clownfish,Amphiprion ocellaris,random_forest
971:2964,7.15,116.45,0.2385915506456092,ocellaris_clownfish,Amphiprion ocellaris,random_forest
971:2965,7.15,116.55,0.2017686425707301,ocellaris_clownfish,Amphiprion ocellaris,random_forest
971:2966,7.15,116.65,0.2017686425707301,ocellaris_clownfish,Amphiprion ocellaris,random_forest
971:2967,7.15,116.75,0.2017686425707301,ocellaris_clownfish,Amphiprion ocellaris,random_forest
971:2968,7.15,116.85,0.20097911720248135,ocellaris_clownfish,Amphiprion ocellaris,random_forest
971:2969,7.15,116.95,0.20097911720248135,ocellaris_clownfish,Amphiprion ocellaris,random_forest
971:2970,7.15,117.05,0.20097911720248135,ocellaris_clownfish,Amphiprion ocellaris,random_forest
971:2971,7.15,117.15,0.20097911720248135,ocellaris_clownfish,Amphiprion ocellaris,random_forest
971:2972,7.15,117.25,0.20097911720248135,ocellaris_clownfish,Amphiprion ocellaris,random_forest
971:2973,7.15,117.35,0.20115972659451092,ocellaris_clownfish,Amphiprion ocellaris,random_forest
971:2974,7.15,117.45,0.20115972659451092,ocellaris_clownfish,Amphiprion ocellaris,random_forest
971:2975,7.15,117.55,0.21097929700702034,ocellaris_clownfish,Amphiprion ocellaris,random_forest
971:2976,7.15,117.65,0.21097929700702034,ocellaris_clownfish,Amphiprion ocellaris,random_forest
972:2826,7.25,102.65,0.32987462763433967,ocellaris_clownfish,Amphiprion ocellaris,random_forest
972:2827,7.25,102.75,0.329639845025644,ocellaris_clownfish,Amphiprion ocellaris,random_forest
972:2828,7.25,102.85,0.3290913241129104,ocellaris_clownfish,Amphiprion ocellaris,random_forest
972:2829,7.25,102.95,0.3264749818561023,ocellaris_clownfish,Amphiprion ocellaris,random_forest
972:2830,7.25,103.05,0.3110014506529578,ocellaris_clownfish,Amphiprion ocellaris,random_forest
972:2831,7.25,103.15,0.2393890168223078,ocellaris_clownfish,Amphiprion ocellaris,random_forest
972:2832,7.25,103.25,0.20916138108758708,ocellaris_clownfish,Amphiprion ocellaris,random_forest
972:2833,7.25,103.35,0.20624121970677664,ocellaris_clownfish,Amphiprion ocellaris,random_forest
972:2834,7.25,103.45,0.20328773133468359,ocellaris_clownfish,Amphiprion ocellaris,random_forest
972:2835,7.25,103.55,0.20135073133066292,ocellaris_clownfish,Amphiprion ocellaris,random_forest
972:2836,7.25,103.65,0.20135073133066292,ocellaris_clownfish,Amphiprion ocellaris,random_forest
972:2929,7.25,112.95,0.0,ocellaris_clownfish,Amphiprion ocellaris,random_forest
972:2930,7.25,113.05,0.0,ocellaris_clownfish,Amphiprion ocellaris,random_forest
972:2931,7.25,113.15,0.0,ocellaris_clownfish,Amphiprion ocellaris,random_forest
972:2932,7.25,113.25,0.0,ocellaris_clownfish,Amphiprion ocellaris,random_forest
972:2933,7.25,113.35,0.0,ocellaris_clownfish,Amphiprion ocellaris,random_forest
972:2934,7.25,113.45,0.0,ocellaris_clownfish,Amphiprion ocellaris,random_forest
972:2935,7.25,113.55,0.0,ocellaris_clownfish,Amphiprion ocellaris,random_forest
972:2936,7.25,113.65,0.0,ocellaris_clownfish,Amphiprion ocellaris,random_forest
972:2937,7.25,113.75,0.0,ocellaris_clownfish,Amphiprion ocellaris,random_forest
972:2938,7.25,113.85,0.00464678865636201,ocellaris_clownfish,Amphiprion ocellaris,random_forest
972:2939,7.25,113.95,0.023646535456115267,ocellaris_clownfish,Amphiprion ocellaris,random_forest
972:2940,7.25,114.05,0.023646535456115267,ocellaris_clownfish,Amphiprion ocellaris,random_forest
972:2941,7.25,114.15,0.023646535456115267,ocellaris_clownfish,Amphiprion ocellaris,random_forest
972:2942,7.25,114.25,0.023646535456115267,ocellaris_clownfish,Amphiprion ocellaris,random_forest
972:2943,7.25,114.35,0.023646535456115267,ocellaris_clownfish,Amphiprion ocellaris,random_forest
972:2944,7.25,114.45,0.023646535456115267,ocellaris_clownfish,Amphiprion ocellaris,random_forest
972:2945,7.25,114.55,0.023646535456115267,ocellaris_clownfish,Amphiprion ocellaris,random_forest
972:2946,7.25,114.65,0.020082886213737352,ocellaris_clownfish,Amphiprion ocellaris,random_forest
972:2947,7.25,114.75,0.020082886213737352,ocellaris_clownfish,Amphiprion ocellaris,random_forest
972:2948,7.25,114.85,0.01487821214634162,ocellaris_clownfish,Amphiprion ocellaris,random_forest
972:2949,7.25,114.95,0.013662525871831813,ocellaris_clownfish,Amphiprion ocellaris,random_forest
972:2950,7.25,115.05,0.012361055283596519,ocellaris_clownfish,Amphiprion ocellaris,random_forest
972:2951,7.25,115.15,0.012361055283596519,ocellaris_clownfish,Amphiprion ocellaris,random_forest
972:2952,7.25,115.25,0.012361055283596519,ocellaris_clownfish,Amphiprion ocellaris,random_forest
972:2953,7.25,115.35,0.014238172769935317,ocellaris_clownfish,Amphiprion ocellaris,random_forest
972:2954,7.25,115.45,0.01697767274120836,ocellaris_clownfish,Amphiprion ocellaris,random_forest
972:2955,7.25,115.55,0.034108054760236164,ocellaris_clownfish,Amphiprion ocellaris,random_forest
972:2956,7.25,115.65,0.14909300428379765,ocellaris_clownfish,Amphiprion ocellaris,random_forest
972:2957,7.25,115.75,0.14909300428379765,ocellaris_clownfish,Amphiprion ocellaris,random_forest
972:2958,7.25,115.85,0.19313587903800056,ocellaris_clownfish,Amphiprion ocellaris,random_forest
972:2959,7.25,115.95,0.19313587903800056,ocellaris_clownfish,Amphiprion ocellaris,random_forest
972:2960,7.25,116.05,0.2152825799932025,ocellaris_clownfish,Amphiprion ocellaris,random_forest
972:2961,7.25,116.15,0.21763685333190047,ocellaris_clownfish,Amphiprion ocellaris,random_forest
972:2962,7.25,116.25,0.2385915506456092,ocellaris_clownfish,Amphiprion ocellaris,random_forest
972:2963,7.25,116.35,0.2385915506456092,ocellaris_clownfish,Amphiprion ocellaris,random_forest
972:2964,7.25,116.45,0.2385915506456092,ocellaris_clownfish,Amphiprion ocellaris,random_forest
972:2965,7.25,116.55,0.2017686425707301,ocellaris_clownfish,Amphiprion ocellaris,random_forest
972:2966,7.25,116.65,0.2017686425707301,ocellaris_clownfish,Amphiprion ocellaris,random_forest
972:2967,7.25,116.75,0.2017686425707301,ocellaris_clownfish,Amphiprion ocellaris,random_forest
972:2968,7.25,116.85,0.20097911720248135,ocellaris_clownfish,Amphiprion ocellaris,random_forest
972:2970,7.25,117.05,0.20097911720248135,ocellaris_clownfish,Amphiprion ocellaris,random_forest
972:2973,7.25,117.35,0.20115972659451092,ocellaris_clownfish,Amphiprion ocellaris,random_forest
972:2974,7.25,117.45,0.20115972659451092,ocellaris_clownfish,Amphiprion ocellaris,random_forest
972:2975,7.25,117.55,0.21097929700702034,ocellaris_clownfish,Amphiprion ocellaris,random_forest
973:2827,7.35,102.75,0.329639845025644,ocellaris_clownfish,Amphiprion ocellaris,random_forest
973:2828,7.35,102.85,0.3290913241129104,ocellaris_clownfish,Amphiprion ocellaris,random_forest
973:2829,7.35,102.95,0.3264749818561023,ocellaris_clownfish,Amphiprion ocellaris,random_forest
973:2830,7.35,103.05,0.3110014506529578,ocellaris_clownfish,Amphiprion ocellaris,random_forest
973:2831,7.35,103.15,0.2393890168223078,ocellaris_clownfish,Amphiprion ocellaris,random_forest
973:2832,7.35,103.25,0.20916138108758708,ocellaris_clownfish,Amphiprion ocellaris,random_forest
973:2833,7.35,103.35,0.20624121970677664,ocellaris_clownfish,Amphiprion ocellaris,random_forest
973:2834,7.35,103.45,0.20328773133468359,ocellaris_clownfish,Amphiprion ocellaris,random_forest
973:2928,7.35,112.85,0.0,ocellaris_clownfish,Amphiprion ocellaris,random_forest
973:2929,7.35,112.95,0.0,ocellaris_clownfish,Amphiprion ocellaris,random_forest
973:2930,7.35,113.05,0.0,ocellaris_clownfish,Amphiprion ocellaris,random_forest
973:2931,7.35,113.15,0.0,ocellaris_clownfish,Amphiprion ocellaris,random_forest
973:2932,7.35,113.25,0.0,ocellaris_clownfish,Amphiprion ocellaris,random_forest
973:2933,7.35,113.35,0.0,ocellaris_clownfish,Amphiprion ocellaris,random_forest
973:2934,7.35,113.45,0.0,ocellaris_clownfish,Amphiprion ocellaris,random_forest
973:2935,7.35,113.55,0.0,ocellaris_clownfish,Amphiprion ocellaris,random_forest
973:2936,7.35,113.65,0.0,ocellaris_clownfish,Amphiprion ocellaris,random_forest
973:2937,7.35,113.75,0.0,ocellaris_clownfish,Amphiprion ocellaris,random_forest
973:2938,7.35,113.85,0.00464678865636201,ocellaris_clownfish,Amphiprion ocellaris,random_forest
973:2939,7.35,113.95,0.022611752847419616,ocellaris_clownfish,Amphiprion ocellaris,random_forest
973:2940,7.35,114.05,0.022611752847419616,ocellaris_clownfish,Amphiprion ocellaris,random_forest
973:2941,7.35,114.15,0.022611752847419616,ocellaris_clownfish,Amphiprion ocellaris,random_forest
973:2942,7.35,114.25,0.022611752847419616,ocellaris_clownfish,Amphiprion ocellaris,random_forest
973:2943,7.35,114.35,0.022611752847419616,ocellaris_clownfish,Amphiprion ocellaris,random_forest
973:2944,7.35,114.45,0.022611752847419616,ocellaris_clownfish,Amphiprion ocellaris,random_forest
973:2945,7.35,114.55,0.022611752847419616,ocellaris_clownfish,Amphiprion ocellaris,random_forest
973:2946,7.35,114.65,0.019048103605041704,ocellaris_clownfish,Amphiprion ocellaris,random_forest
973:2947,7.35,114.75,0.019048103605041704,ocellaris_clownfish,Amphiprion ocellaris,random_forest
973:2948,7.35,114.85,0.013843429537645967,ocellaris_clownfish,Amphiprion ocellaris,random_forest
973:2949,7.35,114.95,0.01262774326313616,ocellaris_clownfish,Amphiprion ocellaris,random_forest
973:2950,7.35,115.05,0.011326272674900868,ocellaris_clownfish,Amphiprion ocellaris,random_forest
973:2951,7.35,115.15,0.011326272674900868,ocellaris_clownfish,Amphiprion ocellaris,random_forest
973:2952,7.35,115.25,0.011326272674900868,ocellaris_clownfish,Amphiprion ocellaris,random_forest
973:2953,7.35,115.35,0.013203390161239666,ocellaris_clownfish,Amphiprion ocellaris,random_forest
973:2954,7.35,115.45,0.01594289013251271,ocellaris_clownfish,Amphiprion ocellaris,random_forest
973:2955,7.35,115.55,0.03307327215154052,ocellaris_clownfish,Amphiprion ocellaris,random_forest
973:2956,7.35,115.65,0.148058221675102,ocellaris_clownfish,Amphiprion ocellaris,random_forest
973:2957,7.35,115.75,0.148058221675102,ocellaris_clownfish,Amphiprion ocellaris,random_forest
973:2958,7.35,115.85,0.1921010964293049,ocellaris_clownfish,Amphiprion ocellaris,random_forest
973:2959,7.35,115.95,0.1921010964293049,ocellaris_clownfish,Amphiprion ocellaris,random_forest
973:2960,7.35,116.05,0.2152825799932025,ocellaris_clownfish,Amphiprion ocellaris,random_forest
973:2961,7.35,116.15,0.21763685333190047,ocellaris_clownfish,Amphiprion ocellaris,random_forest
973:2962,7.35,116.25,0.2385915506456092,ocellaris_clownfish,Amphiprion ocellaris,random_forest
973:2963,7.35,116.35,0.2385915506456092,ocellaris_clownfish,Amphiprion ocellaris,random_forest
973:2964,7.35,116.45,0.2385915506456092,ocellaris_clownfish,Amphiprion ocellaris,random_forest
973:2965,7.35,116.55,0.2017686425707301,ocellaris_clownfish,Amphiprion ocellaris,random_forest
973:2966,7.35,116.65,0.2017686425707301,ocellaris_clownfish,Amphiprion ocellaris,random_forest
973:2967,7.35,116.75,0.2017686425707301,ocellaris_clownfish,Amphiprion ocellaris,random_forest
973:2968,7.35,116.85,0.20097911720248135,ocellaris_clownfish,Amphiprion ocellaris,random_forest
973:2969,7.35,116.95,0.20097911720248135,ocellaris_clownfish,Amphiprion ocellaris,random_forest
973:2970,7.35,117.05,0.20097911720248135,ocellaris_clownfish,Amphiprion ocellaris,random_forest
973:2973,7.35,117.35,0.20115972659451092,ocellaris_clownfish,Amphiprion ocellaris,random_forest
973:2974,7.35,117.45,0.20115972659451092,ocellaris_clownfish,Amphiprion ocellaris,random_forest
974:2828,7.45,102.85,0.3290913241129104,ocellaris_clownfish,Amphiprion ocellaris,random_forest
974:2829,7.45,102.95,0.3264749818561023,ocellaris_clownfish,Amphiprion ocellaris,random_forest
974:2830,7.45,103.05,0.3110014506529578,ocellaris_clownfish,Amphiprion ocellaris,random_forest
974:2831,7.45,103.15,0.2393890168223078,ocellaris_clownfish,Amphiprion ocellaris,random_forest
974:2832,7.45,103.25,0.20916138108758708,ocellaris_clownfish,Amphiprion ocellaris,random_forest
974:2927,7.45,112.75,0.0,ocellaris_clownfish,Amphiprion ocellaris,random_forest
974:2928,7.45,112.85,0.0,ocellaris_clownfish,Amphiprion ocellaris,random_forest
974:2929,7.45,112.95,0.0,ocellaris_clownfish,Amphiprion ocellaris,random_forest
974:2930,7.45,113.05,0.0,ocellaris_clownfish,Amphiprion ocellaris,random_forest
974:2931,7.45,113.15,0.0,ocellaris_clownfish,Amphiprion ocellaris,random_forest
974:2932,7.45,113.25,0.0,ocellaris_clownfish,Amphiprion ocellaris,random_forest
974:2933,7.45,113.35,0.0,ocellaris_clownfish,Amphiprion ocellaris,random_forest
974:2934,7.45,113.45,0.0,ocellaris_clownfish,Amphiprion ocellaris,random_forest
974:2935,7.45,113.55,0.0,ocellaris_clownfish,Amphiprion ocellaris,random_forest
974:2936,7.45,113.65,0.0,ocellaris_clownfish,Amphiprion ocellaris,random_forest
974:2937,7.45,113.75,0.0,ocellaris_clownfish,Amphiprion ocellaris,random_forest
974:2938,7.45,113.85,0.00464678865636201,ocellaris_clownfish,Amphiprion ocellaris,random_forest
974:2939,7.45,113.95,0.022611752847419616,ocellaris_clownfish,Amphiprion ocellaris,random_forest
974:2940,7.45,114.05,0.022611752847419616,ocellaris_clownfish,Amphiprion ocellaris,random_forest
974:2941,7.45,114.15,0.022611752847419616,ocellaris_clownfish,Amphiprion ocellaris,random_forest
974:2942,7.45,114.25,0.022611752847419616,ocellaris_clownfish,Amphiprion ocellaris,random_forest
974:2943,7.45,114.35,0.022611752847419616,ocellaris_clownfish,Amphiprion ocellaris,random_forest
974:2944,7.45,114.45,0.022611752847419616,ocellaris_clownfish,Amphiprion ocellaris,random_forest
974:2945,7.45,114.55,0.022611752847419616,ocellaris_clownfish,Amphiprion ocellaris,random_forest
974:2946,7.45,114.65,0.019048103605041704,ocellaris_clownfish,Amphiprion ocellaris,random_forest
974:2947,7.45,114.75,0.019048103605041704,ocellaris_clownfish,Amphiprion ocellaris,random_forest
974:2948,7.45,114.85,0.013843429537645967,ocellaris_clownfish,Amphiprion ocellaris,random_forest
974:2949,7.45,114.95,0.01262774326313616,ocellaris_clownfish,Amphiprion ocellaris,random_forest
974:2950,7.45,115.05,0.011326272674900868,ocellaris_clownfish,Amphiprion ocellaris,random_forest
974:2951,7.45,115.15,0.011326272674900868,ocellaris_clownfish,Amphiprion ocellaris,random_forest
974:2952,7.45,115.25,0.011326272674900868,ocellaris_clownfish,Amphiprion ocellaris,random_forest
974:2953,7.45,115.35,0.013203390161239666,ocellaris_clownfish,Amphiprion ocellaris,random_forest
974:2954,7.45,115.45,0.01594289013251271,ocellaris_clownfish,Amphiprion ocellaris,random_forest
974:2955,7.45,115.55,0.03307327215154052,ocellaris_clownfish,Amphiprion ocellaris,random_forest
974:2956,7.45,115.65,0.148058221675102,ocellaris_clownfish,Amphiprion ocellaris,random_forest
974:2957,7.45,115.75,0.148058221675102,ocellaris_clownfish,Amphiprion ocellaris,random_forest
974:2958,7.45,115.85,0.1921010964293049,ocellaris_clownfish,Amphiprion ocellaris,random_forest
974:2959,7.45,115.95,0.1921010964293049,ocellaris_clownfish,Amphiprion ocellaris,random_forest
974:2960,7.45,116.05,0.2152825799932025,ocellaris_clownfish,Amphiprion ocellaris,random_forest
974:2961,7.45,116.15,0.21763685333190047,ocellaris_clownfish,Amphiprion ocellaris,random_forest
974:2962,7.45,116.25,0.2385915506456092,ocellaris_clownfish,Amphiprion ocellaris,random_forest
974:2963,7.45,116.35,0.2385915506456092,ocellaris_clownfish,Amphiprion ocellaris,random_forest
974:2964,7.45,116.45,0.2385915506456092,ocellaris_clownfish,Amphiprion ocellaris,random_forest
974:2965,7.45,116.55,0.2017686425707301,ocellaris_clownfish,Amphiprion ocellaris,random_forest
974:2966,7.45,116.65,0.2017686425707301,ocellaris_clownfish,Amphiprion ocellaris,random_forest
974:2967,7.45,116.75,0.2017686425707301,ocellaris_clownfish,Amphiprion ocellaris,random_forest
974:2968,7.45,116.85,0.20097911720248135,ocellaris_clownfish,Amphiprion ocellaris,random_forest
974:2969,7.45,116.95,0.20097911720248135,ocellaris_clownfish,Amphiprion ocellaris,random_forest
974:2970,7.45,117.05,0.20097911720248135,ocellaris_clownfish,Amphiprion ocellaris,random_forest
974:2971,7.45,117.15,0.20097911720248135,ocellaris_clownfish,Amphiprion ocellaris,random_forest
974:2972,7.45,117.25,0.20097911720248135,ocellaris_clownfish,Amphiprion ocellaris,random_forest
974:2973,7.45,117.35,0.20115972659451092,ocellaris_clownfish,Amphiprion ocellaris,random_forest
975:2828,7.55,102.85,0.3290913241129104,ocellaris_clownfish,Amphiprion ocellaris,random_forest
975:2829,7.55,102.95,0.3264749818561023,ocellaris_clownfish,Amphiprion ocellaris,random_forest
975:2830,7.55,103.05,0.3110014506529578,ocellaris_clownfish,Amphiprion ocellaris,random_forest
975:2831,7.55,103.15,0.2393890168223078,ocellaris_clownfish,Amphiprion ocellaris,random_forest
975:2926,7.55,112.65,0.0,ocellaris_clownfish,Amphiprion ocellaris,random_forest
975:2927,7.55,112.75,0.0,ocellaris_clownfish,Amphiprion ocellaris,random_forest
975:2928,7.55,112.85,0.0,ocellaris_clownfish,Amphiprion ocellaris,random_forest
975:2929,7.55,112.95,0.0,ocellaris_clownfish,Amphiprion ocellaris,random_forest
975:2930,7.55,113.05,0.0,ocellaris_clownfish,Amphiprion ocellaris,random_forest
975:2931,7.55,113.15,0.0,ocellaris_clownfish,Amphiprion ocellaris,random_forest
975:2932,7.55,113.25,0.0,ocellaris_clownfish,Amphiprion ocellaris,random_forest
975:2933,7.55,113.35,0.0,ocellaris_clownfish,Amphiprion ocellaris,random_forest
975:2934,7.55,113.45,0.0,ocellaris_clownfish,Amphiprion ocellaris,random_forest
975:2935,7.55,113.55,0.0,ocellaris_clownfish,Amphiprion ocellaris,random_forest
975:2936,7.55,113.65,0.0,ocellaris_clownfish,Amphiprion ocellaris,random_forest
975:2937,7.55,113.75,0.0,ocellaris_clownfish,Amphiprion ocellaris,random_forest
975:2938,7.55,113.85,0.00464678865636201,ocellaris_clownfish,Amphiprion ocellaris,random_forest
975:2939,7.55,113.95,0.022611752847419616,ocellaris_clownfish,Amphiprion ocellaris,random_forest
975:2940,7.55,114.05,0.022611752847419616,ocellaris_clownfish,Amphiprion ocellaris,random_forest
975:2941,7.55,114.15,0.022611752847419616,ocellaris_clownfish,Amphiprion ocellaris,random_forest
975:2942,7.55,114.25,0.022611752847419616,ocellaris_clownfish,Amphiprion ocellaris,random_forest
975:2943,7.55,114.35,0.022611752847419616,ocellaris_clownfish,Amphiprion ocellaris,random_forest
975:2944,7.55,114.45,0.022611752847419616,ocellaris_clownfish,Amphiprion ocellaris,random_forest
975:2945,7.55,114.55,0.022611752847419616,ocellaris_clownfish,Amphiprion ocellaris,random_forest
975:2946,7.55,114.65,0.019048103605041704,ocellaris_clownfish,Amphiprion ocellaris,random_forest
975:2947,7.55,114.75,0.019048103605041704,ocellaris_clownfish,Amphiprion ocellaris,random_forest
975:2948,7.55,114.85,0.013843429537645967,ocellaris_clownfish,Amphiprion ocellaris,random_forest
975:2949,7.55,114.95,0.01262774326313616,ocellaris_clownfish,Amphiprion ocellaris,random_forest
975:2950,7.55,115.05,0.011326272674900868,ocellaris_clownfish,Amphiprion ocellaris,random_forest
975:2951,7.55,115.15,0.011326272674900868,ocellaris_clownfish,Amphiprion ocellaris,random_forest
975:2952,7.55,115.25,0.011326272674900868,ocellaris_clownfish,Amphiprion ocellaris,random_forest
975:2953,7.55,115.35,0.013203390161239666,ocellaris_clownfish,Amphiprion ocellaris,random_forest
975:2954,7.55,115.45,0.01594289013251271,ocellaris_clownfish,Amphiprion ocellaris,random_forest
975:2955,7.55,115.55,0.03307327215154052,ocellaris_clownfish,Amphiprion ocellaris,random_forest
975:2956,7.55,115.65,0.148058221675102,ocellaris_clownfish,Amphiprion ocellaris,random_forest
975:2957,7.55,115.75,0.148058221675102,ocellaris_clownfish,Amphiprion ocellaris,random_forest
975:2958,7.55,115.85,0.1921010964293049,ocellaris_clownfish,Amphiprion ocellaris,random_forest
975:2959,7.55,115.95,0.1921010964293049,ocellaris_clownfish,Amphiprion ocellaris,random_forest
975:2960,7.55,116.05,0.2152825799932025,ocellaris_clownfish,Amphiprion ocellaris,random_forest
975:2961,7.55,116.15,0.21763685333190047,ocellaris_clownfish,Amphiprion ocellaris,random_forest
975:2962,7.55,116.25,0.2385915506456092,ocellaris_clownfish,Amphiprion ocellaris,random_forest
975:2963,7.55,116.35,0.2385915506456092,ocellaris_clownfish,Amphiprion ocellaris,random_forest
975:2964,7.55,116.45,0.2385915506456092,ocellaris_clownfish,Amphiprion ocellaris,random_forest
975:2965,7.55,116.55,0.2017686425707301,ocellaris_clownfish,Amphiprion ocellaris,random_forest
975:2966,7.55,116.65,0.2017686425707301,ocellaris_clownfish,Amphiprion ocellaris,random_forest
975:2967,7.55,116.75,0.2017686425707301,ocellaris_clownfish,Amphiprion ocellaris,random_forest
975:2968,7.55,116.85,0.20097911720248135,ocellaris_clownfish,Amphiprion ocellaris,random_forest
975:2969,7.55,116.95,0.20097911720248135,ocellaris_clownfish,Amphiprion ocellaris,random_forest
975:2970,7.55,117.05,0.20097911720248135,ocellaris_clownfish,Amphiprion ocellaris,random_forest
976:2829,7.65,102.95,0.3264749818561023,ocellaris_clownfish,Amphiprion ocellaris,random_forest
976:2925,7.65,112.55,0.0,ocellaris_clownfish,Amphiprion ocellaris,random_forest
976:2926,7.65,112.65,0.0,ocellaris_clownfish,Amphiprion ocellaris,random_forest
976:2927,7.65,112.75,0.0,ocellaris_clownfish,Amphiprion ocellaris,random_forest
976:2928,7.65,112.85,0.0,ocellaris_clownfish,Amphiprion ocellaris,random_forest
976:2929,7.65,112.95,0.0,ocellaris_clownfish,Amphiprion ocellaris,random_forest
976:2930,7.65,113.05,0.0,ocellaris_clownfish,Amphiprion ocellaris,random_forest
976:2931,7.65,113.15,0.0,ocellaris_clownfish,Amphiprion ocellaris,random_forest
976:2932,7.65,113.25,0.0,ocellaris_clownfish,Amphiprion ocellaris,random_forest
976:2933,7.65,113.35,0.0,ocellaris_clownfish,Amphiprion ocellaris,random_forest
976:2934,7.65,113.45,0.0,ocellaris_clownfish,Amphiprion ocellaris,random_forest
976:2935,7.65,113.55,0.0,ocellaris_clownfish,Amphiprion ocellaris,random_forest
976:2936,7.65,113.65,0.0,ocellaris_clownfish,Amphiprion ocellaris,random_forest
976:2937,7.65,113.75,0.0,ocellaris_clownfish,Amphiprion ocellaris,random_forest
976:2938,7.65,113.85,0.00464678865636201,ocellaris_clownfish,Amphiprion ocellaris,random_forest
976:2939,7.65,113.95,0.022611752847419616,ocellaris_clownfish,Amphiprion ocellaris,random_forest
976:2940,7.65,114.05,0.022611752847419616,ocellaris_clownfish,Amphiprion ocellaris,random_forest
976:2941,7.65,114.15,0.022611752847419616,ocellaris_clownfish,Amphiprion ocellaris,random_forest
976:2942,7.65,114.25,0.022611752847419616,ocellaris_clownfish,Amphiprion ocellaris,random_forest
976:2943,7.65,114.35,0.022611752847419616,ocellaris_clownfish,Amphiprion ocellaris,random_forest
976:2944,7.65,114.45,0.022611752847419616,ocellaris_clownfish,Amphiprion ocellaris,random_forest
976:2945,7.65,114.55,0.022611752847419616,ocellaris_clownfish,Amphiprion ocellaris,random_forest
976:2946,7.65,114.65,0.019048103605041704,ocellaris_clownfish,Amphiprion ocellaris,random_forest
976:2947,7.65,114.75,0.019048103605041704,ocellaris_clownfish,Amphiprion ocellaris,random_forest
976:2948,7.65,114.85,0.013843429537645967,ocellaris_clownfish,Amphiprion ocellaris,random_forest
976:2949,7.65,114.95,0.01262774326313616,ocellaris_clownfish,Amphiprion ocellaris,random_forest
976:2950,7.65,115.05,0.011326272674900868,ocellaris_clownfish,Amphiprion ocellaris,random_forest
976:2951,7.65,115.15,0.011326272674900868,ocellaris_clownfish,Amphiprion ocellaris,random_forest
976:2952,7.65,115.25,0.011326272674900868,ocellaris_clownfish,Amphiprion ocellaris,random_forest
976:2953,7.65,115.35,0.013203390161239666,ocellaris_clownfish,Amphiprion ocellaris,random_forest
976:2954,7.65,115.45,0.01594289013251271,ocellaris_clownfish,Amphiprion ocellaris,random_forest
976:2955,7.65,115.55,0.03307327215154052,ocellaris_clownfish,Amphiprion ocellaris,random_forest
976:2956,7.65,115.65,0.148058221675102,ocellaris_clownfish,Amphiprion ocellaris,random_forest
976:2957,7.65,115.75,0.148058221675102,ocellaris_clownfish,Amphiprion ocellaris,random_forest
976:2958,7.65,115.85,0.1921010964293049,ocellaris_clownfish,Amphiprion ocellaris,random_forest
976:2959,7.65,115.95,0.1921010964293049,ocellaris_clownfish,Amphiprion ocellaris,random_forest
976:2960,7.65,116.05,0.2152825799932025,ocellaris_clownfish,Amphiprion ocellaris,random_forest
976:2961,7.65,116.15,0.21763685333190047,ocellaris_clownfish,Amphiprion ocellaris,random_forest
977:2926,7.75,112.65,0.0,ocellaris_clownfish,Amphiprion ocellaris,random_forest
977:2927,7.75,112.75,0.0,ocellaris_clownfish,Amphiprion ocellaris,random_forest
977:2928,7.75,112.85,0.0,ocellaris_clownfish,Amphiprion ocellaris,random_forest
977:2929,7.75,112.95,0.0,ocellaris_clownfish,Amphiprion ocellaris,random_forest
977:2930,7.75,113.05,0.0,ocellaris_clownfish,Amphiprion ocellaris,random_forest
977:2931,7.75,113.15,0.0,ocellaris_clownfish,Amphiprion ocellaris,random_forest
977:2932,7.75,113.25,0.0,ocellaris_clownfish,Amphiprion ocellaris,random_forest
977:2933,7.75,113.35,0.0,ocellaris_clownfish,Amphiprion ocellaris,random_forest
977:2934,7.75,113.45,0.0,ocellaris_clownfish,Amphiprion ocellaris,random_forest
977:2935,7.75,113.55,0.0,ocellaris_clownfish,Amphiprion ocellaris,random_forest
977:2936,7.75,113.65,0.0,ocellaris_clownfish,Amphiprion ocellaris,random_forest
977:2937,7.75,113.75,0.0,ocellaris_clownfish,Amphiprion ocellaris,random_forest
977:2938,7.75,113.85,0.00464678865636201,ocellaris_clownfish,Amphiprion ocellaris,random_forest
977:2939,7.75,113.95,0.022611752847419616,ocellaris_clownfish,Amphiprion ocellaris,random_forest
977:2940,7.75,114.05,0.022611752847419616,ocellaris_clownfish,Amphiprion ocellaris,random_forest
977:2941,7.75,114.15,0.022611752847419616,ocellaris_clownfish,Amphiprion ocellaris,random_forest
977:2942,7.75,114.25,0.022611752847419616,ocellaris_clownfish,Amphiprion ocellaris,random_forest
977:2943,7.75,114.35,0.022611752847419616,ocellaris_clownfish,Amphiprion ocellaris,random_forest
977:2944,7.75,114.45,0.022611752847419616,ocellaris_clownfish,Amphiprion ocellaris,random_forest
977:2945,7.75,114.55,0.022611752847419616,ocellaris_clownfish,Amphiprion ocellaris,random_forest
977:2946,7.75,114.65,0.019048103605041704,ocellaris_clownfish,Amphiprion ocellaris,random_forest
977:2947,7.75,114.75,0.019048103605041704,ocellaris_clownfish,Amphiprion ocellaris,random_forest
977:2948,7.75,114.85,0.013843429537645967,ocellaris_clownfish,Amphiprion ocellaris,random_forest
977:2949,7.75,114.95,0.01262774326313616,ocellaris_clownfish,Amphiprion ocellaris,random_forest
977:2950,7.75,115.05,0.011326272674900868,ocellaris_clownfish,Amphiprion ocellaris,random_forest
977:2951,7.75,115.15,0.011326272674900868,ocellaris_clownfish,Amphiprion ocellaris,random_forest
977:2952,7.75,115.25,0.011326272674900868,ocellaris_clownfish,Amphiprion ocellaris,random_forest
977:2953,7.75,115.35,0.013203390161239666,ocellaris_clownfish,Amphiprion ocellaris,random_forest
977:2954,7.75,115.45,0.01594289013251271,ocellaris_clownfish,Amphiprion ocellaris,random_forest
977:2955,7.75,115.55,0.03307327215154052,ocellaris_clownfish,Amphiprion ocellaris,random_forest
977:2956,7.75,115.65,0.148058221675102,ocellaris_clownfish,Amphiprion ocellaris,random_forest
977:2957,7.75,115.75,0.148058221675102,ocellaris_clownfish,Amphiprion ocellaris,random_forest
977:2958,7.75,115.85,0.1921010964293049,ocellaris_clownfish,Amphiprion ocellaris,random_forest
978:2927,7.85,112.75,0.0,ocellaris_clownfish,Amphiprion ocellaris,random_forest
978:2928,7.85,112.85,0.0,ocellaris_clownfish,Amphiprion ocellaris,random_forest
978:2929,7.85,112.95,0.0,ocellaris_clownfish,Amphiprion ocellaris,random_forest
978:2930,7.85,113.05,0.0,ocellaris_clownfish,Amphiprion ocellaris,random_forest
978:2931,7.85,113.15,0.0,ocellaris_clownfish,Amphiprion ocellaris,random_forest
978:2932,7.85,113.25,0.0,ocellaris_clownfish,Amphiprion ocellaris,random_forest
978:2933,7.85,113.35,0.0,ocellaris_clownfish,Amphiprion ocellaris,random_forest
978:2934,7.85,113.45,0.0,ocellaris_clownfish,Amphiprion ocellaris,random_forest
978:2935,7.85,113.55,0.0,ocellaris_clownfish,Amphiprion ocellaris,random_forest
978:2936,7.85,113.65,0.0,ocellaris_clownfish,Amphiprion ocellaris,random_forest
978:2937,7.85,113.75,0.0,ocellaris_clownfish,Amphiprion ocellaris,random_forest
978:2938,7.85,113.85,0.00464678865636201,ocellaris_clownfish,Amphiprion ocellaris,random_forest
978:2939,7.85,113.95,0.022611752847419616,ocellaris_clownfish,Amphiprion ocellaris,random_forest
978:2940,7.85,114.05,0.022611752847419616,ocellaris_clownfish,Amphiprion ocellaris,random_forest
978:2941,7.85,114.15,0.022611752847419616,ocellaris_clownfish,Amphiprion ocellaris,random_forest
978:2942,7.85,114.25,0.022611752847419616,ocellaris_clownfish,Amphiprion ocellaris,random_forest
978:2943,7.85,114.35,0.022611752847419616,ocellaris_clownfish,Amphiprion ocellaris,random_forest
978:2944,7.85,114.45,0.022611752847419616,ocellaris_clownfish,Amphiprion ocellaris,random_forest
978:2945,7.85,114.55,0.022611752847419616,ocellaris_clownfish,Amphiprion ocellaris,random_forest
978:2946,7.85,114.65,0.019048103605041704,ocellaris_clownfish,Amphiprion ocellaris,random_forest
978:2947,7.85,114.75,0.019048103605041704,ocellaris_clownfish,Amphiprion ocellaris,random_forest
978:2948,7.85,114.85,0.013843429537645967,ocellaris_clownfish,Amphiprion ocellaris,random_forest
978:2949,7.85,114.95,0.01262774326313616,ocellaris_clownfish,Amphiprion ocellaris,random_forest
978:2950,7.85,115.05,0.011326272674900868,ocellaris_clownfish,Amphiprion ocellaris,random_forest
978:2951,7.85,115.15,0.011326272674900868,ocellaris_clownfish,Amphiprion ocellaris,random_forest
978:2952,7.85,115.25,0.011326272674900868,ocellaris_clownfish,Amphiprion ocellaris,random_forest
978:2953,7.85,115.35,0.013203390161239666,ocellaris_clownfish,Amphiprion ocellaris,random_forest
978:2954,7.85,115.45,0.01594289013251271,ocellaris_clownfish,Amphiprion ocellaris,random_forest
978:2955,7.85,115.55,0.03307327215154052,ocellaris_clownfish,Amphiprion ocellaris,random_forest
978:2956,7.85,115.65,0.148058221675102,ocellaris_clownfish,Amphiprion ocellaris,random_forest
979:2927,7.95,112.75,0.0,ocellaris_clownfish,Amphiprion ocellaris,random_forest
979:2928,7.95,112.85,0.0,ocellaris_clownfish,Amphiprion ocellaris,random_forest
979:2929,7.95,112.95,0.0,ocellaris_clownfish,Amphiprion ocellaris,random_forest
979:2930,7.95,113.05,0.0,ocellaris_clownfish,Amphiprion ocellaris,random_forest
979:2931,7.95,113.15,0.0,ocellaris_clownfish,Amphiprion ocellaris,random_forest
979:2932,7.95,113.25,0.0,ocellaris_clownfish,Amphiprion ocellaris,random_forest
979:2933,7.95,113.35,0.0,ocellaris_clownfish,Amphiprion ocellaris,random_forest
979:2934,7.95,113.45,0.0,ocellaris_clownfish,Amphiprion ocellaris,random_forest
979:2935,7.95,113.55,0.0,ocellaris_clownfish,Amphiprion ocellaris,random_forest
979:2936,7.95,113.65,0.0,ocellaris_clownfish,Amphiprion ocellaris,random_forest
979:2937,7.95,113.75,0.0,ocellaris_clownfish,Amphiprion ocellaris,random_forest
979:2938,7.95,113.85,0.00464678865636201,ocellaris_clownfish,Amphiprion ocellaris,random_forest
979:2939,7.95,113.95,0.022611752847419616,ocellaris_clownfish,Amphiprion ocellaris,random_forest
979:2940,7.95,114.05,0.022611752847419616,ocellaris_clownfish,Amphiprion ocellaris,random_forest
979:2941,7.95,114.15,0.022611752847419616,ocellaris_clownfish,Amphiprion ocellaris,random_forest
979:2942,7.95,114.25,0.022611752847419616,ocellaris_clownfish,Amphiprion ocellaris,random_forest
979:2943,7.95,114.35,0.022611752847419616,ocellaris_clownfish,Amphiprion ocellaris,random_forest
979:2944,7.95,114.45,0.022611752847419616,ocellaris_clownfish,Amphiprion ocellaris,random_forest
979:2945,7.95,114.55,0.022611752847419616,ocellaris_clownfish,Amphiprion ocellaris,random_forest
979:2946,7.95,114.65,0.019048103605041704,ocellaris_clownfish,Amphiprion ocellaris,random_forest
979:2947,7.95,114.75,0.019048103605041704,ocellaris_clownfish,Amphiprion ocellaris,random_forest
979:2948,7.95,114.85,0.013843429537645967,ocellaris_clownfish,Amphiprion ocellaris,random_forest
979:2949,7.95,114.95,0.01262774326313616,ocellaris_clownfish,Amphiprion ocellaris,random_forest
979:2950,7.95,115.05,0.011326272674900868,ocellaris_clownfish,Amphiprion ocellaris,random_forest
979:2951,7.95,115.15,0.011326272674900868,ocellaris_clownfish,Amphiprion ocellaris,random_forest
979:2952,7.95,115.25,0.011326272674900868,ocellaris_clownfish,Amphiprion ocellaris,random_forest
979:2953,7.95,115.35,0.013203390161239666,ocellaris_clownfish,Amphiprion ocellaris,random_forest
979:2954,7.95,115.45,0.01594289013251271,ocellaris_clownfish,Amphiprion ocellaris,random_forest
980:2928,8.05,112.85,0.0,ocellaris_clownfish,Amphiprion ocellaris,random_forest
980:2929,8.05,112.95,0.0,ocellaris_clownfish,Amphiprion ocellaris,random_forest
980:2930,8.05,113.05,0.0,ocellaris_clownfish,Amphiprion ocellaris,random_forest
980:2931,8.05,113.15,0.0,ocellaris_clownfish,Amphiprion ocellaris,random_forest
980:2932,8.05,113.25,0.0,ocellaris_clownfish,Amphiprion ocellaris,random_forest
980:2933,8.05,113.35,0.0,ocellaris_clownfish,Amphiprion ocellaris,random_forest
980:2934,8.05,113.45,0.0,ocellaris_clownfish,Amphiprion ocellaris,random_forest
980:2935,8.05,113.55,0.0,ocellaris_clownfish,Amphiprion ocellaris,random_forest
980:2936,8.05,113.65,0.0,ocellaris_clownfish,Amphiprion ocellaris,random_forest
980:2937,8.05,113.75,0.0,ocellaris_clownfish,Amphiprion ocellaris,random_forest
980:2938,8.05,113.85,0.00464678865636201,ocellaris_clownfish,Amphiprion ocellaris,random_forest
980:2939,8.05,113.95,0.022611752847419616,ocellaris_clownfish,Amphiprion ocellaris,random_forest
980:2940,8.05,114.05,0.022611752847419616,ocellaris_clownfish,Amphiprion ocellaris,random_forest
980:2941,8.05,114.15,0.022611752847419616,ocellaris_clownfish,Amphiprion ocellaris,random_forest
980:2942,8.05,114.25,0.022611752847419616,ocellaris_clownfish,Amphiprion ocellaris,random_forest
980:2943,8.05,114.35,0.022611752847419616,ocellaris_clownfish,Amphiprion ocellaris,random_forest
980:2944,8.05,114.45,0.022611752847419616,ocellaris_clownfish,Amphiprion ocellaris,random_forest
980:2945,8.05,114.55,0.022611752847419616,ocellaris_clownfish,Amphiprion ocellaris,random_forest
980:2946,8.05,114.65,0.019048103605041704,ocellaris_clownfish,Amphiprion ocellaris,random_forest
980:2947,8.05,114.75,0.019048103605041704,ocellaris_clownfish,Amphiprion ocellaris,random_forest
980:2948,8.05,114.85,0.013843429537645967,ocellaris_clownfish,Amphiprion ocellaris,random_forest
980:2949,8.05,114.95,0.01262774326313616,ocellaris_clownfish,Amphiprion ocellaris,random_forest
980:2950,8.05,115.05,0.011326272674900868,ocellaris_clownfish,Amphiprion ocellaris,random_forest
980:2951,8.05,115.15,0.011326272674900868,ocellaris_clownfish,Amphiprion ocellaris,random_forest
980:2952,8.05,115.25,0.011326272674900868,ocellaris_clownfish,Amphiprion ocellaris,random_forest
981:2928,8.15,112.85,0.0,ocellaris_clownfish,Amphiprion ocellaris,random_forest
981:2929,8.15,112.95,0.0,ocellaris_clownfish,Amphiprion ocellaris,random_forest
981:2930,8.15,113.05,0.0,ocellaris_clownfish,Amphiprion ocellaris,random_forest
981:2931,8.15,113.15,0.0,ocellaris_clownfish,Amphiprion ocellaris,random_forest
981:2932,8.15,113.25,0.0,ocellaris_clownfish,Amphiprion ocellaris,random_forest
981:2933,8.15,113.35,0.0,ocellaris_clownfish,Amphiprion ocellaris,random_forest
981:2934,8.15,113.45,0.0,ocellaris_clownfish,Amphiprion ocellaris,random_forest
981:2935,8.15,113.55,0.0,ocellaris_clownfish,Amphiprion ocellaris,random_forest
981:2936,8.15,113.65,0.0,ocellaris_clownfish,Amphiprion ocellaris,random_forest
981:2937,8.15,113.75,0.0,ocellaris_clownfish,Amphiprion ocellaris,random_forest
981:2938,8.15,113.85,0.00464678865636201,ocellaris_clownfish,Amphiprion ocellaris,random_forest
981:2939,8.15,113.95,0.022611752847419616,ocellaris_clownfish,Amphiprion ocellaris,random_forest
981:2940,8.15,114.05,0.022611752847419616,ocellaris_clownfish,Amphiprion ocellaris,random_forest
981:2941,8.15,114.15,0.022611752847419616,ocellaris_clownfish,Amphiprion ocellaris,random_forest
981:2942,8.15,114.25,0.022611752847419616,ocellaris_clownfish,Amphiprion ocellaris,random_forest
981:2943,8.15,114.35,0.022611752847419616,ocellaris_clownfish,Amphiprion ocellaris,random_forest
981:2944,8.15,114.45,0.022611752847419616,ocellaris_clownfish,Amphiprion ocellaris,random_forest
981:2945,8.15,114.55,0.022611752847419616,ocellaris_clownfish,Amphiprion ocellaris,random_forest
981:2946,8.15,114.65,0.019048103605041704,ocellaris_clownfish,Amphiprion ocellaris,random_forest
981:2947,8.15,114.75,0.019048103605041704,ocellaris_clownfish,Amphiprion ocellaris,random_forest
981:2948,8.15,114.85,0.013843429537645967,ocellaris_clownfish,Amphiprion ocellaris,random_forest
981:2949,8.15,114.95,0.01262774326313616,ocellaris_clownfish,Amphiprion ocellaris,random_forest
981:2950,8.15,115.05,0.011326272674900868,ocellaris_clownfish,Amphiprion ocellaris,random_forest
982:2929,8.25,112.95,0.0,ocellaris_clownfish,Amphiprion ocellaris,random_forest
982:2930,8.25,113.05,0.0,ocellaris_clownfish,Amphiprion ocellaris,random_forest
982:2931,8.25,113.15,0.0,ocellaris_clownfish,Amphiprion ocellaris,random_forest
982:2932,8.25,113.25,0.0,ocellaris_clownfish,Amphiprion ocellaris,random_forest
982:2933,8.25,113.35,0.0,ocellaris_clownfish,Amphiprion ocellaris,random_forest
982:2934,8.25,113.45,0.0,ocellaris_clownfish,Amphiprion ocellaris,random_forest
982:2935,8.25,113.55,0.0,ocellaris_clownfish,Amphiprion ocellaris,random_forest
982:2936,8.25,113.65,0.0,ocellaris_clownfish,Amphiprion ocellaris,random_forest
982:2937,8.25,113.75,0.0,ocellaris_clownfish,Amphiprion ocellaris,random_forest
982:2938,8.25,113.85,0.00464678865636201,ocellaris_clownfish,Amphiprion ocellaris,random_forest
982:2939,8.25,113.95,0.022611752847419616,ocellaris_clownfish,Amphiprion ocellaris,random_forest
982:2940,8.25,114.05,0.022611752847419616,ocellaris_clownfish,Amphiprion ocellaris,random_forest
982:2941,8.25,114.15,0.022611752847419616,ocellaris_clownfish,Amphiprion ocellaris,random_forest
982:2942,8.25,114.25,0.022611752847419616,ocellaris_clownfish,Amphiprion ocellaris,random_forest
982:2943,8.25,114.35,0.022611752847419616,ocellaris_clownfish,Amphiprion ocellaris,random_forest
982:2944,8.25,114.45,0.022611752847419616,ocellaris_clownfish,Amphiprion ocellaris,random_forest
982:2945,8.25,114.55,0.022611752847419616,ocellaris_clownfish,Amphiprion ocellaris,random_forest
982:2946,8.25,114.65,0.019048103605041704,ocellaris_clownfish,Amphiprion ocellaris,random_forest
982:2947,8.25,114.75,0.019048103605041704,ocellaris_clownfish,Amphiprion ocellaris,random_forest
982:2948,8.25,114.85,0.013843429537645967,ocellaris_clownfish,Amphiprion ocellaris,random_forest
983:2930,8.35,113.05,0.0,ocellaris_clownfish,Amphiprion ocellaris,random_forest
983:2931,8.35,113.15,0.0,ocellaris_clownfish,Amphiprion ocellaris,random_forest
983:2932,8.35,113.25,0.0,ocellaris_clownfish,Amphiprion ocellaris,random_forest
983:2933,8.35,113.35,0.0,ocellaris_clownfish,Amphiprion ocellaris,random_forest
983:2934,8.35,113.45,0.0,ocellaris_clownfish,Amphiprion ocellaris,random_forest
983:2935,8.35,113.55,0.0,ocellaris_clownfish,Amphiprion ocellaris,random_forest
983:2936,8.35,113.65,0.0,ocellaris_clownfish,Amphiprion ocellaris,random_forest
983:2937,8.35,113.75,0.0,ocellaris_clownfish,Amphiprion ocellaris,random_forest
983:2938,8.35,113.85,0.00464678865636201,ocellaris_clownfish,Amphiprion ocellaris,random_forest
983:2939,8.35,113.95,0.022611752847419616,ocellaris_clownfish,Amphiprion ocellaris,random_forest
983:2940,8.35,114.05,0.022611752847419616,ocellaris_clownfish,Amphiprion ocellaris,random_forest
983:2941,8.35,114.15,0.022611752847419616,ocellaris_clownfish,Amphiprion ocellaris,random_forest
983:2942,8.35,114.25,0.022611752847419616,ocellaris_clownfish,Amphiprion ocellaris,random_forest
983:2943,8.35,114.35,0.022611752847419616,ocellaris_clownfish,Amphiprion ocellaris,random_forest
983:2944,8.35,114.45,0.022611752847419616,ocellaris_clownfish,Amphiprion ocellaris,random_forest
983:2945,8.35,114.55,0.022611752847419616,ocellaris_clownfish,Amphiprion ocellaris,random_forest
983:2946,8.35,114.65,0.019048103605041704,ocellaris_clownfish,Amphiprion ocellaris,random_forest
984:2931,8.45,113.15,0.0,ocellaris_clownfish,Amphiprion ocellaris,random_forest
984:2932,8.45,113.25,0.0,ocellaris_clownfish,Amphiprion ocellaris,random_forest
984:2933,8.45,113.35,0.0,ocellaris_clownfish,Amphiprion ocellaris,random_forest
984:2934,8.45,113.45,0.0,ocellaris_clownfish,Amphiprion ocellaris,random_forest
984:2935,8.45,113.55,0.0,ocellaris_clownfish,Amphiprion ocellaris,random_forest
984:2936,8.45,113.65,0.0,ocellaris_clownfish,Amphiprion ocellaris,random_forest
984:2937,8.45,113.75,0.0,ocellaris_clownfish,Amphiprion ocellaris,random_forest
984:2938,8.45,113.85,0.00464678865636201,ocellaris_clownfish,Amphiprion ocellaris,random_forest
984:2939,8.45,113.95,0.022611752847419616,ocellaris_clownfish,Amphiprion ocellaris,random_forest
984:2940,8.45,114.05,0.022611752847419616,ocellaris_clownfish,Amphiprion ocellaris,random_forest
984:2941,8.45,114.15,0.022611752847419616,ocellaris_clownfish,Amphiprion ocellaris,random_forest
984:2942,8.45,114.25,0.022611752847419616,ocellaris_clownfish,Amphiprion ocellaris,random_forest
984:2943,8.45,114.35,0.022611752847419616,ocellaris_clownfish,Amphiprion ocellaris,random_forest
984:2944,8.45,114.45,0.022611752847419616,ocellaris_clownfish,Amphiprion ocellaris,random_forest
984:2945,8.45,114.55,0.022611752847419616,ocellaris_clownfish,Amphiprion ocellaris,random_forest
985:2932,8.55,113.25,0.0,ocellaris_clownfish,Amphiprion ocellaris,random_forest
985:2933,8.55,113.35,0.0,ocellaris_clownfish,Amphiprion ocellaris,random_forest
985:2934,8.55,113.45,0.0,ocellaris_clownfish,Amphiprion ocellaris,random_forest
985:2935,8.55,113.55,0.0,ocellaris_clownfish,Amphiprion ocellaris,random_forest
985:2936,8.55,113.65,0.0,ocellaris_clownfish,Amphiprion ocellaris,random_forest
985:2937,8.55,113.75,0.0,ocellaris_clownfish,Amphiprion ocellaris,random_forest
985:2938,8.55,113.85,0.00464678865636201,ocellaris_clownfish,Amphiprion ocellaris,random_forest
985:2939,8.55,113.95,0.022611752847419616,ocellaris_clownfish,Amphiprion ocellaris,random_forest
985:2940,8.55,114.05,0.022611752847419616,ocellaris_clownfish,Amphiprion ocellaris,random_forest
985:2941,8.55,114.15,0.022611752847419616,ocellaris_clownfish,Amphiprion ocellaris,random_forest
985:2942,8.55,114.25,0.022611752847419616,ocellaris_clownfish,Amphiprion ocellaris,random_forest
985:2943,8.55,114.35,0.022611752847419616,ocellaris_clownfish,Amphiprion ocellaris,random_forest
986:2933,8.65,113.35,0.0,ocellaris_clownfish,Amphiprion ocellaris,random_forest
986:2934,8.65,113.45,0.0,ocellaris_clownfish,Amphiprion ocellaris,random_forest
986:2935,8.65,113.55,0.0,ocellaris_clownfish,Amphiprion ocellaris,random_forest
986:2936,8.65,113.65,0.0,ocellaris_clownfish,Amphiprion ocellaris,random_forest
986:2937,8.65,113.75,0.0,ocellaris_clownfish,Amphiprion ocellaris,random_forest
986:2938,8.65,113.85,0.00464678865636201,ocellaris_clownfish,Amphiprion ocellaris,random_forest
986:2939,8.65,113.95,0.022611752847419616,ocellaris_clownfish,Amphiprion ocellaris,random_forest
986:2940,8.65,114.05,0.022611752847419616,ocellaris_clownfish,Amphiprion ocellaris,random_forest
986:2941,8.65,114.15,0.022611752847419616,ocellaris_clownfish,Amphiprion ocellaris,random_forest
987:2934,8.75,113.45,0.0,ocellaris_clownfish,Amphiprion ocellaris,random_forest
987:2935,8.75,113.55,0.0,ocellaris_clownfish,Amphiprion ocellaris,random_forest
987:2936,8.75,113.65,0.0,ocellaris_clownfish,Amphiprion ocellaris,random_forest
987:2937,8.75,113.75,0.0,ocellaris_clownfish,Amphiprion ocellaris,random_forest
987:2938,8.75,113.85,0.00464678865636201,ocellaris_clownfish,Amphiprion ocellaris,random_forest
987:2939,8.75,113.95,0.022611752847419616,ocellaris_clownfish,Amphiprion ocellaris,random_forest
987:2940,8.75,114.05,0.022611752847419616,ocellaris_clownfish,Amphiprion ocellaris,random_forest
988:2935,8.85,113.55,0.0,ocellaris_clownfish,Amphiprion ocellaris,random_forest
988:2936,8.85,113.65,0.0,ocellaris_clownfish,Amphiprion ocellaris,random_forest
988:2937,8.85,113.75,0.0,ocellaris_clownfish,Amphiprion ocellaris,random_forest
988:2938,8.85,113.85,0.00464678865636201,ocellaris_clownfish,Amphiprion ocellaris,random_forest
989:2936,8.95,113.65,0.0,ocellaris_clownfish,Amphiprion ocellaris,random_forest
989:2937,8.95,113.75,0.0,ocellaris_clownfish,Amphiprion ocellaris,random_forest
