id,occurrenceID,scientificName,scientificNameID,aphiaID,taxonomicStatus,decimalLatitude,decimalLongitude,eventDate,year,basisOfRecord,occurrenceStatus,coordinateUncertaintyInMeters,marine,dataset_id,datasetName,license,flags,dropped,absence
004ca870-7969-4172-8d15-ec6838841938,https://www.inaturalist.org/observations/111755543,Amphiprion ocellaris,urn:lsid:marinespecies.org:taxname:278400,278400,,5.8921206238,102.7113622494,2006-08-25T08:11:00+02:00,,HumanObservation,urn:lsid:marinespecies.org:taxname:278400,1745.0,True,eaea291a-1e1d-4382-b86f-ac3cc15b8d5a,iNaturalist research-grade observations,https://creativecommons.org/licenses/by-nc/4.0/,"[""NO_DEPTH""]",False,False
00bf4505-9c94-49ec-b870-36666441ad2e,https://www.inaturalist.org/observations/305952777,Amphiprion ocellaris,urn:lsid:marinespecies.org:taxname:278400,278400,,5.903993017,102.742851153,2025-07-02T11:48:25+08:00,,HumanObservation,urn:lsid:marinespecies.org:taxname:278400,14.0,True,eaea291a-1e1d-4382-b86f-ac3cc15b8d5a,iNaturalist research-grade observations,https://creativecommons.org/licenses/by-nc/4.0/,"[""NO_DEPTH""]",False,False
012470e5-e5eb-41ea-a0d9-17b36219c3e3,https://www.inaturalist.org/observations/35490853,Amphiprion ocellaris,urn:lsid:marinespecies.org:taxname:278400,278400,,6.0084428787,116.0089950562,2019-10-28T14:13:12+11:00,,HumanObservation,urn:lsid:marinespecies.org:taxname:278400,,True,eaea291a-1e1d-4382-b86f-ac3cc15b8d5a,iNaturalist research-grade observations,https://creativecommons.org/licenses/by/4.0/,"[""NO_DEPTH""]",False,False
025607db-f5df-4b2a-9503-3508aa753a89,https://www.inaturalist.org/observations/256672923,Amphiprion ocellaris,urn:lsid:marinespecies.org:taxname:278400,278400,,4.5958254,118.8643398,2024-08-15T20:18:00+08:00,,HumanObservation,urn:lsid:marinespecies.org:taxname:278400,577.0,True,eaea291a-1e1d-4382-b86f-ac3cc15b8d5a,iNaturalist research-grade observations,https://creativecommons.org/licenses/by-nc/4.0/,"[""NO_DEPTH"",""ON_LAND""]",False,False
02702179-dd83-4052-9f6c-bd278b0c177f,https://www.inaturalist.org/observations/220451463,Amphiprion ocellaris,urn:lsid:marinespecies.org:taxname:278400,278400,,5.9654412093,116.0139456915,2024-05-17T07:13:00+08:00,,HumanObservation,urn:lsid:marinespecies.org:taxname:278400,216.0,True,eaea291a-1e1d-4382-b86f-ac3cc15b8d5a,iNaturalist research-grade observations,https://creativecommons.org/licenses/by-nc/4.0/,"[""NO_DEPTH""]",False,False
02db8c9f-e58d-4483-9ffd-d409fe07bf5c,https://www.inaturalist.org/observations/275425222,Amphiprion ocellaris,urn:lsid:marinespecies.org:taxname:278400,278400,,6.0057664167,116.0046935203,2015-07-24T11:37:00+08:00,,HumanObservation,urn:lsid:marinespecies.org:taxname:278400,113.0,True,eaea291a-1e1d-4382-b86f-ac3cc15b8d5a,iNaturalist research-grade observations,https://creativecommons.org/licenses/by-nc/4.0/,"[""NO_DEPTH""]",False,False
032d4385-7db5-45f7-97ce-8e349e76d110,https://www.inaturalist.org/observations/263176887,Amphiprion ocellaris,urn:lsid:marinespecies.org:taxname:278400,278400,,5.9631849411,115.9943287369,2013-04-11T11:37:00+08:00,,HumanObservation,urn:lsid:marinespecies.org:taxname:278400,61.0,True,eaea291a-1e1d-4382-b86f-ac3cc15b8d5a,iNaturalist research-grade observations,https://creativecommons.org/licenses/by-nc/4.0/,"[""NO_DEPTH""]",False,False
03662d54-646a-45a5-8505-5378df5ed1bf,https://www.inaturalist.org/observations/85098851,Amphiprion ocellaris,urn:lsid:marinespecies.org:taxname:278400,278400,,4.253618,118.6334677,2017-12-03T15:05:00+08:00,,HumanObservation,urn:lsid:marinespecies.org:taxname:278400,211.0,True,eaea291a-1e1d-4382-b86f-ac3cc15b8d5a,iNaturalist research-grade observations,https://creativecommons.org/licenses/by-nc/4.0/,"[""NO_DEPTH""]",False,False
03eddfba-42aa-4d0d-92df-faf005b24035,https://www.inaturalist.org/observations/302044080,Amphiprion ocellaris,urn:lsid:marinespecies.org:taxname:278400,278400,,5.9051025627,102.7431465313,2025-06-29T13:49:40+08:00,,HumanObservation,urn:lsid:marinespecies.org:taxname:278400,27.0,True,eaea291a-1e1d-4382-b86f-ac3cc15b8d5a,iNaturalist research-grade observations,https://creativecommons.org/licenses/by-nc/4.0/,"[""NO_DEPTH""]",False,False
049f9df8-7ae3-4e29-960c-0e4c28d093a2,https://www.inaturalist.org/observations/137609411,Amphiprion ocellaris,urn:lsid:marinespecies.org:taxname:278400,278400,,5.9680532624,116.0144572489,2022-09-21T10:46:00+08:00,,HumanObservation,urn:lsid:marinespecies.org:taxname:278400,73.0,True,eaea291a-1e1d-4382-b86f-ac3cc15b8d5a,iNaturalist research-grade observations,https://creativecommons.org/licenses/by-nc/4.0/,"[""NO_DEPTH""]",False,False
058ba0d8-7033-43a8-8437-6caac76aa6cd,https://www.inaturalist.org/observations/122708540,Amphiprion ocellaris,urn:lsid:marinespecies.org:taxname:278400,278400,,5.9151420219,102.7239874412,2009-03-28T07:27:00+08:00,,HumanObservation,urn:lsid:marinespecies.org:taxname:278400,396.0,True,eaea291a-1e1d-4382-b86f-ac3cc15b8d5a,iNaturalist research-grade observations,https://creativecommons.org/licenses/by-nc/4.0/,"[""NO_DEPTH"",""ON_LAND""]",False,False
05eaf14a-b7af-4872-9fa3-5074fdf3fa7c,https://www.inaturalist.org/observations/232688099,Amphiprion ocellaris,urn:lsid:marinespecies.org:taxname:278400,278400,,7.0349919629,116.7470463154,2024-07-23T22:46:00+08:00,,HumanObservation,urn:lsid:marinespecies.org:taxname:278400,596.0,True,eaea291a-1e1d-4382-b86f-ac3cc15b8d5a,iNaturalist research-grade observations,https://creativecommons.org/licenses/by-nc/4.0/,"[""NO_DEPTH""]",False,False
05f52176-46a9-4d9a-b939-569ec688e86d,https://www.inaturalist.org/observations/352032943,Amphiprion ocellaris,urn:lsid:marinespecies.org:taxname:278400,278400,,2.9140367149,104.100594755,2026-04-20T10:52:00+08:00,,HumanObservation,urn:lsid:marinespecies.org:taxname:278400,746.0,True,eaea291a-1e1d-4382-b86f-ac3cc15b8d5a,iNaturalist research-grade observations,https://creativecommons.org/licenses/by-nc/4.0/,"[""NO_DEPTH""]",False,False
07d5fddb-bcb3-4c79-9258-cd7c6173242a,https://www.inaturalist.org/observations/305974295,Amphiprion ocellaris,urn:lsid:marinespecies.org:taxname:278400,278400,,5.9039926835,102.7428548411,2025-07-02T11:58:36+08:00,,HumanObservation,urn:lsid:marinespecies.org:taxname:278400,36.0,True,eaea291a-1e1d-4382-b86f-ac3cc15b8d5a,iNaturalist research-grade observations,https://creativecommons.org/licenses/by-nc/4.0/,"[""NO_DEPTH""]",False,False
088922e5-8c0d-4f20-b777-f674dff57902,https://www.inaturalist.org/observations/290677534,Amphiprion ocellaris,urn:lsid:marinespecies.org:taxname:278400,278400,,6.4277073371,99.6712115909,2025-06-16T11:17:00+08:00,,HumanObservation,urn:lsid:marinespecies.org:taxname:278400,2.0,True,eaea291a-1e1d-4382-b86f-ac3cc15b8d5a,iNaturalist research-grade observations,https://creativecommons.org/licenses/by-nc/4.0/,"[""NO_DEPTH""]",False,False
0987f2cf-e7b9-4470-965e-ae0f253e544b,https://www.inaturalist.org/observations/245535953,Amphiprion ocellaris,urn:lsid:marinespecies.org:taxname:278400,278400,,4.5549888848,118.9132623568,2024-10-04T15:04:03+08:00,,HumanObservation,urn:lsid:marinespecies.org:taxname:278400,409.0,True,eaea291a-1e1d-4382-b86f-ac3cc15b8d5a,iNaturalist research-grade observations,https://creativecommons.org/licenses/by-nc/4.0/,"[""NO_DEPTH""]",False,False
09bf401e-4254-471c-9ad8-553b1f40f706,https://www.inaturalist.org/observations/315795155,Amphiprion ocellaris,urn:lsid:marinespecies.org:taxname:278400,278400,,6.0119469657,115.9935436984,2009-03-09T11:21:00+08:00,,HumanObservation,urn:lsid:marinespecies.org:taxname:278400,663.0,True,eaea291a-1e1d-4382-b86f-ac3cc15b8d5a,iNaturalist research-grade observations,https://creativecommons.org/licenses/by-nc/4.0/,"[""NO_DEPTH""]",False,False
0adfaae9-8e5d-494e-969e-6da615e2a90f,https://www.inaturalist.org/observations/287081981,Amphiprion ocellaris,urn:lsid:marinespecies.org:taxname:278400,278400,,4.4303021241,118.636393207,2025-05-27T14:09:00+08:00,,HumanObservation,urn:lsid:marinespecies.org:taxname:278400,196087.0,True,eaea291a-1e1d-4382-b86f-ac3cc15b8d5a,iNaturalist research-grade observations,https://creativecommons.org/licenses/by-nc/4.0/,"[""NO_DEPTH""]",False,False
0d22e985-f1d0-4ca5-9f0d-0cf72b1eea45,https://www.inaturalist.org/observations/94200567,Amphiprion ocellaris,urn:lsid:marinespecies.org:taxname:278400,278400,,5.772151,103.039326,2001-04-15,,HumanObservation,urn:lsid:marinespecies.org:taxname:278400,,True,eaea291a-1e1d-4382-b86f-ac3cc15b8d5a,iNaturalist research-grade observations,https://creativecommons.org/licenses/by-nc/4.0/,"[""NO_DEPTH""]",False,False
0dbc9bcb-a172-438d-a179-228420203d67,https://www.inaturalist.org/observations/133911916,Amphiprion ocellaris,urn:lsid:marinespecies.org:taxname:278400,278400,,6.5025287503,117.917735962,2022-07-25T15:46:00+08:00,,HumanObservation,urn:lsid:marinespecies.org:taxname:278400,1056.0,True,eaea291a-1e1d-4382-b86f-ac3cc15b8d5a,iNaturalist research-grade observations,https://creativecommons.org/licenses/by/4.0/,"[""NO_DEPTH""]",False,False
0f4e5e78-6f7a-429a-9122-aea921b37128,https://www.inaturalist.org/observations/167487796,Amphiprion ocellaris,urn:lsid:marinespecies.org:taxname:278400,278400,,2.8097293142,104.1348165504,2023-05-31T15:19:00+08:00,,HumanObservation,urn:lsid:marinespecies.org:taxname:278400,19.0,True,eaea291a-1e1d-4382-b86f-ac3cc15b8d5a,iNaturalist research-grade observations,https://creativecommons.org/licenses/by-nc/4.0/,"[""NO_DEPTH""]",False,False
0f943c12-3037-4b1f-a48c-4320014bba19,https://www.inaturalist.org/observations/141142214,Amphiprion ocellaris,urn:lsid:marinespecies.org:taxname:278400,278400,,4.2539804257,118.6327089428,2018-08-15T15:05:00+08:00,,HumanObservation,urn:lsid:marinespecies.org:taxname:278400,675.0,True,eaea291a-1e1d-4382-b86f-ac3cc15b8d5a,iNaturalist research-grade observations,https://creativecommons.org/licenses/by-nc/4.0/,"[""NO_DEPTH""]",False,False
0ffc04b3-5818-41dc-88ac-661bafb72687,urn:catalog:CAS:ICH:51420,Amphiprion ocellaris,,278400,,5.790371,103.018433,1975-07-12,1975,PreservedSpecimen,,8860.0,True,d6af0fac-8a21-4d77-8872-f10d471fc0cf,,https://creativecommons.org/publicdomain/zero/1.0/,"[""NO_DEPTH""]",False,False
1005a352-c807-4a61-a3cd-b7be5bdc52c1,https://www.inaturalist.org/observations/271109101,Amphiprion ocellaris,urn:lsid:marinespecies.org:taxname:278400,278400,,6.4882885942,116.3272128298,2025-03-23T03:48:40+08:00,,HumanObservation,urn:lsid:marinespecies.org:taxname:278400,17001.0,True,eaea291a-1e1d-4382-b86f-ac3cc15b8d5a,iNaturalist research-grade observations,https://creativecommons.org/licenses/by-nc/4.0/,"[""NO_DEPTH""]",False,False
10cb8722-74d4-4330-8c7c-ddb2d768c5b3,https://www.inaturalist.org/observations/196848416,Amphiprion ocellaris,urn:lsid:marinespecies.org:taxname:278400,278400,,6.2392674655,99.7035578453,2022-03-09T11:12:00+08:00,,HumanObservation,urn:lsid:marinespecies.org:taxname:278400,3906.0,True,eaea291a-1e1d-4382-b86f-ac3cc15b8d5a,iNaturalist research-grade observations,https://creativecommons.org/licenses/by-nc/4.0/,"[""NO_DEPTH""]",False,False
11d06ee5-eef1-4ec9-b9b1-c2fa933ec502,https://www.inaturalist.org/observations/245911382,Amphiprion ocellaris,urn:lsid:marinespecies.org:taxname:278400,278400,,5.9672372735,116.0148813409,2024-10-04T14:41:00+08:00,,HumanObservation,urn:lsid:marinespecies.org:taxname:278400,30.0,True,eaea291a-1e1d-4382-b86f-ac3cc15b8d5a,iNaturalist research-grade observations,https://creativecommons.org/licenses/by-nc/4.0/,"[""NO_DEPTH""]",False,False
12d370ef-6531-47c8-a728-171d0c459cb9,https://www.inaturalist.org/observations/298895091,Amphiprion ocellaris,urn:lsid:marinespecies.org:taxname:278400,278400,,4.5762588,118.9489446,2025-07-06T13:44:00+08:00,,HumanObservation,urn:lsid:marinespecies.org:taxname:278400,739.0,True,eaea291a-1e1d-4382-b86f-ac3cc15b8d5a,iNaturalist research-grade observations,https://creativecommons.org/licenses/by-nc/4.0/,"[""NO_DEPTH"",""ON_LAND""]",False,False
13128ea1-a03f-4ef6-afc7-842849c7e960,https://www.inaturalist.org/observations/204934826,Amphiprion ocellaris,urn:lsid:marinespecies.org:taxname:278400,278400,,5.9744859286,116.0030279426,2007-07-21T13:40:00+08:00,,HumanObservation,urn:lsid:marinespecies.org:taxname:278400,1000.0,True,eaea291a-1e1d-4382-b86f-ac3cc15b8d5a,iNaturalist research-grade observations,https://creativecommons.org/licenses/by-nc/4.0/,"[""NO_DEPTH""]",False,False
136b22b6-864a-4615-8384-b4bef4a664a6,https://www.inaturalist.org/observations/262560302,Amphiprion ocellaris,urn:lsid:marinespecies.org:taxname:278400,278400,,6.0088791255,116.0114584534,2012-09-02T04:14:00+08:00,,HumanObservation,urn:lsid:marinespecies.org:taxname:278400,61.0,True,eaea291a-1e1d-4382-b86f-ac3cc15b8d5a,iNaturalist research-grade observations,https://creativecommons.org/licenses/by-nc/4.0/,"[""NO_DEPTH""]",False,False
13962641-c965-4208-8923-891b32da806c,https://www.inaturalist.org/observations/88507989,Amphiprion ocellaris,urn:lsid:marinespecies.org:taxname:278400,278400,,5.909231,102.747995,2019-08-20,,HumanObservation,urn:lsid:marinespecies.org:taxname:278400,5190.0,True,eaea291a-1e1d-4382-b86f-ac3cc15b8d5a,iNaturalist research-grade observations,https://creativecommons.org/licenses/by-nc/4.0/,"[""NO_DEPTH"",""ON_LAND""]",False,False
13a4a28f-eecc-4389-80c9-dd0d29063f8e,https://www.inaturalist.org/observations/352018095,Amphiprion ocellaris,urn:lsid:marinespecies.org:taxname:278400,278400,,2.9332206,104.0975916,2026-04-20T09:48:00+08:00,,HumanObservation,urn:lsid:marinespecies.org:taxname:278400,502.0,True,eaea291a-1e1d-4382-b86f-ac3cc15b8d5a,iNaturalist research-grade observations,https://creativecommons.org/licenses/by-nc/4.0/,"[""NO_DEPTH"",""ON_LAND""]",False,False
13cf8fc0-f0fd-47be-928c-ec4d9b0df761,https://www.inaturalist.org/observations/35436437,Amphiprion ocellaris,urn:lsid:marinespecies.org:taxname:278400,278400,,5.9745850563,116.0080566406,2019-10-28T11:47:11+11:00,,HumanObservation,urn:lsid:marinespecies.org:taxname:278400,,True,eaea291a-1e1d-4382-b86f-ac3cc15b8d5a,iNaturalist research-grade observations,https://creativecommons.org/licenses/by/4.0/,"[""NO_DEPTH""]",False,False
14c2ee19-a1c4-4fe9-9a06-822723eb1bee,https://www.inaturalist.org/observations/30745711,Amphiprion ocellaris,urn:lsid:marinespecies.org:taxname:278400,278400,,2.8101149659,104.1349811379,2019-08-09T10:56:00+08:00,,HumanObservation,urn:lsid:marinespecies.org:taxname:278400,8.0,True,eaea291a-1e1d-4382-b86f-ac3cc15b8d5a,iNaturalist research-grade observations,https://creativecommons.org/licenses/by-nc/4.0/,"[""NO_DEPTH""]",False,False
155a5ecc-e846-4156-a329-b1639af3eef9,https://www.inaturalist.org/observations/307988661,Amphiprion ocellaris,urn:lsid:marinespecies.org:taxname:278400,278400,,5.6215984494,103.0570157862,2025-08-19T11:41:19+08:00,,HumanObservation,urn:lsid:marinespecies.org:taxname:278400,540.0,True,eaea291a-1e1d-4382-b86f-ac3cc15b8d5a,iNaturalist research-grade observations,https://creativecommons.org/licenses/by-nc/4.0/,"[""NO_DEPTH""]",False,False
16b658ea-5bd4-4dab-9862-c9405931bf48,https://www.inaturalist.org/observations/317706517,Amphiprion ocellaris,urn:lsid:marinespecies.org:taxname:278400,278400,,5.9212998245,102.7259134703,2025-09-15T13:54:00+08:00,,HumanObservation,urn:lsid:marinespecies.org:taxname:278400,312.0,True,eaea291a-1e1d-4382-b86f-ac3cc15b8d5a,iNaturalist research-grade observations,https://creativecommons.org/licenses/by-nc/4.0/,"[""NO_DEPTH""]",False,False
18117e99-5bc0-44d6-a698-69a662d65118,https://www.inaturalist.org/observations/68799311,Amphiprion ocellaris,urn:lsid:marinespecies.org:taxname:278400,278400,,4.5964316345,118.8616854649,2018-12-18T18:04:00+11:00,,HumanObservation,urn:lsid:marinespecies.org:taxname:278400,122.0,True,eaea291a-1e1d-4382-b86f-ac3cc15b8d5a,iNaturalist research-grade observations,https://creativecommons.org/licenses/by-nc/4.0/,"[""NO_DEPTH""]",False,False
1871fabd-47b0-4100-8052-37b388eeac6e,https://www.inaturalist.org/observations/262559070,Amphiprion ocellaris,urn:lsid:marinespecies.org:taxname:278400,278400,,6.0066518405,116.0035766201,2012-08-19T06:49:00+08:00,,HumanObservation,urn:lsid:marinespecies.org:taxname:278400,818.0,True,eaea291a-1e1d-4382-b86f-ac3cc15b8d5a,iNaturalist research-grade observations,https://creativecommons.org/licenses/by-nc/4.0/,"[""NO_DEPTH""]",False,False
19cf60d9-1c49-4989-92c5-72701d8d7158,https://www.inaturalist.org/observations/167487789,Amphiprion ocellaris,urn:lsid:marinespecies.org:taxname:278400,278400,,2.8098977417,104.1348935172,2023-05-31T15:09:00+08:00,,HumanObservation,urn:lsid:marinespecies.org:taxname:278400,32.0,True,eaea291a-1e1d-4382-b86f-ac3cc15b8d5a,iNaturalist research-grade observations,https://creativecommons.org/licenses/by-nc/4.0/,"[""NO_DEPTH""]",False,False
1af48c34-4c4b-4556-9084-0c1642bff556,https://www.inaturalist.org/observations/345118693,Amphiprion ocellaris,urn:lsid:marinespecies.org:taxname:278400,278400,,5.7625147112,103.0282595992,2012-04-30T16:59:00+08:00,,HumanObservation,urn:lsid:marinespecies.org:taxname:278400,244.0,True,eaea291a-1e1d-4382-b86f-ac3cc15b8d5a,iNaturalist research-grade observations,https://creativecommons.org/licenses/by-nc/4.0/,"[""NO_DEPTH""]",False,False
1b25cb52-0710-4977-ac53-9c333c08bf11,https://www.inaturalist.org/observations/205281410,Amphiprion ocellaris,urn:lsid:marinespecies.org:taxname:278400,278400,,6.0081237643,116.0059198062,2007-09-16T13:34:00+08:00,,HumanObservation,urn:lsid:marinespecies.org:taxname:278400,500.0,True,eaea291a-1e1d-4382-b86f-ac3cc15b8d5a,iNaturalist research-grade observations,https://creativecommons.org/licenses/by-nc/4.0/,"[""NO_DEPTH"",""ON_LAND""]",False,False
1bc7c781-9c77-4c0c-9b2e-bc7a4f60935c,https://www.inaturalist.org/observations/227064499,Amphiprion ocellaris,urn:lsid:marinespecies.org:taxname:278400,278400,,5.965668665,116.0145803358,2024-07-04T11:28:00+08:00,,HumanObservation,urn:lsid:marinespecies.org:taxname:278400,4.0,True,eaea291a-1e1d-4382-b86f-ac3cc15b8d5a,iNaturalist research-grade observations,https://creativecommons.org/licenses/by-nc/4.0/,"[""NO_DEPTH""]",False,False
1c2ddb24-1fec-42eb-b061-bad79f670b01,https://www.inaturalist.org/observations/208858138,Amphiprion ocellaris,urn:lsid:marinespecies.org:taxname:278400,278400,,6.0081237643,116.0059198062,2008-08-30T13:10:00+08:00,,HumanObservation,urn:lsid:marinespecies.org:taxname:278400,500.0,True,eaea291a-1e1d-4382-b86f-ac3cc15b8d5a,iNaturalist research-grade observations,https://creativecommons.org/licenses/by-nc/4.0/,"[""NO_DEPTH"",""ON_LAND""]",False,False
1cf8e3a9-d206-4ed4-ad41-6e701bdb8674,https://www.inaturalist.org/observations/152525801,Amphiprion ocellaris,urn:lsid:marinespecies.org:taxname:278400,278400,,4.1184841224,118.6263749027,2006-01-12T02:48:00+08:00,,HumanObservation,urn:lsid:marinespecies.org:taxname:278400,1074.0,True,eaea291a-1e1d-4382-b86f-ac3cc15b8d5a,iNaturalist research-grade observations,https://creativecommons.org/licenses/by-nc/4.0/,"[""NO_DEPTH""]",False,False
1daaa4fa-7cba-4731-84ae-a26c4b657d43,https://www.inaturalist.org/observations/263392876,Amphiprion ocellaris,urn:lsid:marinespecies.org:taxname:278400,278400,,4.5272628732,118.8467067953,2013-05-07T09:59:00+08:00,,HumanObservation,urn:lsid:marinespecies.org:taxname:278400,2729.0,True,eaea291a-1e1d-4382-b86f-ac3cc15b8d5a,iNaturalist research-grade observations,https://creativecommons.org/licenses/by-nc/4.0/,"[""NO_DEPTH""]",False,False
1e0d7be1-7a21-447b-a3f8-00296a2fd554,https://www.inaturalist.org/observations/296455770,Amphiprion ocellaris,urn:lsid:marinespecies.org:taxname:278400,278400,,5.2196672756,103.2618069796,2025-07-09T12:00:58+08:00,,HumanObservation,urn:lsid:marinespecies.org:taxname:278400,3.0,True,eaea291a-1e1d-4382-b86f-ac3cc15b8d5a,iNaturalist research-grade observations,https://creativecommons.org/licenses/by-nc/4.0/,"[""NO_DEPTH"",""ON_LAND""]",False,False
1e35f132-1b2a-44fe-8ffc-895033000de5,https://www.inaturalist.org/observations/38027203,Amphiprion ocellaris,urn:lsid:marinespecies.org:taxname:278400,278400,,4.5958254,118.8643398,2020-01-11T09:32:00+08:00,,HumanObservation,urn:lsid:marinespecies.org:taxname:278400,577.0,True,eaea291a-1e1d-4382-b86f-ac3cc15b8d5a,iNaturalist research-grade observations,https://creativecommons.org/licenses/by-nc/4.0/,"[""NO_DEPTH"",""ON_LAND""]",False,False
1ea6fcd3-3cd3-49cf-910e-8dc98fa9ac00,https://www.inaturalist.org/observations/200908372,Amphiprion ocellaris,urn:lsid:marinespecies.org:taxname:278400,278400,,5.9669571456,116.0151341981,2024-03-01T11:46:00+08:00,,HumanObservation,urn:lsid:marinespecies.org:taxname:278400,40.0,True,eaea291a-1e1d-4382-b86f-ac3cc15b8d5a,iNaturalist research-grade observations,https://creativecommons.org/licenses/by-nc/4.0/,"[""NO_DEPTH""]",False,False
1f458d4d-2282-4ec1-8236-8dc98fc96731,https://www.inaturalist.org/observations/302270786,Amphiprion ocellaris,urn:lsid:marinespecies.org:taxname:278400,278400,,5.9049081339,102.7430902049,2025-06-29T13:57:03+08:00,,HumanObservation,urn:lsid:marinespecies.org:taxname:278400,44.0,True,eaea291a-1e1d-4382-b86f-ac3cc15b8d5a,iNaturalist research-grade observations,https://creativecommons.org/licenses/by-nc/4.0/,"[""NO_DEPTH""]",False,False
1f594bf9-85a2-4675-8394-a71dade29a27,https://www.inaturalist.org/observations/253605489,Amphiprion ocellaris,urn:lsid:marinespecies.org:taxname:278400,278400,,5.9675600768,116.0150429577,2024-11-17T07:29:00+08:00,,HumanObservation,urn:lsid:marinespecies.org:taxname:278400,2.0,True,eaea291a-1e1d-4382-b86f-ac3cc15b8d5a,iNaturalist research-grade observations,https://creativecommons.org/licenses/by-nc/4.0/,"[""NO_DEPTH""]",False,False
201ec6b0-d740-4af3-885b-82d33abb2082,https://www.inaturalist.org/observations/84506508,Amphiprion ocellaris,urn:lsid:marinespecies.org:taxname:278400,278400,,2.7912715269,104.2366523569,2016-05-22T15:47:00-07:00,,HumanObservation,urn:lsid:marinespecies.org:taxname:278400,4152.0,True,eaea291a-1e1d-4382-b86f-ac3cc15b8d5a,iNaturalist research-grade observations,https://creativecommons.org/licenses/by/4.0/,"[""NO_DEPTH""]",False,False
21e11bae-319c-43d4-a014-d95a0f372de4,https://www.inaturalist.org/observations/19134596,Amphiprion ocellaris,urn:lsid:marinespecies.org:taxname:278400,278400,,4.5958254,118.8643398,2018-12-21T09:17:00+08:00,,HumanObservation,urn:lsid:marinespecies.org:taxname:278400,577.0,True,eaea291a-1e1d-4382-b86f-ac3cc15b8d5a,iNaturalist research-grade observations,https://creativecommons.org/licenses/by-nc/4.0/,"[""NO_DEPTH"",""ON_LAND""]",False,False
22fdcbc6-8125-4fd2-9638-caf090f36bdb,https://www.inaturalist.org/observations/88508125,Amphiprion ocellaris,urn:lsid:marinespecies.org:taxname:278400,278400,,5.909231,102.747995,2019-08-20,,HumanObservation,urn:lsid:marinespecies.org:taxname:278400,5190.0,True,eaea291a-1e1d-4382-b86f-ac3cc15b8d5a,iNaturalist research-grade observations,https://creativecommons.org/licenses/by-nc/4.0/,"[""NO_DEPTH"",""ON_LAND""]",False,False
23576cd6-92ad-4f07-beb5-220848e27d1f,https://www.inaturalist.org/observations/222785486,Amphiprion ocellaris,urn:lsid:marinespecies.org:taxname:278400,278400,,4.2193373468,118.6514969752,2024-06-06T11:37:00+08:00,,HumanObservation,urn:lsid:marinespecies.org:taxname:278400,6594.0,True,eaea291a-1e1d-4382-b86f-ac3cc15b8d5a,iNaturalist research-grade observations,https://creativecommons.org/licenses/by-nc/4.0/,"[""NO_DEPTH""]",False,False
237d8116-6f5f-4826-b1dc-46f8cb494053,https://www.inaturalist.org/observations/344943594,Amphiprion ocellaris,urn:lsid:marinespecies.org:taxname:278400,278400,,4.5958254,118.8643398,2026-03-04T16:12:00+08:00,,HumanObservation,urn:lsid:marinespecies.org:taxname:278400,1000.0,True,eaea291a-1e1d-4382-b86f-ac3cc15b8d5a,iNaturalist research-grade observations,https://creativecommons.org/licenses/by-nc/4.0/,"[""NO_DEPTH"",""ON_LAND""]",False,False
24e89d3f-d1d8-4efb-a81c-8074c0492a30,https://www.inaturalist.org/observations/230253544,Amphiprion ocellaris,urn:lsid:marinespecies.org:taxname:278400,278400,,5.2190038192,103.264904581,2024-06-27T17:45:28+08:00,,HumanObservation,urn:lsid:marinespecies.org:taxname:278400,1550.0,True,eaea291a-1e1d-4382-b86f-ac3cc15b8d5a,iNaturalist research-grade observations,https://creativecommons.org/licenses/by-nc/4.0/,"[""NO_DEPTH"",""ON_LAND""]",False,False
2538d501-57f0-4af2-8421-2622ab801698,https://www.inaturalist.org/observations/24173598,Amphiprion ocellaris,urn:lsid:marinespecies.org:taxname:278400,278400,,2.7319582468,104.135742793,2010-02-03T19:41:00+10:00,,HumanObservation,urn:lsid:marinespecies.org:taxname:278400,135.0,True,eaea291a-1e1d-4382-b86f-ac3cc15b8d5a,iNaturalist research-grade observations,https://creativecommons.org/licenses/by-nc/4.0/,"[""NO_DEPTH""]",False,False
25c4aae1-de8f-42c8-a4df-f2ea22c7f8be,https://www.inaturalist.org/observations/208866317,Amphiprion ocellaris,urn:lsid:marinespecies.org:taxname:278400,278400,,6.0081237643,116.0059198062,2008-09-11T13:48:00+08:00,,HumanObservation,urn:lsid:marinespecies.org:taxname:278400,500.0,True,eaea291a-1e1d-4382-b86f-ac3cc15b8d5a,iNaturalist research-grade observations,https://creativecommons.org/licenses/by-nc/4.0/,"[""NO_DEPTH"",""ON_LAND""]",False,False
25dd1be2-6f56-418a-aafb-92e073b98e01,https://www.inaturalist.org/observations/184972371,Amphiprion ocellaris,urn:lsid:marinespecies.org:taxname:278400,278400,,5.9658104623,116.0026461561,2023-09-20T12:14:00+08:00,,HumanObservation,urn:lsid:marinespecies.org:taxname:278400,2289.0,True,eaea291a-1e1d-4382-b86f-ac3cc15b8d5a,iNaturalist research-grade observations,https://creativecommons.org/licenses/by-nc/4.0/,"[""NO_DEPTH""]",False,False
26774d1c-7472-4911-9eb2-3dde2af1228c,https://www.inaturalist.org/observations/122709220,Amphiprion ocellaris,urn:lsid:marinespecies.org:taxname:278400,278400,,5.915707476,102.7238033099,2009-03-29T03:49:00+08:00,,HumanObservation,urn:lsid:marinespecies.org:taxname:278400,489.0,True,eaea291a-1e1d-4382-b86f-ac3cc15b8d5a,iNaturalist research-grade observations,https://creativecommons.org/licenses/by-nc/4.0/,"[""NO_DEPTH""]",False,False
26eb353f-d508-4557-894e-dbc24305ee66,https://www.inaturalist.org/observations/349926638,Amphiprion ocellaris,urn:lsid:marinespecies.org:taxname:278400,278400,,2.8170789,104.1582809,2026-04-08T11:00:00+08:00,,HumanObservation,urn:lsid:marinespecies.org:taxname:278400,11574.0,True,eaea291a-1e1d-4382-b86f-ac3cc15b8d5a,iNaturalist research-grade observations,https://creativecommons.org/licenses/by-nc/4.0/,"[""NO_DEPTH"",""ON_LAND""]",False,False
271cabf4-8e3c-4892-bd80-40eeb037a025,https://www.inaturalist.org/observations/316096519,Amphiprion ocellaris,urn:lsid:marinespecies.org:taxname:278400,278400,,2.4624067212,104.5180921482,2025-09-23T14:22:00+08:00,,HumanObservation,urn:lsid:marinespecies.org:taxname:278400,8391.0,True,eaea291a-1e1d-4382-b86f-ac3cc15b8d5a,iNaturalist research-grade observations,https://creativecommons.org/licenses/by-nc/4.0/,"[""NO_DEPTH"",""ON_LAND""]",False,False
27b82656-54e1-49c5-98f8-30ef000b5063,https://www.inaturalist.org/observations/338448209,Amphiprion ocellaris,urn:lsid:marinespecies.org:taxname:278400,278400,,6.9990928259,116.7283328623,2025-04-10,,HumanObservation,urn:lsid:marinespecies.org:taxname:278400,106.0,True,eaea291a-1e1d-4382-b86f-ac3cc15b8d5a,iNaturalist research-grade observations,https://creativecommons.org/licenses/by-nc/4.0/,"[""NO_DEPTH""]",False,False
28e4965d-0b5c-4b8f-9adb-ce3cb3d582a1,https://www.inaturalist.org/observations/239453760,Amphiprion ocellaris,urn:lsid:marinespecies.org:taxname:278400,278400,,5.9056803241,116.0251552787,2024-06-26T17:04:00+08:00,,HumanObservation,urn:lsid:marinespecies.org:taxname:278400,31368.0,True,eaea291a-1e1d-4382-b86f-ac3cc15b8d5a,iNaturalist research-grade observations,https://creativecommons.org/licenses/by-nc/4.0/,"[""NO_DEPTH""]",False,False
2bdc625b-dd85-4b6d-90b0-e9867d722c21,https://www.inaturalist.org/observations/304404790,Amphiprion ocellaris,urn:lsid:marinespecies.org:taxname:278400,278400,,5.8933656772,102.7540557459,2025-06-30T14:28:49+08:00,,HumanObservation,urn:lsid:marinespecies.org:taxname:278400,40.0,True,eaea291a-1e1d-4382-b86f-ac3cc15b8d5a,iNaturalist research-grade observations,https://creativecommons.org/licenses/by-nc/4.0/,"[""NO_DEPTH""]",False,False
2d20be59-581c-41e9-b850-52f14acf492d,https://www.inaturalist.org/observations/239553887,Amphiprion ocellaris,urn:lsid:marinespecies.org:taxname:278400,278400,,5.8048372501,116.0545291868,2024-06-28T10:51:00+08:00,,HumanObservation,urn:lsid:marinespecies.org:taxname:278400,31368.0,True,eaea291a-1e1d-4382-b86f-ac3cc15b8d5a,iNaturalist research-grade observations,https://creativecommons.org/licenses/by-nc/4.0/,"[""NO_DEPTH"",""ON_LAND""]",False,False
2d3e768b-cdfa-4179-8322-803163666a72,https://www.inaturalist.org/observations/205279629,Amphiprion ocellaris,urn:lsid:marinespecies.org:taxname:278400,278400,,6.0192445031,116.0071981115,2007-09-16T10:04:00+08:00,,HumanObservation,urn:lsid:marinespecies.org:taxname:278400,500.0,True,eaea291a-1e1d-4382-b86f-ac3cc15b8d5a,iNaturalist research-grade observations,https://creativecommons.org/licenses/by-nc/4.0/,"[""NO_DEPTH""]",False,False
2e0a8c58-ae95-4010-ab75-574f69929f06,https://www.inaturalist.org/observations/251070547,Amphiprion ocellaris,urn:lsid:marinespecies.org:taxname:278400,278400,,5.9746485532,116.0063204169,2019-04-16T10:56:00+08:00,,HumanObservation,urn:lsid:marinespecies.org:taxname:278400,42.0,True,eaea291a-1e1d-4382-b86f-ac3cc15b8d5a,iNaturalist research-grade observations,https://creativecommons.org/licenses/by-nc/4.0/,"[""NO_DEPTH""]",False,False
2fa3b60c-e9f3-4d5b-a77b-7ee32367b1fc,https://www.inaturalist.org/observations/239553356,Amphiprion ocellaris,urn:lsid:marinespecies.org:taxname:278400,278400,,5.889389573,116.1185023802,2024-06-28T10:48:00+08:00,,HumanObservation,urn:lsid:marinespecies.org:taxname:278400,31368.0,True,eaea291a-1e1d-4382-b86f-ac3cc15b8d5a,iNaturalist research-grade observations,https://creativecommons.org/licenses/by-nc/4.0/,"[""NO_DEPTH"",""ON_LAND""]",False,False
30421333-f78d-4168-bb9d-5d104ce19fae,https://www.inaturalist.org/observations/37954100,Amphiprion ocellaris,urn:lsid:marinespecies.org:taxname:278400,278400,,5.7223553162,115.6641098012,2012-02-17T13:22:00-05:00,,HumanObservation,urn:lsid:marinespecies.org:taxname:278400,4.0,True,eaea291a-1e1d-4382-b86f-ac3cc15b8d5a,iNaturalist research-grade observations,https://creativecommons.org/licenses/by-nc/4.0/,"[""NO_DEPTH""]",False,False
307f58b3-9ff9-4013-8d95-3600059e0476,https://www.inaturalist.org/observations/246141343,Amphiprion ocellaris,urn:lsid:marinespecies.org:taxname:278400,278400,,5.9745926539,116.0037871365,2024-10-05T14:44:00+08:00,,HumanObservation,urn:lsid:marinespecies.org:taxname:278400,30.0,True,eaea291a-1e1d-4382-b86f-ac3cc15b8d5a,iNaturalist research-grade observations,https://creativecommons.org/licenses/by-nc/4.0/,"[""NO_DEPTH""]",False,False
31e25739-4809-407b-a820-2289b09b553c,https://www.inaturalist.org/observations/37588322,Amphiprion ocellaris,urn:lsid:marinespecies.org:taxname:278400,278400,,4.5762588,118.9489446,2020-01-12T10:57:00+08:00,,HumanObservation,urn:lsid:marinespecies.org:taxname:278400,1000.0,True,eaea291a-1e1d-4382-b86f-ac3cc15b8d5a,iNaturalist research-grade observations,https://creativecommons.org/licenses/by-nc/4.0/,"[""NO_DEPTH"",""ON_LAND""]",False,False
323358ea-fa8b-4f29-b785-7651e73bb121,https://www.inaturalist.org/observations/200891385,Amphiprion ocellaris,urn:lsid:marinespecies.org:taxname:278400,278400,,5.9651421322,116.0143500799,2024-03-01T10:23:00+08:00,,HumanObservation,urn:lsid:marinespecies.org:taxname:278400,40.0,True,eaea291a-1e1d-4382-b86f-ac3cc15b8d5a,iNaturalist research-grade observations,https://creativecommons.org/licenses/by-nc/4.0/,"[""NO_DEPTH""]",False,False
339345b3-0339-4856-b27b-f173881396ba,https://www.inaturalist.org/observations/251074100,Amphiprion ocellaris,urn:lsid:marinespecies.org:taxname:278400,278400,,5.9655196745,116.0144180538,2019-04-18T10:20:00+08:00,,HumanObservation,urn:lsid:marinespecies.org:taxname:278400,14.0,True,eaea291a-1e1d-4382-b86f-ac3cc15b8d5a,iNaturalist research-grade observations,https://creativecommons.org/licenses/by-nc/4.0/,"[""NO_DEPTH""]",False,False
33c5adff-4078-4dc4-b4cc-777c0a032a34,https://www.inaturalist.org/observations/337024547,Amphiprion ocellaris,urn:lsid:marinespecies.org:taxname:278400,278400,,2.23125434,104.06060252,2025-10-17T13:02:00+08:00,,HumanObservation,urn:lsid:marinespecies.org:taxname:278400,,True,eaea291a-1e1d-4382-b86f-ac3cc15b8d5a,iNaturalist research-grade observations,https://creativecommons.org/licenses/by-nc/4.0/,"[""NO_DEPTH"",""ON_LAND""]",False,False
34776c73-2cef-42ef-9b8f-543ecaa5caee,https://www.inaturalist.org/observations/153814254,Amphiprion ocellaris,urn:lsid:marinespecies.org:taxname:278400,278400,,5.9748994392,116.0047538895,2023-04-07,,HumanObservation,urn:lsid:marinespecies.org:taxname:278400,56.0,True,eaea291a-1e1d-4382-b86f-ac3cc15b8d5a,iNaturalist research-grade observations,https://creativecommons.org/licenses/by/4.0/,"[""NO_DEPTH""]",False,False
34aa3567-d8cc-425e-9357-2c919eb60e79,https://www.inaturalist.org/observations/24173590,Amphiprion ocellaris,urn:lsid:marinespecies.org:taxname:278400,278400,,2.7452722222,104.1213916667,2013-10-06T19:02:00+10:00,,HumanObservation,urn:lsid:marinespecies.org:taxname:278400,,True,eaea291a-1e1d-4382-b86f-ac3cc15b8d5a,iNaturalist research-grade observations,https://creativecommons.org/licenses/by-nc/4.0/,"[""NO_DEPTH""]",False,False
34f1d455-4b43-496f-91af-950eedc7379c,https://www.inaturalist.org/observations/84181451,Amphiprion ocellaris,urn:lsid:marinespecies.org:taxname:278400,278400,,5.7728782678,103.0128386128,2017-06-22T09:38:00+03:00,,HumanObservation,urn:lsid:marinespecies.org:taxname:278400,7813.0,True,eaea291a-1e1d-4382-b86f-ac3cc15b8d5a,iNaturalist research-grade observations,https://creativecommons.org/licenses/by-nc/4.0/,"[""NO_DEPTH"",""ON_LAND""]",False,False
356b2921-9b05-4b9b-9fd1-1312e0783c6a,https://www.inaturalist.org/observations/262389211,Amphiprion ocellaris,urn:lsid:marinespecies.org:taxname:278400,278400,,4.1149742,118.6286669,2012-07-25T04:33:00+08:00,,HumanObservation,urn:lsid:marinespecies.org:taxname:278400,1664.0,True,eaea291a-1e1d-4382-b86f-ac3cc15b8d5a,iNaturalist research-grade observations,https://creativecommons.org/licenses/by-nc/4.0/,"[""NO_DEPTH"",""ON_LAND""]",False,False
3678c96b-f1e6-4604-9994-dd0f9cae7516,https://www.inaturalist.org/observations/122707191,Amphiprion ocellaris,urn:lsid:marinespecies.org:taxname:278400,278400,,5.9153455113,102.7236633729,2009-03-27T07:08:00+08:00,,HumanObservation,urn:lsid:marinespecies.org:taxname:278400,357.0,True,eaea291a-1e1d-4382-b86f-ac3cc15b8d5a,iNaturalist research-grade observations,https://creativecommons.org/licenses/by-nc/4.0/,"[""NO_DEPTH"",""ON_LAND""]",False,False
36f31a1d-69f4-4f6b-91c1-e6be8a75f221,https://www.inaturalist.org/observations/211558773,Amphiprion ocellaris,urn:lsid:marinespecies.org:taxname:278400,278400,,6.0073192426,116.02289416,2009-01-04T12:39:00+08:00,,HumanObservation,urn:lsid:marinespecies.org:taxname:278400,250.0,True,eaea291a-1e1d-4382-b86f-ac3cc15b8d5a,iNaturalist research-grade observations,https://creativecommons.org/licenses/by-nc/4.0/,"[""NO_DEPTH""]",False,False
385995fb-97dd-438c-8b6a-74c61e7e38db,https://www.inaturalist.org/observations/205854940,Amphiprion ocellaris,urn:lsid:marinespecies.org:taxname:278400,278400,,6.0154034029,116.0016191167,2007-11-17T11:56:00+08:00,,HumanObservation,urn:lsid:marinespecies.org:taxname:278400,500.0,True,eaea291a-1e1d-4382-b86f-ac3cc15b8d5a,iNaturalist research-grade observations,https://creativecommons.org/licenses/by-nc/4.0/,"[""NO_DEPTH""]",False,False
38e13007-e82f-43c1-942a-4858a78aa0ed,https://www.inaturalist.org/observations/379321786,Amphiprion ocellaris,urn:lsid:marinespecies.org:taxname:278400,278400,,4.8086618841,103.676618044,2026-07-05T13:00:00+08:00,,HumanObservation,urn:lsid:marinespecies.org:taxname:278400,222.0,True,eaea291a-1e1d-4382-b86f-ac3cc15b8d5a,iNaturalist research-grade observations,https://creativecommons.org/licenses/by-nc/4.0/,"[""NO_DEPTH""]",False,False
3a565227-ea74-4848-a658-8cd5c0462335,https://www.inaturalist.org/observations/185251289,Amphiprion ocellaris,urn:lsid:marinespecies.org:taxname:278400,278400,,5.2190041,103.2649049,2023-09-21T16:03:00+08:00,,HumanObservation,urn:lsid:marinespecies.org:taxname:278400,1549.0,True,eaea291a-1e1d-4382-b86f-ac3cc15b8d5a,iNaturalist research-grade observations,https://creativecommons.org/licenses/by-nc/4.0/,"[""NO_DEPTH"",""ON_LAND""]",False,False
3a7fbb9e-7ee3-49f3-9b48-7c9286dfa846,https://www.inaturalist.org/observations/175690632,Amphiprion ocellaris,urn:lsid:marinespecies.org:taxname:278400,278400,,4.2441226545,118.625171405,2023-07-30T10:45:00+08:00,,HumanObservation,urn:lsid:marinespecies.org:taxname:278400,408.0,True,eaea291a-1e1d-4382-b86f-ac3cc15b8d5a,iNaturalist research-grade observations,https://creativecommons.org/licenses/by-nc/4.0/,"[""NO_DEPTH""]",False,False
3accfc52-587f-40c3-b533-cb985741852f,https://www.inaturalist.org/observations/256166500,Amphiprion ocellaris,urn:lsid:marinespecies.org:taxname:278400,278400,,4.2495716161,118.6309559523,2024-12-25T16:53:36+08:00,,HumanObservation,urn:lsid:marinespecies.org:taxname:278400,35.0,True,eaea291a-1e1d-4382-b86f-ac3cc15b8d5a,iNaturalist research-grade observations,https://creativecommons.org/licenses/by-nc/4.0/,"[""NO_DEPTH""]",False,False
3b418d3f-3d12-4321-835d-edb073f20bae,https://www.inaturalist.org/observations/263176877,Amphiprion ocellaris,urn:lsid:marinespecies.org:taxname:278400,278400,,5.9626300603,115.9896509644,2013-04-10T06:36:00+08:00,,HumanObservation,urn:lsid:marinespecies.org:taxname:278400,61.0,True,eaea291a-1e1d-4382-b86f-ac3cc15b8d5a,iNaturalist research-grade observations,https://creativecommons.org/licenses/by-nc/4.0/,"[""NO_DEPTH""]",False,False
3bf1cf82-3e46-4f86-9231-61004098ccde,https://www.inaturalist.org/observations/164320303,Amphiprion ocellaris,urn:lsid:marinespecies.org:taxname:278400,278400,,4.1220204284,118.6307717288,2023-05-10T14:08:00+08:00,,HumanObservation,urn:lsid:marinespecies.org:taxname:278400,400.0,True,eaea291a-1e1d-4382-b86f-ac3cc15b8d5a,iNaturalist research-grade observations,https://creativecommons.org/licenses/by-nc/4.0/,"[""NO_DEPTH""]",False,False
3db471fa-1540-430c-867e-802499cdd5bb,https://www.inaturalist.org/observations/307678127,Amphiprion ocellaris,urn:lsid:marinespecies.org:taxname:278400,278400,,4.2500458212,118.6310075558,2025-08-20T13:22:18+08:00,,HumanObservation,urn:lsid:marinespecies.org:taxname:278400,375.0,True,eaea291a-1e1d-4382-b86f-ac3cc15b8d5a,iNaturalist research-grade observations,https://creativecommons.org/licenses/by-nc/4.0/,"[""NO_DEPTH""]",False,False
3fac0f69-d787-4a4d-8d70-5732578effb7,https://www.inaturalist.org/observations/107667022,Amphiprion ocellaris,urn:lsid:marinespecies.org:taxname:278400,278400,,5.909231023,102.7479949297,2017-05-26T10:13:00+10:00,,HumanObservation,urn:lsid:marinespecies.org:taxname:278400,5190.0,True,eaea291a-1e1d-4382-b86f-ac3cc15b8d5a,iNaturalist research-grade observations,https://creativecommons.org/licenses/by-nc/4.0/,"[""NO_DEPTH"",""ON_LAND""]",False,False
3ffbe1d8-fd9f-47f2-9060-60a3e401d5dc,https://www.inaturalist.org/observations/207603247,Amphiprion ocellaris,urn:lsid:marinespecies.org:taxname:278400,278400,,5.9645178819,116.0134107741,2008-07-04T12:18:00+08:00,,HumanObservation,urn:lsid:marinespecies.org:taxname:278400,600.0,True,eaea291a-1e1d-4382-b86f-ac3cc15b8d5a,iNaturalist research-grade observations,https://creativecommons.org/licenses/by-nc/4.0/,"[""NO_DEPTH""]",False,False
404406a2-7ed4-4a86-82fc-b01506d15a44,https://www.inaturalist.org/observations/202946513,Amphiprion ocellaris,urn:lsid:marinespecies.org:taxname:278400,278400,,4.2206376,118.6884563,2010-12-15T12:32:00+08:00,,HumanObservation,urn:lsid:marinespecies.org:taxname:278400,535.0,True,eaea291a-1e1d-4382-b86f-ac3cc15b8d5a,iNaturalist research-grade observations,https://creativecommons.org/licenses/by-nc/4.0/,"[""NO_DEPTH"",""ON_LAND""]",False,False
415433cd-8158-4170-aeff-1de3ff9400cf,https://www.inaturalist.org/observations/304403322,Amphiprion ocellaris,urn:lsid:marinespecies.org:taxname:278400,278400,,5.893264292,102.7542435005,2025-06-30T14:27:36+08:00,,HumanObservation,urn:lsid:marinespecies.org:taxname:278400,44.0,True,eaea291a-1e1d-4382-b86f-ac3cc15b8d5a,iNaturalist research-grade observations,https://creativecommons.org/licenses/by-nc/4.0/,"[""NO_DEPTH""]",False,False
41ef7d9d-2a5f-4ba4-84c4-7d2c40089871,https://www.inaturalist.org/observations/263270910,Amphiprion ocellaris,urn:lsid:marinespecies.org:taxname:278400,278400,,6.0069004521,116.0064056738,2013-06-18T05:02:00+08:00,,HumanObservation,urn:lsid:marinespecies.org:taxname:278400,8.0,True,eaea291a-1e1d-4382-b86f-ac3cc15b8d5a,iNaturalist research-grade observations,https://creativecommons.org/licenses/by-nc/4.0/,"[""NO_DEPTH""]",False,False
423535bc-b7fd-40e8-ba87-c86df273a227,https://www.inaturalist.org/observations/201177553,Amphiprion ocellaris,urn:lsid:marinespecies.org:taxname:278400,278400,,6.0096572356,116.007804672,2010-02-28T11:56:00+08:00,,HumanObservation,urn:lsid:marinespecies.org:taxname:278400,2315.0,True,eaea291a-1e1d-4382-b86f-ac3cc15b8d5a,iNaturalist research-grade observations,https://creativecommons.org/licenses/by-nc/4.0/,"[""NO_DEPTH""]",False,False
43ee1944-46ba-499c-adb6-2d52c520f766,https://www.inaturalist.org/observations/42037903,Amphiprion ocellaris,urn:lsid:marinespecies.org:taxname:278400,278400,,4.1731660191,118.6440320906,2012-08-26T03:51:00-04:00,,HumanObservation,urn:lsid:marinespecies.org:taxname:278400,7441.0,True,eaea291a-1e1d-4382-b86f-ac3cc15b8d5a,iNaturalist research-grade observations,https://creativecommons.org/licenses/by-nc/4.0/,"[""NO_DEPTH""]",False,False
44a7c98e-1bce-4929-9195-96ca186e76e3,https://www.inaturalist.org/observations/200607511,Amphiprion ocellaris,urn:lsid:marinespecies.org:taxname:278400,278400,,2.8432286133,104.1310930853,2005-08-02,,HumanObservation,urn:lsid:marinespecies.org:taxname:278400,500.0,True,eaea291a-1e1d-4382-b86f-ac3cc15b8d5a,iNaturalist research-grade observations,https://creativecommons.org/licenses/by-nc/4.0/,"[""NO_DEPTH""]",False,False
451c0635-25ba-480d-aacf-77dc86954fdf,https://www.inaturalist.org/observations/27724693,Amphiprion ocellaris,urn:lsid:marinespecies.org:taxname:278400,278400,,2.8095385194,104.1351715014,2019-06-22T17:01:00+08:00,,HumanObservation,urn:lsid:marinespecies.org:taxname:278400,4.0,True,eaea291a-1e1d-4382-b86f-ac3cc15b8d5a,iNaturalist research-grade observations,https://creativecommons.org/licenses/by-nc/4.0/,"[""NO_DEPTH""]",False,False
454604a9-cbe9-4301-a4bf-c01855957a3d,https://www.inaturalist.org/observations/256646181,Amphiprion ocellaris,urn:lsid:marinespecies.org:taxname:278400,278400,,4.5958254,118.8643398,2024-06-18T08:08:00+08:00,,HumanObservation,urn:lsid:marinespecies.org:taxname:278400,577.0,True,eaea291a-1e1d-4382-b86f-ac3cc15b8d5a,iNaturalist research-grade observations,https://creativecommons.org/licenses/by-nc/4.0/,"[""NO_DEPTH"",""ON_LAND""]",False,False
4565ff17-7bf6-4bd1-b0f1-9e9f71a83cf4,https://www.inaturalist.org/observations/275425213,Amphiprion ocellaris,urn:lsid:marinespecies.org:taxname:278400,278400,,6.0106889986,115.9999339537,2015-07-24T10:19:00+08:00,,HumanObservation,urn:lsid:marinespecies.org:taxname:278400,103.0,True,eaea291a-1e1d-4382-b86f-ac3cc15b8d5a,iNaturalist research-grade observations,https://creativecommons.org/licenses/by-nc/4.0/,"[""NO_DEPTH""]",False,False
458c75a4-0183-4e03-bad8-3876a2d81813,https://www.inaturalist.org/observations/16019410,Amphiprion ocellaris,urn:lsid:marinespecies.org:taxname:278400,278400,,5.9138061,102.7166888863,2015-09-11T10:58:40+08:00,,HumanObservation,urn:lsid:marinespecies.org:taxname:278400,526.0,True,eaea291a-1e1d-4382-b86f-ac3cc15b8d5a,iNaturalist research-grade observations,https://creativecommons.org/licenses/by-nc/4.0/,"[""NO_DEPTH""]",False,False
46ec5650-ba4a-4a19-9215-ea5d99e69788,https://www.inaturalist.org/observations/204005370,Amphiprion ocellaris,urn:lsid:marinespecies.org:taxname:278400,278400,,6.0081237643,116.0059198062,2006-11-04T10:41:00+08:00,,HumanObservation,urn:lsid:marinespecies.org:taxname:278400,500.0,True,eaea291a-1e1d-4382-b86f-ac3cc15b8d5a,iNaturalist research-grade observations,https://creativecommons.org/licenses/by-nc/4.0/,"[""NO_DEPTH"",""ON_LAND""]",False,False
46f36d6a-499a-4d40-a920-e396584cb9bf,https://www.inaturalist.org/observations/262289185,Amphiprion ocellaris,urn:lsid:marinespecies.org:taxname:278400,278400,,6.0060116442,116.0122884349,2012-07-30T10:16:00+08:00,,HumanObservation,urn:lsid:marinespecies.org:taxname:278400,771.0,True,eaea291a-1e1d-4382-b86f-ac3cc15b8d5a,iNaturalist research-grade observations,https://creativecommons.org/licenses/by-nc/4.0/,"[""NO_DEPTH""]",False,False
4725ecf9-a356-4765-a397-def326e5647e,https://www.inaturalist.org/observations/134123735,Amphiprion ocellaris,urn:lsid:marinespecies.org:taxname:278400,278400,,6.5025287503,117.917735962,2022-07-25T15:46:00+08:00,,HumanObservation,urn:lsid:marinespecies.org:taxname:278400,1056.0,True,eaea291a-1e1d-4382-b86f-ac3cc15b8d5a,iNaturalist research-grade observations,https://creativecommons.org/licenses/by/4.0/,"[""NO_DEPTH""]",False,False
480819f1-8621-4c06-86d1-1243fe735a82,https://www.inaturalist.org/observations/262559036,Amphiprion ocellaris,urn:lsid:marinespecies.org:taxname:278400,278400,,6.0066518405,116.0035766201,2012-08-19T06:21:00+08:00,,HumanObservation,urn:lsid:marinespecies.org:taxname:278400,818.0,True,eaea291a-1e1d-4382-b86f-ac3cc15b8d5a,iNaturalist research-grade observations,https://creativecommons.org/licenses/by-nc/4.0/,"[""NO_DEPTH""]",False,False
493e3b22-9155-4d28-8721-ab92cf018b91,https://www.inaturalist.org/observations/347161009,Amphiprion ocellaris,urn:lsid:marinespecies.org:taxname:278400,278400,,4.8135974015,103.6753134932,2026-04-03T14:14:00+08:00,,HumanObservation,urn:lsid:marinespecies.org:taxname:278400,684.0,True,eaea291a-1e1d-4382-b86f-ac3cc15b8d5a,iNaturalist research-grade observations,https://creativecommons.org/licenses/by-nc/4.0/,"[""NO_DEPTH""]",False,False
496ac267-ad96-4491-8b78-e5f8dab5bc65,https://www.inaturalist.org/observations/303636847,Amphiprion ocellaris,urn:lsid:marinespecies.org:taxname:278400,278400,,6.5262688,117.9139155,2013-05-07T12:14:00+08:00,,HumanObservation,urn:lsid:marinespecies.org:taxname:278400,340.0,True,eaea291a-1e1d-4382-b86f-ac3cc15b8d5a,iNaturalist research-grade observations,https://creativecommons.org/licenses/by-nc/4.0/,"[""NO_DEPTH""]",False,False
497f8137-a073-42fd-942c-3f5d83ceb7f9,https://www.inaturalist.org/observations/204982057,Amphiprion ocellaris,urn:lsid:marinespecies.org:taxname:278400,278400,,6.0154034029,116.0016191167,2007-08-28T13:37:00+08:00,,HumanObservation,urn:lsid:marinespecies.org:taxname:278400,500.0,True,eaea291a-1e1d-4382-b86f-ac3cc15b8d5a,iNaturalist research-grade observations,https://creativecommons.org/licenses/by-nc/4.0/,"[""NO_DEPTH""]",False,False
4a0db0c1-767f-4769-a5f6-6385d832d2ee,https://www.inaturalist.org/observations/207919544,Amphiprion ocellaris,urn:lsid:marinespecies.org:taxname:278400,278400,,5.9606823809,102.6741743128,2024-04-15T12:00:00+08:00,,HumanObservation,urn:lsid:marinespecies.org:taxname:278400,823.0,True,eaea291a-1e1d-4382-b86f-ac3cc15b8d5a,iNaturalist research-grade observations,https://creativecommons.org/licenses/by-nc/4.0/,"[""NO_DEPTH""]",False,False
4a236170-7fad-4a67-9671-f0f4e6681092,https://www.inaturalist.org/observations/207549388,Amphiprion ocellaris,urn:lsid:marinespecies.org:taxname:278400,278400,,6.0081237643,116.0059198062,2008-07-02T13:17:00+08:00,,HumanObservation,urn:lsid:marinespecies.org:taxname:278400,500.0,True,eaea291a-1e1d-4382-b86f-ac3cc15b8d5a,iNaturalist research-grade observations,https://creativecommons.org/licenses/by-nc/4.0/,"[""NO_DEPTH"",""ON_LAND""]",False,False
4aa3f380-d197-4a68-a07d-9278ff4d670e,https://www.inaturalist.org/observations/46631846,Amphiprion ocellaris,urn:lsid:marinespecies.org:taxname:278400,278400,,4.2496580026,118.6321248644,2012-10-30T12:40:09+01:00,,HumanObservation,urn:lsid:marinespecies.org:taxname:278400,500.0,True,eaea291a-1e1d-4382-b86f-ac3cc15b8d5a,iNaturalist research-grade observations,https://creativecommons.org/licenses/by-nc/4.0/,"[""NO_DEPTH""]",False,False
4b8be09a-ebc0-43cd-921f-2319568a0705,https://www.inaturalist.org/observations/239554451,Amphiprion ocellaris,urn:lsid:marinespecies.org:taxname:278400,278400,,5.9281023311,116.0798854005,2024-06-28T10:55:00+08:00,,HumanObservation,urn:lsid:marinespecies.org:taxname:278400,31368.0,True,eaea291a-1e1d-4382-b86f-ac3cc15b8d5a,iNaturalist research-grade observations,https://creativecommons.org/licenses/by-nc/4.0/,"[""NO_DEPTH"",""ON_LAND""]",False,False
4c017a21-3906-4939-bebc-718484e2951c,https://www.inaturalist.org/observations/35522136,Amphiprion ocellaris,urn:lsid:marinespecies.org:taxname:278400,278400,,6.0084199905,116.0090179443,2019-10-28T14:23:08+11:00,,HumanObservation,urn:lsid:marinespecies.org:taxname:278400,,True,eaea291a-1e1d-4382-b86f-ac3cc15b8d5a,iNaturalist research-grade observations,https://creativecommons.org/licenses/by/4.0/,"[""NO_DEPTH""]",False,False
4d84c4a9-ba37-4a15-b28a-4b009c9870eb,https://www.inaturalist.org/observations/237458902,Amphiprion ocellaris,urn:lsid:marinespecies.org:taxname:278400,278400,,2.8761626821,104.1482286278,2024-08-14T10:01:00+08:00,,HumanObservation,urn:lsid:marinespecies.org:taxname:278400,67.0,True,eaea291a-1e1d-4382-b86f-ac3cc15b8d5a,iNaturalist research-grade observations,https://creativecommons.org/licenses/by-nc/4.0/,"[""NO_DEPTH""]",False,False
4da12b55-e7b6-49ab-b421-6e783cc4e1e1,https://www.inaturalist.org/observations/245977763,Amphiprion ocellaris,urn:lsid:marinespecies.org:taxname:278400,278400,,5.9656264056,116.0145771627,2024-10-04T15:22:00+08:00,,HumanObservation,urn:lsid:marinespecies.org:taxname:278400,40.0,True,eaea291a-1e1d-4382-b86f-ac3cc15b8d5a,iNaturalist research-grade observations,https://creativecommons.org/licenses/by-nc/4.0/,"[""NO_DEPTH""]",False,False
4db9fa1a-d4a1-4a8c-a882-4d6ffef16d67,https://www.inaturalist.org/observations/283579166,Amphiprion ocellaris,urn:lsid:marinespecies.org:taxname:278400,278400,,2.8131009458,104.1353824126,2025-05-24T09:33:39+08:00,,HumanObservation,urn:lsid:marinespecies.org:taxname:278400,520.0,True,eaea291a-1e1d-4382-b86f-ac3cc15b8d5a,iNaturalist research-grade observations,https://creativecommons.org/licenses/by/4.0/,"[""NO_DEPTH""]",False,False
4dd4fcec-bbd7-4e92-8ab4-01ca0174faa4,https://www.inaturalist.org/observations/301269643,Amphiprion ocellaris,urn:lsid:marinespecies.org:taxname:278400,278400,,5.9031055789,102.7401779965,2025-06-29T11:16:06+08:00,,HumanObservation,urn:lsid:marinespecies.org:taxname:278400,47.0,True,eaea291a-1e1d-4382-b86f-ac3cc15b8d5a,iNaturalist research-grade observations,https://creativecommons.org/licenses/by-nc/4.0/,"[""NO_DEPTH""]",False,False
4e8365d1-10b8-467d-a814-24a76f0f802d,https://www.inaturalist.org/observations/340909179,Amphiprion ocellaris,urn:lsid:marinespecies.org:taxname:278400,278400,,2.789034955,104.2053050683,2026-02-28T14:15:00+08:00,,HumanObservation,urn:lsid:marinespecies.org:taxname:278400,163.0,True,eaea291a-1e1d-4382-b86f-ac3cc15b8d5a,iNaturalist research-grade observations,https://creativecommons.org/licenses/by-nc/4.0/,"[""NO_DEPTH""]",False,False
4f4715e8-d0dd-4225-8e7c-0b7888787a4b,https://www.inaturalist.org/observations/239549357,Amphiprion ocellaris,urn:lsid:marinespecies.org:taxname:278400,278400,,5.9283774073,116.1165923902,2024-06-28T10:24:00+08:00,,HumanObservation,urn:lsid:marinespecies.org:taxname:278400,31368.0,True,eaea291a-1e1d-4382-b86f-ac3cc15b8d5a,iNaturalist research-grade observations,https://creativecommons.org/licenses/by-nc/4.0/,"[""NO_DEPTH"",""ON_LAND""]",False,False
4f471a39-aff5-4f06-ba5e-195e77baf583,https://www.inaturalist.org/observations/331864163,Amphiprion ocellaris,urn:lsid:marinespecies.org:taxname:278400,278400,,6.1769876257,99.7283828259,2025-12-22T12:04:04+08:00,,HumanObservation,urn:lsid:marinespecies.org:taxname:278400,,True,eaea291a-1e1d-4382-b86f-ac3cc15b8d5a,iNaturalist research-grade observations,https://creativecommons.org/licenses/by/4.0/,"[""NO_DEPTH""]",False,False
4f47f87d-2ca3-44b9-a0f0-e0f26015625d,https://www.inaturalist.org/observations/311896294,Amphiprion ocellaris,urn:lsid:marinespecies.org:taxname:278400,278400,,5.9333940168,102.7165715405,2025-09-05T15:38:00+08:00,,HumanObservation,urn:lsid:marinespecies.org:taxname:278400,31.0,True,eaea291a-1e1d-4382-b86f-ac3cc15b8d5a,iNaturalist research-grade observations,https://creativecommons.org/publicdomain/zero/1.0/,"[""NO_DEPTH""]",False,False
4f526cc1-071e-4598-999e-5e2ef34fa176,https://www.inaturalist.org/observations/24173599,Amphiprion ocellaris,urn:lsid:marinespecies.org:taxname:278400,278400,,2.7456039991,104.12187166,2012-02-17T10:27:00+10:00,,HumanObservation,urn:lsid:marinespecies.org:taxname:278400,288.0,True,eaea291a-1e1d-4382-b86f-ac3cc15b8d5a,iNaturalist research-grade observations,https://creativecommons.org/licenses/by-nc/4.0/,"[""NO_DEPTH""]",False,False
50b2094c-749d-4c0a-a228-45b9c1294c86,https://www.inaturalist.org/observations/352032795,Amphiprion ocellaris,urn:lsid:marinespecies.org:taxname:278400,278400,,2.9140367149,104.100594755,2026-04-20T11:36:00+08:00,,HumanObservation,urn:lsid:marinespecies.org:taxname:278400,746.0,True,eaea291a-1e1d-4382-b86f-ac3cc15b8d5a,iNaturalist research-grade observations,https://creativecommons.org/licenses/by-nc/4.0/,"[""NO_DEPTH""]",False,False
51ac2cc7-fa80-4dee-ab3b-6c67a2a96ce6,https://www.inaturalist.org/observations/246251607,Amphiprion ocellaris,urn:lsid:marinespecies.org:taxname:278400,278400,,5.9671469205,116.0148625646,2024-10-07T12:08:00+08:00,,HumanObservation,urn:lsid:marinespecies.org:taxname:278400,40.0,True,eaea291a-1e1d-4382-b86f-ac3cc15b8d5a,iNaturalist research-grade observations,https://creativecommons.org/licenses/by-nc/4.0/,"[""NO_DEPTH""]",False,False
521fdd45-aaf7-4e05-a822-7b6edeb86ac9,https://www.inaturalist.org/observations/256672938,Amphiprion ocellaris,urn:lsid:marinespecies.org:taxname:278400,278400,,4.5958254,118.8643398,2024-08-15T20:18:00+08:00,,HumanObservation,urn:lsid:marinespecies.org:taxname:278400,577.0,True,eaea291a-1e1d-4382-b86f-ac3cc15b8d5a,iNaturalist research-grade observations,https://creativecommons.org/licenses/by-nc/4.0/,"[""NO_DEPTH"",""ON_LAND""]",False,False
54396e76-b9f7-4f39-8df7-7a9ed0e465ec,https://www.inaturalist.org/observations/298891327,Amphiprion ocellaris,urn:lsid:marinespecies.org:taxname:278400,278400,,4.5762588,118.9489446,2025-07-06T12:46:00+08:00,,HumanObservation,urn:lsid:marinespecies.org:taxname:278400,739.0,True,eaea291a-1e1d-4382-b86f-ac3cc15b8d5a,iNaturalist research-grade observations,https://creativecommons.org/licenses/by-nc/4.0/,"[""NO_DEPTH"",""ON_LAND""]",False,False
5444fb35-0b53-4bd7-a4c8-55049c89d498,https://www.inaturalist.org/observations/373689015,Amphiprion ocellaris,urn:lsid:marinespecies.org:taxname:278400,278400,,5.92691,102.72706,2026-06-14T17:32:51+08:00,,HumanObservation,urn:lsid:marinespecies.org:taxname:278400,,True,eaea291a-1e1d-4382-b86f-ac3cc15b8d5a,iNaturalist research-grade observations,https://creativecommons.org/licenses/by-nc/4.0/,"[""NO_DEPTH""]",False,False
54b53298-5eca-4109-8d4f-830af033cf64,https://www.inaturalist.org/observations/110949319,Amphiprion ocellaris,urn:lsid:marinespecies.org:taxname:278400,278400,,5.9737759031,116.0022336831,2010-12-21T20:17:00Z,,HumanObservation,urn:lsid:marinespecies.org:taxname:278400,129.0,True,eaea291a-1e1d-4382-b86f-ac3cc15b8d5a,iNaturalist research-grade observations,https://creativecommons.org/licenses/by-nc/4.0/,"[""NO_DEPTH""]",False,False
55c088fa-1952-49d3-a0b8-6ee3853a17c8,https://www.inaturalist.org/observations/337024662,Amphiprion ocellaris,urn:lsid:marinespecies.org:taxname:278400,278400,,2.23125434,104.06060252,2025-10-17T14:17:00+08:00,,HumanObservation,urn:lsid:marinespecies.org:taxname:278400,,True,eaea291a-1e1d-4382-b86f-ac3cc15b8d5a,iNaturalist research-grade observations,https://creativecommons.org/licenses/by-nc/4.0/,"[""NO_DEPTH"",""ON_LAND""]",False,False
57ea7bf5-5656-425e-a3a6-5ace0ce858e9,https://www.inaturalist.org/observations/263398509,Amphiprion ocellaris,urn:lsid:marinespecies.org:taxname:278400,278400,,4.5958254,118.8643398,2013-05-11T03:47:00+08:00,,HumanObservation,urn:lsid:marinespecies.org:taxname:278400,577.0,True,eaea291a-1e1d-4382-b86f-ac3cc15b8d5a,iNaturalist research-grade observations,https://creativecommons.org/licenses/by-nc/4.0/,"[""NO_DEPTH"",""ON_LAND""]",False,False
57f94999-f132-41d0-ac87-ba2355fc41bf,https://www.inaturalist.org/observations/101376968,Amphiprion ocellaris,urn:lsid:marinespecies.org:taxname:278400,278400,,5.909231,102.743875,2013-07-30T23:16:00+08:00,,HumanObservation,urn:lsid:marinespecies.org:taxname:278400,4809.0,True,eaea291a-1e1d-4382-b86f-ac3cc15b8d5a,iNaturalist research-grade observations,https://creativecommons.org/licenses/by-nc/4.0/,"[""NO_DEPTH""]",False,False
58a212b1-62c5-44a3-9390-87f1fa298d68,https://www.inaturalist.org/observations/305608893,Amphiprion ocellaris,urn:lsid:marinespecies.org:taxname:278400,278400,,2.8979854943,104.0510182422,2025-05-17,,HumanObservation,urn:lsid:marinespecies.org:taxname:278400,360.0,True,eaea291a-1e1d-4382-b86f-ac3cc15b8d5a,iNaturalist research-grade observations,https://creativecommons.org/licenses/by-nc/4.0/,"[""NO_DEPTH"",""ON_LAND""]",False,False
58bfc31f-f96c-424a-b1da-81f79e9498ca,https://www.inaturalist.org/observations/184972388,Amphiprion ocellaris,urn:lsid:marinespecies.org:taxname:278400,278400,,5.9658104623,116.0026461561,2023-09-20T15:12:00+08:00,,HumanObservation,urn:lsid:marinespecies.org:taxname:278400,2289.0,True,eaea291a-1e1d-4382-b86f-ac3cc15b8d5a,iNaturalist research-grade observations,https://creativecommons.org/licenses/by-nc/4.0/,"[""NO_DEPTH""]",False,False
5a2cde22-4bad-46ef-9b0f-787b77cd68ad,https://www.inaturalist.org/observations/204940405,Amphiprion ocellaris,urn:lsid:marinespecies.org:taxname:278400,278400,,6.0081237643,116.0059198062,2007-07-25T10:17:00+08:00,,HumanObservation,urn:lsid:marinespecies.org:taxname:278400,500.0,True,eaea291a-1e1d-4382-b86f-ac3cc15b8d5a,iNaturalist research-grade observations,https://creativecommons.org/licenses/by-nc/4.0/,"[""NO_DEPTH"",""ON_LAND""]",False,False
5a4d127e-b425-4107-bb71-0e08b1b81df4,https://www.inaturalist.org/observations/205426436,Amphiprion ocellaris,urn:lsid:marinespecies.org:taxname:278400,278400,,6.011496354,116.0099524862,2007-09-16T16:05:00+08:00,,HumanObservation,urn:lsid:marinespecies.org:taxname:278400,100.0,True,eaea291a-1e1d-4382-b86f-ac3cc15b8d5a,iNaturalist research-grade observations,https://creativecommons.org/licenses/by-nc/4.0/,"[""NO_DEPTH""]",False,False
5ab217be-bc7c-4f64-85be-96481b6e9f51,https://www.inaturalist.org/observations/269428604,Amphiprion ocellaris,urn:lsid:marinespecies.org:taxname:278400,278400,,4.1149740479,118.6286668852,2025-04-07T11:44:08+08:00,,HumanObservation,urn:lsid:marinespecies.org:taxname:278400,349.0,True,eaea291a-1e1d-4382-b86f-ac3cc15b8d5a,iNaturalist research-grade observations,https://creativecommons.org/licenses/by-nc/4.0/,"[""NO_DEPTH"",""ON_LAND""]",False,False
5b1f6883-d6e8-4b92-922e-7e1e6c0f4bcf,https://www.inaturalist.org/observations/213938488,Amphiprion ocellaris,urn:lsid:marinespecies.org:taxname:278400,278400,,6.0081237643,116.0059198062,2009-04-04T12:57:00+08:00,,HumanObservation,urn:lsid:marinespecies.org:taxname:278400,500.0,True,eaea291a-1e1d-4382-b86f-ac3cc15b8d5a,iNaturalist research-grade observations,https://creativecommons.org/licenses/by-nc/4.0/,"[""NO_DEPTH"",""ON_LAND""]",False,False
5b3f906b-4361-4fc3-8d8c-e571409bac3b,https://www.inaturalist.org/observations/167487803,Amphiprion ocellaris,urn:lsid:marinespecies.org:taxname:278400,278400,,2.8094191947,104.1347974502,2023-05-31T15:38:00+08:00,,HumanObservation,urn:lsid:marinespecies.org:taxname:278400,31.0,True,eaea291a-1e1d-4382-b86f-ac3cc15b8d5a,iNaturalist research-grade observations,https://creativecommons.org/licenses/by-nc/4.0/,"[""NO_DEPTH""]",False,False
5c4e09c7-5033-44b7-a0d9-de605f486bce,https://www.inaturalist.org/observations/203840529,Amphiprion ocellaris,urn:lsid:marinespecies.org:taxname:278400,278400,,5.7844402893,103.0068925023,2024-03-21T12:11:08+08:00,,HumanObservation,urn:lsid:marinespecies.org:taxname:278400,5550.0,True,eaea291a-1e1d-4382-b86f-ac3cc15b8d5a,iNaturalist research-grade observations,https://creativecommons.org/licenses/by-nc/4.0/,"[""NO_DEPTH"",""ON_LAND""]",False,False
5c8ed0c8-d83c-40b0-9735-48a17c2640ae,https://www.inaturalist.org/observations/238555822,Amphiprion ocellaris,urn:lsid:marinespecies.org:taxname:278400,278400,,2.8194583149,104.1738591207,2024-05-18T16:13:25+08:00,,HumanObservation,urn:lsid:marinespecies.org:taxname:278400,14218.0,True,eaea291a-1e1d-4382-b86f-ac3cc15b8d5a,iNaturalist research-grade observations,https://creativecommons.org/licenses/by-nc/4.0/,"[""NO_DEPTH"",""ON_LAND""]",False,False
5c96546a-46eb-45ce-9076-2ad0ab9083c9,https://www.inaturalist.org/observations/213319708,Amphiprion ocellaris,urn:lsid:marinespecies.org:taxname:278400,278400,,2.52330327,103.97395324,2024-05-04T11:40:00+08:00,,HumanObservation,urn:lsid:marinespecies.org:taxname:278400,130.0,True,eaea291a-1e1d-4382-b86f-ac3cc15b8d5a,iNaturalist research-grade observations,https://creativecommons.org/licenses/by-nc/4.0/,"[""NO_DEPTH"",""ON_LAND""]",False,False
5cd066dc-f3b9-4360-8bc0-2676eb48787f,https://www.inaturalist.org/observations/49724143,Amphiprion ocellaris,urn:lsid:marinespecies.org:taxname:278400,278400,,6.0239333638,116.0230849975,2020-03-04,,HumanObservation,urn:lsid:marinespecies.org:taxname:278400,3820.0,True,eaea291a-1e1d-4382-b86f-ac3cc15b8d5a,iNaturalist research-grade observations,https://creativecommons.org/licenses/by-nc/4.0/,"[""NO_DEPTH"",""ON_LAND""]",False,False
5d7aae03-4998-4f11-892d-cd7113f247f2,https://www.inaturalist.org/observations/200911568,Amphiprion ocellaris,urn:lsid:marinespecies.org:taxname:278400,278400,,5.9676754573,116.0151548132,2024-03-01T12:11:00+08:00,,HumanObservation,urn:lsid:marinespecies.org:taxname:278400,40.0,True,eaea291a-1e1d-4382-b86f-ac3cc15b8d5a,iNaturalist research-grade observations,https://creativecommons.org/licenses/by-nc/4.0/,"[""NO_DEPTH""]",False,False
5ec10669-f1b6-4678-aa43-85886fab2a99,https://www.inaturalist.org/observations/15942264,Amphiprion ocellaris,urn:lsid:marinespecies.org:taxname:278400,278400,,5.913053742,102.7154017612,2009-08-04T08:16:00+08:00,,HumanObservation,urn:lsid:marinespecies.org:taxname:278400,263.0,True,eaea291a-1e1d-4382-b86f-ac3cc15b8d5a,iNaturalist research-grade observations,https://creativecommons.org/licenses/by-nc/4.0/,"[""NO_DEPTH""]",False,False
5ec77293-67cd-4c37-bd6e-9e3b4157fba9,https://www.inaturalist.org/observations/166989935,Amphiprion ocellaris,urn:lsid:marinespecies.org:taxname:278400,278400,,2.8064177134,104.2119733944,2023-05-31T11:23:00+08:00,,HumanObservation,urn:lsid:marinespecies.org:taxname:278400,547.0,True,eaea291a-1e1d-4382-b86f-ac3cc15b8d5a,iNaturalist research-grade observations,https://creativecommons.org/licenses/by-nc/4.0/,"[""NO_DEPTH""]",False,False
60b1ba31-8c59-4846-aa3e-075bdaef7798,https://www.inaturalist.org/observations/193013443,Amphiprion ocellaris,urn:lsid:marinespecies.org:taxname:278400,278400,,5.757955,103.023753,2001-04-15,,HumanObservation,urn:lsid:marinespecies.org:taxname:278400,,True,eaea291a-1e1d-4382-b86f-ac3cc15b8d5a,iNaturalist research-grade observations,https://creativecommons.org/licenses/by-nc/4.0/,"[""NO_DEPTH""]",False,False
60e2f489-4411-4c9a-821b-53e089434ab8,https://www.inaturalist.org/observations/264286925,Amphiprion ocellaris,urn:lsid:marinespecies.org:taxname:278400,278400,,4.5728365093,118.9496312455,2014-11-02T15:22:00+08:00,,HumanObservation,urn:lsid:marinespecies.org:taxname:278400,1387.0,True,eaea291a-1e1d-4382-b86f-ac3cc15b8d5a,iNaturalist research-grade observations,https://creativecommons.org/licenses/by-nc/4.0/,"[""NO_DEPTH""]",False,False
61891e6b-add6-4f7d-bb94-146baff36f9c,https://www.inaturalist.org/observations/204763030,Amphiprion ocellaris,urn:lsid:marinespecies.org:taxname:278400,278400,,5.9645178819,116.0134107741,2007-05-19T11:50:00+08:00,,HumanObservation,urn:lsid:marinespecies.org:taxname:278400,600.0,True,eaea291a-1e1d-4382-b86f-ac3cc15b8d5a,iNaturalist research-grade observations,https://creativecommons.org/licenses/by-nc/4.0/,"[""NO_DEPTH""]",False,False
61c88ed0-30bf-408a-83ef-dda0aa60d1fc,https://www.inaturalist.org/observations/256252260,Amphiprion ocellaris,urn:lsid:marinespecies.org:taxname:278400,278400,,4.5958254,118.8643398,2024-06-27T10:18:00+08:00,,HumanObservation,urn:lsid:marinespecies.org:taxname:278400,577.0,True,eaea291a-1e1d-4382-b86f-ac3cc15b8d5a,iNaturalist research-grade observations,https://creativecommons.org/licenses/by-nc/4.0/,"[""NO_DEPTH"",""ON_LAND""]",False,False
622452ea-3d1f-4ffa-bd96-0e39ff834de1,https://www.inaturalist.org/observations/216059413,Amphiprion ocellaris,urn:lsid:marinespecies.org:taxname:278400,278400,,5.9422415462,102.6667300612,2024-05-13T10:19:00+08:00,,HumanObservation,urn:lsid:marinespecies.org:taxname:278400,5.0,True,eaea291a-1e1d-4382-b86f-ac3cc15b8d5a,iNaturalist research-grade observations,https://creativecommons.org/licenses/by-nc/4.0/,"[""NO_DEPTH"",""ON_LAND""]",False,False
64acdd40-030a-4ec5-933a-6a3a8753bd1f,https://www.inaturalist.org/observations/221271206,Amphiprion ocellaris,urn:lsid:marinespecies.org:taxname:278400,278400,,5.9653464702,116.0145617364,2019-04-18,,HumanObservation,urn:lsid:marinespecies.org:taxname:278400,53.0,True,eaea291a-1e1d-4382-b86f-ac3cc15b8d5a,iNaturalist research-grade observations,https://creativecommons.org/licenses/by-nc/4.0/,"[""NO_DEPTH""]",False,False
65c4e0c3-7c30-4107-afef-5269c3aed67c,https://www.inaturalist.org/observations/341489384,Amphiprion ocellaris,urn:lsid:marinespecies.org:taxname:278400,278400,,6.0283172519,116.04980506,2026-03-05T09:01:17+08:00,,HumanObservation,urn:lsid:marinespecies.org:taxname:278400,230.0,True,eaea291a-1e1d-4382-b86f-ac3cc15b8d5a,iNaturalist research-grade observations,https://creativecommons.org/publicdomain/zero/1.0/,"[""NO_DEPTH"",""ON_LAND""]",False,False
66f7ba27-95bf-468b-9207-a3201b617f58,https://www.inaturalist.org/observations/153799099,Amphiprion ocellaris,urn:lsid:marinespecies.org:taxname:278400,278400,,2.6623803946,104.1660059918,2023-03-25T10:31:40+08:00,,HumanObservation,urn:lsid:marinespecies.org:taxname:278400,119.0,True,eaea291a-1e1d-4382-b86f-ac3cc15b8d5a,iNaturalist research-grade observations,https://creativecommons.org/licenses/by-nc/4.0/,"[""NO_DEPTH""]",False,False
6869946b-9012-41a4-a7b2-9820c0fb6e99,https://www.inaturalist.org/observations/317221383,Amphiprion ocellaris,urn:lsid:marinespecies.org:taxname:278400,278400,,4.6027552995,118.864039388,2025-09-10T10:04:00+08:00,,HumanObservation,urn:lsid:marinespecies.org:taxname:278400,558.0,True,eaea291a-1e1d-4382-b86f-ac3cc15b8d5a,iNaturalist research-grade observations,https://creativecommons.org/licenses/by-nc/4.0/,"[""NO_DEPTH""]",False,False
688c81a2-091d-4e27-bf46-202683cc594f,https://www.inaturalist.org/observations/36699917,Amphiprion ocellaris,urn:lsid:marinespecies.org:taxname:278400,278400,,4.58256167,118.94690833,2015-05-18T11:04:41+08:00,,HumanObservation,urn:lsid:marinespecies.org:taxname:278400,,True,eaea291a-1e1d-4382-b86f-ac3cc15b8d5a,iNaturalist research-grade observations,https://creativecommons.org/licenses/by-nc/4.0/,"[""NO_DEPTH""]",False,False
68ad91e9-cea0-4ecb-8528-8e0547d9afe1,https://www.inaturalist.org/observations/201756511,Amphiprion ocellaris,urn:lsid:marinespecies.org:taxname:278400,278400,,5.9660261,116.0147711,2018-01-18,,HumanObservation,urn:lsid:marinespecies.org:taxname:278400,211.0,True,eaea291a-1e1d-4382-b86f-ac3cc15b8d5a,iNaturalist research-grade observations,https://creativecommons.org/licenses/by-nc/4.0/,"[""NO_DEPTH""]",False,False
68c210b9-b536-4072-a91d-a74cec2d0d3d,http://www.inaturalist.org/observations/3054135,Amphiprion ocellaris,urn:lsid:marinespecies.org:taxname:278400,278400,,4.114974,118.628667,2005-08-07,,HumanObservation,urn:lsid:marinespecies.org:taxname:278400,388.0,True,eaea291a-1e1d-4382-b86f-ac3cc15b8d5a,iNaturalist research-grade observations,https://creativecommons.org/licenses/by-nc/4.0/,"[""NO_DEPTH"",""ON_LAND""]",False,False
68d93c52-842a-410f-8d5a-5ccc8f59f18d,https://www.inaturalist.org/observations/237400486,Amphiprion ocellaris,urn:lsid:marinespecies.org:taxname:278400,278400,,5.964443,116.012985,2024-08-19T15:48:33+08:00,,HumanObservation,urn:lsid:marinespecies.org:taxname:278400,,True,eaea291a-1e1d-4382-b86f-ac3cc15b8d5a,iNaturalist research-grade observations,https://creativecommons.org/licenses/by-nc/4.0/,"[""NO_DEPTH""]",False,False
6a4e7e99-91a4-4756-9f8b-77ea3c0401b1,https://www.inaturalist.org/observations/245911400,Amphiprion ocellaris,urn:lsid:marinespecies.org:taxname:278400,278400,,5.9672372735,116.0148813409,2024-10-04T14:43:00+08:00,,HumanObservation,urn:lsid:marinespecies.org:taxname:278400,30.0,True,eaea291a-1e1d-4382-b86f-ac3cc15b8d5a,iNaturalist research-grade observations,https://creativecommons.org/licenses/by-nc/4.0/,"[""NO_DEPTH""]",False,False
6c67e84f-8d94-42c5-af60-72794fabfea6,https://www.inaturalist.org/observations/322686231,Amphiprion ocellaris,urn:lsid:marinespecies.org:taxname:278400,278400,,6.0303169981,116.0281219682,2025-09-16T09:55:00+08:00,,HumanObservation,urn:lsid:marinespecies.org:taxname:278400,15.0,True,eaea291a-1e1d-4382-b86f-ac3cc15b8d5a,iNaturalist research-grade observations,https://creativecommons.org/licenses/by-nc/4.0/,"[""NO_DEPTH""]",False,False
6d0bcb08-5ca5-4142-8938-119b89ae4029,https://www.inaturalist.org/observations/262558961,Amphiprion ocellaris,urn:lsid:marinespecies.org:taxname:278400,278400,,6.0097626456,115.9970486754,2012-08-02T04:31:00+08:00,,HumanObservation,urn:lsid:marinespecies.org:taxname:278400,122.0,True,eaea291a-1e1d-4382-b86f-ac3cc15b8d5a,iNaturalist research-grade observations,https://creativecommons.org/licenses/by-nc/4.0/,"[""NO_DEPTH""]",False,False
7060a2f4-f8e9-4a1c-976a-da030a3d8e33,https://www.inaturalist.org/observations/101498244,Amphiprion ocellaris,urn:lsid:marinespecies.org:taxname:278400,278400,,5.909231,102.747995,2013-07-31T00:50:00+08:00,,HumanObservation,urn:lsid:marinespecies.org:taxname:278400,5190.0,True,eaea291a-1e1d-4382-b86f-ac3cc15b8d5a,iNaturalist research-grade observations,https://creativecommons.org/licenses/by-nc/4.0/,"[""NO_DEPTH"",""ON_LAND""]",False,False
71069cb1-0157-4e84-90b0-ded0f02aa436,https://www.inaturalist.org/observations/316967722,Amphiprion ocellaris,urn:lsid:marinespecies.org:taxname:278400,278400,,5.9521609925,102.6728528738,2025-09-27,,HumanObservation,urn:lsid:marinespecies.org:taxname:278400,3677.0,True,eaea291a-1e1d-4382-b86f-ac3cc15b8d5a,iNaturalist research-grade observations,https://creativecommons.org/licenses/by-nc/4.0/,"[""NO_DEPTH""]",False,False
717618dd-d2e2-4fcb-bd80-90d2c086bb1e,https://www.inaturalist.org/observations/239549358,Amphiprion ocellaris,urn:lsid:marinespecies.org:taxname:278400,278400,,5.8158240427,116.1774956716,2024-06-28T10:24:00+08:00,,HumanObservation,urn:lsid:marinespecies.org:taxname:278400,31368.0,True,eaea291a-1e1d-4382-b86f-ac3cc15b8d5a,iNaturalist research-grade observations,https://creativecommons.org/licenses/by-nc/4.0/,"[""NO_DEPTH"",""ON_LAND""]",False,False
7208e1ff-db19-4c4f-a257-99cea6d04882,https://www.inaturalist.org/observations/166989932,Amphiprion ocellaris,urn:lsid:marinespecies.org:taxname:278400,278400,,2.8068034882,104.2114584103,2023-05-31T11:23:00+08:00,,HumanObservation,urn:lsid:marinespecies.org:taxname:278400,619.0,True,eaea291a-1e1d-4382-b86f-ac3cc15b8d5a,iNaturalist research-grade observations,https://creativecommons.org/licenses/by-nc/4.0/,"[""NO_DEPTH""]",False,False
72257cab-2e56-494d-95c9-345313ee3a8d,https://www.inaturalist.org/observations/246141310,Amphiprion ocellaris,urn:lsid:marinespecies.org:taxname:278400,278400,,5.9745926539,116.0037871365,2024-10-05T14:10:00+08:00,,HumanObservation,urn:lsid:marinespecies.org:taxname:278400,30.0,True,eaea291a-1e1d-4382-b86f-ac3cc15b8d5a,iNaturalist research-grade observations,https://creativecommons.org/licenses/by-nc/4.0/,"[""NO_DEPTH""]",False,False
73cf4818-6f02-4f2a-ac1d-857d769772c6,https://www.inaturalist.org/observations/347157598,Amphiprion ocellaris,urn:lsid:marinespecies.org:taxname:278400,278400,,4.803334,103.679691,2026-04-03T10:06:00+08:00,,HumanObservation,urn:lsid:marinespecies.org:taxname:278400,1979.0,True,eaea291a-1e1d-4382-b86f-ac3cc15b8d5a,iNaturalist research-grade observations,https://creativecommons.org/licenses/by-nc/4.0/,"[""NO_DEPTH"",""ON_LAND""]",False,False
742c2ae6-851a-443d-af0b-1f965dff8a7b,https://www.inaturalist.org/observations/206443435,Amphiprion ocellaris,urn:lsid:marinespecies.org:taxname:278400,278400,,6.6993628018,116.3419928839,2010-10-26T15:49:00+08:00,,HumanObservation,urn:lsid:marinespecies.org:taxname:278400,1041.0,True,eaea291a-1e1d-4382-b86f-ac3cc15b8d5a,iNaturalist research-grade observations,https://creativecommons.org/licenses/by-nc/4.0/,"[""NO_DEPTH""]",False,False
74cf09c8-fc26-454e-8ff8-1619a5a18018,https://www.inaturalist.org/observations/310978631,Amphiprion ocellaris,urn:lsid:marinespecies.org:taxname:278400,278400,,4.4910817434,118.7112658471,2025-09-02T15:50:16+08:00,,HumanObservation,urn:lsid:marinespecies.org:taxname:278400,4.0,True,eaea291a-1e1d-4382-b86f-ac3cc15b8d5a,iNaturalist research-grade observations,https://creativecommons.org/licenses/by/4.0/,"[""NO_DEPTH""]",False,False
75663164-3cfb-4596-bb18-b1e3d841a503,https://www.inaturalist.org/observations/206304836,Amphiprion ocellaris,urn:lsid:marinespecies.org:taxname:278400,278400,,6.0154034029,116.0016191167,2008-01-05T10:50:00+08:00,,HumanObservation,urn:lsid:marinespecies.org:taxname:278400,500.0,True,eaea291a-1e1d-4382-b86f-ac3cc15b8d5a,iNaturalist research-grade observations,https://creativecommons.org/licenses/by-nc/4.0/,"[""NO_DEPTH""]",False,False
76555c7e-a1c2-463e-b282-74d1053406be,urn:catalog:S9-5:Asia-Pacific:Yu05.0086,Amphiprion ocellaris,urn:lsid:marinespecies.org:taxname:278400,278400,,2.825,104.155,2004-10-07/2004-10-31,2004,HumanObservation,Present,1000.0,True,04e3fd32-b08b-4806-a016-d2dff52ae55a,Asia-Pacific Dataset,http://creativecommons.org/licenses/by/4.0/legalcode,[],False,False
765aea28-32f6-4821-859f-b4451290deff,https://www.inaturalist.org/observations/207905934,Amphiprion ocellaris,urn:lsid:marinespecies.org:taxname:278400,278400,,5.9241722979,102.7164927852,2024-04-12T15:30:00+08:00,,HumanObservation,urn:lsid:marinespecies.org:taxname:278400,154.0,True,eaea291a-1e1d-4382-b86f-ac3cc15b8d5a,iNaturalist research-grade observations,https://creativecommons.org/licenses/by-nc/4.0/,"[""NO_DEPTH""]",False,False
7704ff91-89af-4959-9976-86b7406be871,https://www.inaturalist.org/observations/93075873,Amphiprion ocellaris,urn:lsid:marinespecies.org:taxname:278400,278400,,4.114439,118.62695,2020-07-22,,HumanObservation,urn:lsid:marinespecies.org:taxname:278400,388.0,True,eaea291a-1e1d-4382-b86f-ac3cc15b8d5a,iNaturalist research-grade observations,https://creativecommons.org/licenses/by-nc/4.0/,"[""NO_DEPTH""]",False,False
77474f8f-7e37-4c2b-9f98-15777b54e3ed,https://www.inaturalist.org/observations/337024738,Amphiprion ocellaris,urn:lsid:marinespecies.org:taxname:278400,278400,,2.23125434,104.06060252,2025-10-17T14:52:00+08:00,,HumanObservation,urn:lsid:marinespecies.org:taxname:278400,,True,eaea291a-1e1d-4382-b86f-ac3cc15b8d5a,iNaturalist research-grade observations,https://creativecommons.org/licenses/by-nc/4.0/,"[""NO_DEPTH"",""ON_LAND""]",False,False
791d6155-021f-47e7-849a-b0dc0faf18fa,https://www.inaturalist.org/observations/196414010,Amphiprion ocellaris,urn:lsid:marinespecies.org:taxname:278400,278400,,4.217768313,118.8874226895,2013-02-04T17:07:00+08:00,,HumanObservation,urn:lsid:marinespecies.org:taxname:278400,13150.0,True,eaea291a-1e1d-4382-b86f-ac3cc15b8d5a,iNaturalist research-grade observations,https://creativecommons.org/licenses/by-nc/4.0/,"[""NO_DEPTH""]",False,False
79e2064b-2db9-4dc8-a857-47f241144185,https://www.inaturalist.org/observations/315361568,Amphiprion ocellaris,urn:lsid:marinespecies.org:taxname:278400,278400,,4.5743035161,118.9910992908,2024-02-24T09:58:12+08:00,,HumanObservation,urn:lsid:marinespecies.org:taxname:278400,31403.0,True,eaea291a-1e1d-4382-b86f-ac3cc15b8d5a,iNaturalist research-grade observations,https://creativecommons.org/licenses/by-nc/4.0/,"[""NO_DEPTH""]",False,False
7a4c940b-8e33-48b3-8996-ab88d0eb0019,https://www.inaturalist.org/observations/239453751,Amphiprion ocellaris,urn:lsid:marinespecies.org:taxname:278400,278400,,5.9043728007,116.0447117221,2024-06-26T17:03:00+08:00,,HumanObservation,urn:lsid:marinespecies.org:taxname:278400,31368.0,True,eaea291a-1e1d-4382-b86f-ac3cc15b8d5a,iNaturalist research-grade observations,https://creativecommons.org/licenses/by-nc/4.0/,"[""NO_DEPTH"",""ON_LAND""]",False,False
7d841546-484c-4d8c-bf72-dc81286be978,https://www.inaturalist.org/observations/151158824,Amphiprion ocellaris,urn:lsid:marinespecies.org:taxname:278400,278400,,6.0307498667,116.0201472049,2018-09-07T03:13:00+08:00,,HumanObservation,urn:lsid:marinespecies.org:taxname:278400,323.0,True,eaea291a-1e1d-4382-b86f-ac3cc15b8d5a,iNaturalist research-grade observations,https://creativecommons.org/publicdomain/zero/1.0/,"[""NO_DEPTH""]",False,False
7dec5b94-278d-49c5-b194-50f7932281a2,https://www.inaturalist.org/observations/296454679,Amphiprion ocellaris,urn:lsid:marinespecies.org:taxname:278400,278400,,5.219634439,103.261928169,2025-07-09T16:20:50+08:00,,HumanObservation,urn:lsid:marinespecies.org:taxname:278400,3.0,True,eaea291a-1e1d-4382-b86f-ac3cc15b8d5a,iNaturalist research-grade observations,https://creativecommons.org/licenses/by-nc/4.0/,"[""NO_DEPTH"",""ON_LAND""]",False,False
7e3d17d9-1912-46cb-b9b9-af7306df8313,https://www.inaturalist.org/observations/167299587,Amphiprion ocellaris,urn:lsid:marinespecies.org:taxname:278400,278400,,2.8100508019,104.1347139828,2023-05-31T15:06:00+08:00,,HumanObservation,urn:lsid:marinespecies.org:taxname:278400,36.0,True,eaea291a-1e1d-4382-b86f-ac3cc15b8d5a,iNaturalist research-grade observations,https://creativecommons.org/licenses/by-nc/4.0/,"[""NO_DEPTH""]",False,False
7eb0f843-53a3-47c0-8f6a-ee079a8fb885,https://www.inaturalist.org/observations/159402906,Amphiprion ocellaris,urn:lsid:marinespecies.org:taxname:278400,278400,,5.760526,103.040662,2001-04-17,,HumanObservation,urn:lsid:marinespecies.org:taxname:278400,,True,eaea291a-1e1d-4382-b86f-ac3cc15b8d5a,iNaturalist research-grade observations,https://creativecommons.org/licenses/by-nc/4.0/,"[""NO_DEPTH""]",False,False
7f209ac9-5310-4bc7-ae4a-105d39b59833,https://www.inaturalist.org/observations/67657774,Amphiprion ocellaris,urn:lsid:marinespecies.org:taxname:278400,278400,,5.9013793026,102.7512086408,2014-07-31,,HumanObservation,urn:lsid:marinespecies.org:taxname:278400,2829.0,True,eaea291a-1e1d-4382-b86f-ac3cc15b8d5a,iNaturalist research-grade observations,https://creativecommons.org/licenses/by-nc/4.0/,"[""NO_DEPTH"",""ON_LAND""]",False,False
7f3ec47b-623d-43e1-84b2-024632d66c71,https://www.inaturalist.org/observations/239553349,Amphiprion ocellaris,urn:lsid:marinespecies.org:taxname:278400,278400,,5.9889651087,116.1793502936,2024-06-28T10:47:00+08:00,,HumanObservation,urn:lsid:marinespecies.org:taxname:278400,31368.0,True,eaea291a-1e1d-4382-b86f-ac3cc15b8d5a,iNaturalist research-grade observations,https://creativecommons.org/licenses/by-nc/4.0/,"[""NO_DEPTH"",""ON_LAND""]",False,False
7fabeb13-1216-4e63-8939-ccde416048a8,https://www.inaturalist.org/observations/201268119,Amphiprion ocellaris,urn:lsid:marinespecies.org:taxname:278400,278400,,6.0112746819,116.0075346281,2010-03-15T12:01:00+08:00,,HumanObservation,urn:lsid:marinespecies.org:taxname:278400,4767.0,True,eaea291a-1e1d-4382-b86f-ac3cc15b8d5a,iNaturalist research-grade observations,https://creativecommons.org/licenses/by-nc/4.0/,"[""NO_DEPTH""]",False,False
7fea1647-8307-4c99-a580-2bc5a4ded58d,https://www.inaturalist.org/observations/260499254,Amphiprion ocellaris,urn:lsid:marinespecies.org:taxname:278400,278400,,5.9098902255,102.7151194587,2025-02-02T15:20:00+08:00,,HumanObservation,urn:lsid:marinespecies.org:taxname:278400,1177.0,True,eaea291a-1e1d-4382-b86f-ac3cc15b8d5a,iNaturalist research-grade observations,https://creativecommons.org/licenses/by-nc/4.0/,"[""NO_DEPTH""]",False,False
7ff34d1f-dd3d-4c32-97fc-febded4ee62b,https://www.inaturalist.org/observations/201902353,Amphiprion ocellaris,urn:lsid:marinespecies.org:taxname:278400,278400,,5.7870050951,103.0204470456,2016-01-01T20:15:58+08:00,,HumanObservation,urn:lsid:marinespecies.org:taxname:278400,487.0,True,eaea291a-1e1d-4382-b86f-ac3cc15b8d5a,iNaturalist research-grade observations,https://creativecommons.org/licenses/by-nc/4.0/,"[""NO_DEPTH""]",False,False
7ffd4891-df1e-4377-8c15-318398534785,https://www.inaturalist.org/observations/82798165,Amphiprion ocellaris,urn:lsid:marinespecies.org:taxname:278400,278400,,5.9882775,116.14278625,2021-05-02T19:11:27+08:00,,HumanObservation,urn:lsid:marinespecies.org:taxname:278400,9395.0,True,eaea291a-1e1d-4382-b86f-ac3cc15b8d5a,iNaturalist research-grade observations,https://creativecommons.org/licenses/by-nc/4.0/,"[""NO_DEPTH"",""ON_LAND""]",False,False
80dee3c0-2dd2-4678-a3c8-d5f7017f3239,https://www.inaturalist.org/observations/239554467,Amphiprion ocellaris,urn:lsid:marinespecies.org:taxname:278400,278400,,5.8050765563,116.1060669503,2024-06-28T10:58:00+08:00,,HumanObservation,urn:lsid:marinespecies.org:taxname:278400,31368.0,True,eaea291a-1e1d-4382-b86f-ac3cc15b8d5a,iNaturalist research-grade observations,https://creativecommons.org/licenses/by-nc/4.0/,"[""NO_DEPTH"",""ON_LAND""]",False,False
81276ca8-721c-4d19-b42f-742b1f78ebee,https://www.inaturalist.org/observations/205832630,Amphiprion ocellaris,urn:lsid:marinespecies.org:taxname:278400,278400,,5.9969520596,116.0371841722,2007-10-27T15:22:00+08:00,,HumanObservation,urn:lsid:marinespecies.org:taxname:278400,400.0,True,eaea291a-1e1d-4382-b86f-ac3cc15b8d5a,iNaturalist research-grade observations,https://creativecommons.org/licenses/by-nc/4.0/,"[""NO_DEPTH""]",False,False
8188640d-dafa-47b2-8c41-dac8b4b488ee,https://www.inaturalist.org/observations/102734961,Amphiprion ocellaris,urn:lsid:marinespecies.org:taxname:278400,278400,,4.2206376,118.6884563,2006-05-18T03:21:00+02:00,,HumanObservation,urn:lsid:marinespecies.org:taxname:278400,2355.0,True,eaea291a-1e1d-4382-b86f-ac3cc15b8d5a,iNaturalist research-grade observations,https://creativecommons.org/licenses/by-nc/4.0/,"[""NO_DEPTH"",""ON_LAND""]",False,False
81a0ac48-169f-4524-9d8d-5632f9f1ac9c,https://www.inaturalist.org/observations/37474450,Amphiprion ocellaris,urn:lsid:marinespecies.org:taxname:278400,278400,,4.5958254,118.8643398,2019-12-29T05:04:00+01:00,,HumanObservation,urn:lsid:marinespecies.org:taxname:278400,577.0,True,eaea291a-1e1d-4382-b86f-ac3cc15b8d5a,iNaturalist research-grade observations,https://creativecommons.org/licenses/by-nc/4.0/,"[""NO_DEPTH"",""ON_LAND""]",False,False
831883fd-341f-466c-92c3-401e371f2264,https://www.inaturalist.org/observations/65393677,Amphiprion ocellaris,urn:lsid:marinespecies.org:taxname:278400,278400,,4.226956,118.68466,2011-09-25T18:39:15+10:00,,HumanObservation,urn:lsid:marinespecies.org:taxname:278400,,True,eaea291a-1e1d-4382-b86f-ac3cc15b8d5a,iNaturalist research-grade observations,https://creativecommons.org/licenses/by-nc/4.0/,"[""NO_DEPTH""]",False,False
834f8a59-3837-4e62-b239-e76704969bad,https://www.inaturalist.org/observations/203866033,Amphiprion ocellaris,urn:lsid:marinespecies.org:taxname:278400,278400,,5.9645178819,116.0134107741,2006-04-26,,HumanObservation,urn:lsid:marinespecies.org:taxname:278400,600.0,True,eaea291a-1e1d-4382-b86f-ac3cc15b8d5a,iNaturalist research-grade observations,https://creativecommons.org/licenses/by-nc/4.0/,"[""NO_DEPTH""]",False,False
83eaa81b-6b06-4b19-b3a9-637501d3e251,https://www.inaturalist.org/observations/200999389,Amphiprion ocellaris,urn:lsid:marinespecies.org:taxname:278400,278400,,6.0097684225,116.0065490306,2009-12-17T14:49:00+08:00,,HumanObservation,urn:lsid:marinespecies.org:taxname:278400,1973.0,True,eaea291a-1e1d-4382-b86f-ac3cc15b8d5a,iNaturalist research-grade observations,https://creativecommons.org/licenses/by-nc/4.0/,"[""NO_DEPTH"",""ON_LAND""]",False,False
865b046b-b312-4092-820c-85f61e1126f2,https://www.inaturalist.org/observations/79915539,Amphiprion ocellaris,urn:lsid:marinespecies.org:taxname:278400,278400,,4.226956,118.68466,2011-09-28T19:42:04+10:00,,HumanObservation,urn:lsid:marinespecies.org:taxname:278400,,True,eaea291a-1e1d-4382-b86f-ac3cc15b8d5a,iNaturalist research-grade observations,https://creativecommons.org/licenses/by-nc/4.0/,"[""NO_DEPTH""]",False,False
867e8d42-ead0-4e39-807e-5be4b45ee323,https://www.inaturalist.org/observations/315185366,Amphiprion ocellaris,urn:lsid:marinespecies.org:taxname:278400,278400,,2.909815268,104.1138460816,2025-09-13T10:00:00+08:00,,HumanObservation,urn:lsid:marinespecies.org:taxname:278400,227.0,True,eaea291a-1e1d-4382-b86f-ac3cc15b8d5a,iNaturalist research-grade observations,https://creativecommons.org/licenses/by-nc/4.0/,"[""NO_DEPTH""]",False,False
8749e8f1-69f4-4b60-9562-2dfe4827f12c,https://www.inaturalist.org/observations/305608887,Amphiprion ocellaris,urn:lsid:marinespecies.org:taxname:278400,278400,,2.8979464457,104.0509538694,2025-05-17,,HumanObservation,urn:lsid:marinespecies.org:taxname:278400,391.0,True,eaea291a-1e1d-4382-b86f-ac3cc15b8d5a,iNaturalist research-grade observations,https://creativecommons.org/licenses/by-nc/4.0/,"[""NO_DEPTH"",""ON_LAND""]",False,False
8763f219-b429-4f01-8a7d-d5bf2de74623,https://www.inaturalist.org/observations/263140440,Amphiprion ocellaris,urn:lsid:marinespecies.org:taxname:278400,278400,,6.00798326,115.99924774,2013-03-31T06:27:00+08:00,,HumanObservation,urn:lsid:marinespecies.org:taxname:278400,122.0,True,eaea291a-1e1d-4382-b86f-ac3cc15b8d5a,iNaturalist research-grade observations,https://creativecommons.org/licenses/by-nc/4.0/,"[""NO_DEPTH""]",False,False
88595911-d501-468a-b7e0-08a3f8225c54,https://www.inaturalist.org/observations/179135237,Amphiprion ocellaris,urn:lsid:marinespecies.org:taxname:278400,278400,,5.9071022,102.7221306,2023-07-06T17:01:00+08:00,,HumanObservation,urn:lsid:marinespecies.org:taxname:278400,3684.0,True,eaea291a-1e1d-4382-b86f-ac3cc15b8d5a,iNaturalist research-grade observations,https://creativecommons.org/licenses/by-nc/4.0/,"[""NO_DEPTH"",""ON_LAND""]",False,False
8870fec0-49ad-4bdd-a721-9e6058b2bc84,https://www.inaturalist.org/observations/165954797,Amphiprion ocellaris,urn:lsid:marinespecies.org:taxname:278400,278400,,6.0069845717,116.0092872831,2023-06-04T22:27:00+08:00,,HumanObservation,urn:lsid:marinespecies.org:taxname:278400,608.0,True,eaea291a-1e1d-4382-b86f-ac3cc15b8d5a,iNaturalist research-grade observations,https://creativecommons.org/licenses/by/4.0/,"[""NO_DEPTH""]",False,False
891a1c62-c860-4e98-aa4a-e8e70bcb3bd6,https://www.inaturalist.org/observations/347152366,Amphiprion ocellaris,urn:lsid:marinespecies.org:taxname:278400,278400,,4.787795,103.6853006,2026-04-02T09:32:00+08:00,,HumanObservation,urn:lsid:marinespecies.org:taxname:278400,1030.0,True,eaea291a-1e1d-4382-b86f-ac3cc15b8d5a,iNaturalist research-grade observations,https://creativecommons.org/licenses/by-nc/4.0/,"[""NO_DEPTH""]",False,False
89742bbb-189f-4daf-a8c2-c16874f68137,https://www.inaturalist.org/observations/184972383,Amphiprion ocellaris,urn:lsid:marinespecies.org:taxname:278400,278400,,5.9658104623,116.0026461561,2023-09-20T15:08:00+08:00,,HumanObservation,urn:lsid:marinespecies.org:taxname:278400,2289.0,True,eaea291a-1e1d-4382-b86f-ac3cc15b8d5a,iNaturalist research-grade observations,https://creativecommons.org/licenses/by-nc/4.0/,"[""NO_DEPTH""]",False,False
89f84f2c-d873-49cc-99a4-34add07c2292,https://www.inaturalist.org/observations/246447603,Amphiprion ocellaris,urn:lsid:marinespecies.org:taxname:278400,278400,,4.5087581643,118.7273409963,2018-02-02T01:31:18+08:00,,HumanObservation,urn:lsid:marinespecies.org:taxname:278400,2703.0,True,eaea291a-1e1d-4382-b86f-ac3cc15b8d5a,iNaturalist research-grade observations,https://creativecommons.org/licenses/by-nc/4.0/,"[""NO_DEPTH""]",False,False
8a65067e-d5b5-48dd-af5a-67ff6642d323,https://www.inaturalist.org/observations/212234275,Amphiprion ocellaris,urn:lsid:marinespecies.org:taxname:278400,278400,,6.011496354,116.0099524862,2009-02-18T15:09:00+08:00,,HumanObservation,urn:lsid:marinespecies.org:taxname:278400,100.0,True,eaea291a-1e1d-4382-b86f-ac3cc15b8d5a,iNaturalist research-grade observations,https://creativecommons.org/licenses/by-nc/4.0/,"[""NO_DEPTH""]",False,False
8b15c08a-e6d9-4d93-96bc-cb3c3d1def2b,https://www.inaturalist.org/observations/122863453,Amphiprion ocellaris,urn:lsid:marinespecies.org:taxname:278400,278400,,5.9153394904,102.7241380994,2009-03-29T03:49:00+08:00,,HumanObservation,urn:lsid:marinespecies.org:taxname:278400,664.0,True,eaea291a-1e1d-4382-b86f-ac3cc15b8d5a,iNaturalist research-grade observations,https://creativecommons.org/licenses/by-nc/4.0/,"[""NO_DEPTH""]",False,False
8b388a62-04d4-47f1-bdc2-88e6ccb6199b,https://www.inaturalist.org/observations/42037751,Amphiprion ocellaris,urn:lsid:marinespecies.org:taxname:278400,278400,,4.1731660191,118.6440320906,2012-08-22T21:30:00-04:00,,HumanObservation,urn:lsid:marinespecies.org:taxname:278400,7441.0,True,eaea291a-1e1d-4382-b86f-ac3cc15b8d5a,iNaturalist research-grade observations,https://creativecommons.org/licenses/by-nc/4.0/,"[""NO_DEPTH""]",False,False
8c3147d2-11dc-4901-8a21-bc23697f8447,https://www.inaturalist.org/observations/213997397,Amphiprion ocellaris,urn:lsid:marinespecies.org:taxname:278400,278400,,5.9645178819,116.0134107741,2009-05-23,,HumanObservation,urn:lsid:marinespecies.org:taxname:278400,600.0,True,eaea291a-1e1d-4382-b86f-ac3cc15b8d5a,iNaturalist research-grade observations,https://creativecommons.org/licenses/by-nc/4.0/,"[""NO_DEPTH""]",False,False
8cdb8c4b-5a93-4caf-8cae-7278047c6db4,https://www.inaturalist.org/observations/203449498,Amphiprion ocellaris,urn:lsid:marinespecies.org:taxname:278400,278400,,4.566405,118.950345,2024-03-20T11:14:00+08:00,,HumanObservation,urn:lsid:marinespecies.org:taxname:278400,200.0,True,eaea291a-1e1d-4382-b86f-ac3cc15b8d5a,iNaturalist research-grade observations,https://creativecommons.org/licenses/by-nc/4.0/,"[""NO_DEPTH""]",False,False
8d07ee90-261c-4bec-bbac-3acdf1e71948,https://www.inaturalist.org/observations/108415819,Amphiprion ocellaris,urn:lsid:marinespecies.org:taxname:278400,278400,,6.3721544203,99.7603462245,2022-03-09T11:12:00+08:00,,HumanObservation,urn:lsid:marinespecies.org:taxname:278400,25000.0,True,eaea291a-1e1d-4382-b86f-ac3cc15b8d5a,iNaturalist research-grade observations,https://creativecommons.org/licenses/by-nc/4.0/,"[""NO_DEPTH"",""ON_LAND""]",False,False
8d28bd56-c46a-45af-811c-1c2b19b23f57,https://www.inaturalist.org/observations/246251602,Amphiprion ocellaris,urn:lsid:marinespecies.org:taxname:278400,278400,,5.9671469205,116.0148625646,2024-10-07T12:07:00+08:00,,HumanObservation,urn:lsid:marinespecies.org:taxname:278400,40.0,True,eaea291a-1e1d-4382-b86f-ac3cc15b8d5a,iNaturalist research-grade observations,https://creativecommons.org/licenses/by-nc/4.0/,"[""NO_DEPTH""]",False,False
8dbd6efe-8c40-444d-8018-b0e99bcdb8d0,https://www.inaturalist.org/observations/369736797,Amphiprion ocellaris,urn:lsid:marinespecies.org:taxname:278400,278400,,5.9111468764,102.7418725738,2026-06-06T08:22:00+08:00,,HumanObservation,urn:lsid:marinespecies.org:taxname:278400,1178.0,True,eaea291a-1e1d-4382-b86f-ac3cc15b8d5a,iNaturalist research-grade observations,https://creativecommons.org/licenses/by-nc/4.0/,"[""NO_DEPTH""]",False,False
8e182e1d-922a-4b10-b91c-92c605e113ec,https://www.inaturalist.org/observations/263073645,Amphiprion ocellaris,urn:lsid:marinespecies.org:taxname:278400,278400,,5.9621786046,115.9895639216,2013-02-09T05:50:00+08:00,,HumanObservation,urn:lsid:marinespecies.org:taxname:278400,122.0,True,eaea291a-1e1d-4382-b86f-ac3cc15b8d5a,iNaturalist research-grade observations,https://creativecommons.org/licenses/by-nc/4.0/,"[""NO_DEPTH""]",False,False
8e1ad41a-357a-4d7a-bbea-45e66fef2894,https://www.inaturalist.org/observations/200891389,Amphiprion ocellaris,urn:lsid:marinespecies.org:taxname:278400,278400,,5.9651421322,116.0143500799,2024-03-01T10:26:00+08:00,,HumanObservation,urn:lsid:marinespecies.org:taxname:278400,40.0,True,eaea291a-1e1d-4382-b86f-ac3cc15b8d5a,iNaturalist research-grade observations,https://creativecommons.org/licenses/by-nc/4.0/,"[""NO_DEPTH""]",False,False
8e523c1b-2d91-4ae2-8826-422ef7a0e62c,https://www.inaturalist.org/observations/263172280,Amphiprion ocellaris,urn:lsid:marinespecies.org:taxname:278400,278400,,6.0224976685,116.0017256208,2013-04-05T06:02:00+08:00,,HumanObservation,urn:lsid:marinespecies.org:taxname:278400,236.0,True,eaea291a-1e1d-4382-b86f-ac3cc15b8d5a,iNaturalist research-grade observations,https://creativecommons.org/licenses/by-nc/4.0/,"[""NO_DEPTH""]",False,False
8efa8c8e-d184-42dc-a331-a39d13fc1323,https://www.inaturalist.org/observations/205621743,Amphiprion ocellaris,urn:lsid:marinespecies.org:taxname:278400,278400,,2.1803954582,104.1087500006,2024-04-05T14:37:59+08:00,,HumanObservation,urn:lsid:marinespecies.org:taxname:278400,143.0,True,eaea291a-1e1d-4382-b86f-ac3cc15b8d5a,iNaturalist research-grade observations,https://creativecommons.org/licenses/by-nc/4.0/,"[""NO_DEPTH""]",False,False
8fcfd691-7703-46d3-8610-0772f26f82bb,https://www.inaturalist.org/observations/256252261,Amphiprion ocellaris,urn:lsid:marinespecies.org:taxname:278400,278400,,4.5958254,118.8643398,2024-06-27T10:18:00+08:00,,HumanObservation,urn:lsid:marinespecies.org:taxname:278400,577.0,True,eaea291a-1e1d-4382-b86f-ac3cc15b8d5a,iNaturalist research-grade observations,https://creativecommons.org/licenses/by-nc/4.0/,"[""NO_DEPTH"",""ON_LAND""]",False,False
90215b43-eebd-41f9-a8ad-282fc8c56c42,https://www.inaturalist.org/observations/305946147,Amphiprion ocellaris,urn:lsid:marinespecies.org:taxname:278400,278400,,5.9048124202,102.7429145202,2025-07-02T11:30:24+08:00,,HumanObservation,urn:lsid:marinespecies.org:taxname:278400,22.0,True,eaea291a-1e1d-4382-b86f-ac3cc15b8d5a,iNaturalist research-grade observations,https://creativecommons.org/licenses/by-nc/4.0/,"[""NO_DEPTH""]",False,False
9108f442-604d-42c2-8343-8b74fef39aa7,https://www.inaturalist.org/observations/239133077,Amphiprion ocellaris,urn:lsid:marinespecies.org:taxname:278400,278400,,6.0114096078,116.0063077734,2018-05-14T12:59:00+08:00,,HumanObservation,urn:lsid:marinespecies.org:taxname:278400,100.0,True,eaea291a-1e1d-4382-b86f-ac3cc15b8d5a,iNaturalist research-grade observations,https://creativecommons.org/licenses/by-nc/4.0/,"[""NO_DEPTH"",""ON_LAND""]",False,False
92674127-c6c6-4670-ad88-d940bb08be82,https://www.inaturalist.org/observations/139305447,Amphiprion ocellaris,urn:lsid:marinespecies.org:taxname:278400,278400,,4.1149742,118.6286669,2022-10-08T10:58:00+08:00,,HumanObservation,urn:lsid:marinespecies.org:taxname:278400,1500.0,True,eaea291a-1e1d-4382-b86f-ac3cc15b8d5a,iNaturalist research-grade observations,https://creativecommons.org/licenses/by-nc/4.0/,"[""NO_DEPTH"",""ON_LAND""]",False,False
94fb4b66-edab-4eb9-9ebb-42fa14cc5bd7,https://www.inaturalist.org/observations/24173592,Amphiprion ocellaris,urn:lsid:marinespecies.org:taxname:278400,278400,,2.7456039991,104.12187166,2014-02-18T11:28:00+10:00,,HumanObservation,urn:lsid:marinespecies.org:taxname:278400,288.0,True,eaea291a-1e1d-4382-b86f-ac3cc15b8d5a,iNaturalist research-grade observations,https://creativecommons.org/licenses/by-nc/4.0/,"[""NO_DEPTH""]",False,False
968d624e-6ff4-4f88-8900-b993e44c295b,https://www.inaturalist.org/observations/325290295,Amphiprion ocellaris,urn:lsid:marinespecies.org:taxname:278400,278400,,4.803334,103.6796909,2025-10-25T10:04:00+08:00,,HumanObservation,urn:lsid:marinespecies.org:taxname:278400,1979.0,True,eaea291a-1e1d-4382-b86f-ac3cc15b8d5a,iNaturalist research-grade observations,https://creativecommons.org/licenses/by-nc/4.0/,"[""NO_DEPTH"",""ON_LAND""]",False,False
982bebcc-61ce-4ed4-8ab8-d5c8c564debd,https://www.inaturalist.org/observations/309422392,Amphiprion ocellaris,urn:lsid:marinespecies.org:taxname:278400,278400,,5.7881876901,102.9010996665,2024-08-30T22:47:19+08:00,,HumanObservation,urn:lsid:marinespecies.org:taxname:278400,320.0,True,eaea291a-1e1d-4382-b86f-ac3cc15b8d5a,iNaturalist research-grade observations,https://creativecommons.org/licenses/by-nc/4.0/,"[""NO_DEPTH""]",False,False
98db765b-2e15-44c7-89d5-5ecc0af8431d,https://www.inaturalist.org/observations/247277733,Amphiprion ocellaris,urn:lsid:marinespecies.org:taxname:278400,278400,,6.0076780892,116.0078572781,2009-12-19T18:48:00+08:00,,HumanObservation,urn:lsid:marinespecies.org:taxname:278400,244.0,True,eaea291a-1e1d-4382-b86f-ac3cc15b8d5a,iNaturalist research-grade observations,https://creativecommons.org/publicdomain/zero/1.0/,"[""NO_DEPTH""]",False,False
991ef3d7-da37-4496-b36a-1b00029307ad,https://www.inaturalist.org/observations/6185881,Amphiprion ocellaris,urn:lsid:marinespecies.org:taxname:278400,278400,,5.975877,116.000749,2014-08-17,,HumanObservation,urn:lsid:marinespecies.org:taxname:278400,908.0,True,eaea291a-1e1d-4382-b86f-ac3cc15b8d5a,iNaturalist research-grade observations,https://creativecommons.org/licenses/by-nc/4.0/,"[""NO_DEPTH"",""ON_LAND""]",False,False
9978ae30-6f00-463c-89ff-e6052a3d93d6,https://www.inaturalist.org/observations/169094337,Amphiprion ocellaris,urn:lsid:marinespecies.org:taxname:278400,278400,,2.8170789,104.1582809,2023-05-31T09:00:00+08:00,,HumanObservation,urn:lsid:marinespecies.org:taxname:278400,11574.0,True,eaea291a-1e1d-4382-b86f-ac3cc15b8d5a,iNaturalist research-grade observations,https://creativecommons.org/licenses/by-nc/4.0/,"[""NO_DEPTH"",""ON_LAND""]",False,False
9a058c57-b154-476f-9d11-224a1ac2442e,https://www.inaturalist.org/observations/305947795,Amphiprion ocellaris,urn:lsid:marinespecies.org:taxname:278400,278400,,5.9041731057,102.7428437769,2025-07-02T11:37:13+08:00,,HumanObservation,urn:lsid:marinespecies.org:taxname:278400,29.0,True,eaea291a-1e1d-4382-b86f-ac3cc15b8d5a,iNaturalist research-grade observations,https://creativecommons.org/licenses/by-nc/4.0/,"[""NO_DEPTH""]",False,False
9ba7f0ad-3718-4d3d-b5dd-d73cb6653dcc,https://www.inaturalist.org/observations/337024747,Amphiprion ocellaris,urn:lsid:marinespecies.org:taxname:278400,278400,,2.23125434,104.06060252,2025-10-17T14:57:00+08:00,,HumanObservation,urn:lsid:marinespecies.org:taxname:278400,,True,eaea291a-1e1d-4382-b86f-ac3cc15b8d5a,iNaturalist research-grade observations,https://creativecommons.org/licenses/by-nc/4.0/,"[""NO_DEPTH"",""ON_LAND""]",False,False
9c54fd50-bf79-4550-a557-3b4ba37a2ee5,https://www.inaturalist.org/observations/214010626,Amphiprion ocellaris,urn:lsid:marinespecies.org:taxname:278400,278400,,6.0081237643,116.0059198062,2009-06-17T12:00:00+08:00,,HumanObservation,urn:lsid:marinespecies.org:taxname:278400,500.0,True,eaea291a-1e1d-4382-b86f-ac3cc15b8d5a,iNaturalist research-grade observations,https://creativecommons.org/licenses/by-nc/4.0/,"[""NO_DEPTH"",""ON_LAND""]",False,False
9d17b8d9-fac0-463b-ae1e-dd977c371719,https://www.inaturalist.org/observations/201267012,Amphiprion ocellaris,urn:lsid:marinespecies.org:taxname:278400,278400,,6.0342533848,116.0295099666,2010-03-14T13:28:00+08:00,,HumanObservation,urn:lsid:marinespecies.org:taxname:278400,488.0,True,eaea291a-1e1d-4382-b86f-ac3cc15b8d5a,iNaturalist research-grade observations,https://creativecommons.org/licenses/by-nc/4.0/,"[""NO_DEPTH""]",False,False
9d28de9f-c562-4d40-acc4-b5f5fc39551c,https://www.inaturalist.org/observations/148952531,Amphiprion ocellaris,urn:lsid:marinespecies.org:taxname:278400,278400,,4.5827611072,118.9496312455,2023-02-12T12:04:00+08:00,,HumanObservation,urn:lsid:marinespecies.org:taxname:278400,2000.0,True,eaea291a-1e1d-4382-b86f-ac3cc15b8d5a,iNaturalist research-grade observations,https://creativecommons.org/licenses/by-nc/4.0/,"[""NO_DEPTH""]",False,False
9d574033-f1a6-4476-a81d-6fc13b87855a,https://www.inaturalist.org/observations/179648265,Amphiprion ocellaris,urn:lsid:marinespecies.org:taxname:278400,278400,,5.904771,102.743456,2016-07-21T09:04:00+08:00,,HumanObservation,urn:lsid:marinespecies.org:taxname:278400,8.0,True,eaea291a-1e1d-4382-b86f-ac3cc15b8d5a,iNaturalist research-grade observations,https://creativecommons.org/licenses/by-nc/4.0/,"[""NO_DEPTH""]",False,False
9ec16164-53ae-43fe-8e27-51a8756d691c,https://www.inaturalist.org/observations/263178385,Amphiprion ocellaris,urn:lsid:marinespecies.org:taxname:278400,278400,,6.0056702058,116.0072244243,2013-04-17T09:35:00+08:00,,HumanObservation,urn:lsid:marinespecies.org:taxname:278400,210.0,True,eaea291a-1e1d-4382-b86f-ac3cc15b8d5a,iNaturalist research-grade observations,https://creativecommons.org/licenses/by-nc/4.0/,"[""NO_DEPTH""]",False,False
9ef94406-d740-48de-83a8-aaca31bb1b7d,https://www.inaturalist.org/observations/86697045,Amphiprion ocellaris,urn:lsid:marinespecies.org:taxname:278400,278400,,5.77334,103.03644,2021-03-05,,HumanObservation,urn:lsid:marinespecies.org:taxname:278400,,True,eaea291a-1e1d-4382-b86f-ac3cc15b8d5a,iNaturalist research-grade observations,https://creativecommons.org/licenses/by-nc/4.0/,"[""NO_DEPTH""]",False,False
9fb9c1e8-40f5-4087-8943-54f62c5f1fd3,https://www.inaturalist.org/observations/262105737,Amphiprion ocellaris,urn:lsid:marinespecies.org:taxname:278400,278400,,5.9739432367,116.0037400046,2025-02-11T14:22:00+08:00,,HumanObservation,urn:lsid:marinespecies.org:taxname:278400,8.0,True,eaea291a-1e1d-4382-b86f-ac3cc15b8d5a,iNaturalist research-grade observations,https://creativecommons.org/licenses/by-nc/4.0/,"[""NO_DEPTH""]",False,False
9fbe1ca5-1264-46b2-a8f2-0a3569ce3db2,https://www.inaturalist.org/observations/49969613,Amphiprion ocellaris,urn:lsid:marinespecies.org:taxname:278400,278400,,5.96722167,116.01416667,2012-10-22T13:04:38+02:00,,HumanObservation,urn:lsid:marinespecies.org:taxname:278400,,True,eaea291a-1e1d-4382-b86f-ac3cc15b8d5a,iNaturalist research-grade observations,https://creativecommons.org/licenses/by-nc/4.0/,"[""NO_DEPTH"",""ON_LAND""]",False,False
9fcb9e0c-5d85-4b68-ba05-6d1fa469331b,https://www.inaturalist.org/observations/27150158,Amphiprion ocellaris,urn:lsid:marinespecies.org:taxname:278400,278400,,4.3842385656,113.9425307499,2019-06-17T09:28:00+08:00,,HumanObservation,urn:lsid:marinespecies.org:taxname:278400,1953.0,True,eaea291a-1e1d-4382-b86f-ac3cc15b8d5a,iNaturalist research-grade observations,https://creativecommons.org/licenses/by-nc/4.0/,"[""NO_DEPTH""]",False,False
a043d796-e28b-49ba-ac62-27382113a91f,https://www.inaturalist.org/observations/168042980,Amphiprion ocellaris,urn:lsid:marinespecies.org:taxname:278400,278400,,2.9099251756,104.1127242149,2023-06-01T11:20:00+08:00,,HumanObservation,urn:lsid:marinespecies.org:taxname:278400,264.0,True,eaea291a-1e1d-4382-b86f-ac3cc15b8d5a,iNaturalist research-grade observations,https://creativecommons.org/licenses/by-nc/4.0/,"[""NO_DEPTH""]",False,False
a168ffa0-dfdf-4369-be55-77622e344e4d,https://www.inaturalist.org/observations/254601029,Amphiprion ocellaris,urn:lsid:marinespecies.org:taxname:278400,278400,,6.0279333333,116.0499111667,2023-09-23T12:45:28+08:00,,HumanObservation,urn:lsid:marinespecies.org:taxname:278400,152.0,True,eaea291a-1e1d-4382-b86f-ac3cc15b8d5a,iNaturalist research-grade observations,https://creativecommons.org/licenses/by-nc/4.0/,"[""NO_DEPTH"",""ON_LAND""]",False,False
a1bbe6ee-d99a-4487-80f3-8f6592c03f0c,https://www.inaturalist.org/observations/58777086,Amphiprion ocellaris,urn:lsid:marinespecies.org:taxname:278400,278400,,5.9092309072,102.7479949594,2020-09-07T00:24:00+02:00,,HumanObservation,urn:lsid:marinespecies.org:taxname:278400,8415.0,True,eaea291a-1e1d-4382-b86f-ac3cc15b8d5a,iNaturalist research-grade observations,https://creativecommons.org/licenses/by/4.0/,"[""NO_DEPTH"",""ON_LAND""]",False,False
a257afcf-0213-43f9-9b3d-ac2f3147c012,https://www.inaturalist.org/observations/204371526,Amphiprion ocellaris,urn:lsid:marinespecies.org:taxname:278400,278400,,6.0154034029,116.0016191167,2006-12-20,,HumanObservation,urn:lsid:marinespecies.org:taxname:278400,500.0,True,eaea291a-1e1d-4382-b86f-ac3cc15b8d5a,iNaturalist research-grade observations,https://creativecommons.org/licenses/by-nc/4.0/,"[""NO_DEPTH""]",False,False
a2d71fbb-3b7c-4364-bc18-da77a968c1ce,https://www.inaturalist.org/observations/10545271,Amphiprion ocellaris,urn:lsid:marinespecies.org:taxname:278400,278400,,5.9187741049,102.7439951152,2018-02-19,,HumanObservation,urn:lsid:marinespecies.org:taxname:278400,66042.0,True,eaea291a-1e1d-4382-b86f-ac3cc15b8d5a,iNaturalist research-grade observations,https://creativecommons.org/licenses/by-nc/4.0/,"[""NO_DEPTH""]",False,False
a46eb95d-5248-408b-85d3-8d0482d4a2dd,https://www.inaturalist.org/observations/303668538,Amphiprion ocellaris,urn:lsid:marinespecies.org:taxname:278400,278400,,4.2492140565,118.6316019602,2024-12-26,,HumanObservation,urn:lsid:marinespecies.org:taxname:278400,12.0,True,eaea291a-1e1d-4382-b86f-ac3cc15b8d5a,iNaturalist research-grade observations,https://creativecommons.org/licenses/by-nc/4.0/,"[""NO_DEPTH""]",False,False
a4f55374-dc9c-435f-9b4a-d60794430958,https://www.inaturalist.org/observations/295385022,Amphiprion ocellaris,urn:lsid:marinespecies.org:taxname:278400,278400,,6.0696737808,116.0794589474,2025-06-24T11:39:00+08:00,,HumanObservation,urn:lsid:marinespecies.org:taxname:278400,80.0,True,eaea291a-1e1d-4382-b86f-ac3cc15b8d5a,iNaturalist research-grade observations,https://creativecommons.org/licenses/by-nc/4.0/,"[""NO_DEPTH""]",False,False
a599ea7d-36bf-4e59-a307-b8976640db9f,https://www.inaturalist.org/observations/168437712,Amphiprion ocellaris,urn:lsid:marinespecies.org:taxname:278400,278400,,2.8881853452,104.0658125602,2023-06-02T11:08:00+08:00,,HumanObservation,urn:lsid:marinespecies.org:taxname:278400,348.0,True,eaea291a-1e1d-4382-b86f-ac3cc15b8d5a,iNaturalist research-grade observations,https://creativecommons.org/licenses/by-nc/4.0/,"[""NO_DEPTH"",""ON_LAND""]",False,False
a59a4115-90d6-418f-b6ab-75fc02eef0e6,https://www.inaturalist.org/observations/207904293,Amphiprion ocellaris,urn:lsid:marinespecies.org:taxname:278400,278400,,5.9117986704,102.7161332171,2024-04-10T18:00:00+08:00,,HumanObservation,urn:lsid:marinespecies.org:taxname:278400,77.0,True,eaea291a-1e1d-4382-b86f-ac3cc15b8d5a,iNaturalist research-grade observations,https://creativecommons.org/licenses/by-nc/4.0/,"[""NO_DEPTH""]",False,False
a6f9b5a3-22d3-4642-863d-9dd8b94e1ebd,https://www.inaturalist.org/observations/262410845,Amphiprion ocellaris,urn:lsid:marinespecies.org:taxname:278400,278400,,6.0059689644,116.0114730434,2012-08-09T06:21:00+08:00,,HumanObservation,urn:lsid:marinespecies.org:taxname:278400,657.0,True,eaea291a-1e1d-4382-b86f-ac3cc15b8d5a,iNaturalist research-grade observations,https://creativecommons.org/licenses/by-nc/4.0/,"[""NO_DEPTH""]",False,False
a722fcca-0a21-4ac2-a0e7-33586e15ef37,https://www.inaturalist.org/observations/75637685,Amphiprion ocellaris,urn:lsid:marinespecies.org:taxname:278400,278400,,4.226956,118.68466,2011-09-26T17:10:41+10:00,,HumanObservation,urn:lsid:marinespecies.org:taxname:278400,,True,eaea291a-1e1d-4382-b86f-ac3cc15b8d5a,iNaturalist research-grade observations,https://creativecommons.org/licenses/by-nc/4.0/,"[""NO_DEPTH""]",False,False
a7555e72-4d59-48f7-94bf-540ef800a2b7,https://www.inaturalist.org/observations/261829259,Amphiprion ocellaris,urn:lsid:marinespecies.org:taxname:278400,278400,,5.9738898838,116.0005642691,2025-02-11T13:36:00+08:00,,HumanObservation,urn:lsid:marinespecies.org:taxname:278400,31.0,True,eaea291a-1e1d-4382-b86f-ac3cc15b8d5a,iNaturalist research-grade observations,https://creativecommons.org/licenses/by-nc/4.0/,"[""NO_DEPTH""]",False,False
a8db604c-2cf0-4910-a59a-ea55a2b37f89,https://www.inaturalist.org/observations/239554449,Amphiprion ocellaris,urn:lsid:marinespecies.org:taxname:278400,278400,,5.8766764183,116.0725877573,2024-06-28T10:55:00+08:00,,HumanObservation,urn:lsid:marinespecies.org:taxname:278400,31368.0,True,eaea291a-1e1d-4382-b86f-ac3cc15b8d5a,iNaturalist research-grade observations,https://creativecommons.org/licenses/by-nc/4.0/,"[""NO_DEPTH"",""ON_LAND""]",False,False
a9b00129-8559-47d8-8f23-ef7d717fbb1b,https://www.inaturalist.org/observations/242927754,Amphiprion ocellaris,urn:lsid:marinespecies.org:taxname:278400,278400,,2.2321334619,104.0610184629,2024-08-19T14:02:00+08:00,,HumanObservation,urn:lsid:marinespecies.org:taxname:278400,122.0,True,eaea291a-1e1d-4382-b86f-ac3cc15b8d5a,iNaturalist research-grade observations,https://creativecommons.org/licenses/by/4.0/,"[""NO_DEPTH""]",False,False
aa9d4b46-67aa-4d2c-a5dc-c9c30fc29d59,https://www.inaturalist.org/observations/232106880,Amphiprion ocellaris,urn:lsid:marinespecies.org:taxname:278400,278400,,6.032392025,115.9795150757,2024-06-29T17:52:54+08:00,,HumanObservation,urn:lsid:marinespecies.org:taxname:278400,7239.0,True,eaea291a-1e1d-4382-b86f-ac3cc15b8d5a,iNaturalist research-grade observations,https://creativecommons.org/licenses/by/4.0/,"[""NO_DEPTH""]",False,False
ab7c1e1e-fd52-40cb-8921-5223669c539a,https://www.inaturalist.org/observations/347155029,Amphiprion ocellaris,urn:lsid:marinespecies.org:taxname:278400,278400,,4.8142816416,103.6728243246,2026-04-02T11:29:00+08:00,,HumanObservation,urn:lsid:marinespecies.org:taxname:278400,722.0,True,eaea291a-1e1d-4382-b86f-ac3cc15b8d5a,iNaturalist research-grade observations,https://creativecommons.org/licenses/by-nc/4.0/,"[""NO_DEPTH""]",False,False
abe20f69-ed86-4b4d-afdf-64c5b697ceff,https://www.inaturalist.org/observations/262938435,Amphiprion ocellaris,urn:lsid:marinespecies.org:taxname:278400,278400,,6.0089633906,116.0080673256,2024-01-25T09:16:00+08:00,,HumanObservation,urn:lsid:marinespecies.org:taxname:278400,160.0,True,eaea291a-1e1d-4382-b86f-ac3cc15b8d5a,iNaturalist research-grade observations,https://creativecommons.org/licenses/by-nc/4.0/,"[""NO_DEPTH"",""ON_LAND""]",False,False
ac159d1d-8b23-42f3-8b14-7cc406b77465,https://www.inaturalist.org/observations/263397074,Amphiprion ocellaris,urn:lsid:marinespecies.org:taxname:278400,278400,,4.5845964418,118.9166301208,2013-05-10T10:43:00+08:00,,HumanObservation,urn:lsid:marinespecies.org:taxname:278400,388.0,True,eaea291a-1e1d-4382-b86f-ac3cc15b8d5a,iNaturalist research-grade observations,https://creativecommons.org/licenses/by-nc/4.0/,"[""NO_DEPTH""]",False,False
ac33da33-cc16-4807-89b3-62b1070c437c,https://www.inaturalist.org/observations/26852227,Amphiprion ocellaris,urn:lsid:marinespecies.org:taxname:278400,278400,,2.809596847,104.1321811205,2019-06-07T11:28:00+03:00,,HumanObservation,urn:lsid:marinespecies.org:taxname:278400,222.0,True,eaea291a-1e1d-4382-b86f-ac3cc15b8d5a,iNaturalist research-grade observations,https://creativecommons.org/licenses/by-nc/4.0/,"[""NO_DEPTH""]",False,False
ac3cd8e3-d534-488f-9f93-879048139666,https://www.inaturalist.org/observations/327822118,Amphiprion ocellaris,urn:lsid:marinespecies.org:taxname:278400,278400,,5.7711919593,102.9968375283,2012-08-02,,HumanObservation,urn:lsid:marinespecies.org:taxname:278400,6680.0,True,eaea291a-1e1d-4382-b86f-ac3cc15b8d5a,iNaturalist research-grade observations,https://creativecommons.org/licenses/by-nc/4.0/,"[""NO_DEPTH"",""ON_LAND""]",False,False
accb297c-ab42-45c7-8cd5-3e07586516f3,https://www.inaturalist.org/observations/262289972,Amphiprion ocellaris,urn:lsid:marinespecies.org:taxname:278400,278400,,6.0064811215,116.0088981228,2012-07-11T09:43:00+08:00,,HumanObservation,urn:lsid:marinespecies.org:taxname:278400,481.0,True,eaea291a-1e1d-4382-b86f-ac3cc15b8d5a,iNaturalist research-grade observations,https://creativecommons.org/licenses/by-nc/4.0/,"[""NO_DEPTH""]",False,False
acde7bba-6dbd-478a-9f93-2db4b40a0da9,https://www.inaturalist.org/observations/316090446,Amphiprion ocellaris,urn:lsid:marinespecies.org:taxname:278400,278400,,2.4614643787,104.5238969443,2025-09-23T12:34:00+08:00,,HumanObservation,urn:lsid:marinespecies.org:taxname:278400,7759.0,True,eaea291a-1e1d-4382-b86f-ac3cc15b8d5a,iNaturalist research-grade observations,https://creativecommons.org/licenses/by-nc/4.0/,"[""NO_DEPTH"",""ON_LAND""]",False,False
ad0d0410-5310-48bf-8cd9-34ec693e4aa3,https://www.inaturalist.org/observations/108018065,Amphiprion ocellaris,urn:lsid:marinespecies.org:taxname:278400,278400,,4.5958254,118.8643398,2022-02-23T12:40:00+08:00,,HumanObservation,urn:lsid:marinespecies.org:taxname:278400,1000.0,True,eaea291a-1e1d-4382-b86f-ac3cc15b8d5a,iNaturalist research-grade observations,https://creativecommons.org/licenses/by-nc/4.0/,"[""NO_DEPTH"",""ON_LAND""]",False,False
ad270882-6933-4d2e-9b90-e933841d317c,https://www.inaturalist.org/observations/262289170,Amphiprion ocellaris,urn:lsid:marinespecies.org:taxname:278400,278400,,6.0060116442,116.0122884349,2012-07-30T06:48:00+08:00,,HumanObservation,urn:lsid:marinespecies.org:taxname:278400,771.0,True,eaea291a-1e1d-4382-b86f-ac3cc15b8d5a,iNaturalist research-grade observations,https://creativecommons.org/licenses/by-nc/4.0/,"[""NO_DEPTH""]",False,False
af42e035-cef7-44ee-a2c3-feb38bb4fbc3,https://www.inaturalist.org/observations/341368134,Amphiprion ocellaris,urn:lsid:marinespecies.org:taxname:278400,278400,,5.9744502476,116.0074781254,2026-03-02T12:29:02+08:00,,HumanObservation,urn:lsid:marinespecies.org:taxname:278400,85.0,True,eaea291a-1e1d-4382-b86f-ac3cc15b8d5a,iNaturalist research-grade observations,https://creativecommons.org/licenses/by-nc/4.0/,"[""NO_DEPTH""]",False,False
aff406bf-3e45-47be-a6fa-aae2528268f9,https://www.inaturalist.org/observations/204717609,Amphiprion ocellaris,urn:lsid:marinespecies.org:taxname:278400,278400,,6.0192445031,116.0071981115,2007-03-31T10:08:00+08:00,,HumanObservation,urn:lsid:marinespecies.org:taxname:278400,500.0,True,eaea291a-1e1d-4382-b86f-ac3cc15b8d5a,iNaturalist research-grade observations,https://creativecommons.org/licenses/by-nc/4.0/,"[""NO_DEPTH""]",False,False
b0f30140-2cd7-4602-9014-a31e8d7bf325,https://www.inaturalist.org/observations/263072982,Amphiprion ocellaris,urn:lsid:marinespecies.org:taxname:278400,278400,,6.0045178499,116.0084689693,2013-02-04T09:21:00+08:00,,HumanObservation,urn:lsid:marinespecies.org:taxname:278400,409.0,True,eaea291a-1e1d-4382-b86f-ac3cc15b8d5a,iNaturalist research-grade observations,https://creativecommons.org/licenses/by-nc/4.0/,"[""NO_DEPTH""]",False,False
b14b0f3c-305a-4068-80c2-06c664e06616,https://www.inaturalist.org/observations/322686229,Amphiprion ocellaris,urn:lsid:marinespecies.org:taxname:278400,278400,,6.0311438812,116.0280254087,2025-09-16T09:54:00+08:00,,HumanObservation,urn:lsid:marinespecies.org:taxname:278400,4.0,True,eaea291a-1e1d-4382-b86f-ac3cc15b8d5a,iNaturalist research-grade observations,https://creativecommons.org/licenses/by-nc/4.0/,"[""NO_DEPTH""]",False,False
b15b40e3-b632-42c6-984e-16d4e567b6ba,https://www.inaturalist.org/observations/109123665,Amphiprion ocellaris,urn:lsid:marinespecies.org:taxname:278400,278400,,6.0191631788,116.0484583672,2019-07-31T16:05:00Z,,HumanObservation,urn:lsid:marinespecies.org:taxname:278400,50.0,True,eaea291a-1e1d-4382-b86f-ac3cc15b8d5a,iNaturalist research-grade observations,https://creativecommons.org/licenses/by-nc/4.0/,"[""NO_DEPTH""]",False,False
b1d8ca30-df66-4598-abeb-5a5ed4375f73,https://www.inaturalist.org/observations/205480400,Amphiprion ocellaris,urn:lsid:marinespecies.org:taxname:278400,278400,,2.837797364,104.2195564136,2024-03-28,,HumanObservation,urn:lsid:marinespecies.org:taxname:278400,11588.0,True,eaea291a-1e1d-4382-b86f-ac3cc15b8d5a,iNaturalist research-grade observations,https://creativecommons.org/licenses/by-nc/4.0/,"[""NO_DEPTH""]",False,False
b21f5fdf-d893-4ead-be39-eb4e903856ff,https://www.inaturalist.org/observations/106641755,Amphiprion ocellaris,urn:lsid:marinespecies.org:taxname:278400,278400,,5.903324604,102.7498855591,2009-09-10T17:57:50+03:00,,HumanObservation,urn:lsid:marinespecies.org:taxname:278400,,True,eaea291a-1e1d-4382-b86f-ac3cc15b8d5a,iNaturalist research-grade observations,https://creativecommons.org/licenses/by-nc/4.0/,"[""NO_DEPTH"",""ON_LAND""]",False,False
b3ddc772-f231-4361-a75c-59688370aaa7,https://www.inaturalist.org/observations/200911559,Amphiprion ocellaris,urn:lsid:marinespecies.org:taxname:278400,278400,,5.9676754573,116.0151548132,2024-03-01T12:08:00+08:00,,HumanObservation,urn:lsid:marinespecies.org:taxname:278400,40.0,True,eaea291a-1e1d-4382-b86f-ac3cc15b8d5a,iNaturalist research-grade observations,https://creativecommons.org/licenses/by-nc/4.0/,"[""NO_DEPTH""]",False,False
b49cc0e4-1b11-457b-aa56-b1243e80f634,https://www.inaturalist.org/observations/166162738,Amphiprion ocellaris,urn:lsid:marinespecies.org:taxname:278400,278400,,2.9102245392,104.112233168,2023-05-30T12:05:00+08:00,,HumanObservation,urn:lsid:marinespecies.org:taxname:278400,185.0,True,eaea291a-1e1d-4382-b86f-ac3cc15b8d5a,iNaturalist research-grade observations,https://creativecommons.org/licenses/by-nc/4.0/,"[""NO_DEPTH""]",False,False
b4adc9cb-fa7b-47c4-8238-e657186a459f,https://www.inaturalist.org/observations/166162743,Amphiprion ocellaris,urn:lsid:marinespecies.org:taxname:278400,278400,,2.9098876429,104.1124155583,2023-05-30T12:08:00+08:00,,HumanObservation,urn:lsid:marinespecies.org:taxname:278400,136.0,True,eaea291a-1e1d-4382-b86f-ac3cc15b8d5a,iNaturalist research-grade observations,https://creativecommons.org/licenses/by-nc/4.0/,"[""NO_DEPTH""]",False,False
b4c78fa5-004b-4d99-878e-62f705476689,https://www.inaturalist.org/observations/304408617,Amphiprion ocellaris,urn:lsid:marinespecies.org:taxname:278400,278400,,5.8930198334,102.753396593,2025-06-30T14:36:17+08:00,,HumanObservation,urn:lsid:marinespecies.org:taxname:278400,31.0,True,eaea291a-1e1d-4382-b86f-ac3cc15b8d5a,iNaturalist research-grade observations,https://creativecommons.org/licenses/by-nc/4.0/,"[""NO_DEPTH""]",False,False
b4f913a2-eae7-42c6-ab7a-ee8bcc09f32f,https://www.inaturalist.org/observations/347767272,Amphiprion ocellaris,urn:lsid:marinespecies.org:taxname:278400,278400,,4.8417715423,103.6636033106,2026-04-05T14:21:00+08:00,,HumanObservation,urn:lsid:marinespecies.org:taxname:278400,2957.0,True,eaea291a-1e1d-4382-b86f-ac3cc15b8d5a,iNaturalist research-grade observations,https://creativecommons.org/licenses/by-nc/4.0/,"[""NO_DEPTH""]",False,False
b5514104-fa61-407a-bef5-5bcd8b3c3dfe,https://www.inaturalist.org/observations/246251591,Amphiprion ocellaris,urn:lsid:marinespecies.org:taxname:278400,278400,,5.9671469205,116.0148625646,2024-10-07T12:05:00+08:00,,HumanObservation,urn:lsid:marinespecies.org:taxname:278400,40.0,True,eaea291a-1e1d-4382-b86f-ac3cc15b8d5a,iNaturalist research-grade observations,https://creativecommons.org/licenses/by-nc/4.0/,"[""NO_DEPTH""]",False,False
b56fa450-a1c3-4420-8dad-7fc85da37f25,https://www.inaturalist.org/observations/362216311,Amphiprion ocellaris,urn:lsid:marinespecies.org:taxname:278400,278400,,2.8246953629,104.1563209892,2026-05-15T15:36:04+08:00,,HumanObservation,urn:lsid:marinespecies.org:taxname:278400,,True,eaea291a-1e1d-4382-b86f-ac3cc15b8d5a,iNaturalist research-grade observations,https://creativecommons.org/licenses/by/4.0/,"[""NO_DEPTH""]",False,False
b5ded402-0c7e-4244-a9b8-7f291593e743,https://www.inaturalist.org/observations/304540675,Amphiprion ocellaris,urn:lsid:marinespecies.org:taxname:278400,278400,,5.8854985934,102.7404123545,2025-06-30T17:04:28+08:00,,HumanObservation,urn:lsid:marinespecies.org:taxname:278400,26.0,True,eaea291a-1e1d-4382-b86f-ac3cc15b8d5a,iNaturalist research-grade observations,https://creativecommons.org/licenses/by-nc/4.0/,"[""NO_DEPTH""]",False,False
b7e13e37-4d0e-425c-b62b-0f938268ab4f,https://www.inaturalist.org/observations/239549359,Amphiprion ocellaris,urn:lsid:marinespecies.org:taxname:278400,278400,,5.8683085167,116.1933221828,2024-06-28T10:24:00+08:00,,HumanObservation,urn:lsid:marinespecies.org:taxname:278400,31368.0,True,eaea291a-1e1d-4382-b86f-ac3cc15b8d5a,iNaturalist research-grade observations,https://creativecommons.org/licenses/by-nc/4.0/,"[""NO_DEPTH"",""ON_LAND""]",False,False
b88abe84-2fa4-4ee2-901c-d82d7e66fe2c,https://www.inaturalist.org/observations/204894931,Amphiprion ocellaris,urn:lsid:marinespecies.org:taxname:278400,278400,,5.9645178819,116.0134107741,2007-06-13T12:50:00+08:00,,HumanObservation,urn:lsid:marinespecies.org:taxname:278400,600.0,True,eaea291a-1e1d-4382-b86f-ac3cc15b8d5a,iNaturalist research-grade observations,https://creativecommons.org/licenses/by-nc/4.0/,"[""NO_DEPTH""]",False,False
b88e31f9-6814-4f3a-9864-de2b1cbe2204,https://www.inaturalist.org/observations/24173591,Amphiprion ocellaris,urn:lsid:marinespecies.org:taxname:278400,278400,,2.7456039991,104.12187166,2011-08-08T13:38:00+10:00,,HumanObservation,urn:lsid:marinespecies.org:taxname:278400,288.0,True,eaea291a-1e1d-4382-b86f-ac3cc15b8d5a,iNaturalist research-grade observations,https://creativecommons.org/licenses/by-nc/4.0/,"[""NO_DEPTH""]",False,False
b96b2f59-28b2-4c71-9530-54b26e373446,https://www.inaturalist.org/observations/149842608,Amphiprion ocellaris,urn:lsid:marinespecies.org:taxname:278400,278400,,4.1174829788,118.6327572406,2005-09-07T19:41:00+08:00,,HumanObservation,urn:lsid:marinespecies.org:taxname:278400,1503.0,True,eaea291a-1e1d-4382-b86f-ac3cc15b8d5a,iNaturalist research-grade observations,https://creativecommons.org/licenses/by-nc/4.0/,"[""NO_DEPTH""]",False,False
b9898df7-2780-4121-8c3d-4c41c0959c57,https://www.inaturalist.org/observations/71781799,Amphiprion ocellaris,urn:lsid:marinespecies.org:taxname:278400,278400,,6.0711155203,100.049893301,2016-07-22T16:09:00+10:00,,HumanObservation,urn:lsid:marinespecies.org:taxname:278400,8.0,True,eaea291a-1e1d-4382-b86f-ac3cc15b8d5a,iNaturalist research-grade observations,https://creativecommons.org/licenses/by-nc/4.0/,"[""NO_DEPTH""]",False,False
bb186ce2-7dff-4607-b522-35aa5b3d103f,https://www.inaturalist.org/observations/263895313,Amphiprion ocellaris,urn:lsid:marinespecies.org:taxname:278400,278400,,6.0087615267,116.0092289712,2014-07-26T11:01:00+08:00,,HumanObservation,urn:lsid:marinespecies.org:taxname:278400,16.0,True,eaea291a-1e1d-4382-b86f-ac3cc15b8d5a,iNaturalist research-grade observations,https://creativecommons.org/licenses/by-nc/4.0/,"[""NO_DEPTH""]",False,False
bb265211-f91a-4f51-80a6-7b49302e79c3,https://www.inaturalist.org/observations/207919550,Amphiprion ocellaris,urn:lsid:marinespecies.org:taxname:278400,278400,,5.9606823809,102.6741743128,2024-04-15T12:00:00+08:00,,HumanObservation,urn:lsid:marinespecies.org:taxname:278400,823.0,True,eaea291a-1e1d-4382-b86f-ac3cc15b8d5a,iNaturalist research-grade observations,https://creativecommons.org/licenses/by-nc/4.0/,"[""NO_DEPTH""]",False,False
bb6a0c87-7a3e-498d-9f06-f4e230c1ce67,https://www.inaturalist.org/observations/271999543,Amphiprion ocellaris,urn:lsid:marinespecies.org:taxname:278400,278400,,5.90031,102.760135,2023-10-25T10:35:00+08:00,,HumanObservation,urn:lsid:marinespecies.org:taxname:278400,5.0,True,eaea291a-1e1d-4382-b86f-ac3cc15b8d5a,iNaturalist research-grade observations,https://creativecommons.org/licenses/by-nc/4.0/,"[""NO_DEPTH"",""ON_LAND""]",False,False
bb6c5e8d-aa3e-44bb-b658-93d44d88c4bc,https://www.inaturalist.org/observations/122657808,Amphiprion ocellaris,urn:lsid:marinespecies.org:taxname:278400,278400,,4.1149742,118.6286669,2010-10-05T03:55:00+08:00,,HumanObservation,urn:lsid:marinespecies.org:taxname:278400,349.0,True,eaea291a-1e1d-4382-b86f-ac3cc15b8d5a,iNaturalist research-grade observations,https://creativecommons.org/licenses/by-nc/4.0/,"[""NO_DEPTH"",""ON_LAND""]",False,False
bb8e7f48-eb88-4551-b801-fff075588d4e,https://www.inaturalist.org/observations/168437713,Amphiprion ocellaris,urn:lsid:marinespecies.org:taxname:278400,278400,,2.8882496364,104.0655979835,2023-06-02T11:09:00+08:00,,HumanObservation,urn:lsid:marinespecies.org:taxname:278400,333.0,True,eaea291a-1e1d-4382-b86f-ac3cc15b8d5a,iNaturalist research-grade observations,https://creativecommons.org/licenses/by-nc/4.0/,"[""NO_DEPTH"",""ON_LAND""]",False,False
bcf1bdf1-2e7f-4cf9-875e-4e85e74934d7,https://www.inaturalist.org/observations/339288784,Amphiprion ocellaris,urn:lsid:marinespecies.org:taxname:278400,278400,,4.5958254,118.8643398,2026-02-14T19:19:00+08:00,,HumanObservation,urn:lsid:marinespecies.org:taxname:278400,70.0,True,eaea291a-1e1d-4382-b86f-ac3cc15b8d5a,iNaturalist research-grade observations,https://creativecommons.org/licenses/by-nc/4.0/,"[""NO_DEPTH"",""ON_LAND""]",False,False
be1a41c2-d71c-43b9-bc7a-2c5408152c53,https://www.inaturalist.org/observations/179650289,Amphiprion ocellaris,urn:lsid:marinespecies.org:taxname:278400,278400,,5.911936,102.752983,2016-07-21T03:06:00+08:00,,HumanObservation,urn:lsid:marinespecies.org:taxname:278400,8.0,True,eaea291a-1e1d-4382-b86f-ac3cc15b8d5a,iNaturalist research-grade observations,https://creativecommons.org/licenses/by-nc/4.0/,"[""NO_DEPTH""]",False,False
be70135d-59f1-46b4-9a8a-3a85b8f1da17,https://www.inaturalist.org/observations/178139827,Amphiprion ocellaris,urn:lsid:marinespecies.org:taxname:278400,278400,,2.9035995,104.1042618,2023-08-05T16:17:00+08:00,,HumanObservation,urn:lsid:marinespecies.org:taxname:278400,216.0,True,eaea291a-1e1d-4382-b86f-ac3cc15b8d5a,iNaturalist research-grade observations,https://creativecommons.org/licenses/by-nc/4.0/,"[""NO_DEPTH"",""ON_LAND""]",False,False
bebed3db-4cd2-4e41-b158-24f55a89ee33,https://www.inaturalist.org/observations/42037773,Amphiprion ocellaris,urn:lsid:marinespecies.org:taxname:278400,278400,,4.1731660191,118.6440320906,2012-08-23T21:14:00-04:00,,HumanObservation,urn:lsid:marinespecies.org:taxname:278400,7441.0,True,eaea291a-1e1d-4382-b86f-ac3cc15b8d5a,iNaturalist research-grade observations,https://creativecommons.org/licenses/by-nc/4.0/,"[""NO_DEPTH""]",False,False
beded86e-13b7-4d0e-b82a-16c644ee3fb1,http://www.inaturalist.org/observations/1046838,Amphiprion ocellaris,urn:lsid:marinespecies.org:taxname:278400,278400,,5.984645,116.005922,2014-07-20,,HumanObservation,urn:lsid:marinespecies.org:taxname:278400,7001.0,True,eaea291a-1e1d-4382-b86f-ac3cc15b8d5a,iNaturalist research-grade observations,https://creativecommons.org/licenses/by-nc/4.0/,"[""NO_DEPTH""]",False,False
bf5cd533-ec09-4196-ab85-84c49ed5b415,https://www.inaturalist.org/observations/72678155,Amphiprion ocellaris,urn:lsid:marinespecies.org:taxname:278400,278400,,2.8103645995,104.135608167,2014-07-28T12:45:00+02:00,,HumanObservation,urn:lsid:marinespecies.org:taxname:278400,307.0,True,eaea291a-1e1d-4382-b86f-ac3cc15b8d5a,iNaturalist research-grade observations,https://creativecommons.org/licenses/by-nc/4.0/,"[""NO_DEPTH""]",False,False
c0842385-a05c-4313-9dba-e709dc5dabe6,https://www.inaturalist.org/observations/256736330,Amphiprion ocellaris,urn:lsid:marinespecies.org:taxname:278400,278400,,4.2472059248,118.6306737846,2024-12-24T17:46:36+08:00,,HumanObservation,urn:lsid:marinespecies.org:taxname:278400,454.0,True,eaea291a-1e1d-4382-b86f-ac3cc15b8d5a,iNaturalist research-grade observations,https://creativecommons.org/licenses/by-nc/4.0/,"[""NO_DEPTH"",""ON_LAND""]",False,False
c0b6ccca-f255-4dfb-b5b5-16a21bd730de,https://www.inaturalist.org/observations/262410827,Amphiprion ocellaris,urn:lsid:marinespecies.org:taxname:278400,278400,,6.0059689644,116.0114730434,2012-08-09T04:29:00+08:00,,HumanObservation,urn:lsid:marinespecies.org:taxname:278400,657.0,True,eaea291a-1e1d-4382-b86f-ac3cc15b8d5a,iNaturalist research-grade observations,https://creativecommons.org/licenses/by-nc/4.0/,"[""NO_DEPTH""]",False,False
c0c734d0-1250-433f-b65a-4b9d8d7c7140,https://www.inaturalist.org/observations/374422714,Amphiprion ocellaris,urn:lsid:marinespecies.org:taxname:278400,278400,,5.9207570258,102.7231369168,2025-08-26T11:42:25+08:00,,HumanObservation,urn:lsid:marinespecies.org:taxname:278400,35.0,True,eaea291a-1e1d-4382-b86f-ac3cc15b8d5a,iNaturalist research-grade observations,https://creativecommons.org/licenses/by-nc/4.0/,"[""NO_DEPTH""]",False,False
c1895c40-8b1a-4891-b659-e2959695eac0,https://www.inaturalist.org/observations/82794430,Amphiprion ocellaris,urn:lsid:marinespecies.org:taxname:278400,278400,,5.9882775,116.14278625,2021-03-14T21:19:29+08:00,,HumanObservation,urn:lsid:marinespecies.org:taxname:278400,9395.0,True,eaea291a-1e1d-4382-b86f-ac3cc15b8d5a,iNaturalist research-grade observations,https://creativecommons.org/licenses/by-nc/4.0/,"[""NO_DEPTH"",""ON_LAND""]",False,False
c1d1b786-6407-44e5-8eba-099388acfe62,https://www.inaturalist.org/observations/263171635,Amphiprion ocellaris,urn:lsid:marinespecies.org:taxname:278400,278400,,6.0057642003,116.0072259489,2013-04-03T10:07:00+08:00,,HumanObservation,urn:lsid:marinespecies.org:taxname:278400,31.0,True,eaea291a-1e1d-4382-b86f-ac3cc15b8d5a,iNaturalist research-grade observations,https://creativecommons.org/licenses/by-nc/4.0/,"[""NO_DEPTH""]",False,False
c2150935-6655-4f00-82cd-96d4b96fc4e3,urn:catalog:S9-5:Asia-Pacific:Yu07.0063,Amphiprion ocellaris,urn:lsid:marinespecies.org:taxname:278400,278400,,5.6802,98.9407,2004-05/2006-01,2005,HumanObservation,Present,500.0,True,04e3fd32-b08b-4806-a016-d2dff52ae55a,Asia-Pacific Dataset,http://creativecommons.org/licenses/by/4.0/legalcode,[],False,False
c28d2a0f-aeb8-4600-ba69-1ee5f3164ce9,https://www.inaturalist.org/observations/217417372,Amphiprion ocellaris,urn:lsid:marinespecies.org:taxname:278400,278400,,4.5946124662,118.8612752606,2024-05-22T10:51:00+08:00,,HumanObservation,urn:lsid:marinespecies.org:taxname:278400,211.0,True,eaea291a-1e1d-4382-b86f-ac3cc15b8d5a,iNaturalist research-grade observations,https://creativecommons.org/licenses/by-nc/4.0/,"[""NO_DEPTH""]",False,False
c3da47dc-667e-4c3c-91fc-af3222c2e7ec,https://www.inaturalist.org/observations/68779903,Amphiprion ocellaris,urn:lsid:marinespecies.org:taxname:278400,278400,,5.9020934147,102.7150607788,2016-09-02T14:45:00+02:00,,HumanObservation,urn:lsid:marinespecies.org:taxname:278400,542.0,True,eaea291a-1e1d-4382-b86f-ac3cc15b8d5a,iNaturalist research-grade observations,https://creativecommons.org/licenses/by-nc/4.0/,"[""NO_DEPTH""]",False,False
c43a4585-6060-4365-ad8f-a1695fcd14d2,https://www.inaturalist.org/observations/195669253,Amphiprion ocellaris,urn:lsid:marinespecies.org:taxname:278400,278400,,4.1149742,118.6286669,2023-12-20T11:08:00+08:00,,HumanObservation,urn:lsid:marinespecies.org:taxname:278400,1500.0,True,eaea291a-1e1d-4382-b86f-ac3cc15b8d5a,iNaturalist research-grade observations,https://creativecommons.org/licenses/by-nc/4.0/,"[""NO_DEPTH"",""ON_LAND""]",False,False
c446e792-88a5-4ea3-aa26-dbcdb282a6a8,https://www.inaturalist.org/observations/168457549,Amphiprion ocellaris,urn:lsid:marinespecies.org:taxname:278400,278400,,2.8882599599,104.0655973663,2023-06-02T11:31:00+08:00,,HumanObservation,urn:lsid:marinespecies.org:taxname:278400,296.0,True,eaea291a-1e1d-4382-b86f-ac3cc15b8d5a,iNaturalist research-grade observations,https://creativecommons.org/licenses/by-nc/4.0/,"[""NO_DEPTH"",""ON_LAND""]",False,False
c4712e76-ef95-46a1-9703-209b6af85d25,https://www.inaturalist.org/observations/144389882,Amphiprion ocellaris,urn:lsid:marinespecies.org:taxname:278400,278400,,4.5008606771,118.931986643,2012-03-21,,HumanObservation,urn:lsid:marinespecies.org:taxname:278400,5479.0,True,eaea291a-1e1d-4382-b86f-ac3cc15b8d5a,iNaturalist research-grade observations,https://creativecommons.org/licenses/by-nc/4.0/,"[""NO_DEPTH""]",False,False
c5f2a7b7-c20b-45fb-a9d3-bb675a7da57f,https://www.inaturalist.org/observations/73966826,Amphiprion ocellaris,urn:lsid:marinespecies.org:taxname:278400,278400,,4.2162396055,118.6715549548,2018-02-10T04:28:00Z,,HumanObservation,urn:lsid:marinespecies.org:taxname:278400,226.0,True,eaea291a-1e1d-4382-b86f-ac3cc15b8d5a,iNaturalist research-grade observations,https://creativecommons.org/licenses/by-nc/4.0/,"[""NO_DEPTH""]",False,False
c5feb6a8-c9bc-4c50-92d9-89ef128eaaa7,https://www.inaturalist.org/observations/239453792,Amphiprion ocellaris,urn:lsid:marinespecies.org:taxname:278400,278400,,5.8870795314,116.071270127,2024-06-26T17:06:00+08:00,,HumanObservation,urn:lsid:marinespecies.org:taxname:278400,31368.0,True,eaea291a-1e1d-4382-b86f-ac3cc15b8d5a,iNaturalist research-grade observations,https://creativecommons.org/licenses/by-nc/4.0/,"[""NO_DEPTH"",""ON_LAND""]",False,False
c679a000-e5b9-46b2-b440-c7022d882f8c,https://www.inaturalist.org/observations/68906935,Amphiprion ocellaris,urn:lsid:marinespecies.org:taxname:278400,278400,,5.9660512462,116.0148259376,2014-12-21T10:36:00-08:00,,HumanObservation,urn:lsid:marinespecies.org:taxname:278400,54.0,True,eaea291a-1e1d-4382-b86f-ac3cc15b8d5a,iNaturalist research-grade observations,https://creativecommons.org/licenses/by-nc/4.0/,"[""NO_DEPTH""]",False,False
c8054bf5-fff2-4576-a9b9-fb5b39e21905,https://www.inaturalist.org/observations/164320282,Amphiprion ocellaris,urn:lsid:marinespecies.org:taxname:278400,278400,,4.1220204284,118.6307717288,2023-05-09T16:07:00+08:00,,HumanObservation,urn:lsid:marinespecies.org:taxname:278400,400.0,True,eaea291a-1e1d-4382-b86f-ac3cc15b8d5a,iNaturalist research-grade observations,https://creativecommons.org/licenses/by-nc/4.0/,"[""NO_DEPTH""]",False,False
c86e6855-7a0b-4dac-9fff-acb5bb7b41d2,https://www.inaturalist.org/observations/135387582,Amphiprion ocellaris,urn:lsid:marinespecies.org:taxname:278400,278400,,5.8865281342,102.7404180542,2018-04-07,,HumanObservation,urn:lsid:marinespecies.org:taxname:278400,215.0,True,eaea291a-1e1d-4382-b86f-ac3cc15b8d5a,iNaturalist research-grade observations,https://creativecommons.org/licenses/by-nc/4.0/,"[""NO_DEPTH""]",False,False
c8804c1c-9e12-4800-aeb1-ad535e5fb38e,https://www.inaturalist.org/observations/205102339,Amphiprion ocellaris,urn:lsid:marinespecies.org:taxname:278400,278400,,5.9744859286,116.0030279426,2007-09-01T10:08:00+08:00,,HumanObservation,urn:lsid:marinespecies.org:taxname:278400,1000.0,True,eaea291a-1e1d-4382-b86f-ac3cc15b8d5a,iNaturalist research-grade observations,https://creativecommons.org/licenses/by-nc/4.0/,"[""NO_DEPTH""]",False,False
c8a9b36c-2dc2-4411-8ad7-590783ffc83b,https://www.inaturalist.org/observations/214592626,Amphiprion ocellaris,urn:lsid:marinespecies.org:taxname:278400,278400,,2.93403073,104.0970542013,2024-05-05T10:53:00+08:00,,HumanObservation,urn:lsid:marinespecies.org:taxname:278400,439.0,True,eaea291a-1e1d-4382-b86f-ac3cc15b8d5a,iNaturalist research-grade observations,https://creativecommons.org/licenses/by-nc/4.0/,"[""NO_DEPTH""]",False,False
c8d85640-1478-4a21-ba09-e45421f08f6c,https://www.inaturalist.org/observations/347159428,Amphiprion ocellaris,urn:lsid:marinespecies.org:taxname:278400,278400,,4.8090644268,103.6750558582,2026-04-03T11:59:00+08:00,,HumanObservation,urn:lsid:marinespecies.org:taxname:278400,618.0,True,eaea291a-1e1d-4382-b86f-ac3cc15b8d5a,iNaturalist research-grade observations,https://creativecommons.org/licenses/by-nc/4.0/,"[""NO_DEPTH""]",False,False
c9402f27-6c19-44e1-b971-60a694ed4bae,https://www.inaturalist.org/observations/205828707,Amphiprion ocellaris,urn:lsid:marinespecies.org:taxname:278400,278400,,6.0154034029,116.0016191167,2007-10-27T09:51:00+08:00,,HumanObservation,urn:lsid:marinespecies.org:taxname:278400,500.0,True,eaea291a-1e1d-4382-b86f-ac3cc15b8d5a,iNaturalist research-grade observations,https://creativecommons.org/licenses/by-nc/4.0/,"[""NO_DEPTH""]",False,False
ca191258-4ba7-44c6-80c4-2cace040e2c7,https://www.inaturalist.org/observations/185251290,Amphiprion ocellaris,urn:lsid:marinespecies.org:taxname:278400,278400,,5.2190041,103.2649049,2023-09-21T16:03:00+08:00,,HumanObservation,urn:lsid:marinespecies.org:taxname:278400,1549.0,True,eaea291a-1e1d-4382-b86f-ac3cc15b8d5a,iNaturalist research-grade observations,https://creativecommons.org/licenses/by-nc/4.0/,"[""NO_DEPTH"",""ON_LAND""]",False,False
cbbda10d-60e0-48c2-b3ef-e0264680d5a9,https://www.inaturalist.org/observations/256693208,Amphiprion ocellaris,urn:lsid:marinespecies.org:taxname:278400,278400,,4.5958254,118.8643398,2024-08-15T23:32:00+08:00,,HumanObservation,urn:lsid:marinespecies.org:taxname:278400,577.0,True,eaea291a-1e1d-4382-b86f-ac3cc15b8d5a,iNaturalist research-grade observations,https://creativecommons.org/licenses/by-nc/4.0/,"[""NO_DEPTH"",""ON_LAND""]",False,False
cc68943e-faf6-41fb-98d0-b75254775988,https://www.inaturalist.org/observations/84181676,Amphiprion ocellaris,urn:lsid:marinespecies.org:taxname:278400,278400,,5.7702096019,102.9989116659,2017-06-22T09:02:00+03:00,,HumanObservation,urn:lsid:marinespecies.org:taxname:278400,7813.0,True,eaea291a-1e1d-4382-b86f-ac3cc15b8d5a,iNaturalist research-grade observations,https://creativecommons.org/licenses/by-nc/4.0/,"[""NO_DEPTH"",""ON_LAND""]",False,False
ccd0f6a0-e69a-41bc-a93e-5d811b49e6a5,https://www.inaturalist.org/observations/315204294,Amphiprion ocellaris,urn:lsid:marinespecies.org:taxname:278400,278400,,2.6690176682,104.1658555014,2025-09-16T11:30:00+08:00,,HumanObservation,urn:lsid:marinespecies.org:taxname:278400,2212.0,True,eaea291a-1e1d-4382-b86f-ac3cc15b8d5a,iNaturalist research-grade observations,https://creativecommons.org/licenses/by-nc/4.0/,"[""NO_DEPTH""]",False,False
ccd2aa32-5303-4829-8662-ad2ae53a789d,https://www.inaturalist.org/observations/337189343,Amphiprion ocellaris,urn:lsid:marinespecies.org:taxname:278400,278400,,5.7695719079,103.0001213159,2009-06-07T12:19:00+08:00,,HumanObservation,urn:lsid:marinespecies.org:taxname:278400,7295.0,True,eaea291a-1e1d-4382-b86f-ac3cc15b8d5a,iNaturalist research-grade observations,https://creativecommons.org/licenses/by-nc/4.0/,"[""NO_DEPTH"",""ON_LAND""]",False,False
cd4939aa-fa24-42db-9d3c-701cea0a7a8e,https://www.inaturalist.org/observations/239553890,Amphiprion ocellaris,urn:lsid:marinespecies.org:taxname:278400,278400,,5.9925107979,116.025785405,2024-06-28T10:51:00+08:00,,HumanObservation,urn:lsid:marinespecies.org:taxname:278400,31368.0,True,eaea291a-1e1d-4382-b86f-ac3cc15b8d5a,iNaturalist research-grade observations,https://creativecommons.org/licenses/by-nc/4.0/,"[""NO_DEPTH""]",False,False
cd727998-a7e1-44ff-b211-f6eb3122796b,https://www.inaturalist.org/observations/200603349,Amphiprion ocellaris,urn:lsid:marinespecies.org:taxname:278400,278400,,2.9119126276,104.1141999593,2005-08-01T10:37:00+08:00,,HumanObservation,urn:lsid:marinespecies.org:taxname:278400,200.0,True,eaea291a-1e1d-4382-b86f-ac3cc15b8d5a,iNaturalist research-grade observations,https://creativecommons.org/licenses/by-nc/4.0/,"[""NO_DEPTH""]",False,False
cd9dbc93-8ec4-4b2f-8a26-05f5cf7fd65d,https://www.inaturalist.org/observations/28103588,Amphiprion ocellaris,urn:lsid:marinespecies.org:taxname:278400,278400,,5.8975021131,102.7370334417,2019-06-18T13:40:31+08:00,,HumanObservation,urn:lsid:marinespecies.org:taxname:278400,1052.0,True,eaea291a-1e1d-4382-b86f-ac3cc15b8d5a,iNaturalist research-grade observations,https://creativecommons.org/licenses/by-nc/4.0/,"[""NO_DEPTH""]",False,False
cdc5d724-13c6-48c7-b1cc-0674be4b18be,https://www.inaturalist.org/observations/89771300,Amphiprion ocellaris,urn:lsid:marinespecies.org:taxname:278400,278400,,4.253618,118.6334677,2017-12-12T11:53:00+08:00,,HumanObservation,urn:lsid:marinespecies.org:taxname:278400,211.0,True,eaea291a-1e1d-4382-b86f-ac3cc15b8d5a,iNaturalist research-grade observations,https://creativecommons.org/licenses/by-nc/4.0/,"[""NO_DEPTH""]",False,False
cde71974-66b5-4ddf-993b-d383f4bd068a,https://www.inaturalist.org/observations/301606163,Amphiprion ocellaris,urn:lsid:marinespecies.org:taxname:278400,278400,,5.9026990444,102.7406259254,2025-06-29T13:18:16+08:00,,HumanObservation,urn:lsid:marinespecies.org:taxname:278400,29.0,True,eaea291a-1e1d-4382-b86f-ac3cc15b8d5a,iNaturalist research-grade observations,https://creativecommons.org/licenses/by-nc/4.0/,"[""NO_DEPTH""]",False,False
ce0d2412-a9a5-45ec-acce-c28c253b12c2,https://www.inaturalist.org/observations/35521301,Amphiprion ocellaris,urn:lsid:marinespecies.org:taxname:278400,278400,,6.0083909035,116.0089874268,2019-10-28T14:20:11+11:00,,HumanObservation,urn:lsid:marinespecies.org:taxname:278400,,True,eaea291a-1e1d-4382-b86f-ac3cc15b8d5a,iNaturalist research-grade observations,https://creativecommons.org/licenses/by/4.0/,"[""NO_DEPTH""]",False,False
ce2424c8-b5b8-404f-9d13-7d17c18cc43f,https://www.inaturalist.org/observations/275425226,Amphiprion ocellaris,urn:lsid:marinespecies.org:taxname:278400,278400,,6.0130646132,116.0003161552,2015-07-24T11:57:00+08:00,,HumanObservation,urn:lsid:marinespecies.org:taxname:278400,122.0,True,eaea291a-1e1d-4382-b86f-ac3cc15b8d5a,iNaturalist research-grade observations,https://creativecommons.org/licenses/by-nc/4.0/,"[""NO_DEPTH""]",False,False
cef12344-3071-4c24-a650-3050de37bdbf,https://www.inaturalist.org/observations/305912292,Amphiprion ocellaris,urn:lsid:marinespecies.org:taxname:278400,278400,,5.9049291442,102.7433406562,2025-07-02T11:26:14+08:00,,HumanObservation,urn:lsid:marinespecies.org:taxname:278400,32.0,True,eaea291a-1e1d-4382-b86f-ac3cc15b8d5a,iNaturalist research-grade observations,https://creativecommons.org/licenses/by-nc/4.0/,"[""NO_DEPTH""]",False,False
cf0fa733-2276-4e13-a31b-5635294d93e0,https://www.inaturalist.org/observations/227453294,Amphiprion ocellaris,urn:lsid:marinespecies.org:taxname:278400,278400,,5.8932127911,102.7522205613,2024-07-06T10:24:34+08:00,,HumanObservation,urn:lsid:marinespecies.org:taxname:278400,177.0,True,eaea291a-1e1d-4382-b86f-ac3cc15b8d5a,iNaturalist research-grade observations,https://creativecommons.org/licenses/by-nc/4.0/,"[""NO_DEPTH""]",False,False
cf4f66ba-f83a-4cef-9c49-d26efa2df76b,https://www.inaturalist.org/observations/315206039,Amphiprion ocellaris,urn:lsid:marinespecies.org:taxname:278400,278400,,2.917249071,104.107916401,2025-09-17T10:00:00+08:00,,HumanObservation,urn:lsid:marinespecies.org:taxname:278400,298.0,True,eaea291a-1e1d-4382-b86f-ac3cc15b8d5a,iNaturalist research-grade observations,https://creativecommons.org/licenses/by-nc/4.0/,"[""NO_DEPTH""]",False,False
cf59e86d-a4bc-4b6f-89dd-4f855db126a0,https://www.inaturalist.org/observations/262289117,Amphiprion ocellaris,urn:lsid:marinespecies.org:taxname:278400,278400,,6.0060116442,116.0122884349,2012-07-29T06:34:00+08:00,,HumanObservation,urn:lsid:marinespecies.org:taxname:278400,771.0,True,eaea291a-1e1d-4382-b86f-ac3cc15b8d5a,iNaturalist research-grade observations,https://creativecommons.org/licenses/by-nc/4.0/,"[""NO_DEPTH""]",False,False
d301c585-ba94-405c-9349-f37f32054515,https://www.inaturalist.org/observations/157491706,Amphiprion ocellaris,urn:lsid:marinespecies.org:taxname:278400,278400,,2.8139891734,104.1476843427,2023-04-14,,HumanObservation,urn:lsid:marinespecies.org:taxname:278400,100.0,True,eaea291a-1e1d-4382-b86f-ac3cc15b8d5a,iNaturalist research-grade observations,https://creativecommons.org/licenses/by-nc/4.0/,"[""NO_DEPTH""]",False,False
d4f3c207-e21d-461b-99a3-e134d76c3482,https://www.inaturalist.org/observations/345427526,Amphiprion ocellaris,urn:lsid:marinespecies.org:taxname:278400,278400,,6.0083292302,116.0087565333,2026-03-23T11:06:24+08:00,,HumanObservation,urn:lsid:marinespecies.org:taxname:278400,286.0,True,eaea291a-1e1d-4382-b86f-ac3cc15b8d5a,iNaturalist research-grade observations,https://creativecommons.org/licenses/by-nc/4.0/,"[""NO_DEPTH""]",False,False
d566e832-ec8c-4b16-aa4d-dfd5d14f9a76,https://www.inaturalist.org/observations/84328233,Amphiprion ocellaris,urn:lsid:marinespecies.org:taxname:278400,278400,,5.7536152349,103.0121602115,2017-06-22T09:40:00+03:00,,HumanObservation,urn:lsid:marinespecies.org:taxname:278400,977.0,True,eaea291a-1e1d-4382-b86f-ac3cc15b8d5a,iNaturalist research-grade observations,https://creativecommons.org/licenses/by-nc/4.0/,"[""NO_DEPTH"",""ON_LAND""]",False,False
d6e24a5a-721f-44cd-ab48-6a16d858ae2a,https://www.inaturalist.org/observations/148826178,Amphiprion ocellaris,urn:lsid:marinespecies.org:taxname:278400,278400,,5.9148708142,102.7244421335,2017-07-06T05:36:00+08:00,,HumanObservation,urn:lsid:marinespecies.org:taxname:278400,149.0,True,eaea291a-1e1d-4382-b86f-ac3cc15b8d5a,iNaturalist research-grade observations,https://creativecommons.org/licenses/by-nc/4.0/,"[""NO_DEPTH""]",False,False
d74e2a04-f94b-44b2-90a5-2bbfd10042fb,https://www.inaturalist.org/observations/14859615,Amphiprion ocellaris,urn:lsid:marinespecies.org:taxname:278400,278400,,5.9646032317,116.0131959245,2018-07-24T12:37:23-07:00,,HumanObservation,urn:lsid:marinespecies.org:taxname:278400,9.0,True,eaea291a-1e1d-4382-b86f-ac3cc15b8d5a,iNaturalist research-grade observations,https://creativecommons.org/licenses/by/4.0/,"[""NO_DEPTH""]",False,False
d822973d-02ee-44a5-be42-24e9e7c19746,https://www.inaturalist.org/observations/256646393,Amphiprion ocellaris,urn:lsid:marinespecies.org:taxname:278400,278400,,4.5958254,118.8643398,2024-07-14T03:16:00+08:00,,HumanObservation,urn:lsid:marinespecies.org:taxname:278400,577.0,True,eaea291a-1e1d-4382-b86f-ac3cc15b8d5a,iNaturalist research-grade observations,https://creativecommons.org/licenses/by-nc/4.0/,"[""NO_DEPTH"",""ON_LAND""]",False,False
d86a0b38-c3b7-4763-b64b-f5afeb303daa,https://www.inaturalist.org/observations/263393677,Amphiprion ocellaris,urn:lsid:marinespecies.org:taxname:278400,278400,,4.6479350524,118.7995963531,2013-05-09T03:49:00+08:00,,HumanObservation,urn:lsid:marinespecies.org:taxname:278400,472.0,True,eaea291a-1e1d-4382-b86f-ac3cc15b8d5a,iNaturalist research-grade observations,https://creativecommons.org/licenses/by-nc/4.0/,"[""NO_DEPTH""]",False,False
d8bab3e0-ae7f-43cc-a06d-0b34561d2230,https://www.inaturalist.org/observations/166162744,Amphiprion ocellaris,urn:lsid:marinespecies.org:taxname:278400,278400,,2.910101943,104.1124155583,2023-05-30T12:11:00+08:00,,HumanObservation,urn:lsid:marinespecies.org:taxname:278400,173.0,True,eaea291a-1e1d-4382-b86f-ac3cc15b8d5a,iNaturalist research-grade observations,https://creativecommons.org/licenses/by-nc/4.0/,"[""NO_DEPTH""]",False,False
d90aaaac-ea43-460b-9864-2c24e4b8c06f,https://www.inaturalist.org/observations/293727559,Amphiprion ocellaris,urn:lsid:marinespecies.org:taxname:278400,278400,,2.2320500119,104.0609540418,2025-06-22,,HumanObservation,urn:lsid:marinespecies.org:taxname:278400,158.0,True,eaea291a-1e1d-4382-b86f-ac3cc15b8d5a,iNaturalist research-grade observations,https://creativecommons.org/licenses/by-nc/4.0/,"[""NO_DEPTH""]",False,False
dac8a5d1-4ca3-43f0-863e-a80f05282dea,https://www.inaturalist.org/observations/213740189,Amphiprion ocellaris,urn:lsid:marinespecies.org:taxname:278400,278400,,6.0109252232,116.0208433919,2009-04-04T11:02:00+08:00,,HumanObservation,urn:lsid:marinespecies.org:taxname:278400,200.0,True,eaea291a-1e1d-4382-b86f-ac3cc15b8d5a,iNaturalist research-grade observations,https://creativecommons.org/licenses/by-nc/4.0/,"[""NO_DEPTH""]",False,False
db40fbfa-163f-4a3d-8c97-a1a97088483b,https://www.inaturalist.org/observations/358308687,Amphiprion ocellaris,urn:lsid:marinespecies.org:taxname:278400,278400,,4.5556,118.9271,2026-05-01T01:46:56+08:00,,HumanObservation,urn:lsid:marinespecies.org:taxname:278400,,True,eaea291a-1e1d-4382-b86f-ac3cc15b8d5a,iNaturalist research-grade observations,https://creativecommons.org/licenses/by-nc/4.0/,"[""NO_DEPTH""]",False,False
db79fc31-3961-4c20-8846-3e007d366265,https://www.inaturalist.org/observations/42312699,Amphiprion ocellaris,urn:lsid:marinespecies.org:taxname:278400,278400,,2.8101188748,104.134954379,2012-07-21T11:21:00+08:00,,HumanObservation,urn:lsid:marinespecies.org:taxname:278400,15.0,True,eaea291a-1e1d-4382-b86f-ac3cc15b8d5a,iNaturalist research-grade observations,https://creativecommons.org/licenses/by-nc/4.0/,"[""NO_DEPTH""]",False,False
dc66fd8d-8b47-49cc-b0d7-4a956abc6b12,https://www.inaturalist.org/observations/214049774,Amphiprion ocellaris,urn:lsid:marinespecies.org:taxname:278400,278400,,6.0081237643,116.0059198062,2009-07-15T13:30:00+08:00,,HumanObservation,urn:lsid:marinespecies.org:taxname:278400,500.0,True,eaea291a-1e1d-4382-b86f-ac3cc15b8d5a,iNaturalist research-grade observations,https://creativecommons.org/licenses/by-nc/4.0/,"[""NO_DEPTH"",""ON_LAND""]",False,False
dca60625-7a8e-4ae5-8055-c81ed66a9e13,https://www.inaturalist.org/observations/200999266,Amphiprion ocellaris,urn:lsid:marinespecies.org:taxname:278400,278400,,6.0097684225,116.0065490306,2009-12-17T12:53:00+08:00,,HumanObservation,urn:lsid:marinespecies.org:taxname:278400,1973.0,True,eaea291a-1e1d-4382-b86f-ac3cc15b8d5a,iNaturalist research-grade observations,https://creativecommons.org/licenses/by-nc/4.0/,"[""NO_DEPTH"",""ON_LAND""]",False,False
dd7b8e46-8160-412c-8e97-9b82150ebced,https://www.inaturalist.org/observations/242038731,Amphiprion ocellaris,urn:lsid:marinespecies.org:taxname:278400,278400,,4.6018128687,118.8596593961,2024-09-14T10:40:10+08:00,,HumanObservation,urn:lsid:marinespecies.org:taxname:278400,420.0,True,eaea291a-1e1d-4382-b86f-ac3cc15b8d5a,iNaturalist research-grade observations,https://creativecommons.org/licenses/by-nc/4.0/,"[""NO_DEPTH""]",False,False
ddf4336f-0cc2-480a-b6be-a34bec4d55ae,https://www.inaturalist.org/observations/24173600,Amphiprion ocellaris,urn:lsid:marinespecies.org:taxname:278400,278400,,2.8097222,104.1330556,2012-02-21T12:02:00+10:00,,HumanObservation,urn:lsid:marinespecies.org:taxname:278400,449.0,True,eaea291a-1e1d-4382-b86f-ac3cc15b8d5a,iNaturalist research-grade observations,https://creativecommons.org/licenses/by-nc/4.0/,"[""NO_DEPTH""]",False,False
de1503ba-ddd0-491a-8561-08004a6631aa,https://www.inaturalist.org/observations/214592579,Amphiprion ocellaris,urn:lsid:marinespecies.org:taxname:278400,278400,,2.93403073,104.0970542013,2024-05-05T09:09:00+08:00,,HumanObservation,urn:lsid:marinespecies.org:taxname:278400,439.0,True,eaea291a-1e1d-4382-b86f-ac3cc15b8d5a,iNaturalist research-grade observations,https://creativecommons.org/licenses/by-nc/4.0/,"[""NO_DEPTH""]",False,False
df0b0dbc-6d58-49be-918b-cf4dc72409fc,https://www.inaturalist.org/observations/38532377,Amphiprion ocellaris,urn:lsid:marinespecies.org:taxname:278400,278400,,4.2424056798,118.6246316142,2014-10-16T05:38:00+02:00,,HumanObservation,urn:lsid:marinespecies.org:taxname:278400,438.0,True,eaea291a-1e1d-4382-b86f-ac3cc15b8d5a,iNaturalist research-grade observations,https://creativecommons.org/licenses/by-nc/4.0/,"[""NO_DEPTH""]",False,False
df737e3a-248f-4357-acc4-9e295261786c,https://www.inaturalist.org/observations/296508371,Amphiprion ocellaris,urn:lsid:marinespecies.org:taxname:278400,278400,,6.0695991,116.0786972,2025-06-24T11:36:00+08:00,,HumanObservation,urn:lsid:marinespecies.org:taxname:278400,211.0,True,eaea291a-1e1d-4382-b86f-ac3cc15b8d5a,iNaturalist research-grade observations,https://creativecommons.org/licenses/by-nc/4.0/,"[""NO_DEPTH"",""ON_LAND""]",False,False
dfac5fbc-7f7f-453a-9e2a-df522a8f271c,https://www.inaturalist.org/observations/245977795,Amphiprion ocellaris,urn:lsid:marinespecies.org:taxname:278400,278400,,5.9656264056,116.0145771627,2024-10-04T15:25:00+08:00,,HumanObservation,urn:lsid:marinespecies.org:taxname:278400,40.0,True,eaea291a-1e1d-4382-b86f-ac3cc15b8d5a,iNaturalist research-grade observations,https://creativecommons.org/licenses/by-nc/4.0/,"[""NO_DEPTH""]",False,False
e0274a89-911e-421d-b62c-ceec1786b552,https://www.inaturalist.org/observations/301562647,Amphiprion ocellaris,urn:lsid:marinespecies.org:taxname:278400,278400,,5.9028581231,102.7402323112,2025-06-29T12:41:06+08:00,,HumanObservation,urn:lsid:marinespecies.org:taxname:278400,26.0,True,eaea291a-1e1d-4382-b86f-ac3cc15b8d5a,iNaturalist research-grade observations,https://creativecommons.org/licenses/by-nc/4.0/,"[""NO_DEPTH""]",False,False
e0e6291f-8bb3-4079-98b0-f3ea3c604509,https://www.inaturalist.org/observations/40727508,Amphiprion ocellaris,urn:lsid:marinespecies.org:taxname:278400,278400,,5.902713,102.755912,2014-08-30T11:04:00+08:00,,HumanObservation,urn:lsid:marinespecies.org:taxname:278400,12804.0,True,eaea291a-1e1d-4382-b86f-ac3cc15b8d5a,iNaturalist research-grade observations,https://creativecommons.org/licenses/by-nc/4.0/,"[""NO_DEPTH"",""ON_LAND""]",False,False
e287d513-b3ef-479f-ab6e-a7d102a34ac8,https://www.inaturalist.org/observations/214039577,Amphiprion ocellaris,urn:lsid:marinespecies.org:taxname:278400,278400,,6.0192445031,116.0071981115,2009-06-24T09:59:00+08:00,,HumanObservation,urn:lsid:marinespecies.org:taxname:278400,500.0,True,eaea291a-1e1d-4382-b86f-ac3cc15b8d5a,iNaturalist research-grade observations,https://creativecommons.org/licenses/by-nc/4.0/,"[""NO_DEPTH""]",False,False
e2d375ec-ab5d-407c-8229-34c4e88bf94d,https://www.inaturalist.org/observations/100673767,Amphiprion ocellaris,urn:lsid:marinespecies.org:taxname:278400,278400,,5.777449,103.037292,2001-04-14,,HumanObservation,urn:lsid:marinespecies.org:taxname:278400,,True,eaea291a-1e1d-4382-b86f-ac3cc15b8d5a,iNaturalist research-grade observations,https://creativecommons.org/licenses/by-nc/4.0/,"[""NO_DEPTH""]",False,False
e30febb0-8d20-4528-a640-e96e3203d4ab,https://www.inaturalist.org/observations/151765077,Amphiprion ocellaris,urn:lsid:marinespecies.org:taxname:278400,278400,,2.8522704724,104.1517629102,2015-03-11,,HumanObservation,urn:lsid:marinespecies.org:taxname:278400,52.0,True,eaea291a-1e1d-4382-b86f-ac3cc15b8d5a,iNaturalist research-grade observations,https://creativecommons.org/licenses/by-nc/4.0/,"[""NO_DEPTH""]",False,False
e325d6d1-5116-4b77-b03e-1badc4d8118e,https://www.inaturalist.org/observations/256736290,Amphiprion ocellaris,urn:lsid:marinespecies.org:taxname:278400,278400,,4.2466926407,118.6301412579,2024-12-24T17:48:03+08:00,,HumanObservation,urn:lsid:marinespecies.org:taxname:278400,483.0,True,eaea291a-1e1d-4382-b86f-ac3cc15b8d5a,iNaturalist research-grade observations,https://creativecommons.org/licenses/by-nc/4.0/,"[""NO_DEPTH"",""ON_LAND""]",False,False
e443da53-24dd-473c-a7f0-f6b6582f3055,https://www.inaturalist.org/observations/304679743,Amphiprion ocellaris,urn:lsid:marinespecies.org:taxname:278400,278400,,5.8853431782,102.7408827469,2025-06-30T17:10:15+08:00,,HumanObservation,urn:lsid:marinespecies.org:taxname:278400,17.0,True,eaea291a-1e1d-4382-b86f-ac3cc15b8d5a,iNaturalist research-grade observations,https://creativecommons.org/licenses/by-nc/4.0/,"[""NO_DEPTH""]",False,False
e54e5696-796b-4f27-9403-2e1d722ba6ac,https://www.inaturalist.org/observations/157576195,Amphiprion ocellaris,urn:lsid:marinespecies.org:taxname:278400,278400,,2.8096934272,104.1356911359,2023-04-16,,HumanObservation,urn:lsid:marinespecies.org:taxname:278400,60.0,True,eaea291a-1e1d-4382-b86f-ac3cc15b8d5a,iNaturalist research-grade observations,https://creativecommons.org/licenses/by-nc/4.0/,"[""NO_DEPTH"",""ON_LAND""]",False,False
e555deea-88a8-4f6e-a5da-66d02aceb04c,https://www.inaturalist.org/observations/24173601,Amphiprion ocellaris,urn:lsid:marinespecies.org:taxname:278400,278400,,2.7456039991,104.12187166,2012-02-23T13:57:00+10:00,,HumanObservation,urn:lsid:marinespecies.org:taxname:278400,288.0,True,eaea291a-1e1d-4382-b86f-ac3cc15b8d5a,iNaturalist research-grade observations,https://creativecommons.org/licenses/by-nc/4.0/,"[""NO_DEPTH""]",False,False
e57e332e-bb55-4852-adc5-1d20c0c75475,https://www.inaturalist.org/observations/337024614,Amphiprion ocellaris,urn:lsid:marinespecies.org:taxname:278400,278400,,2.23125434,104.06060252,2025-10-17T13:20:00+08:00,,HumanObservation,urn:lsid:marinespecies.org:taxname:278400,,True,eaea291a-1e1d-4382-b86f-ac3cc15b8d5a,iNaturalist research-grade observations,https://creativecommons.org/licenses/by-nc/4.0/,"[""NO_DEPTH"",""ON_LAND""]",False,False
e61d02e5-23fd-4e2e-9d8d-cb02b2e619ed,https://www.inaturalist.org/observations/239554466,Amphiprion ocellaris,urn:lsid:marinespecies.org:taxname:278400,278400,,5.8160566501,116.1981090784,2024-06-28T10:58:00+08:00,,HumanObservation,urn:lsid:marinespecies.org:taxname:278400,31368.0,True,eaea291a-1e1d-4382-b86f-ac3cc15b8d5a,iNaturalist research-grade observations,https://creativecommons.org/licenses/by-nc/4.0/,"[""NO_DEPTH"",""ON_LAND""]",False,False
e64a3fda-46e4-4645-8e44-7aa2dc23d32c,https://www.inaturalist.org/observations/239553345,Amphiprion ocellaris,urn:lsid:marinespecies.org:taxname:278400,278400,,5.8547462604,116.0642808165,2024-06-28T10:46:00+08:00,,HumanObservation,urn:lsid:marinespecies.org:taxname:278400,31368.0,True,eaea291a-1e1d-4382-b86f-ac3cc15b8d5a,iNaturalist research-grade observations,https://creativecommons.org/licenses/by-nc/4.0/,"[""NO_DEPTH"",""ON_LAND""]",False,False
e64d178e-6112-422e-822d-7ca0ec49c500,https://www.inaturalist.org/observations/246141330,Amphiprion ocellaris,urn:lsid:marinespecies.org:taxname:278400,278400,,5.9745926539,116.0037871365,2024-10-05T14:40:00+08:00,,HumanObservation,urn:lsid:marinespecies.org:taxname:278400,30.0,True,eaea291a-1e1d-4382-b86f-ac3cc15b8d5a,iNaturalist research-grade observations,https://creativecommons.org/licenses/by-nc/4.0/,"[""NO_DEPTH""]",False,False
e67ad341-ed5e-458a-8d3b-c74e9833c2a5,https://www.inaturalist.org/observations/53049637,Amphiprion ocellaris,urn:lsid:marinespecies.org:taxname:278400,278400,,5.8088968702,100.2964823948,2020-07-12,,HumanObservation,urn:lsid:marinespecies.org:taxname:278400,5.0,True,eaea291a-1e1d-4382-b86f-ac3cc15b8d5a,iNaturalist research-grade observations,https://creativecommons.org/licenses/by-nc/4.0/,"[""NO_DEPTH""]",False,False
e6a5abaa-130c-477a-841b-fc65b3a1c1b0,https://www.inaturalist.org/observations/10132051,Amphiprion ocellaris,urn:lsid:marinespecies.org:taxname:278400,278400,,6.7111039193,116.3380050659,2013-12-25T17:28:00+02:00,,HumanObservation,urn:lsid:marinespecies.org:taxname:278400,775.0,True,eaea291a-1e1d-4382-b86f-ac3cc15b8d5a,iNaturalist research-grade observations,https://creativecommons.org/licenses/by/4.0/,"[""NO_DEPTH""]",False,False
e7918a3d-1fd3-42c6-8896-01d59a3c34d4,https://www.inaturalist.org/observations/297895320,Amphiprion ocellaris,urn:lsid:marinespecies.org:taxname:278400,278400,,4.5762588,118.9489446,2025-07-06T12:30:00+08:00,,HumanObservation,urn:lsid:marinespecies.org:taxname:278400,739.0,True,eaea291a-1e1d-4382-b86f-ac3cc15b8d5a,iNaturalist research-grade observations,https://creativecommons.org/licenses/by-nc/4.0/,"[""NO_DEPTH"",""ON_LAND""]",False,False
e809be2f-7fd0-45bd-9a28-272876863c61,https://www.inaturalist.org/observations/42037872,Amphiprion ocellaris,urn:lsid:marinespecies.org:taxname:278400,278400,,4.1731660191,118.6440320906,2012-08-25T02:57:00-04:00,,HumanObservation,urn:lsid:marinespecies.org:taxname:278400,7441.0,True,eaea291a-1e1d-4382-b86f-ac3cc15b8d5a,iNaturalist research-grade observations,https://creativecommons.org/licenses/by-nc/4.0/,"[""NO_DEPTH""]",False,False
e82e5a2a-922c-4749-904a-1b250dbc9be8,https://www.inaturalist.org/observations/337415580,Amphiprion ocellaris,urn:lsid:marinespecies.org:taxname:278400,278400,,5.9764545039,116.0075041944,2026-02-05T05:25:22+08:00,,HumanObservation,urn:lsid:marinespecies.org:taxname:278400,409.0,True,eaea291a-1e1d-4382-b86f-ac3cc15b8d5a,iNaturalist research-grade observations,https://creativecommons.org/licenses/by-nc/4.0/,"[""NO_DEPTH""]",False,False
e862e3e8-a0d5-47d7-9594-fd68018dbb4c,https://www.inaturalist.org/observations/301542337,Amphiprion ocellaris,urn:lsid:marinespecies.org:taxname:278400,278400,,5.9034520834,102.7398990467,2025-06-29T12:30:21+08:00,,HumanObservation,urn:lsid:marinespecies.org:taxname:278400,34.0,True,eaea291a-1e1d-4382-b86f-ac3cc15b8d5a,iNaturalist research-grade observations,https://creativecommons.org/licenses/by-nc/4.0/,"[""NO_DEPTH""]",False,False
e8d67c32-5519-458d-a2d8-9af69e3e81c8,https://www.inaturalist.org/observations/253369862,Amphiprion ocellaris,urn:lsid:marinespecies.org:taxname:278400,278400,,4.6026059947,118.864251661,2024-11-24T14:00:00+08:00,,HumanObservation,urn:lsid:marinespecies.org:taxname:278400,372.0,True,eaea291a-1e1d-4382-b86f-ac3cc15b8d5a,iNaturalist research-grade observations,https://creativecommons.org/licenses/by-nc/4.0/,"[""NO_DEPTH""]",False,False
e95b89b2-0f00-4656-91c8-c996c7355e6a,https://www.inaturalist.org/observations/305952226,Amphiprion ocellaris,urn:lsid:marinespecies.org:taxname:278400,278400,,5.9040283677,102.742821984,2025-07-02T11:47:43+08:00,,HumanObservation,urn:lsid:marinespecies.org:taxname:278400,18.0,True,eaea291a-1e1d-4382-b86f-ac3cc15b8d5a,iNaturalist research-grade observations,https://creativecommons.org/licenses/by-nc/4.0/,"[""NO_DEPTH""]",False,False
ea36fe5d-264e-4386-8c89-0502bcd5990e,https://www.inaturalist.org/observations/298398416,Amphiprion ocellaris,urn:lsid:marinespecies.org:taxname:278400,278400,,5.7772626195,103.0408924033,2025-07-07T13:05:26+08:00,,HumanObservation,urn:lsid:marinespecies.org:taxname:278400,192.0,True,eaea291a-1e1d-4382-b86f-ac3cc15b8d5a,iNaturalist research-grade observations,https://creativecommons.org/licenses/by-nc/4.0/,"[""NO_DEPTH""]",False,False
ea707c41-e55b-408b-b479-31488de9a1b3,https://www.inaturalist.org/observations/161085734,Amphiprion ocellaris,urn:lsid:marinespecies.org:taxname:278400,278400,,2.78916759,104.2112445834,2023-05-08T15:31:00+08:00,,HumanObservation,urn:lsid:marinespecies.org:taxname:278400,790.0,True,eaea291a-1e1d-4382-b86f-ac3cc15b8d5a,iNaturalist research-grade observations,https://creativecommons.org/licenses/by-nc/4.0/,"[""NO_DEPTH""]",False,False
ea9cb9d5-901d-4bdf-9ed1-65d8fc66e77d,https://www.inaturalist.org/observations/372882410,Amphiprion ocellaris,urn:lsid:marinespecies.org:taxname:278400,278400,,5.6223670911,103.0569926495,2026-06-17T16:29:00+08:00,,HumanObservation,urn:lsid:marinespecies.org:taxname:278400,4.0,True,eaea291a-1e1d-4382-b86f-ac3cc15b8d5a,iNaturalist research-grade observations,https://creativecommons.org/licenses/by-nc/4.0/,"[""NO_DEPTH""]",False,False
eb96293f-5dba-4512-be96-3d943a110cc3,https://www.inaturalist.org/observations/337024659,Amphiprion ocellaris,urn:lsid:marinespecies.org:taxname:278400,278400,,2.23125434,104.06060252,2025-10-17T14:17:00+08:00,,HumanObservation,urn:lsid:marinespecies.org:taxname:278400,,True,eaea291a-1e1d-4382-b86f-ac3cc15b8d5a,iNaturalist research-grade observations,https://creativecommons.org/licenses/by-nc/4.0/,"[""NO_DEPTH"",""ON_LAND""]",False,False
eb96ad6c-5ef7-4092-8076-e53e1b999b67,https://www.inaturalist.org/observations/262289975,Amphiprion ocellaris,urn:lsid:marinespecies.org:taxname:278400,278400,,6.0064811215,116.0088981228,2012-07-11T09:54:00+08:00,,HumanObservation,urn:lsid:marinespecies.org:taxname:278400,481.0,True,eaea291a-1e1d-4382-b86f-ac3cc15b8d5a,iNaturalist research-grade observations,https://creativecommons.org/licenses/by-nc/4.0/,"[""NO_DEPTH""]",False,False
ebd621f6-1137-48f5-a004-5ea7c8c1b348,https://www.inaturalist.org/observations/200908492,Amphiprion ocellaris,urn:lsid:marinespecies.org:taxname:278400,278400,,5.9673027484,116.0150471552,2024-03-01T11:59:00+08:00,,HumanObservation,urn:lsid:marinespecies.org:taxname:278400,40.0,True,eaea291a-1e1d-4382-b86f-ac3cc15b8d5a,iNaturalist research-grade observations,https://creativecommons.org/licenses/by-nc/4.0/,"[""NO_DEPTH""]",False,False
ebdf583a-823e-4aad-9521-e4d67f13f5eb,https://www.inaturalist.org/observations/200891375,Amphiprion ocellaris,urn:lsid:marinespecies.org:taxname:278400,278400,,5.9651421322,116.0143500799,2024-03-01T10:19:00+08:00,,HumanObservation,urn:lsid:marinespecies.org:taxname:278400,40.0,True,eaea291a-1e1d-4382-b86f-ac3cc15b8d5a,iNaturalist research-grade observations,https://creativecommons.org/licenses/by-nc/4.0/,"[""NO_DEPTH""]",False,False
ec72b9d3-30b6-4110-947e-1ce7d0b15a69,https://www.inaturalist.org/observations/232688090,Amphiprion ocellaris,urn:lsid:marinespecies.org:taxname:278400,278400,,7.0349919629,116.7470463154,2024-07-23T22:42:00+08:00,,HumanObservation,urn:lsid:marinespecies.org:taxname:278400,596.0,True,eaea291a-1e1d-4382-b86f-ac3cc15b8d5a,iNaturalist research-grade observations,https://creativecommons.org/licenses/by-nc/4.0/,"[""NO_DEPTH""]",False,False
ecef3f9a-c78f-4a17-8efa-5e75c06a265a,https://www.inaturalist.org/observations/379321417,Amphiprion ocellaris,urn:lsid:marinespecies.org:taxname:278400,278400,,4.8044391913,103.6821625888,2026-07-05T09:40:00+08:00,,HumanObservation,urn:lsid:marinespecies.org:taxname:278400,2591.0,True,eaea291a-1e1d-4382-b86f-ac3cc15b8d5a,iNaturalist research-grade observations,https://creativecommons.org/licenses/by-nc/4.0/,"[""NO_DEPTH"",""ON_LAND""]",False,False
ed0d27bc-7d83-4615-ba0d-2cddd6036723,https://www.inaturalist.org/observations/52545112,Amphiprion ocellaris,urn:lsid:marinespecies.org:taxname:278400,278400,,5.8118341048,100.2983901052,2018-12-17,,HumanObservation,urn:lsid:marinespecies.org:taxname:278400,7.0,True,eaea291a-1e1d-4382-b86f-ac3cc15b8d5a,iNaturalist research-grade observations,https://creativecommons.org/licenses/by-nc/4.0/,"[""NO_DEPTH""]",False,False
ee55fda1-d80b-4b68-a2a1-468a2a42d2f8,https://www.inaturalist.org/observations/239553900,Amphiprion ocellaris,urn:lsid:marinespecies.org:taxname:278400,278400,,5.8243829633,116.0367829934,2024-06-28T10:54:00+08:00,,HumanObservation,urn:lsid:marinespecies.org:taxname:278400,31368.0,True,eaea291a-1e1d-4382-b86f-ac3cc15b8d5a,iNaturalist research-grade observations,https://creativecommons.org/licenses/by-nc/4.0/,"[""NO_DEPTH"",""ON_LAND""]",False,False
f1e82625-4b0a-4146-b509-67c23802ad43,https://www.inaturalist.org/observations/295654398,Amphiprion ocellaris,urn:lsid:marinespecies.org:taxname:278400,278400,,5.8883250734,102.7466595545,2025-07-06T18:40:25+08:00,,HumanObservation,urn:lsid:marinespecies.org:taxname:278400,48.0,True,eaea291a-1e1d-4382-b86f-ac3cc15b8d5a,iNaturalist research-grade observations,https://creativecommons.org/licenses/by-nc/4.0/,"[""NO_DEPTH""]",False,False
f227b39f-8008-4500-855f-e9391ac89485,https://www.inaturalist.org/observations/86703993,Amphiprion ocellaris,urn:lsid:marinespecies.org:taxname:278400,278400,,5.767222,103.040161,2020-07-20,,HumanObservation,urn:lsid:marinespecies.org:taxname:278400,132.0,True,eaea291a-1e1d-4382-b86f-ac3cc15b8d5a,iNaturalist research-grade observations,https://creativecommons.org/licenses/by-nc/4.0/,"[""NO_DEPTH""]",False,False
f24444a3-c6c0-42d9-b060-882d5864f07e,https://www.inaturalist.org/observations/307250046,Amphiprion ocellaris,urn:lsid:marinespecies.org:taxname:278400,278400,,2.7211869005,104.1494438704,2019-11-11T04:12:10+08:00,,HumanObservation,urn:lsid:marinespecies.org:taxname:278400,1130.0,True,eaea291a-1e1d-4382-b86f-ac3cc15b8d5a,iNaturalist research-grade observations,https://creativecommons.org/licenses/by-nc/4.0/,"[""NO_DEPTH""]",False,False
f2d1961c-1522-4633-bf11-e3265a5b7fdf,https://www.inaturalist.org/observations/200891380,Amphiprion ocellaris,urn:lsid:marinespecies.org:taxname:278400,278400,,5.9651421322,116.0143500799,2024-03-01T10:21:00+08:00,,HumanObservation,urn:lsid:marinespecies.org:taxname:278400,40.0,True,eaea291a-1e1d-4382-b86f-ac3cc15b8d5a,iNaturalist research-grade observations,https://creativecommons.org/licenses/by-nc/4.0/,"[""NO_DEPTH""]",False,False
f359c100-5774-48ca-89af-cc55221f6940,https://www.inaturalist.org/observations/239554471,Amphiprion ocellaris,urn:lsid:marinespecies.org:taxname:278400,278400,,5.9832174114,116.1337337705,2024-06-28T10:59:00+08:00,,HumanObservation,urn:lsid:marinespecies.org:taxname:278400,31368.0,True,eaea291a-1e1d-4382-b86f-ac3cc15b8d5a,iNaturalist research-grade observations,https://creativecommons.org/licenses/by-nc/4.0/,"[""NO_DEPTH"",""ON_LAND""]",False,False
f40ceb62-eb6d-46f5-984b-3c04078a641c,https://www.inaturalist.org/observations/24173604,Amphiprion ocellaris,urn:lsid:marinespecies.org:taxname:278400,278400,,6.506655283,117.9179495424,2016-07-08T08:12:00+10:00,,HumanObservation,urn:lsid:marinespecies.org:taxname:278400,844.0,True,eaea291a-1e1d-4382-b86f-ac3cc15b8d5a,iNaturalist research-grade observations,https://creativecommons.org/licenses/by-nc/4.0/,"[""NO_DEPTH"",""ON_LAND""]",False,False
f42669d7-1eb8-4351-acfc-c8254f9c3179,https://www.inaturalist.org/observations/203899195,Amphiprion ocellaris,urn:lsid:marinespecies.org:taxname:278400,278400,,6.0081237643,116.0059198062,2006-09-30T10:08:00+08:00,,HumanObservation,urn:lsid:marinespecies.org:taxname:278400,500.0,True,eaea291a-1e1d-4382-b86f-ac3cc15b8d5a,iNaturalist research-grade observations,https://creativecommons.org/licenses/by-nc/4.0/,"[""NO_DEPTH"",""ON_LAND""]",False,False
f49a4cb5-6b02-4329-b7e8-a1941044ff15,https://www.inaturalist.org/observations/148826176,Amphiprion ocellaris,urn:lsid:marinespecies.org:taxname:278400,278400,,5.9148708142,102.7244421335,2017-07-06T05:19:00+08:00,,HumanObservation,urn:lsid:marinespecies.org:taxname:278400,149.0,True,eaea291a-1e1d-4382-b86f-ac3cc15b8d5a,iNaturalist research-grade observations,https://creativecommons.org/licenses/by-nc/4.0/,"[""NO_DEPTH""]",False,False
f4cca948-ada6-4eb6-9107-a241735e8631,https://www.inaturalist.org/observations/201363804,Amphiprion ocellaris,urn:lsid:marinespecies.org:taxname:278400,278400,,6.0084958246,116.0089955554,2024-03-03T13:04:00+08:00,,HumanObservation,urn:lsid:marinespecies.org:taxname:278400,40.0,True,eaea291a-1e1d-4382-b86f-ac3cc15b8d5a,iNaturalist research-grade observations,https://creativecommons.org/licenses/by-nc/4.0/,"[""NO_DEPTH""]",False,False
f4cfbdda-59c3-4b96-a485-297f96ff8e05,https://www.inaturalist.org/observations/8961703,Amphiprion ocellaris,urn:lsid:marinespecies.org:taxname:278400,278400,,2.8080535391,104.1330957413,2012-03-11T15:59:00+08:00,,HumanObservation,urn:lsid:marinespecies.org:taxname:278400,61.0,True,eaea291a-1e1d-4382-b86f-ac3cc15b8d5a,iNaturalist research-grade observations,https://creativecommons.org/licenses/by-nc/4.0/,"[""NO_DEPTH""]",False,False
f59fe817-dca4-4967-a9c9-e0ff567cf2ae,https://www.inaturalist.org/observations/379394063,Amphiprion ocellaris,urn:lsid:marinespecies.org:taxname:278400,278400,,5.9257505302,102.7171948147,2026-07-08T11:27:00+08:00,,HumanObservation,urn:lsid:marinespecies.org:taxname:278400,4.0,True,eaea291a-1e1d-4382-b86f-ac3cc15b8d5a,iNaturalist research-grade observations,https://creativecommons.org/licenses/by-nc/4.0/,"[""NO_DEPTH""]",False,False
f700dd82-73cf-4a52-a6a2-115763f38c3f,https://www.inaturalist.org/observations/86708093,Amphiprion ocellaris,urn:lsid:marinespecies.org:taxname:278400,278400,,5.795461,102.891093,2020-08-18,,HumanObservation,urn:lsid:marinespecies.org:taxname:278400,,True,eaea291a-1e1d-4382-b86f-ac3cc15b8d5a,iNaturalist research-grade observations,https://creativecommons.org/licenses/by-nc/4.0/,"[""NO_DEPTH""]",False,False
f8501739-2aee-4885-9d91-7387dcb218ae,https://www.inaturalist.org/observations/202490899,Amphiprion ocellaris,urn:lsid:marinespecies.org:taxname:278400,278400,,5.7844402893,103.0068925023,2024-03-13T15:16:02+08:00,,HumanObservation,urn:lsid:marinespecies.org:taxname:278400,5550.0,True,eaea291a-1e1d-4382-b86f-ac3cc15b8d5a,iNaturalist research-grade observations,https://creativecommons.org/licenses/by-nc/4.0/,"[""NO_DEPTH"",""ON_LAND""]",False,False
f8712b72-520c-47b0-a3b9-2d9c8cb6e996,https://www.inaturalist.org/observations/184972379,Amphiprion ocellaris,urn:lsid:marinespecies.org:taxname:278400,278400,,5.9658104623,116.0026461561,2023-09-20T12:26:00+08:00,,HumanObservation,urn:lsid:marinespecies.org:taxname:278400,2289.0,True,eaea291a-1e1d-4382-b86f-ac3cc15b8d5a,iNaturalist research-grade observations,https://creativecommons.org/licenses/by-nc/4.0/,"[""NO_DEPTH""]",False,False
f8912e7b-4a01-48f0-b2f0-d249d458f493,https://www.inaturalist.org/observations/310995234,Amphiprion ocellaris,urn:lsid:marinespecies.org:taxname:278400,278400,,4.4907866036,118.7117570266,2025-09-02T17:12:22+08:00,,HumanObservation,urn:lsid:marinespecies.org:taxname:278400,13.0,True,eaea291a-1e1d-4382-b86f-ac3cc15b8d5a,iNaturalist research-grade observations,https://creativecommons.org/licenses/by/4.0/,"[""NO_DEPTH""]",False,False
f8a013b7-6e45-4d81-abc5-fb3f25496ea3,https://www.inaturalist.org/observations/158009472,Amphiprion ocellaris,urn:lsid:marinespecies.org:taxname:278400,278400,,2.8148042021,104.148927141,2023-04-16,,HumanObservation,urn:lsid:marinespecies.org:taxname:278400,300.0,True,eaea291a-1e1d-4382-b86f-ac3cc15b8d5a,iNaturalist research-grade observations,https://creativecommons.org/licenses/by-nc/4.0/,"[""NO_DEPTH""]",False,False
fa148e0a-7244-49e2-ad11-34573975dad8,https://www.inaturalist.org/observations/263400696,Amphiprion ocellaris,urn:lsid:marinespecies.org:taxname:278400,278400,,4.5499666005,118.8773860646,2013-05-11T11:13:00+08:00,,HumanObservation,urn:lsid:marinespecies.org:taxname:278400,8654.0,True,eaea291a-1e1d-4382-b86f-ac3cc15b8d5a,iNaturalist research-grade observations,https://creativecommons.org/licenses/by-nc/4.0/,"[""NO_DEPTH""]",False,False
fa351b8a-17ab-4880-b6f4-8771a680739c,https://www.inaturalist.org/observations/239460812,Amphiprion ocellaris,urn:lsid:marinespecies.org:taxname:278400,278400,,5.8347952158,116.1217272958,2024-06-26T17:35:00+08:00,,HumanObservation,urn:lsid:marinespecies.org:taxname:278400,31368.0,True,eaea291a-1e1d-4382-b86f-ac3cc15b8d5a,iNaturalist research-grade observations,https://creativecommons.org/licenses/by-nc/4.0/,"[""NO_DEPTH"",""ON_LAND""]",False,False
fa582c93-7c88-42c7-82be-d947298987c4,https://www.inaturalist.org/observations/201604249,Amphiprion ocellaris,urn:lsid:marinespecies.org:taxname:278400,278400,,6.0053851146,116.0083565205,2010-06-06T15:42:00+08:00,,HumanObservation,urn:lsid:marinespecies.org:taxname:278400,526.0,True,eaea291a-1e1d-4382-b86f-ac3cc15b8d5a,iNaturalist research-grade observations,https://creativecommons.org/licenses/by-nc/4.0/,"[""NO_DEPTH""]",False,False
fad82742-af35-4b9a-9aba-3d20bdab59d6,https://www.inaturalist.org/observations/324527886,Amphiprion ocellaris,urn:lsid:marinespecies.org:taxname:278400,278400,,2.8114357469,104.1485045549,2025-10-20T09:25:00+08:00,,HumanObservation,urn:lsid:marinespecies.org:taxname:278400,13581.0,True,eaea291a-1e1d-4382-b86f-ac3cc15b8d5a,iNaturalist research-grade observations,https://creativecommons.org/licenses/by-nc/4.0/,"[""NO_DEPTH"",""ON_LAND""]",False,False
fb1d9c46-1bfb-4441-a28a-03072e6760e2,https://www.inaturalist.org/observations/296442289,Amphiprion ocellaris,urn:lsid:marinespecies.org:taxname:278400,278400,,6.0695991,116.0786972,2025-06-24T11:40:00+08:00,,HumanObservation,urn:lsid:marinespecies.org:taxname:278400,211.0,True,eaea291a-1e1d-4382-b86f-ac3cc15b8d5a,iNaturalist research-grade observations,https://creativecommons.org/licenses/by-nc/4.0/,"[""NO_DEPTH"",""ON_LAND""]",False,False
fb7c3092-47bf-4f07-9a52-48df20d1d20d,https://www.inaturalist.org/observations/58629925,Amphiprion ocellaris,urn:lsid:marinespecies.org:taxname:278400,278400,,4.5958254,118.8643398,2020-08-04T14:28:00+08:00,,HumanObservation,urn:lsid:marinespecies.org:taxname:278400,1000.0,True,eaea291a-1e1d-4382-b86f-ac3cc15b8d5a,iNaturalist research-grade observations,https://creativecommons.org/licenses/by-nc/4.0/,"[""NO_DEPTH"",""ON_LAND""]",False,False
fcd3a4aa-3a11-4895-8efb-53f872689bbc,https://www.inaturalist.org/observations/239549394,Amphiprion ocellaris,urn:lsid:marinespecies.org:taxname:278400,278400,,5.8954778234,116.1400801849,2024-06-28T10:27:00+08:00,,HumanObservation,urn:lsid:marinespecies.org:taxname:278400,31368.0,True,eaea291a-1e1d-4382-b86f-ac3cc15b8d5a,iNaturalist research-grade observations,https://creativecommons.org/licenses/by-nc/4.0/,"[""NO_DEPTH"",""ON_LAND""]",False,False
fcf7bff5-f017-4741-84d2-752a4da8a099,https://www.inaturalist.org/observations/239460810,Amphiprion ocellaris,urn:lsid:marinespecies.org:taxname:278400,278400,,5.8418258949,116.0042501405,2024-06-26T17:35:00+08:00,,HumanObservation,urn:lsid:marinespecies.org:taxname:278400,31368.0,True,eaea291a-1e1d-4382-b86f-ac3cc15b8d5a,iNaturalist research-grade observations,https://creativecommons.org/licenses/by-nc/4.0/,"[""NO_DEPTH""]",False,False
fd8f7351-7c6c-4973-9391-0af9cdae504e,https://www.inaturalist.org/observations/305192427,Amphiprion ocellaris,urn:lsid:marinespecies.org:taxname:278400,278400,,5.9123647466,102.7532527596,2025-07-01T14:10:23+08:00,,HumanObservation,urn:lsid:marinespecies.org:taxname:278400,80.0,True,eaea291a-1e1d-4382-b86f-ac3cc15b8d5a,iNaturalist research-grade observations,https://creativecommons.org/licenses/by-nc/4.0/,"[""NO_DEPTH""]",False,False
fdef8a73-ee09-4467-b631-5e366066764f,https://www.inaturalist.org/observations/296455406,Amphiprion ocellaris,urn:lsid:marinespecies.org:taxname:278400,278400,,5.2190038192,103.264904581,2025-07-09T16:26:16+08:00,,HumanObservation,urn:lsid:marinespecies.org:taxname:278400,1550.0,True,eaea291a-1e1d-4382-b86f-ac3cc15b8d5a,iNaturalist research-grade observations,https://creativecommons.org/licenses/by-nc/4.0/,"[""NO_DEPTH"",""ON_LAND""]",False,False
ffbcc08f-9c80-45a0-869e-539a40d1dc60,https://www.inaturalist.org/observations/172155292,Amphiprion ocellaris,urn:lsid:marinespecies.org:taxname:278400,278400,,4.4618939845,118.7090681162,2023-04-01T12:21:00+08:00,,HumanObservation,urn:lsid:marinespecies.org:taxname:278400,22180.0,True,eaea291a-1e1d-4382-b86f-ac3cc15b8d5a,iNaturalist research-grade observations,https://creativecommons.org/licenses/by-nc/4.0/,"[""NO_DEPTH"",""ON_LAND""]",False,False
