id,occurrenceID,scientificName,scientificNameID,aphiaID,taxonomicStatus,decimalLatitude,decimalLongitude,eventDate,year,basisOfRecord,occurrenceStatus,coordinateUncertaintyInMeters,marine,dataset_id,datasetName,license,flags,dropped,absence
012645c0-494b-45b6-be29-075c00272e91,975_194,Chelonia mydas,urn:lsid:marinespecies.org:taxname:137206,137206,valid,5.01,103.88,1994-10-04T17:44,1994,MachineObservation,present,,True,19104c99-492b-4f23-a3e9-41e86eaef780,Satellite tracked green turtles in the South China Sea 1993-1994,http://creativecommons.org/licenses/by/4.0/,"[""NO_DEPTH""]",False,False
017cb44c-d8f2-479f-95da-32998f57e99a,https://www.inaturalist.org/observations/253986819,Chelonia mydas,urn:lsid:marinespecies.org:taxname:137206,137206,,4.2531286228,118.7771771867,2024-12-03T17:41:03+08:00,,HumanObservation,urn:lsid:marinespecies.org:taxname:137206,31407.0,True,eaea291a-1e1d-4382-b86f-ac3cc15b8d5a,iNaturalist research-grade observations,https://creativecommons.org/licenses/by-nc/4.0/,"[""NO_DEPTH""]",False,False
01892d76-cb4e-4e10-8c59-4e22265daed6,https://www.inaturalist.org/observations/240777035,Chelonia mydas,urn:lsid:marinespecies.org:taxname:137206,137206,,4.416152409,118.9460716464,2024-09-09T23:16:00+08:00,,HumanObservation,urn:lsid:marinespecies.org:taxname:137206,31403.0,True,eaea291a-1e1d-4382-b86f-ac3cc15b8d5a,iNaturalist research-grade observations,https://creativecommons.org/licenses/by-nc/4.0/,"[""NO_DEPTH""]",False,False
018e9e67-5f56-4d4f-be66-11f9190e42f4,975_129,Chelonia mydas,urn:lsid:marinespecies.org:taxname:137206,137206,valid,5.334,113.111,1994-10-01T19:32,1994,MachineObservation,present,,True,19104c99-492b-4f23-a3e9-41e86eaef780,Satellite tracked green turtles in the South China Sea 1993-1994,http://creativecommons.org/licenses/by/4.0/,"[""NO_DEPTH""]",False,False
0195d03e-97b2-4c21-8ec1-0447b7fa6a59,https://www.inaturalist.org/observations/256252297,Chelonia mydas,urn:lsid:marinespecies.org:taxname:137206,137206,,4.5505648345,118.9653142574,2024-07-27T10:18:00+08:00,,HumanObservation,urn:lsid:marinespecies.org:taxname:137206,31403.0,True,eaea291a-1e1d-4382-b86f-ac3cc15b8d5a,iNaturalist research-grade observations,https://creativecommons.org/licenses/by-nc/4.0/,"[""NO_DEPTH""]",False,False
01e61b4f-89c2-48b4-a9af-72be6844e39b,https://www.inaturalist.org/observations/37193485,Chelonia mydas,urn:lsid:marinespecies.org:taxname:137206,137206,,4.5933207817,118.8296281651,2019-11-28T11:49:00+08:00,,HumanObservation,urn:lsid:marinespecies.org:taxname:137206,31403.0,True,eaea291a-1e1d-4382-b86f-ac3cc15b8d5a,iNaturalist research-grade observations,https://creativecommons.org/licenses/by-nc/4.0/,"[""NO_DEPTH""]",False,False
02506953-4b3c-4a52-8e26-f976bd53afc2,https://www.inaturalist.org/observations/176783273,Chelonia mydas,urn:lsid:marinespecies.org:taxname:137206,137206,,4.5560744792,118.9289860587,2023-07-29T07:00:00+08:00,,HumanObservation,urn:lsid:marinespecies.org:taxname:137206,31403.0,True,eaea291a-1e1d-4382-b86f-ac3cc15b8d5a,iNaturalist research-grade observations,https://creativecommons.org/licenses/by-nc/4.0/,"[""NO_DEPTH""]",False,False
02d8090e-b3cb-4643-80b5-39fb2592c44e,975_201,Chelonia mydas,urn:lsid:marinespecies.org:taxname:137206,137206,valid,4.324,104.33,1994-10-06T19:27,1994,MachineObservation,present,,True,19104c99-492b-4f23-a3e9-41e86eaef780,Satellite tracked green turtles in the South China Sea 1993-1994,http://creativecommons.org/licenses/by/4.0/,"[""NO_DEPTH""]",False,False
035a8b22-0578-473b-bf44-8f8741bff835,https://www.inaturalist.org/observations/369667074,Chelonia mydas,urn:lsid:marinespecies.org:taxname:137206,137206,,4.0369835536,118.6145177653,2026-06-08T06:30:00+08:00,,HumanObservation,urn:lsid:marinespecies.org:taxname:137206,31411.0,True,eaea291a-1e1d-4382-b86f-ac3cc15b8d5a,iNaturalist research-grade observations,https://creativecommons.org/licenses/by-nc/4.0/,"[""NO_DEPTH""]",False,False
03f52d7c-d75c-47ea-98a3-d319e94a297f,975_8,Chelonia mydas,urn:lsid:marinespecies.org:taxname:137206,137206,valid,6.12,104.725,1993-09-27T14:58,1993,MachineObservation,present,,True,19104c99-492b-4f23-a3e9-41e86eaef780,Satellite tracked green turtles in the South China Sea 1993-1994,http://creativecommons.org/licenses/by/4.0/,"[""NO_DEPTH""]",False,False
048aa2d1-309a-453e-a824-b7d26613d640,975_132,Chelonia mydas,urn:lsid:marinespecies.org:taxname:137206,137206,valid,5.049,113.478,1994-10-02T18:06,1994,MachineObservation,present,,True,19104c99-492b-4f23-a3e9-41e86eaef780,Satellite tracked green turtles in the South China Sea 1993-1994,http://creativecommons.org/licenses/by/4.0/,"[""NO_DEPTH""]",False,False
05ec174e-357c-4b1a-92f0-f2e83349a917,975_136,Chelonia mydas,urn:lsid:marinespecies.org:taxname:137206,137206,valid,4.725,113.971,1994-10-04T04:54,1994,MachineObservation,present,,True,19104c99-492b-4f23-a3e9-41e86eaef780,Satellite tracked green turtles in the South China Sea 1993-1994,http://creativecommons.org/licenses/by/4.0/,"[""NO_DEPTH""]",False,False
0600535e-8596-4d66-bfa1-3acdf8f11709,https://www.inaturalist.org/observations/338300951,Chelonia mydas,urn:lsid:marinespecies.org:taxname:137206,137206,,5.9330001525,102.7413837462,2025-08-13T11:09:00+08:00,,HumanObservation,urn:lsid:marinespecies.org:taxname:137206,31368.0,True,eaea291a-1e1d-4382-b86f-ac3cc15b8d5a,iNaturalist research-grade observations,https://creativecommons.org/licenses/by-nc/4.0/,"[""NO_DEPTH""]",False,False
068d5646-1020-4a61-b898-2b1b7f1b072d,975_241,Chelonia mydas,urn:lsid:marinespecies.org:taxname:137206,137206,valid,4.08,103.468,1994-09-17T08:33,1994,MachineObservation,present,,True,19104c99-492b-4f23-a3e9-41e86eaef780,Satellite tracked green turtles in the South China Sea 1993-1994,http://creativecommons.org/licenses/by/4.0/,"[""NO_DEPTH""]",False,False
080bad71-4cb8-42a2-8a3c-0106e3e7d84c,https://www.inaturalist.org/observations/84041498,Chelonia mydas,urn:lsid:marinespecies.org:taxname:137206,137206,,5.7012122847,103.1665495668,2017-06-22T10:23:00+03:00,,HumanObservation,urn:lsid:marinespecies.org:taxname:137206,31373.0,True,eaea291a-1e1d-4382-b86f-ac3cc15b8d5a,iNaturalist research-grade observations,https://creativecommons.org/licenses/by-nc/4.0/,"[""NO_DEPTH""]",False,False
085aea67-efb1-4c81-87e5-69d58f2ebc02,https://www.inaturalist.org/observations/201267118,Chelonia mydas,urn:lsid:marinespecies.org:taxname:137206,137206,,6.1149066441,116.1391876711,2010-03-14T13:37:00+08:00,,HumanObservation,urn:lsid:marinespecies.org:taxname:137206,31362.0,True,eaea291a-1e1d-4382-b86f-ac3cc15b8d5a,iNaturalist research-grade observations,https://creativecommons.org/licenses/by-nc/4.0/,"[""NO_DEPTH"",""ON_LAND""]",False,False
085bc4ef-8c80-41e3-9622-65a40a3c3fa8,https://www.inaturalist.org/observations/347282523,Chelonia mydas,urn:lsid:marinespecies.org:taxname:137206,137206,,6.0898114072,118.1185589989,2019-08-13T14:18:00+08:00,,HumanObservation,urn:lsid:marinespecies.org:taxname:137206,31362.0,True,eaea291a-1e1d-4382-b86f-ac3cc15b8d5a,iNaturalist research-grade observations,https://creativecommons.org/licenses/by-nc/4.0/,"[""NO_DEPTH""]",False,False
08cdb016-c5f6-424e-abc1-27bb87d08330,https://www.inaturalist.org/observations/77755022,Chelonia mydas,urn:lsid:marinespecies.org:taxname:137206,137206,,5.9139711507,116.1050380062,2021-04-25,,HumanObservation,urn:lsid:marinespecies.org:taxname:137206,384692.0,True,eaea291a-1e1d-4382-b86f-ac3cc15b8d5a,iNaturalist research-grade observations,https://creativecommons.org/licenses/by-nc/4.0/,"[""NO_DEPTH"",""ON_LAND""]",False,False
08e95aab-f63f-4326-9c98-3d3327d85e4b,https://www.inaturalist.org/observations/289536832,Chelonia mydas,urn:lsid:marinespecies.org:taxname:137206,137206,,4.4780427747,118.8680936404,2025-06-13T12:51:00+08:00,,HumanObservation,urn:lsid:marinespecies.org:taxname:137206,31403.0,True,eaea291a-1e1d-4382-b86f-ac3cc15b8d5a,iNaturalist research-grade observations,https://creativecommons.org/licenses/by-nc/4.0/,"[""NO_DEPTH""]",False,False
0a09c463-f2ef-4240-8f97-1673770d81ab,373_1484511,Chelonia mydas,urn:lsid:marinespecies.org:taxname:137206,137206,valid,4.5,104.5,2007-12-29T17:57:24/2007-12-29T17:57:24,2007,MachineObservation,present,111319.49,True,36fbd7d5-f381-4303-b5b3-890c0c99b6f1,Vietnam Sea Turtle Tracking Project,http://creativecommons.org/licenses/by-nc/4.0/,"[""NO_DEPTH""]",False,False
0a36e4dd-22d7-4048-a275-50ac0426b0a8,975_191,Chelonia mydas,urn:lsid:marinespecies.org:taxname:137206,137206,valid,5.099,103.73,1994-10-04T06:34,1994,MachineObservation,present,,True,19104c99-492b-4f23-a3e9-41e86eaef780,Satellite tracked green turtles in the South China Sea 1993-1994,http://creativecommons.org/licenses/by/4.0/,"[""NO_DEPTH""]",False,False
0bc69a4e-0eb5-4d1e-8c05-9c9934daa050,https://www.inaturalist.org/observations/285087821,Chelonia mydas,urn:lsid:marinespecies.org:taxname:137206,137206,,6.0721654945,118.0057405966,2011-01-18T11:54:00+08:00,,HumanObservation,urn:lsid:marinespecies.org:taxname:137206,31362.0,True,eaea291a-1e1d-4382-b86f-ac3cc15b8d5a,iNaturalist research-grade observations,https://creativecommons.org/licenses/by-nc/4.0/,"[""NO_DEPTH""]",False,False
0bd7b945-b1f4-4790-bca0-11ccb372af43,975_161,Chelonia mydas,urn:lsid:marinespecies.org:taxname:137206,137206,valid,5.597,103.14,1994-09-24T06:51,1994,MachineObservation,present,,True,19104c99-492b-4f23-a3e9-41e86eaef780,Satellite tracked green turtles in the South China Sea 1993-1994,http://creativecommons.org/licenses/by/4.0/,"[""NO_DEPTH""]",False,False
0bf8d424-35b7-49a1-84d1-a090f94ed3c5,https://www.inaturalist.org/observations/252402969,Chelonia mydas,urn:lsid:marinespecies.org:taxname:137206,137206,,4.5521748276,118.9607452488,2024-04-25T14:14:00+08:00,,HumanObservation,urn:lsid:marinespecies.org:taxname:137206,31403.0,True,eaea291a-1e1d-4382-b86f-ac3cc15b8d5a,iNaturalist research-grade observations,https://creativecommons.org/licenses/by-nc/4.0/,"[""NO_DEPTH""]",False,False
0c77b8d6-191e-40d3-9093-e25af52e6bc4,975_63,Chelonia mydas,urn:lsid:marinespecies.org:taxname:137206,137206,valid,6.512,103.955,1994-09-12T07:42,1994,MachineObservation,present,,True,19104c99-492b-4f23-a3e9-41e86eaef780,Satellite tracked green turtles in the South China Sea 1993-1994,http://creativecommons.org/licenses/by/4.0/,"[""NO_DEPTH""]",False,False
0ce53aa8-f10c-4e09-a9e7-1cd8406a3ed1,975_5,Chelonia mydas,urn:lsid:marinespecies.org:taxname:137206,137206,valid,6.216,104.392,1993-09-27T01:32,1993,MachineObservation,present,,True,19104c99-492b-4f23-a3e9-41e86eaef780,Satellite tracked green turtles in the South China Sea 1993-1994,http://creativecommons.org/licenses/by/4.0/,"[""NO_DEPTH""]",False,False
0ceedcd8-7f4f-4ca1-8a86-12d2f5c7c49a,https://www.inaturalist.org/observations/285894187,Chelonia mydas,urn:lsid:marinespecies.org:taxname:137206,137206,,5.888282673,102.7266754633,2013-07-10T13:08:00+08:00,,HumanObservation,urn:lsid:marinespecies.org:taxname:137206,31368.0,True,eaea291a-1e1d-4382-b86f-ac3cc15b8d5a,iNaturalist research-grade observations,https://creativecommons.org/licenses/by-nc/4.0/,"[""NO_DEPTH""]",False,False
0d30ec1e-af2a-40fb-90da-bb06ccdc282c,https://www.inaturalist.org/observations/207919499,Chelonia mydas,urn:lsid:marinespecies.org:taxname:137206,137206,,5.9337239231,102.6671414693,2024-04-15T12:00:00+08:00,,HumanObservation,urn:lsid:marinespecies.org:taxname:137206,31368.0,True,eaea291a-1e1d-4382-b86f-ac3cc15b8d5a,iNaturalist research-grade observations,https://creativecommons.org/licenses/by-nc/4.0/,"[""NO_DEPTH""]",False,False
0da2a546-ce98-4edc-8d82-d13c4460fba2,https://www.inaturalist.org/observations/130357194,Chelonia mydas,urn:lsid:marinespecies.org:taxname:137206,137206,,6.0025859595,118.0474786997,2022-08-01T20:38:32+08:00,,HumanObservation,urn:lsid:marinespecies.org:taxname:137206,31362.0,True,eaea291a-1e1d-4382-b86f-ac3cc15b8d5a,iNaturalist research-grade observations,https://creativecommons.org/licenses/by-nc/4.0/,"[""NO_DEPTH""]",False,False
0dc85401-a54d-4872-a43d-92f95d9f49dd,https://www.inaturalist.org/observations/340032178,Chelonia mydas,urn:lsid:marinespecies.org:taxname:137206,137206,,4.5940151267,118.9120735397,2026-02-22T17:19:00+08:00,,HumanObservation,urn:lsid:marinespecies.org:taxname:137206,31403.0,True,eaea291a-1e1d-4382-b86f-ac3cc15b8d5a,iNaturalist research-grade observations,https://creativecommons.org/licenses/by-nc/4.0/,"[""NO_DEPTH""]",False,False
0de9d8be-dfb3-4a3f-9b1f-02b1fbd6b1bd,https://www.inaturalist.org/observations/102945935,Chelonia mydas,urn:lsid:marinespecies.org:taxname:137206,137206,,4.0124125199,118.648322159,2006-05-19T06:02:00+02:00,,HumanObservation,urn:lsid:marinespecies.org:taxname:137206,31411.0,True,eaea291a-1e1d-4382-b86f-ac3cc15b8d5a,iNaturalist research-grade observations,https://creativecommons.org/licenses/by-nc/4.0/,"[""NO_DEPTH""]",False,False
0e7dc984-61f7-44fd-8eea-eff1abf0ce11,975_192,Chelonia mydas,urn:lsid:marinespecies.org:taxname:137206,137206,valid,5.077,103.77,1994-10-04T07:27,1994,MachineObservation,present,,True,19104c99-492b-4f23-a3e9-41e86eaef780,Satellite tracked green turtles in the South China Sea 1993-1994,http://creativecommons.org/licenses/by/4.0/,"[""NO_DEPTH""]",False,False
0ecab0d5-d4e3-4a2e-b062-d805a9739307,975_170,Chelonia mydas,urn:lsid:marinespecies.org:taxname:137206,137206,valid,5.686,103.15,1994-09-29T07:34,1994,MachineObservation,present,,True,19104c99-492b-4f23-a3e9-41e86eaef780,Satellite tracked green turtles in the South China Sea 1993-1994,http://creativecommons.org/licenses/by/4.0/,"[""NO_DEPTH""]",False,False
0f492fe7-8869-42c9-a118-48c00d3fa92c,975_176,Chelonia mydas,urn:lsid:marinespecies.org:taxname:137206,137206,valid,5.889,103.57,1994-09-30T18:22,1994,MachineObservation,present,,True,19104c99-492b-4f23-a3e9-41e86eaef780,Satellite tracked green turtles in the South China Sea 1993-1994,http://creativecommons.org/licenses/by/4.0/,"[""NO_DEPTH""]",False,False
0f613568-6293-469a-beda-85a94e80d1c4,https://www.inaturalist.org/observations/332405465,Chelonia mydas,urn:lsid:marinespecies.org:taxname:137206,137206,,4.4717078568,118.9308393728,2025-12-28T15:32:08+08:00,,HumanObservation,urn:lsid:marinespecies.org:taxname:137206,31403.0,True,eaea291a-1e1d-4382-b86f-ac3cc15b8d5a,iNaturalist research-grade observations,https://creativecommons.org/licenses/by-nc/4.0/,"[""NO_DEPTH""]",False,False
0f986052-c1d5-4e19-b7da-8ed8b98285b7,419_1261377,Chelonia mydas,urn:lsid:marinespecies.org:taxname:137206,137206,valid,6.5,116.5,2007-11-16T16:21:36/2007-11-16T16:21:36,2007,MachineObservation,present,111319.49,True,880c59c5-6e43-4610-88cf-cfe1438516fd,Sangalaki Green Turtles Tracking,http://creativecommons.org/licenses/by-nc/4.0/,"[""NO_DEPTH"",""ON_LAND""]",False,False
0fa7e712-3475-44e4-a06e-8af9eb02352f,https://www.inaturalist.org/observations/258112089,Chelonia mydas,urn:lsid:marinespecies.org:taxname:137206,137206,,4.53173034,118.8722816652,2022-05-15T12:57:00+08:00,,HumanObservation,urn:lsid:marinespecies.org:taxname:137206,31403.0,True,eaea291a-1e1d-4382-b86f-ac3cc15b8d5a,iNaturalist research-grade observations,https://creativecommons.org/licenses/by-nc/4.0/,"[""NO_DEPTH""]",False,False
10120a8d-72f2-4f3f-a7b1-c842d0d898fa,https://www.inaturalist.org/observations/215215557,Chelonia mydas,urn:lsid:marinespecies.org:taxname:137206,137206,,6.4480774883,117.8114961985,2024-05-11T13:13:32+08:00,,HumanObservation,urn:lsid:marinespecies.org:taxname:137206,31350.0,True,eaea291a-1e1d-4382-b86f-ac3cc15b8d5a,iNaturalist research-grade observations,https://creativecommons.org/licenses/by-nc/4.0/,"[""NO_DEPTH""]",False,False
10472f86-a864-4a23-82dc-3bee86985232,https://www.inaturalist.org/observations/52808866,Chelonia mydas,urn:lsid:marinespecies.org:taxname:137206,137206,,4.5799474679,118.8365016713,2020-07-12T15:46:00+08:00,,HumanObservation,urn:lsid:marinespecies.org:taxname:137206,31403.0,True,eaea291a-1e1d-4382-b86f-ac3cc15b8d5a,iNaturalist research-grade observations,https://creativecommons.org/licenses/by-nc/4.0/,"[""NO_DEPTH""]",False,False
106672b8-16ba-460f-b4b3-53d30e820b21,975_118,Chelonia mydas,urn:lsid:marinespecies.org:taxname:137206,137206,valid,5.618,112.067,1994-09-29T17:03,1994,MachineObservation,present,,True,19104c99-492b-4f23-a3e9-41e86eaef780,Satellite tracked green turtles in the South China Sea 1993-1994,http://creativecommons.org/licenses/by/4.0/,"[""NO_DEPTH""]",False,False
10966ea1-8968-446b-be57-3d11b51bf8ec,https://www.inaturalist.org/observations/107344405,Chelonia mydas,urn:lsid:marinespecies.org:taxname:137206,137206,,6.1122842168,118.0917502399,2004-09-15T08:11:00+10:00,,HumanObservation,urn:lsid:marinespecies.org:taxname:137206,31362.0,True,eaea291a-1e1d-4382-b86f-ac3cc15b8d5a,iNaturalist research-grade observations,https://creativecommons.org/licenses/by-nc/4.0/,"[""NO_DEPTH""]",False,False
10a2b8b3-82ad-4d90-b6b9-f06daf0b4f15,https://www.inaturalist.org/observations/295944887,Chelonia mydas,urn:lsid:marinespecies.org:taxname:137206,137206,,4.2703000619,118.7908876332,2025-07-03T17:17:00+08:00,,HumanObservation,urn:lsid:marinespecies.org:taxname:137206,31407.0,True,eaea291a-1e1d-4382-b86f-ac3cc15b8d5a,iNaturalist research-grade observations,https://creativecommons.org/licenses/by-nc/4.0/,"[""NO_DEPTH""]",False,False
10a5e2d1-9844-4969-af1f-dedd5252b2c2,742_181,Chelonia mydas,urn:lsid:marinespecies.org:taxname:137206,137206,valid,5.311,119.2485,2001-06-30T08:00:00,2001,MachineObservation,present,,True,dcd07ef8-094d-4550-bbc5-dfe4860763de,Green sea turtle satellite tracking in the Nansha and Penghu Archipelagos 2000-2005,http://creativecommons.org/licenses/by-nc/4.0/,"[""NO_DEPTH"",""ON_LAND""]",False,False
10e8779d-720a-4a08-9eae-7af37981b10e,975_312,Chelonia mydas,urn:lsid:marinespecies.org:taxname:137206,137206,valid,5.47,102.702,1994-09-15T20:18,1994,MachineObservation,present,,True,19104c99-492b-4f23-a3e9-41e86eaef780,Satellite tracked green turtles in the South China Sea 1993-1994,http://creativecommons.org/licenses/by/4.0/,"[""NO_DEPTH"",""ON_LAND""]",False,False
10ed8adb-2cce-406d-8934-441780c8265c,https://www.inaturalist.org/observations/311218023,Chelonia mydas,urn:lsid:marinespecies.org:taxname:137206,137206,,4.4573098506,118.9507832656,2025-09-03T13:07:16+08:00,,HumanObservation,urn:lsid:marinespecies.org:taxname:137206,31403.0,True,eaea291a-1e1d-4382-b86f-ac3cc15b8d5a,iNaturalist research-grade observations,https://creativecommons.org/licenses/by/4.0/,"[""NO_DEPTH""]",False,False
111257ee-91e0-433d-beb3-46cdbad5e3c0,975_317,Chelonia mydas,urn:lsid:marinespecies.org:taxname:137206,137206,valid,5.51,103.029,1994-09-19T07:55,1994,MachineObservation,present,,True,19104c99-492b-4f23-a3e9-41e86eaef780,Satellite tracked green turtles in the South China Sea 1993-1994,http://creativecommons.org/licenses/by/4.0/,"[""NO_DEPTH""]",False,False
1152d7c1-3d8a-43e5-837e-2215e0775547,975_155,Chelonia mydas,urn:lsid:marinespecies.org:taxname:137206,137206,valid,5.756,115.509,1994-10-12T16:04,1994,MachineObservation,present,,True,19104c99-492b-4f23-a3e9-41e86eaef780,Satellite tracked green turtles in the South China Sea 1993-1994,http://creativecommons.org/licenses/by/4.0/,"[""NO_DEPTH""]",False,False
118d483b-66e1-4da0-9ff5-550005132f61,https://www.inaturalist.org/observations/42099120,Chelonia mydas,urn:lsid:marinespecies.org:taxname:137206,137206,,4.1480882007,118.792675388,2012-08-25T03:28:00-04:00,,HumanObservation,urn:lsid:marinespecies.org:taxname:137206,31411.0,True,eaea291a-1e1d-4382-b86f-ac3cc15b8d5a,iNaturalist research-grade observations,https://creativecommons.org/licenses/by-nc/4.0/,"[""NO_DEPTH""]",False,False
1191b42c-f735-4f91-807d-d1eaf3fc9b3a,https://www.inaturalist.org/observations/316914834,Chelonia mydas,urn:lsid:marinespecies.org:taxname:137206,137206,,4.4475395502,118.8362997087,2024-02-25T13:39:56+08:00,,HumanObservation,urn:lsid:marinespecies.org:taxname:137206,31403.0,True,eaea291a-1e1d-4382-b86f-ac3cc15b8d5a,iNaturalist research-grade observations,https://creativecommons.org/licenses/by-nc/4.0/,"[""NO_DEPTH""]",False,False
1234d679-f1e3-420b-8409-a58651a0b02e,https://www.inaturalist.org/observations/38027978,Chelonia mydas,urn:lsid:marinespecies.org:taxname:137206,137206,,4.5606307663,118.9221498632,2020-01-11T09:47:00+08:00,,HumanObservation,urn:lsid:marinespecies.org:taxname:137206,31403.0,True,eaea291a-1e1d-4382-b86f-ac3cc15b8d5a,iNaturalist research-grade observations,https://creativecommons.org/licenses/by-nc/4.0/,"[""NO_DEPTH""]",False,False
1326a218-54bd-4383-9080-fac8f3f95b26,https://www.inaturalist.org/observations/18901315,Chelonia mydas,urn:lsid:marinespecies.org:taxname:137206,137206,,6.1504710395,118.0354923625,2018-07-30T09:07:00-04:00,,HumanObservation,urn:lsid:marinespecies.org:taxname:137206,31362.0,True,eaea291a-1e1d-4382-b86f-ac3cc15b8d5a,iNaturalist research-grade observations,https://creativecommons.org/licenses/by-nc/4.0/,"[""NO_DEPTH""]",False,False
13b812e8-2888-4f46-848a-3b70f9c739aa,https://www.inaturalist.org/observations/200009957,Chelonia mydas,urn:lsid:marinespecies.org:taxname:137206,137206,,4.1349553347,118.7558998435,2008-04-16T13:12:00+08:00,,HumanObservation,urn:lsid:marinespecies.org:taxname:137206,31411.0,True,eaea291a-1e1d-4382-b86f-ac3cc15b8d5a,iNaturalist research-grade observations,https://creativecommons.org/licenses/by-nc/4.0/,"[""NO_DEPTH""]",False,False
13c615a8-3caa-41a5-b9ee-4d75805f680b,https://www.inaturalist.org/observations/60800553,Chelonia mydas,urn:lsid:marinespecies.org:taxname:137206,137206,,4.0252559855,118.6137499577,2018-01-18T11:18:00+08:00,,HumanObservation,urn:lsid:marinespecies.org:taxname:137206,31411.0,True,eaea291a-1e1d-4382-b86f-ac3cc15b8d5a,iNaturalist research-grade observations,https://creativecommons.org/licenses/by-nc/4.0/,"[""NO_DEPTH""]",False,False
14adb06a-810a-4124-b372-8f23b8a08c2a,https://www.inaturalist.org/observations/369666889,Chelonia mydas,urn:lsid:marinespecies.org:taxname:137206,137206,,4.1775405654,118.6094636515,2026-06-08T06:30:00+08:00,,HumanObservation,urn:lsid:marinespecies.org:taxname:137206,31411.0,True,eaea291a-1e1d-4382-b86f-ac3cc15b8d5a,iNaturalist research-grade observations,https://creativecommons.org/licenses/by-nc/4.0/,"[""NO_DEPTH""]",False,False
154a2901-3a81-4c99-af1b-f2e5324b26db,https://www.inaturalist.org/observations/70431516,Chelonia mydas,urn:lsid:marinespecies.org:taxname:137206,137206,,2.1763130451,109.7633984622,2013-07-10T22:31:00+08:00,,HumanObservation,urn:lsid:marinespecies.org:taxname:137206,31441.0,True,eaea291a-1e1d-4382-b86f-ac3cc15b8d5a,iNaturalist research-grade observations,https://creativecommons.org/licenses/by-nc/4.0/,"[""NO_DEPTH""]",False,False
1569c3b3-7703-41ce-a7d4-a6256e21d371,975_120,Chelonia mydas,urn:lsid:marinespecies.org:taxname:137206,137206,valid,5.576,112.143,1994-09-29T20:18,1994,MachineObservation,present,,True,19104c99-492b-4f23-a3e9-41e86eaef780,Satellite tracked green turtles in the South China Sea 1993-1994,http://creativecommons.org/licenses/by/4.0/,"[""NO_DEPTH""]",False,False
15df3208-7828-4e57-8efa-0bcc5f176773,https://www.inaturalist.org/observations/162230246,Chelonia mydas,urn:lsid:marinespecies.org:taxname:137206,137206,,6.0963647818,118.014982508,2023-04-27T21:43:49+08:00,,HumanObservation,urn:lsid:marinespecies.org:taxname:137206,31362.0,True,eaea291a-1e1d-4382-b86f-ac3cc15b8d5a,iNaturalist research-grade observations,https://creativecommons.org/licenses/by-nc/4.0/,"[""NO_DEPTH""]",False,False
16c50b0d-ad1b-4d93-aded-8cdcb1f30533,https://www.inaturalist.org/observations/42075367,Chelonia mydas,urn:lsid:marinespecies.org:taxname:137206,137206,,5.9582016757,102.7898880731,2013-03-11T10:42:00-10:00,,HumanObservation,urn:lsid:marinespecies.org:taxname:137206,31368.0,True,eaea291a-1e1d-4382-b86f-ac3cc15b8d5a,iNaturalist research-grade observations,https://creativecommons.org/licenses/by/4.0/,"[""NO_DEPTH""]",False,False
184c119d-c0aa-4ab8-829a-3b63c61633ba,https://www.inaturalist.org/observations/88507840,Chelonia mydas,urn:lsid:marinespecies.org:taxname:137206,137206,,5.9592418833,102.6560103611,2019-08-20,,HumanObservation,urn:lsid:marinespecies.org:taxname:137206,31368.0,True,eaea291a-1e1d-4382-b86f-ac3cc15b8d5a,iNaturalist research-grade observations,https://creativecommons.org/licenses/by-nc/4.0/,"[""NO_DEPTH""]",False,False
185c7f0f-6c56-487f-b091-968dba565676,975_122,Chelonia mydas,urn:lsid:marinespecies.org:taxname:137206,137206,valid,5.379,112.339,1994-09-30T08:54,1994,MachineObservation,present,,True,19104c99-492b-4f23-a3e9-41e86eaef780,Satellite tracked green turtles in the South China Sea 1993-1994,http://creativecommons.org/licenses/by/4.0/,"[""NO_DEPTH""]",False,False
18961f57-7216-43c0-8ad9-e4d0ab27bfca,https://www.inaturalist.org/observations/362596264,Chelonia mydas,urn:lsid:marinespecies.org:taxname:137206,137206,,6.1757978044,118.0874396713,2026-05-17T21:21:50+08:00,,HumanObservation,urn:lsid:marinespecies.org:taxname:137206,31362.0,True,eaea291a-1e1d-4382-b86f-ac3cc15b8d5a,iNaturalist research-grade observations,https://creativecommons.org/licenses/by-nc/4.0/,"[""NO_DEPTH""]",False,False
199ee1a2-0762-4b45-9fd3-14953a57fa0f,https://www.inaturalist.org/observations/38511300,Chelonia mydas,urn:lsid:marinespecies.org:taxname:137206,137206,,4.2003013575,118.6399119065,2014-10-15T04:14:00+02:00,,HumanObservation,urn:lsid:marinespecies.org:taxname:137206,31407.0,True,eaea291a-1e1d-4382-b86f-ac3cc15b8d5a,iNaturalist research-grade observations,https://creativecommons.org/licenses/by-nc/4.0/,"[""NO_DEPTH""]",False,False
1a94089f-d8c3-4696-ad35-adace034cab4,https://www.inaturalist.org/observations/369666957,Chelonia mydas,urn:lsid:marinespecies.org:taxname:137206,137206,,4.0611879528,118.6183541321,2026-06-08T06:30:00+08:00,,HumanObservation,urn:lsid:marinespecies.org:taxname:137206,31411.0,True,eaea291a-1e1d-4382-b86f-ac3cc15b8d5a,iNaturalist research-grade observations,https://creativecommons.org/licenses/by-nc/4.0/,"[""NO_DEPTH""]",False,False
1a963597-488e-45e1-82cc-3b7c3c1bfb53,https://www.inaturalist.org/observations/325290329,Chelonia mydas,urn:lsid:marinespecies.org:taxname:137206,137206,,4.9711388023,103.603270848,2025-10-26T11:32:00+08:00,,HumanObservation,urn:lsid:marinespecies.org:taxname:137206,31394.0,True,eaea291a-1e1d-4382-b86f-ac3cc15b8d5a,iNaturalist research-grade observations,https://creativecommons.org/licenses/by-nc/4.0/,"[""NO_DEPTH""]",False,False
1ad5e924-fe04-4984-8914-24ef93bf7095,https://www.inaturalist.org/observations/81188684,Chelonia mydas,urn:lsid:marinespecies.org:taxname:137206,137206,,6.1604337878,118.0590216869,2016-03-30T16:06:00Z,,HumanObservation,urn:lsid:marinespecies.org:taxname:137206,31362.0,True,eaea291a-1e1d-4382-b86f-ac3cc15b8d5a,iNaturalist research-grade observations,https://creativecommons.org/licenses/by-nc/4.0/,"[""NO_DEPTH""]",False,False
1c5e8e4d-66c1-413c-9ce8-d6b17abaadab,https://www.inaturalist.org/observations/304903162,Chelonia mydas,urn:lsid:marinespecies.org:taxname:137206,137206,,5.9215438164,102.7466732384,2025-07-01T10:26:48+08:00,,HumanObservation,urn:lsid:marinespecies.org:taxname:137206,31368.0,True,eaea291a-1e1d-4382-b86f-ac3cc15b8d5a,iNaturalist research-grade observations,https://creativecommons.org/licenses/by-nc/4.0/,"[""NO_DEPTH""]",False,False
1c8ce37c-c94a-445d-9c69-db424b775cf4,975_147,Chelonia mydas,urn:lsid:marinespecies.org:taxname:137206,137206,valid,5.362,115.194,1994-10-08T18:45,1994,MachineObservation,present,,True,19104c99-492b-4f23-a3e9-41e86eaef780,Satellite tracked green turtles in the South China Sea 1993-1994,http://creativecommons.org/licenses/by/4.0/,"[""NO_DEPTH""]",False,False
1cabc739-d129-47a6-9291-52a357c1a9aa,https://www.inaturalist.org/observations/42099123,Chelonia mydas,urn:lsid:marinespecies.org:taxname:137206,137206,,4.1298830884,118.6971582922,2011-08-28T11:18:00-04:00,,HumanObservation,urn:lsid:marinespecies.org:taxname:137206,31411.0,True,eaea291a-1e1d-4382-b86f-ac3cc15b8d5a,iNaturalist research-grade observations,https://creativecommons.org/licenses/by-nc/4.0/,"[""NO_DEPTH""]",False,False
1d04af06-144d-4e57-83fb-53d4c03ed7bc,https://www.inaturalist.org/observations/196898810,Chelonia mydas,urn:lsid:marinespecies.org:taxname:137206,137206,,4.4142743314,118.8360807116,2022-03-29T10:59:00+08:00,,HumanObservation,urn:lsid:marinespecies.org:taxname:137206,31403.0,True,eaea291a-1e1d-4382-b86f-ac3cc15b8d5a,iNaturalist research-grade observations,https://creativecommons.org/licenses/by-nc/4.0/,"[""NO_DEPTH""]",False,False
1d15de6a-6bd7-420c-9e90-bb5c81e591fc,https://www.inaturalist.org/observations/8297502,Chelonia mydas,urn:lsid:marinespecies.org:taxname:137206,137206,,4.181542841,118.6139289348,2008-05-22,,HumanObservation,urn:lsid:marinespecies.org:taxname:137206,31411.0,True,eaea291a-1e1d-4382-b86f-ac3cc15b8d5a,iNaturalist research-grade observations,https://creativecommons.org/licenses/by-nc/4.0/,"[""NO_DEPTH""]",False,False
1d6c1ceb-050c-4ef2-9182-dda577220157,975_60,Chelonia mydas,urn:lsid:marinespecies.org:taxname:137206,137206,valid,6.303,103.496,1994-09-11T08:01,1994,MachineObservation,present,,True,19104c99-492b-4f23-a3e9-41e86eaef780,Satellite tracked green turtles in the South China Sea 1993-1994,http://creativecommons.org/licenses/by/4.0/,"[""NO_DEPTH""]",False,False
1dcd2963-03c7-4167-a87f-c9edbe8d53cb,https://www.inaturalist.org/observations/302250742,Chelonia mydas,urn:lsid:marinespecies.org:taxname:137206,137206,,4.0786614695,118.6191017541,2020-06-12T18:06:41+08:00,,HumanObservation,urn:lsid:marinespecies.org:taxname:137206,31411.0,True,eaea291a-1e1d-4382-b86f-ac3cc15b8d5a,iNaturalist research-grade observations,https://creativecommons.org/licenses/by-nc/4.0/,"[""NO_DEPTH""]",False,False
1f4006ee-685b-41c5-a679-fd3e06fc0c17,https://www.inaturalist.org/observations/283575741,Chelonia mydas,urn:lsid:marinespecies.org:taxname:137206,137206,,2.6806952438,104.2263374958,2025-04-11T21:39:00+08:00,,HumanObservation,urn:lsid:marinespecies.org:taxname:137206,31434.0,True,eaea291a-1e1d-4382-b86f-ac3cc15b8d5a,iNaturalist research-grade observations,https://creativecommons.org/licenses/by-nc/4.0/,"[""NO_DEPTH""]",False,False
1f45fe06-8f13-4842-97b8-5b60d4ff41e6,https://www.inaturalist.org/observations/241244248,Chelonia mydas,urn:lsid:marinespecies.org:taxname:137206,137206,,4.3059529361,118.6315992455,2011-09-26T10:58:41+08:00,,HumanObservation,urn:lsid:marinespecies.org:taxname:137206,31407.0,True,eaea291a-1e1d-4382-b86f-ac3cc15b8d5a,iNaturalist research-grade observations,https://creativecommons.org/licenses/by-nc/4.0/,"[""NO_DEPTH""]",False,False
1fe736e8-ade0-413c-a1d4-8a21c3e705fc,https://www.inaturalist.org/observations/372869968,Chelonia mydas,urn:lsid:marinespecies.org:taxname:137206,137206,,4.0647093225,118.7735891479,2026-06-08T11:15:00+08:00,,HumanObservation,urn:lsid:marinespecies.org:taxname:137206,31411.0,True,eaea291a-1e1d-4382-b86f-ac3cc15b8d5a,iNaturalist research-grade observations,https://creativecommons.org/licenses/by-nc/4.0/,"[""NO_DEPTH""]",False,False
20040bac-83a0-42a5-8f0c-31151503040a,975_238,Chelonia mydas,urn:lsid:marinespecies.org:taxname:137206,137206,valid,4.347,103.49,1994-09-16T08:53,1994,MachineObservation,present,,True,19104c99-492b-4f23-a3e9-41e86eaef780,Satellite tracked green turtles in the South China Sea 1993-1994,http://creativecommons.org/licenses/by/4.0/,"[""NO_DEPTH""]",False,False
20d98747-f949-4d45-ba8b-157084282e04,https://www.inaturalist.org/observations/58777244,Chelonia mydas,urn:lsid:marinespecies.org:taxname:137206,137206,,5.8485031033,102.6693550748,2020-09-06T22:23:27+02:00,,HumanObservation,urn:lsid:marinespecies.org:taxname:137206,31368.0,True,eaea291a-1e1d-4382-b86f-ac3cc15b8d5a,iNaturalist research-grade observations,https://creativecommons.org/licenses/by/4.0/,"[""NO_DEPTH""]",False,False
21423394-a79d-432b-b3ce-d6d517cf24bf,https://www.inaturalist.org/observations/262922593,Chelonia mydas,urn:lsid:marinespecies.org:taxname:137206,137206,,4.0730505793,118.7932784958,2000-09-22T01:02:00+08:00,,HumanObservation,urn:lsid:marinespecies.org:taxname:137206,31411.0,True,eaea291a-1e1d-4382-b86f-ac3cc15b8d5a,iNaturalist research-grade observations,https://creativecommons.org/licenses/by-nc/4.0/,"[""NO_DEPTH""]",False,False
215e0ec0-420f-4d73-8c9a-1451d91783a2,975_173,Chelonia mydas,urn:lsid:marinespecies.org:taxname:137206,137206,valid,5.556,103.32,1994-09-30T07:13,1994,MachineObservation,present,,True,19104c99-492b-4f23-a3e9-41e86eaef780,Satellite tracked green turtles in the South China Sea 1993-1994,http://creativecommons.org/licenses/by/4.0/,"[""NO_DEPTH""]",False,False
2182abf1-ce4a-42bf-a980-7017e593aa66,https://www.inaturalist.org/observations/304902489,Chelonia mydas,urn:lsid:marinespecies.org:taxname:137206,137206,,5.8460610092,102.686987571,2025-07-01T10:16:37+08:00,,HumanObservation,urn:lsid:marinespecies.org:taxname:137206,31368.0,True,eaea291a-1e1d-4382-b86f-ac3cc15b8d5a,iNaturalist research-grade observations,https://creativecommons.org/licenses/by-nc/4.0/,"[""NO_DEPTH""]",False,False
21b5d8e7-f421-43a8-9d07-1319d8fb5a5c,https://www.inaturalist.org/observations/348022788,Chelonia mydas,urn:lsid:marinespecies.org:taxname:137206,137206,,2.7491455633,104.2354863501,2026-04-06T21:09:26+08:00,,HumanObservation,urn:lsid:marinespecies.org:taxname:137206,31434.0,True,eaea291a-1e1d-4382-b86f-ac3cc15b8d5a,iNaturalist research-grade observations,https://creativecommons.org/licenses/by-nc/4.0/,"[""NO_DEPTH""]",False,False
21c578b5-aad5-4b7b-9e0d-0146b155e38a,https://www.inaturalist.org/observations/383251295,Chelonia mydas,urn:lsid:marinespecies.org:taxname:137206,137206,,4.4190236028,118.8487473777,2026-07-15T15:04:00+08:00,,HumanObservation,urn:lsid:marinespecies.org:taxname:137206,31403.0,True,eaea291a-1e1d-4382-b86f-ac3cc15b8d5a,iNaturalist research-grade observations,https://creativecommons.org/licenses/by-nc/4.0/,"[""NO_DEPTH""]",False,False
224cbf8b-fd33-4fc3-b902-3ade0efd02a8,https://www.inaturalist.org/observations/203449548,Chelonia mydas,urn:lsid:marinespecies.org:taxname:137206,137206,,4.4622871232,118.8885632365,2024-03-20T11:19:00+08:00,,HumanObservation,urn:lsid:marinespecies.org:taxname:137206,31403.0,True,eaea291a-1e1d-4382-b86f-ac3cc15b8d5a,iNaturalist research-grade observations,https://creativecommons.org/licenses/by-nc/4.0/,"[""NO_DEPTH""]",False,False
22ac73ba-4b8d-489c-82c8-1d1e25c53f55,https://www.inaturalist.org/observations/360841716,Chelonia mydas,urn:lsid:marinespecies.org:taxname:137206,137206,,4.585098426,118.6704971756,2026-05-11T13:12:31+08:00,,HumanObservation,urn:lsid:marinespecies.org:taxname:137206,41201.0,True,eaea291a-1e1d-4382-b86f-ac3cc15b8d5a,iNaturalist research-grade observations,https://creativecommons.org/licenses/by-nc/4.0/,"[""NO_DEPTH""]",False,False
23112da0-5415-4a3d-8be5-23884e40b662,https://www.inaturalist.org/observations/300854449,Chelonia mydas,urn:lsid:marinespecies.org:taxname:137206,137206,,4.4404657565,118.8825982284,2025-07-13T11:35:00+08:00,,HumanObservation,urn:lsid:marinespecies.org:taxname:137206,31403.0,True,eaea291a-1e1d-4382-b86f-ac3cc15b8d5a,iNaturalist research-grade observations,https://creativecommons.org/licenses/by-nc/4.0/,"[""NO_DEPTH""]",False,False
23589e21-2926-4ad3-bbc7-da27fceb6fa3,https://www.inaturalist.org/observations/151501051,Chelonia mydas,urn:lsid:marinespecies.org:taxname:137206,137206,,5.8376400333,102.6128215611,2013-03-04T12:37:00+08:00,,HumanObservation,urn:lsid:marinespecies.org:taxname:137206,31368.0,True,eaea291a-1e1d-4382-b86f-ac3cc15b8d5a,iNaturalist research-grade observations,https://creativecommons.org/licenses/by-nc/4.0/,"[""NO_DEPTH""]",False,False
2361daab-4de5-4bc3-8302-d935e4e53451,975_319,Chelonia mydas,urn:lsid:marinespecies.org:taxname:137206,137206,valid,5.46,103.16,1994-09-19T20:32,1994,MachineObservation,present,,True,19104c99-492b-4f23-a3e9-41e86eaef780,Satellite tracked green turtles in the South China Sea 1993-1994,http://creativecommons.org/licenses/by/4.0/,"[""NO_DEPTH""]",False,False
23ee22c1-ca44-4a43-ba0d-94e36c6f746b,975_315,Chelonia mydas,urn:lsid:marinespecies.org:taxname:137206,137206,valid,5.49,103.115,1994-09-18T08:09,1994,MachineObservation,present,,True,19104c99-492b-4f23-a3e9-41e86eaef780,Satellite tracked green turtles in the South China Sea 1993-1994,http://creativecommons.org/licenses/by/4.0/,"[""NO_DEPTH""]",False,False
2455c68d-dd0f-4986-b6b1-ebab91c1b616,https://www.inaturalist.org/observations/324451525,Chelonia mydas,urn:lsid:marinespecies.org:taxname:137206,137206,,1.7442743496,110.1126197726,2025-07-08T13:59:37+08:00,,HumanObservation,urn:lsid:marinespecies.org:taxname:137206,31444.0,True,eaea291a-1e1d-4382-b86f-ac3cc15b8d5a,iNaturalist research-grade observations,https://creativecommons.org/licenses/by-nc/4.0/,"[""NO_DEPTH""]",False,False
246d5af7-8020-4cbe-87b8-3ded3dee117c,https://www.inaturalist.org/observations/177622981,Chelonia mydas,urn:lsid:marinespecies.org:taxname:137206,137206,,4.3434641918,118.7310916691,2023-08-02T13:09:00+08:00,,HumanObservation,urn:lsid:marinespecies.org:taxname:137206,31407.0,True,eaea291a-1e1d-4382-b86f-ac3cc15b8d5a,iNaturalist research-grade observations,https://creativecommons.org/licenses/by-nc/4.0/,"[""NO_DEPTH""]",False,False
248419e0-dac5-42b4-b25d-439d4088529d,https://www.inaturalist.org/observations/254384361,Chelonia mydas,urn:lsid:marinespecies.org:taxname:137206,137206,,4.0060393269,103.5406400598,2024-05-02T21:28:00+08:00,,HumanObservation,urn:lsid:marinespecies.org:taxname:137206,31411.0,True,eaea291a-1e1d-4382-b86f-ac3cc15b8d5a,iNaturalist research-grade observations,https://creativecommons.org/licenses/by-nc/4.0/,"[""NO_DEPTH""]",False,False
2523ef82-38bb-441d-b643-b2c6a1d19878,975_244,Chelonia mydas,urn:lsid:marinespecies.org:taxname:137206,137206,valid,3.679,103.481,1994-09-18T20:53,1994,MachineObservation,present,,True,19104c99-492b-4f23-a3e9-41e86eaef780,Satellite tracked green turtles in the South China Sea 1993-1994,http://creativecommons.org/licenses/by/4.0/,"[""NO_DEPTH""]",False,False
26439a06-83d6-4ebf-bab4-33f28b2e76c7,https://www.inaturalist.org/observations/42099126,Chelonia mydas,urn:lsid:marinespecies.org:taxname:137206,137206,,4.1517419106,118.7069197428,2011-08-28T11:29:00-04:00,,HumanObservation,urn:lsid:marinespecies.org:taxname:137206,31411.0,True,eaea291a-1e1d-4382-b86f-ac3cc15b8d5a,iNaturalist research-grade observations,https://creativecommons.org/licenses/by-nc/4.0/,"[""NO_DEPTH""]",False,False
2669261b-7196-48b7-8374-ba455348e439,975_163,Chelonia mydas,urn:lsid:marinespecies.org:taxname:137206,137206,valid,5.855,103.01,1994-09-25T17:49,1994,MachineObservation,present,,True,19104c99-492b-4f23-a3e9-41e86eaef780,Satellite tracked green turtles in the South China Sea 1993-1994,http://creativecommons.org/licenses/by/4.0/,"[""NO_DEPTH""]",False,False
269848a3-4da5-4b43-86fa-4eb55df62b80,https://www.inaturalist.org/observations/101456983,Chelonia mydas,urn:lsid:marinespecies.org:taxname:137206,137206,,4.2878677541,118.6758267984,2011-09-06T18:20:00+08:00,,HumanObservation,urn:lsid:marinespecies.org:taxname:137206,31407.0,True,eaea291a-1e1d-4382-b86f-ac3cc15b8d5a,iNaturalist research-grade observations,https://creativecommons.org/licenses/by-nc/4.0/,"[""NO_DEPTH""]",False,False
26ba7447-0531-44f8-b6ba-43803ab8c5ae,https://www.inaturalist.org/observations/42099121,Chelonia mydas,urn:lsid:marinespecies.org:taxname:137206,137206,,4.0483345896,118.7262034083,2011-08-28T09:27:00-04:00,,HumanObservation,urn:lsid:marinespecies.org:taxname:137206,31411.0,True,eaea291a-1e1d-4382-b86f-ac3cc15b8d5a,iNaturalist research-grade observations,https://creativecommons.org/licenses/by-nc/4.0/,"[""NO_DEPTH""]",False,False
26cc8b7e-9f70-4179-aa22-013f23dd5573,1300_908853,Chelonia mydas,urn:lsid:marinespecies.org:taxname:137206,137206,valid,6.5,117.5,2015-07-06T20:22:26/2016-10-30T05:59:15,2016,MachineObservation,present,111319.49,True,77b8d6e2-7bec-4adf-a3ca-aa10a439e074,Identification of Important Turtle Areas for green turtles in the Sulu Sulawesi Marine Ecoregion,http://creativecommons.org/licenses/by-nc/4.0/,"[""NO_DEPTH"",""ON_LAND""]",False,False
26f7e363-30f8-4b0d-963d-5aa4484cd1cc,https://www.inaturalist.org/observations/309421285,Chelonia mydas,urn:lsid:marinespecies.org:taxname:137206,137206,,5.6256169498,102.8563442577,2024-07-14T05:28:45+08:00,,HumanObservation,urn:lsid:marinespecies.org:taxname:137206,31373.0,True,eaea291a-1e1d-4382-b86f-ac3cc15b8d5a,iNaturalist research-grade observations,https://creativecommons.org/licenses/by-nc/4.0/,"[""NO_DEPTH""]",False,False
26f988a6-6c60-48d3-8532-c326632b7e01,1300_907841,Chelonia mydas,urn:lsid:marinespecies.org:taxname:137206,137206,valid,7.5,116.5,2015-07-28T14:20:44/2016-11-11T07:03:55,2016,MachineObservation,present,111319.49,True,77b8d6e2-7bec-4adf-a3ca-aa10a439e074,Identification of Important Turtle Areas for green turtles in the Sulu Sulawesi Marine Ecoregion,http://creativecommons.org/licenses/by-nc/4.0/,"[""NO_DEPTH""]",False,False
278981a0-1220-4ef3-a8dd-724fc50a4a9a,https://www.inaturalist.org/observations/254381360,Chelonia mydas,urn:lsid:marinespecies.org:taxname:137206,137206,,4.4278857612,118.8309462258,2024-10-14T14:49:21+08:00,,HumanObservation,urn:lsid:marinespecies.org:taxname:137206,31403.0,True,eaea291a-1e1d-4382-b86f-ac3cc15b8d5a,iNaturalist research-grade observations,https://creativecommons.org/licenses/by-nc/4.0/,"[""NO_DEPTH""]",False,False
27f09fbc-52d8-4ace-a1c0-a0319443aa5c,975_329,Chelonia mydas,urn:lsid:marinespecies.org:taxname:137206,137206,valid,6.41,104.03,1994-09-23T17:16,1994,MachineObservation,present,,True,19104c99-492b-4f23-a3e9-41e86eaef780,Satellite tracked green turtles in the South China Sea 1993-1994,http://creativecommons.org/licenses/by/4.0/,"[""NO_DEPTH""]",False,False
28411b36-adc8-4d4b-9c38-3ac572066301,975_229,Chelonia mydas,urn:lsid:marinespecies.org:taxname:137206,137206,valid,5.124,103.323,1994-09-14T05:37,1994,MachineObservation,present,,True,19104c99-492b-4f23-a3e9-41e86eaef780,Satellite tracked green turtles in the South China Sea 1993-1994,http://creativecommons.org/licenses/by/4.0/,"[""NO_DEPTH""]",False,False
288fb84c-5291-42b8-bba7-7f42d1773ad6,975_377,Chelonia mydas,urn:lsid:marinespecies.org:taxname:137206,137206,valid,7.08,114.933,1994-10-13T04:43,1994,MachineObservation,present,,True,19104c99-492b-4f23-a3e9-41e86eaef780,Satellite tracked green turtles in the South China Sea 1993-1994,http://creativecommons.org/licenses/by/4.0/,"[""NO_DEPTH""]",False,False
28da6658-20ef-456d-bc03-bf5d6dfadc67,https://www.inaturalist.org/observations/25338446,Chelonia mydas,urn:lsid:marinespecies.org:taxname:137206,137206,,4.0299620869,118.6990705349,2013-01-08T14:48:00-05:00,,HumanObservation,urn:lsid:marinespecies.org:taxname:137206,31411.0,True,eaea291a-1e1d-4382-b86f-ac3cc15b8d5a,iNaturalist research-grade observations,https://creativecommons.org/licenses/by-nc/4.0/,"[""NO_DEPTH""]",False,False
2978869c-3561-4c7e-b729-063d8256e851,975_164,Chelonia mydas,urn:lsid:marinespecies.org:taxname:137206,137206,valid,5.679,102.85,1994-09-26T19:46,1994,MachineObservation,present,,True,19104c99-492b-4f23-a3e9-41e86eaef780,Satellite tracked green turtles in the South China Sea 1993-1994,http://creativecommons.org/licenses/by/4.0/,"[""NO_DEPTH""]",False,False
298b6979-ed74-401b-86dd-b95d9f9461d9,975_1,Chelonia mydas,urn:lsid:marinespecies.org:taxname:137206,137206,valid,5.812,103.007,1993-09-23T11:37,1993,MachineObservation,present,,True,19104c99-492b-4f23-a3e9-41e86eaef780,Satellite tracked green turtles in the South China Sea 1993-1994,http://creativecommons.org/licenses/by/4.0/,"[""NO_DEPTH"",""ON_LAND""]",False,False
299563b4-615c-4971-b97d-5834d0024eb5,975_225,Chelonia mydas,urn:lsid:marinespecies.org:taxname:137206,137206,valid,5.446,103.128,1994-09-12T18:48,1994,MachineObservation,present,,True,19104c99-492b-4f23-a3e9-41e86eaef780,Satellite tracked green turtles in the South China Sea 1993-1994,http://creativecommons.org/licenses/by/4.0/,"[""NO_DEPTH""]",False,False
2a6bae51-1ded-4a1d-9c77-f70b9fa6227f,https://www.inaturalist.org/observations/347802762,Chelonia mydas,urn:lsid:marinespecies.org:taxname:137206,137206,,2.6552356305,104.3274129271,2026-04-06T21:14:51+08:00,,HumanObservation,urn:lsid:marinespecies.org:taxname:137206,31434.0,True,eaea291a-1e1d-4382-b86f-ac3cc15b8d5a,iNaturalist research-grade observations,https://creativecommons.org/licenses/by-nc/4.0/,"[""NO_DEPTH""]",False,False
2abdbe6b-bdcc-403c-a3db-a90f55309a75,https://www.inaturalist.org/observations/256976671,Chelonia mydas,urn:lsid:marinespecies.org:taxname:137206,137206,,4.2453973654,118.7673887145,2024-12-23T06:42:20+08:00,,HumanObservation,urn:lsid:marinespecies.org:taxname:137206,31407.0,True,eaea291a-1e1d-4382-b86f-ac3cc15b8d5a,iNaturalist research-grade observations,https://creativecommons.org/licenses/by-nc/4.0/,"[""NO_DEPTH""]",False,False
2b0f8c5a-5a39-4abc-a537-0cd51bd4880c,https://www.inaturalist.org/observations/199892614,Chelonia mydas,urn:lsid:marinespecies.org:taxname:137206,137206,,4.1726718908,118.7689157029,2007-10-03T11:12:00+08:00,,HumanObservation,urn:lsid:marinespecies.org:taxname:137206,31411.0,True,eaea291a-1e1d-4382-b86f-ac3cc15b8d5a,iNaturalist research-grade observations,https://creativecommons.org/licenses/by-nc/4.0/,"[""NO_DEPTH""]",False,False
2b18af02-cea9-4491-8c95-f9ec6b986392,https://www.inaturalist.org/observations/313584799,Chelonia mydas,urn:lsid:marinespecies.org:taxname:137206,137206,,4.0465372918,118.6779416699,2016-09-03T10:43:00+08:00,,HumanObservation,urn:lsid:marinespecies.org:taxname:137206,31411.0,True,eaea291a-1e1d-4382-b86f-ac3cc15b8d5a,iNaturalist research-grade observations,https://creativecommons.org/licenses/by-nc/4.0/,"[""NO_DEPTH""]",False,False
2b3e4c2c-c0df-44a1-8de7-e2f09d93c759,975_149,Chelonia mydas,urn:lsid:marinespecies.org:taxname:137206,137206,valid,5.789,115.662,1994-10-10T16:22,1994,MachineObservation,present,,True,19104c99-492b-4f23-a3e9-41e86eaef780,Satellite tracked green turtles in the South China Sea 1993-1994,http://creativecommons.org/licenses/by/4.0/,"[""NO_DEPTH""]",False,False
2b408c10-7c47-4e2f-8b70-f068ce3ce980,https://www.inaturalist.org/observations/135378041,Chelonia mydas,urn:lsid:marinespecies.org:taxname:137206,137206,,6.076374196,118.0037577256,2022-09-09T21:09:26+08:00,,HumanObservation,urn:lsid:marinespecies.org:taxname:137206,31362.0,True,eaea291a-1e1d-4382-b86f-ac3cc15b8d5a,iNaturalist research-grade observations,https://creativecommons.org/licenses/by/4.0/,"[""NO_DEPTH""]",False,False
2b5f8745-2889-4eaa-af83-6ed1cc95d15e,https://www.inaturalist.org/observations/202491083,Chelonia mydas,urn:lsid:marinespecies.org:taxname:137206,137206,,5.7582764366,103.1790208252,2024-03-13T17:58:52+08:00,,HumanObservation,urn:lsid:marinespecies.org:taxname:137206,31373.0,True,eaea291a-1e1d-4382-b86f-ac3cc15b8d5a,iNaturalist research-grade observations,https://creativecommons.org/licenses/by-nc/4.0/,"[""NO_DEPTH""]",False,False
2b95d5f0-0c56-4a09-8d9f-9dbe296566d8,https://www.inaturalist.org/observations/319927205,Chelonia mydas,urn:lsid:marinespecies.org:taxname:137206,137206,,4.5515798109,118.8051465919,2025-10-07T10:09:00+08:00,,HumanObservation,urn:lsid:marinespecies.org:taxname:137206,31403.0,True,eaea291a-1e1d-4382-b86f-ac3cc15b8d5a,iNaturalist research-grade observations,https://creativecommons.org/licenses/by-nc/4.0/,"[""NO_DEPTH""]",False,False
2c8705bd-5af4-49a1-9075-28023a7e094e,https://www.inaturalist.org/observations/374426379,Chelonia mydas,urn:lsid:marinespecies.org:taxname:137206,137206,,5.90928188,102.6533907001,2025-08-27T04:36:17+08:00,,HumanObservation,urn:lsid:marinespecies.org:taxname:137206,31368.0,True,eaea291a-1e1d-4382-b86f-ac3cc15b8d5a,iNaturalist research-grade observations,https://creativecommons.org/licenses/by-nc/4.0/,"[""NO_DEPTH""]",False,False
2cc0c74c-4733-42e8-8674-845c85ea0c92,https://www.inaturalist.org/observations/306322613,Chelonia mydas,urn:lsid:marinespecies.org:taxname:137206,137206,,4.5698434081,118.9694040307,2022-07-12T04:59:00+08:00,,HumanObservation,urn:lsid:marinespecies.org:taxname:137206,31403.0,True,eaea291a-1e1d-4382-b86f-ac3cc15b8d5a,iNaturalist research-grade observations,https://creativecommons.org/licenses/by-nc/4.0/,"[""NO_DEPTH""]",False,False
2cf252ac-5706-4974-b7f4-c19a9ce0d95b,https://www.inaturalist.org/observations/349181778,Chelonia mydas,urn:lsid:marinespecies.org:taxname:137206,137206,,2.6712456515,104.2325907774,2026-04-06T21:35:30+08:00,,HumanObservation,urn:lsid:marinespecies.org:taxname:137206,31434.0,True,eaea291a-1e1d-4382-b86f-ac3cc15b8d5a,iNaturalist research-grade observations,https://creativecommons.org/licenses/by-nc/4.0/,"[""NO_DEPTH""]",False,False
2d3d15fe-876c-4f7e-bab4-113b068d8158,975_116,Chelonia mydas,urn:lsid:marinespecies.org:taxname:137206,137206,valid,5.703,111.826,1994-09-29T05:54,1994,MachineObservation,present,,True,19104c99-492b-4f23-a3e9-41e86eaef780,Satellite tracked green turtles in the South China Sea 1993-1994,http://creativecommons.org/licenses/by/4.0/,"[""NO_DEPTH""]",False,False
2d4666ad-c0c6-44fd-8129-b594eab7bca5,https://www.inaturalist.org/observations/347177521,Chelonia mydas,urn:lsid:marinespecies.org:taxname:137206,137206,,5.9137434757,103.0695669304,2026-04-02T00:49:01+08:00,,HumanObservation,urn:lsid:marinespecies.org:taxname:137206,31368.0,True,eaea291a-1e1d-4382-b86f-ac3cc15b8d5a,iNaturalist research-grade observations,https://creativecommons.org/licenses/by-nc/4.0/,"[""NO_DEPTH""]",False,False
2d5d1acb-3e99-48e2-bcbd-7a800ff1fd4e,https://www.inaturalist.org/observations/307975267,Chelonia mydas,urn:lsid:marinespecies.org:taxname:137206,137206,,4.5430271132,118.8018839975,2025-08-10T23:18:48+08:00,,HumanObservation,urn:lsid:marinespecies.org:taxname:137206,31403.0,True,eaea291a-1e1d-4382-b86f-ac3cc15b8d5a,iNaturalist research-grade observations,https://creativecommons.org/licenses/by-nc/4.0/,"[""NO_DEPTH""]",False,False
2da13a76-39af-4357-abf3-6d14c98d4823,975_200,Chelonia mydas,urn:lsid:marinespecies.org:taxname:137206,137206,valid,4.298,104.25,1994-10-06T18:52,1994,MachineObservation,present,,True,19104c99-492b-4f23-a3e9-41e86eaef780,Satellite tracked green turtles in the South China Sea 1993-1994,http://creativecommons.org/licenses/by/4.0/,"[""NO_DEPTH""]",False,False
2dfdb48d-f1dd-414f-b59c-ce426b093ae1,975_64,Chelonia mydas,urn:lsid:marinespecies.org:taxname:137206,137206,valid,6.624,104.281,1994-09-12T20:28,1994,MachineObservation,present,,True,19104c99-492b-4f23-a3e9-41e86eaef780,Satellite tracked green turtles in the South China Sea 1993-1994,http://creativecommons.org/licenses/by/4.0/,"[""NO_DEPTH""]",False,False
2e84e72f-fdf9-4b50-aaa6-8a3c5b9250ec,https://www.inaturalist.org/observations/372869523,Chelonia mydas,urn:lsid:marinespecies.org:taxname:137206,137206,,4.0052539692,118.6313129956,2026-06-08T00:00:00+08:00,,HumanObservation,urn:lsid:marinespecies.org:taxname:137206,31411.0,True,eaea291a-1e1d-4382-b86f-ac3cc15b8d5a,iNaturalist research-grade observations,https://creativecommons.org/licenses/by-nc/4.0/,"[""NO_DEPTH""]",False,False
2ea7a932-2227-4dc3-84dc-de692ad41eb7,975_58,Chelonia mydas,urn:lsid:marinespecies.org:taxname:137206,137206,valid,6.223,103.241,1994-09-10T17:35,1994,MachineObservation,present,,True,19104c99-492b-4f23-a3e9-41e86eaef780,Satellite tracked green turtles in the South China Sea 1993-1994,http://creativecommons.org/licenses/by/4.0/,"[""NO_DEPTH""]",False,False
2f55d46b-5ac1-4751-a2c5-b23e0bb55801,https://www.inaturalist.org/observations/308162093,Chelonia mydas,urn:lsid:marinespecies.org:taxname:137206,137206,,4.2331828998,118.7901742077,2025-08-22T18:43:38+08:00,,HumanObservation,urn:lsid:marinespecies.org:taxname:137206,31407.0,True,eaea291a-1e1d-4382-b86f-ac3cc15b8d5a,iNaturalist research-grade observations,https://creativecommons.org/licenses/by-nc/4.0/,"[""NO_DEPTH""]",False,False
2f803db6-a3e9-4214-b980-68d2cfa2d1c3,975_331,Chelonia mydas,urn:lsid:marinespecies.org:taxname:137206,137206,valid,6.52,104.32,1994-09-24T06:42,1994,MachineObservation,present,,True,19104c99-492b-4f23-a3e9-41e86eaef780,Satellite tracked green turtles in the South China Sea 1993-1994,http://creativecommons.org/licenses/by/4.0/,"[""NO_DEPTH""]",False,False
30355c04-649f-475e-8748-1e1463f3741f,https://www.inaturalist.org/observations/212542869,Chelonia mydas,urn:lsid:marinespecies.org:taxname:137206,137206,,5.7344859089,103.0103203181,2024-05-01T17:45:13+08:00,,HumanObservation,urn:lsid:marinespecies.org:taxname:137206,31373.0,True,eaea291a-1e1d-4382-b86f-ac3cc15b8d5a,iNaturalist research-grade observations,https://creativecommons.org/licenses/by-nc/4.0/,"[""NO_DEPTH""]",False,False
312531b0-a00c-4712-a8db-a325b231bcbe,975_3,Chelonia mydas,urn:lsid:marinespecies.org:taxname:137206,137206,valid,5.735,103.504,1993-09-25T04:46,1993,MachineObservation,present,,True,19104c99-492b-4f23-a3e9-41e86eaef780,Satellite tracked green turtles in the South China Sea 1993-1994,http://creativecommons.org/licenses/by/4.0/,"[""NO_DEPTH""]",False,False
31b1b7b6-a7ad-4077-9c0f-a86a22a77f8a,975_59,Chelonia mydas,urn:lsid:marinespecies.org:taxname:137206,137206,valid,6.244,103.268,1994-09-10T17:49,1994,MachineObservation,present,,True,19104c99-492b-4f23-a3e9-41e86eaef780,Satellite tracked green turtles in the South China Sea 1993-1994,http://creativecommons.org/licenses/by/4.0/,"[""NO_DEPTH""]",False,False
32872fe3-89e6-41e6-ab48-a57de695a748,https://www.inaturalist.org/observations/60169487,Chelonia mydas,urn:lsid:marinespecies.org:taxname:137206,137206,,4.5342302153,118.9206287206,2014-09-06T02:38:00+08:00,,HumanObservation,urn:lsid:marinespecies.org:taxname:137206,31403.0,True,eaea291a-1e1d-4382-b86f-ac3cc15b8d5a,iNaturalist research-grade observations,https://creativecommons.org/licenses/by-nc/4.0/,"[""NO_DEPTH""]",False,False
3299357b-76c0-407e-8426-86faf6a41bf5,975_186,Chelonia mydas,urn:lsid:marinespecies.org:taxname:137206,137206,valid,5.145,103.69,1994-10-02T20:47,1994,MachineObservation,present,,True,19104c99-492b-4f23-a3e9-41e86eaef780,Satellite tracked green turtles in the South China Sea 1993-1994,http://creativecommons.org/licenses/by/4.0/,"[""NO_DEPTH""]",False,False
32e0a973-913b-4d1d-b21d-9e3ae8241185,https://www.inaturalist.org/observations/65291066,Chelonia mydas,urn:lsid:marinespecies.org:taxname:137206,137206,,4.585357517,118.646942336,2018-05-09T15:52:00Z,,HumanObservation,urn:lsid:marinespecies.org:taxname:137206,31403.0,True,eaea291a-1e1d-4382-b86f-ac3cc15b8d5a,iNaturalist research-grade observations,https://creativecommons.org/licenses/by-nc/4.0/,"[""NO_DEPTH""]",False,False
3304dd6f-46ac-4764-826c-ce64b993c188,975_188,Chelonia mydas,urn:lsid:marinespecies.org:taxname:137206,137206,valid,5.121,103.69,1994-10-03T07:52,1994,MachineObservation,present,,True,19104c99-492b-4f23-a3e9-41e86eaef780,Satellite tracked green turtles in the South China Sea 1993-1994,http://creativecommons.org/licenses/by/4.0/,"[""NO_DEPTH""]",False,False
34b0ee14-3ee7-4a65-b554-ebbfac456e6a,https://www.inaturalist.org/observations/372869901,Chelonia mydas,urn:lsid:marinespecies.org:taxname:137206,137206,,4.1236282073,118.6928946468,2026-06-08T11:15:00+08:00,,HumanObservation,urn:lsid:marinespecies.org:taxname:137206,31411.0,True,eaea291a-1e1d-4382-b86f-ac3cc15b8d5a,iNaturalist research-grade observations,https://creativecommons.org/licenses/by-nc/4.0/,"[""NO_DEPTH""]",False,False
356738a0-0fa8-4d2d-9625-42b3cfbe5f18,https://www.inaturalist.org/observations/138078203,Chelonia mydas,urn:lsid:marinespecies.org:taxname:137206,137206,,4.2108504836,100.5406804625,2022-10-09T12:07:35+08:00,,HumanObservation,urn:lsid:marinespecies.org:taxname:137206,31407.0,True,eaea291a-1e1d-4382-b86f-ac3cc15b8d5a,iNaturalist research-grade observations,https://creativecommons.org/licenses/by-nc/4.0/,"[""NO_DEPTH""]",False,False
368b5dfb-9744-48db-8ff4-c59302b5ed32,https://www.inaturalist.org/observations/214592618,Chelonia mydas,urn:lsid:marinespecies.org:taxname:137206,137206,,2.8458412607,104.0186785052,2024-05-05T10:42:00+08:00,,HumanObservation,urn:lsid:marinespecies.org:taxname:137206,31431.0,True,eaea291a-1e1d-4382-b86f-ac3cc15b8d5a,iNaturalist research-grade observations,https://creativecommons.org/licenses/by-nc/4.0/,"[""NO_DEPTH""]",False,False
370a2cba-131d-435e-a2be-ce9358be1b31,https://www.inaturalist.org/observations/49404034,Chelonia mydas,urn:lsid:marinespecies.org:taxname:137206,137206,,5.6596708128,118.1747132855,2020-06-13T03:51:50Z,,HumanObservation,urn:lsid:marinespecies.org:taxname:137206,152339.0,True,eaea291a-1e1d-4382-b86f-ac3cc15b8d5a,iNaturalist research-grade observations,https://creativecommons.org/licenses/by-nc/4.0/,"[""NO_DEPTH"",""ON_LAND""]",False,False
3777eefc-ee03-4c1e-b3b5-2b2fddd357ef,975_233,Chelonia mydas,urn:lsid:marinespecies.org:taxname:137206,137206,valid,4.839,103.427,1994-09-14T20:41,1994,MachineObservation,present,,True,19104c99-492b-4f23-a3e9-41e86eaef780,Satellite tracked green turtles in the South China Sea 1993-1994,http://creativecommons.org/licenses/by/4.0/,"[""NO_DEPTH""]",False,False
37fe60f6-dca6-4b48-b9bf-001a6954fafd,https://www.inaturalist.org/observations/379641004,Chelonia mydas,urn:lsid:marinespecies.org:taxname:137206,137206,,6.1376667606,118.0198597891,2025-08-06T11:19:13+08:00,,HumanObservation,urn:lsid:marinespecies.org:taxname:137206,31362.0,True,eaea291a-1e1d-4382-b86f-ac3cc15b8d5a,iNaturalist research-grade observations,https://creativecommons.org/licenses/by-nc/4.0/,"[""NO_DEPTH""]",False,False
38ab2b12-3d93-4f43-a883-3b59901cc976,https://www.inaturalist.org/observations/295654224,Chelonia mydas,urn:lsid:marinespecies.org:taxname:137206,137206,,5.9422474733,102.7031434748,2025-07-06T19:02:45+08:00,,HumanObservation,urn:lsid:marinespecies.org:taxname:137206,31368.0,True,eaea291a-1e1d-4382-b86f-ac3cc15b8d5a,iNaturalist research-grade observations,https://creativecommons.org/licenses/by-nc/4.0/,"[""NO_DEPTH""]",False,False
390621be-7ec6-4b7a-97ad-1f94dddadacf,https://www.inaturalist.org/observations/302380989,Chelonia mydas,urn:lsid:marinespecies.org:taxname:137206,137206,,4.2933993104,118.6628654838,2023-11-11T17:18:00+08:00,,HumanObservation,urn:lsid:marinespecies.org:taxname:137206,31407.0,True,eaea291a-1e1d-4382-b86f-ac3cc15b8d5a,iNaturalist research-grade observations,https://creativecommons.org/licenses/by-nc/4.0/,"[""NO_DEPTH""]",False,False
39364273-7f97-4416-8ba9-e887facf514e,373_1484516,Chelonia mydas,urn:lsid:marinespecies.org:taxname:137206,137206,valid,4.5,103.5,2007-12-30T19:19:37/2008-01-03T01:58:40,2008,MachineObservation,present,111319.49,True,36fbd7d5-f381-4303-b5b3-890c0c99b6f1,Vietnam Sea Turtle Tracking Project,http://creativecommons.org/licenses/by-nc/4.0/,"[""NO_DEPTH""]",False,False
394088e9-1fc9-49bc-8950-425c96c6dff4,https://www.inaturalist.org/observations/231603690,Chelonia mydas,urn:lsid:marinespecies.org:taxname:137206,137206,,5.8408630836,102.6456288161,2006-07-04T15:14:00+08:00,,HumanObservation,urn:lsid:marinespecies.org:taxname:137206,31368.0,True,eaea291a-1e1d-4382-b86f-ac3cc15b8d5a,iNaturalist research-grade observations,https://creativecommons.org/licenses/by-nc/4.0/,"[""NO_DEPTH""]",False,False
39c7a067-9e0e-4110-82c3-f8bf5ec5a2cd,https://www.inaturalist.org/observations/312441425,Chelonia mydas,urn:lsid:marinespecies.org:taxname:137206,137206,,4.4226553609,118.9317361145,2025-08-31T10:21:00+08:00,,HumanObservation,urn:lsid:marinespecies.org:taxname:137206,31403.0,True,eaea291a-1e1d-4382-b86f-ac3cc15b8d5a,iNaturalist research-grade observations,https://creativecommons.org/licenses/by-nc/4.0/,"[""NO_DEPTH""]",False,False
39e1f044-62d6-4269-b00a-3819f2a2b842,975_185,Chelonia mydas,urn:lsid:marinespecies.org:taxname:137206,137206,valid,5.146,103.54,1994-10-02T18:08,1994,MachineObservation,present,,True,19104c99-492b-4f23-a3e9-41e86eaef780,Satellite tracked green turtles in the South China Sea 1993-1994,http://creativecommons.org/licenses/by/4.0/,"[""NO_DEPTH""]",False,False
3a035678-ddb2-4f91-be74-9e29b0c6cf20,https://www.inaturalist.org/observations/256624639,Chelonia mydas,urn:lsid:marinespecies.org:taxname:137206,137206,,4.3817341921,118.7734697322,2024-12-22T16:16:00+08:00,,HumanObservation,urn:lsid:marinespecies.org:taxname:137206,31407.0,True,eaea291a-1e1d-4382-b86f-ac3cc15b8d5a,iNaturalist research-grade observations,https://creativecommons.org/licenses/by-nc/4.0/,"[""NO_DEPTH""]",False,False
3a8aeb31-9e1a-4250-821a-bd69e1229ec4,975_321,Chelonia mydas,urn:lsid:marinespecies.org:taxname:137206,137206,valid,6.01,103.215,1994-09-21T19:49,1994,MachineObservation,present,,True,19104c99-492b-4f23-a3e9-41e86eaef780,Satellite tracked green turtles in the South China Sea 1993-1994,http://creativecommons.org/licenses/by/4.0/,"[""NO_DEPTH""]",False,False
3adcc9b1-c09d-42f3-bdac-1cc95ab07e04,https://www.inaturalist.org/observations/46631745,Chelonia mydas,urn:lsid:marinespecies.org:taxname:137206,137206,,4.3124726851,118.704451047,2012-10-30T13:27:25+01:00,,HumanObservation,urn:lsid:marinespecies.org:taxname:137206,31407.0,True,eaea291a-1e1d-4382-b86f-ac3cc15b8d5a,iNaturalist research-grade observations,https://creativecommons.org/licenses/by-nc/4.0/,"[""NO_DEPTH""]",False,False
3af99589-7e94-439f-8f64-3581c056976f,https://www.inaturalist.org/observations/307250976,Chelonia mydas,urn:lsid:marinespecies.org:taxname:137206,137206,,4.2382738141,118.6984263729,2025-08-18T19:51:44+08:00,,HumanObservation,urn:lsid:marinespecies.org:taxname:137206,31407.0,True,eaea291a-1e1d-4382-b86f-ac3cc15b8d5a,iNaturalist research-grade observations,https://creativecommons.org/licenses/by-nc/4.0/,"[""NO_DEPTH""]",False,False
3b219562-afaa-4337-89e3-96f940734994,https://www.inaturalist.org/observations/7381123,Chelonia mydas,urn:lsid:marinespecies.org:taxname:137206,137206,,5.8146622956,103.1598594675,2015-06-16T07:04:00+02:00,,HumanObservation,urn:lsid:marinespecies.org:taxname:137206,31368.0,True,eaea291a-1e1d-4382-b86f-ac3cc15b8d5a,iNaturalist research-grade observations,https://creativecommons.org/licenses/by-nc/4.0/,"[""NO_DEPTH""]",False,False
3b6f3fe3-03f1-4d25-98eb-162d6fdeb989,975_95,Chelonia mydas,urn:lsid:marinespecies.org:taxname:137206,137206,valid,7.248,109.373,1994-09-21T17:40,1994,MachineObservation,present,,True,19104c99-492b-4f23-a3e9-41e86eaef780,Satellite tracked green turtles in the South China Sea 1993-1994,http://creativecommons.org/licenses/by/4.0/,"[""NO_DEPTH""]",False,False
3b9a6568-bea3-4030-a27c-d799db4da0d5,https://www.inaturalist.org/observations/202439621,Chelonia mydas,urn:lsid:marinespecies.org:taxname:137206,137206,,5.8130515405,102.6742619608,2001-08-10T09:40:00+08:00,,HumanObservation,urn:lsid:marinespecies.org:taxname:137206,31368.0,True,eaea291a-1e1d-4382-b86f-ac3cc15b8d5a,iNaturalist research-grade observations,https://creativecommons.org/licenses/by-nc/4.0/,"[""NO_DEPTH""]",False,False
3bbb9cd5-6b7f-474c-b774-f32256e763f2,https://www.inaturalist.org/observations/260809679,Chelonia mydas,urn:lsid:marinespecies.org:taxname:137206,137206,,5.8810802198,102.754369011,2025-02-06T16:04:04+08:00,,HumanObservation,urn:lsid:marinespecies.org:taxname:137206,31368.0,True,eaea291a-1e1d-4382-b86f-ac3cc15b8d5a,iNaturalist research-grade observations,https://creativecommons.org/licenses/by-nc/4.0/,"[""NO_DEPTH""]",False,False
3bcb3686-0e67-4d60-9b5b-039a3b68accf,https://www.inaturalist.org/observations/348062867,Chelonia mydas,urn:lsid:marinespecies.org:taxname:137206,137206,,5.9272915125,103.0829716071,2026-04-02T00:49:17+08:00,,HumanObservation,urn:lsid:marinespecies.org:taxname:137206,31368.0,True,eaea291a-1e1d-4382-b86f-ac3cc15b8d5a,iNaturalist research-grade observations,https://creativecommons.org/licenses/by-nc/4.0/,"[""NO_DEPTH""]",False,False
3c391e5b-e1fc-413d-869c-5804fa4f5b85,https://www.inaturalist.org/observations/329842752,Chelonia mydas,urn:lsid:marinespecies.org:taxname:137206,137206,,4.5721356609,118.9675930236,2022-04-20T16:41:00+08:00,,HumanObservation,urn:lsid:marinespecies.org:taxname:137206,31403.0,True,eaea291a-1e1d-4382-b86f-ac3cc15b8d5a,iNaturalist research-grade observations,https://creativecommons.org/licenses/by-nc/4.0/,"[""NO_DEPTH""]",False,False
3c5a457e-1eae-4dfc-a8b3-0c241c4e4cec,https://www.inaturalist.org/observations/348027382,Chelonia mydas,urn:lsid:marinespecies.org:taxname:137206,137206,,2.7820687338,104.3070565754,2026-04-06T21:35:21+08:00,,HumanObservation,urn:lsid:marinespecies.org:taxname:137206,31434.0,True,eaea291a-1e1d-4382-b86f-ac3cc15b8d5a,iNaturalist research-grade observations,https://creativecommons.org/licenses/by-nc/4.0/,"[""NO_DEPTH""]",False,False
3cbe9b3b-4cac-450a-adc0-450dd28e8227,https://www.inaturalist.org/observations/245537088,Chelonia mydas,urn:lsid:marinespecies.org:taxname:137206,137206,,4.5839186339,118.9064655764,2024-10-04T15:10:57+08:00,,HumanObservation,urn:lsid:marinespecies.org:taxname:137206,31403.0,True,eaea291a-1e1d-4382-b86f-ac3cc15b8d5a,iNaturalist research-grade observations,https://creativecommons.org/licenses/by-nc/4.0/,"[""NO_DEPTH""]",False,False
3d5e43f9-dff7-4054-b257-2ed2e48c6317,975_234,Chelonia mydas,urn:lsid:marinespecies.org:taxname:137206,137206,valid,4.699,103.46,1994-09-15T07:06,1994,MachineObservation,present,,True,19104c99-492b-4f23-a3e9-41e86eaef780,Satellite tracked green turtles in the South China Sea 1993-1994,http://creativecommons.org/licenses/by/4.0/,"[""NO_DEPTH""]",False,False
3e11805a-0edb-401d-bd1e-85f5286869b1,975_178,Chelonia mydas,urn:lsid:marinespecies.org:taxname:137206,137206,valid,5.514,103.53,1994-09-30T21:31,1994,MachineObservation,present,,True,19104c99-492b-4f23-a3e9-41e86eaef780,Satellite tracked green turtles in the South China Sea 1993-1994,http://creativecommons.org/licenses/by/4.0/,"[""NO_DEPTH""]",False,False
3e184b7e-14cd-4f7a-a699-ae9fd76317c4,975_203,Chelonia mydas,urn:lsid:marinespecies.org:taxname:137206,137206,valid,4.173,104.57,1994-10-07T09:04,1994,MachineObservation,present,,True,19104c99-492b-4f23-a3e9-41e86eaef780,Satellite tracked green turtles in the South China Sea 1993-1994,http://creativecommons.org/licenses/by/4.0/,"[""NO_DEPTH""]",False,False
3f044692-9f95-4986-b8ff-cd435ad59590,https://www.inaturalist.org/observations/263946398,Chelonia mydas,urn:lsid:marinespecies.org:taxname:137206,137206,,5.9867430469,102.6939566723,2024-06-18T23:46:42+08:00,,HumanObservation,urn:lsid:marinespecies.org:taxname:137206,31368.0,True,eaea291a-1e1d-4382-b86f-ac3cc15b8d5a,iNaturalist research-grade observations,https://creativecommons.org/licenses/by-nc/4.0/,"[""NO_DEPTH""]",False,False
3fe4193d-ade0-4cb6-9467-0223e343213d,975_314,Chelonia mydas,urn:lsid:marinespecies.org:taxname:137206,137206,valid,5.5,103.031,1994-09-17T06:40,1994,MachineObservation,present,,True,19104c99-492b-4f23-a3e9-41e86eaef780,Satellite tracked green turtles in the South China Sea 1993-1994,http://creativecommons.org/licenses/by/4.0/,"[""NO_DEPTH""]",False,False
40365a36-e6ee-4b4a-905a-98248e8262ea,https://www.inaturalist.org/observations/272140006,Chelonia mydas,urn:lsid:marinespecies.org:taxname:137206,137206,,6.5812898331,117.8153847307,2012-06-20T18:27:00+08:00,,HumanObservation,urn:lsid:marinespecies.org:taxname:137206,31350.0,True,eaea291a-1e1d-4382-b86f-ac3cc15b8d5a,iNaturalist research-grade observations,https://creativecommons.org/licenses/by-nc/4.0/,"[""NO_DEPTH""]",False,False
406e7106-9948-42fd-a88e-3d5aabdfa7a9,https://www.inaturalist.org/observations/354029940,Chelonia mydas,urn:lsid:marinespecies.org:taxname:137206,137206,,2.6070312397,104.2302107127,2026-04-21T15:59:57+08:00,,HumanObservation,urn:lsid:marinespecies.org:taxname:137206,31434.0,True,eaea291a-1e1d-4382-b86f-ac3cc15b8d5a,iNaturalist research-grade observations,https://creativecommons.org/licenses/by-nc/4.0/,"[""NO_DEPTH""]",False,False
40866aca-583e-4308-836b-286751780f9e,https://www.inaturalist.org/observations/256646292,Chelonia mydas,urn:lsid:marinespecies.org:taxname:137206,137206,,4.4476190888,118.8904393105,2024-06-29T02:29:00+08:00,,HumanObservation,urn:lsid:marinespecies.org:taxname:137206,31403.0,True,eaea291a-1e1d-4382-b86f-ac3cc15b8d5a,iNaturalist research-grade observations,https://creativecommons.org/licenses/by-nc/4.0/,"[""NO_DEPTH""]",False,False
40d7c056-30af-498d-ad23-464688ef7b52,https://www.inaturalist.org/observations/313584796,Chelonia mydas,urn:lsid:marinespecies.org:taxname:137206,137206,,4.1250776724,118.6361422906,2016-09-03T10:36:00+08:00,,HumanObservation,urn:lsid:marinespecies.org:taxname:137206,31411.0,True,eaea291a-1e1d-4382-b86f-ac3cc15b8d5a,iNaturalist research-grade observations,https://creativecommons.org/licenses/by-nc/4.0/,"[""NO_DEPTH""]",False,False
40de6cef-1cf4-4cfe-aa0b-6bd5d10673a3,https://www.inaturalist.org/observations/203350106,Chelonia mydas,urn:lsid:marinespecies.org:taxname:137206,137206,,4.4091511584,118.8423518958,2024-03-20T10:56:00+08:00,,HumanObservation,urn:lsid:marinespecies.org:taxname:137206,31403.0,True,eaea291a-1e1d-4382-b86f-ac3cc15b8d5a,iNaturalist research-grade observations,https://creativecommons.org/licenses/by-nc/4.0/,"[""NO_DEPTH""]",False,False
40fcdb8f-f514-431b-bd2d-90c578f8ad03,https://www.inaturalist.org/observations/102945918,Chelonia mydas,urn:lsid:marinespecies.org:taxname:137206,137206,,4.1947578528,118.6136130308,2006-05-19T05:45:00+02:00,,HumanObservation,urn:lsid:marinespecies.org:taxname:137206,31411.0,True,eaea291a-1e1d-4382-b86f-ac3cc15b8d5a,iNaturalist research-grade observations,https://creativecommons.org/licenses/by-nc/4.0/,"[""NO_DEPTH""]",False,False
4119453b-57cb-47a2-a157-5a363cca0457,975_16,Chelonia mydas,urn:lsid:marinespecies.org:taxname:137206,137206,valid,5.847,105.528,1993-09-29T03:14,1993,MachineObservation,present,,True,19104c99-492b-4f23-a3e9-41e86eaef780,Satellite tracked green turtles in the South China Sea 1993-1994,http://creativecommons.org/licenses/by/4.0/,"[""NO_DEPTH""]",False,False
413e57ca-48a0-4afd-b039-16f8712ac9fe,https://www.inaturalist.org/observations/102945926,Chelonia mydas,urn:lsid:marinespecies.org:taxname:137206,137206,,4.0089436585,118.7557217355,2006-05-19T05:55:00+02:00,,HumanObservation,urn:lsid:marinespecies.org:taxname:137206,31411.0,True,eaea291a-1e1d-4382-b86f-ac3cc15b8d5a,iNaturalist research-grade observations,https://creativecommons.org/licenses/by-nc/4.0/,"[""NO_DEPTH""]",False,False
417ab86e-dea0-42a8-a194-da85b1ae1050,https://www.inaturalist.org/observations/196901095,Chelonia mydas,urn:lsid:marinespecies.org:taxname:137206,137206,,4.4278240202,118.8890714742,2022-03-30T17:41:00+08:00,,HumanObservation,urn:lsid:marinespecies.org:taxname:137206,31403.0,True,eaea291a-1e1d-4382-b86f-ac3cc15b8d5a,iNaturalist research-grade observations,https://creativecommons.org/licenses/by-nc/4.0/,"[""NO_DEPTH""]",False,False
4232ce86-30ca-48d7-a34d-31ecaad285ba,975_167,Chelonia mydas,urn:lsid:marinespecies.org:taxname:137206,137206,valid,5.811,103.01,1994-09-27T21:03,1994,MachineObservation,present,,True,19104c99-492b-4f23-a3e9-41e86eaef780,Satellite tracked green turtles in the South China Sea 1993-1994,http://creativecommons.org/licenses/by/4.0/,"[""NO_DEPTH"",""ON_LAND""]",False,False
424af1e3-05ac-462c-9028-9858d35abbad,https://www.inaturalist.org/observations/53698802,Chelonia mydas,urn:lsid:marinespecies.org:taxname:137206,137206,,4.0397341053,118.7226344436,2018-05-07T09:16:00+08:00,,HumanObservation,urn:lsid:marinespecies.org:taxname:137206,31411.0,True,eaea291a-1e1d-4382-b86f-ac3cc15b8d5a,iNaturalist research-grade observations,https://creativecommons.org/licenses/by-nc/4.0/,"[""NO_DEPTH""]",False,False
4266c04f-96ac-462c-8dd6-daa08c78759a,https://www.inaturalist.org/observations/303668539,Chelonia mydas,urn:lsid:marinespecies.org:taxname:137206,137206,,4.3977208987,118.7878459275,2024-12-26,,HumanObservation,urn:lsid:marinespecies.org:taxname:137206,31407.0,True,eaea291a-1e1d-4382-b86f-ac3cc15b8d5a,iNaturalist research-grade observations,https://creativecommons.org/licenses/by-nc/4.0/,"[""NO_DEPTH""]",False,False
433b9c51-8fb8-4bc4-ab71-478d3d00288f,https://www.inaturalist.org/observations/186025842,Chelonia mydas,urn:lsid:marinespecies.org:taxname:137206,137206,,4.3240076526,103.4240861248,2023-10-03T19:00:00+08:00,,HumanObservation,urn:lsid:marinespecies.org:taxname:137206,31407.0,True,eaea291a-1e1d-4382-b86f-ac3cc15b8d5a,iNaturalist research-grade observations,https://creativecommons.org/licenses/by-nc/4.0/,"[""NO_DEPTH"",""ON_LAND""]",False,False
43aa5451-7be6-435b-888d-0ef79560beae,975_184,Chelonia mydas,urn:lsid:marinespecies.org:taxname:137206,137206,valid,5.197,103.65,1994-10-02T09:49,1994,MachineObservation,present,,True,19104c99-492b-4f23-a3e9-41e86eaef780,Satellite tracked green turtles in the South China Sea 1993-1994,http://creativecommons.org/licenses/by/4.0/,"[""NO_DEPTH""]",False,False
446026ec-98cb-4124-a9bf-06de0e9f7a5c,419_1266260,Chelonia mydas,urn:lsid:marinespecies.org:taxname:137206,137206,valid,4.5,118.5,2007-08-22T14:46:08/2007-10-28T01:48:51,2007,MachineObservation,present,111319.49,True,880c59c5-6e43-4610-88cf-cfe1438516fd,Sangalaki Green Turtles Tracking,http://creativecommons.org/licenses/by-nc/4.0/,"[""NO_DEPTH""]",False,False
44e5c5ba-04a5-45a5-8210-b1e4a40f1f28,1300_907958,Chelonia mydas,urn:lsid:marinespecies.org:taxname:137206,137206,valid,5.5,118.5,2015-07-21T02:51:55/2016-08-06T16:45:28,2016,MachineObservation,present,111319.49,True,77b8d6e2-7bec-4adf-a3ca-aa10a439e074,Identification of Important Turtle Areas for green turtles in the Sulu Sulawesi Marine Ecoregion,http://creativecommons.org/licenses/by-nc/4.0/,"[""NO_DEPTH"",""ON_LAND""]",False,False
44f5e73f-5ab5-4d2c-8513-6a7fdee5b352,975_255,Chelonia mydas,urn:lsid:marinespecies.org:taxname:137206,137206,valid,2.357,103.996,1994-09-23T20:40,1994,MachineObservation,present,,True,19104c99-492b-4f23-a3e9-41e86eaef780,Satellite tracked green turtles in the South China Sea 1993-1994,http://creativecommons.org/licenses/by/4.0/,"[""NO_DEPTH""]",False,False
4561d6b5-f0ef-4806-98a0-ad6b2dade339,https://www.inaturalist.org/observations/270179090,Chelonia mydas,urn:lsid:marinespecies.org:taxname:137206,137206,,2.7734265682,104.3602118214,2025-04-11T21:41:05+08:00,,HumanObservation,urn:lsid:marinespecies.org:taxname:137206,31434.0,True,eaea291a-1e1d-4382-b86f-ac3cc15b8d5a,iNaturalist research-grade observations,https://creativecommons.org/licenses/by-nc/4.0/,"[""NO_DEPTH""]",False,False
45a89b39-040b-451d-a577-8d24757902cb,https://www.inaturalist.org/observations/102787070,Chelonia mydas,urn:lsid:marinespecies.org:taxname:137206,137206,,4.0480684956,118.6277541453,2006-05-19T03:53:00+02:00,,HumanObservation,urn:lsid:marinespecies.org:taxname:137206,31411.0,True,eaea291a-1e1d-4382-b86f-ac3cc15b8d5a,iNaturalist research-grade observations,https://creativecommons.org/licenses/by-nc/4.0/,"[""NO_DEPTH""]",False,False
45c80684-c7fb-4eb4-a500-a4873ee71c13,975_196,Chelonia mydas,urn:lsid:marinespecies.org:taxname:137206,137206,valid,4.864,103.99,1994-10-05T08:47,1994,MachineObservation,present,,True,19104c99-492b-4f23-a3e9-41e86eaef780,Satellite tracked green turtles in the South China Sea 1993-1994,http://creativecommons.org/licenses/by/4.0/,"[""NO_DEPTH""]",False,False
45e5dd3f-29f2-422d-92b1-50e7ca18418f,https://www.inaturalist.org/observations/196898798,Chelonia mydas,urn:lsid:marinespecies.org:taxname:137206,137206,,4.5894442859,118.8178818018,2022-03-25T09:08:00+08:00,,HumanObservation,urn:lsid:marinespecies.org:taxname:137206,31403.0,True,eaea291a-1e1d-4382-b86f-ac3cc15b8d5a,iNaturalist research-grade observations,https://creativecommons.org/licenses/by-nc/4.0/,"[""NO_DEPTH""]",False,False
464ab6be-ae1a-4b51-af87-9b625e40c508,https://www.inaturalist.org/observations/343475279,Chelonia mydas,urn:lsid:marinespecies.org:taxname:137206,137206,,5.7784158116,103.0941878899,2012-08-14T17:10:00+08:00,,HumanObservation,urn:lsid:marinespecies.org:taxname:137206,31373.0,True,eaea291a-1e1d-4382-b86f-ac3cc15b8d5a,iNaturalist research-grade observations,https://creativecommons.org/licenses/by-nc/4.0/,"[""NO_DEPTH""]",False,False
483817ad-e05b-41ff-b634-af93d6fa5259,https://www.inaturalist.org/observations/326335197,Chelonia mydas,urn:lsid:marinespecies.org:taxname:137206,137206,,4.5928880506,119.0009615715,2025-10-15T15:05:00+08:00,,HumanObservation,urn:lsid:marinespecies.org:taxname:137206,31403.0,True,eaea291a-1e1d-4382-b86f-ac3cc15b8d5a,iNaturalist research-grade observations,https://creativecommons.org/licenses/by-nc/4.0/,"[""NO_DEPTH""]",False,False
48945941-c191-4fbd-9f99-945f4d1b0094,https://www.inaturalist.org/observations/81480380,Chelonia mydas,urn:lsid:marinespecies.org:taxname:137206,137206,,5.6320876926,103.1761597814,2018-04-18,,HumanObservation,urn:lsid:marinespecies.org:taxname:137206,31373.0,True,eaea291a-1e1d-4382-b86f-ac3cc15b8d5a,iNaturalist research-grade observations,https://creativecommons.org/licenses/by-nc/4.0/,"[""NO_DEPTH""]",False,False
48a20fe2-c02d-42b2-b8af-96469b8f0160,https://www.inaturalist.org/observations/70446613,Chelonia mydas,urn:lsid:marinespecies.org:taxname:137206,137206,,4.2415637048,118.7527998614,2019-12-28T07:11:48+08:00,,HumanObservation,urn:lsid:marinespecies.org:taxname:137206,59339.0,True,eaea291a-1e1d-4382-b86f-ac3cc15b8d5a,iNaturalist research-grade observations,https://creativecommons.org/licenses/by/4.0/,"[""NO_DEPTH""]",False,False
49307a7f-7ec3-41a8-aff4-ee023caea183,975_62,Chelonia mydas,urn:lsid:marinespecies.org:taxname:137206,137206,valid,6.493,103.933,1994-09-12T06:01,1994,MachineObservation,present,,True,19104c99-492b-4f23-a3e9-41e86eaef780,Satellite tracked green turtles in the South China Sea 1993-1994,http://creativecommons.org/licenses/by/4.0/,"[""NO_DEPTH""]",False,False
49ae3dbf-39a5-4fbe-92c2-6efccb934ca9,975_121,Chelonia mydas,urn:lsid:marinespecies.org:taxname:137206,137206,valid,5.396,112.299,1994-09-30T07:13,1994,MachineObservation,present,,True,19104c99-492b-4f23-a3e9-41e86eaef780,Satellite tracked green turtles in the South China Sea 1993-1994,http://creativecommons.org/licenses/by/4.0/,"[""NO_DEPTH""]",False,False
4a7778d5-071a-48db-ad5e-32c98195362e,975_119,Chelonia mydas,urn:lsid:marinespecies.org:taxname:137206,137206,valid,5.592,112.105,1994-09-29T18:37,1994,MachineObservation,present,,True,19104c99-492b-4f23-a3e9-41e86eaef780,Satellite tracked green turtles in the South China Sea 1993-1994,http://creativecommons.org/licenses/by/4.0/,"[""NO_DEPTH""]",False,False
4ac798bc-dcf4-42b9-8757-7840b2cf14f6,413_1357256,Chelonia mydas,urn:lsid:marinespecies.org:taxname:137206,137206,valid,4.5,118.5,2007-07-29T15:10:56/2007-07-30T11:14:50,2007,MachineObservation,present,111319.49,True,1f6fa8a5-9285-4257-87b0-5ff078a8acf9,Piai Island Green Sea Turtle Tracking,http://creativecommons.org/licenses/by-nc/4.0/,"[""NO_DEPTH""]",False,False
4b232e36-64cd-4330-8a02-b2d09e3dd77a,975_325,Chelonia mydas,urn:lsid:marinespecies.org:taxname:137206,137206,valid,6.2,103.586,1994-09-22T18:27,1994,MachineObservation,present,,True,19104c99-492b-4f23-a3e9-41e86eaef780,Satellite tracked green turtles in the South China Sea 1993-1994,http://creativecommons.org/licenses/by/4.0/,"[""NO_DEPTH""]",False,False
4b363faa-47fd-41e3-b86b-6962c11811c2,https://www.inaturalist.org/observations/196424423,Chelonia mydas,urn:lsid:marinespecies.org:taxname:137206,137206,,4.3866424045,118.6852952424,2023-12-20T15:41:00+08:00,,HumanObservation,urn:lsid:marinespecies.org:taxname:137206,31407.0,True,eaea291a-1e1d-4382-b86f-ac3cc15b8d5a,iNaturalist research-grade observations,https://creativecommons.org/licenses/by-nc/4.0/,"[""NO_DEPTH""]",False,False
4b76babb-73c6-4b53-93e4-abc79d2cb0e0,975_12,Chelonia mydas,urn:lsid:marinespecies.org:taxname:137206,137206,valid,5.856,105.322,1993-09-28T14:37,1993,MachineObservation,present,,True,19104c99-492b-4f23-a3e9-41e86eaef780,Satellite tracked green turtles in the South China Sea 1993-1994,http://creativecommons.org/licenses/by/4.0/,"[""NO_DEPTH""]",False,False
4bfd4ca4-0dc4-47b4-8124-0f3b36a9cee0,https://www.inaturalist.org/observations/338300952,Chelonia mydas,urn:lsid:marinespecies.org:taxname:137206,137206,,5.9581558017,102.7872602445,2025-08-13T11:09:00+08:00,,HumanObservation,urn:lsid:marinespecies.org:taxname:137206,31368.0,True,eaea291a-1e1d-4382-b86f-ac3cc15b8d5a,iNaturalist research-grade observations,https://creativecommons.org/licenses/by-nc/4.0/,"[""NO_DEPTH""]",False,False
4c776f52-15a0-4e25-946f-5439dcde97af,https://www.inaturalist.org/observations/117938299,Chelonia mydas,urn:lsid:marinespecies.org:taxname:137206,137206,,4.4761737422,118.8725473965,2022-05-18T06:22:00+08:00,,HumanObservation,urn:lsid:marinespecies.org:taxname:137206,31403.0,True,eaea291a-1e1d-4382-b86f-ac3cc15b8d5a,iNaturalist research-grade observations,https://creativecommons.org/licenses/by-nc/4.0/,"[""NO_DEPTH""]",False,False
4ced975c-116f-4660-b18c-d6c96893d5ac,975_378,Chelonia mydas,urn:lsid:marinespecies.org:taxname:137206,137206,valid,7.33,116.889,1994-10-16T20:46,1994,MachineObservation,present,,True,19104c99-492b-4f23-a3e9-41e86eaef780,Satellite tracked green turtles in the South China Sea 1993-1994,http://creativecommons.org/licenses/by/4.0/,"[""NO_DEPTH""]",False,False
4d8d9f66-b7e2-44be-89f2-14b6ca0b1aae,975_251,Chelonia mydas,urn:lsid:marinespecies.org:taxname:137206,137206,valid,2.632,103.816,1994-09-22T18:23,1994,MachineObservation,present,,True,19104c99-492b-4f23-a3e9-41e86eaef780,Satellite tracked green turtles in the South China Sea 1993-1994,http://creativecommons.org/licenses/by/4.0/,"[""NO_DEPTH""]",False,False
4e408dba-7a62-4cc4-9284-9d9fc47eed15,725_61174,Chelonia mydas,urn:lsid:marinespecies.org:taxname:137206,137206,valid,6.5,116.5,2011-01-31T18:41:04/2012-03-30T19:50:22,2012,MachineObservation,present,111319.49,True,282c67f7-d6f1-4c9f-9efe-8e3a20539807,"Identification of secondary foraging grounds for green turtles as they depart Mantanani, Malaysia",http://creativecommons.org/licenses/by-nc/4.0/,"[""NO_DEPTH"",""ON_LAND""]",False,False
4e5c8b4d-0651-4f22-a495-b785b0dc8f6d,https://www.inaturalist.org/observations/256841126,Chelonia mydas,urn:lsid:marinespecies.org:taxname:137206,137206,,4.3221995041,118.7504781307,2024-12-22T16:52:32+08:00,,HumanObservation,urn:lsid:marinespecies.org:taxname:137206,31407.0,True,eaea291a-1e1d-4382-b86f-ac3cc15b8d5a,iNaturalist research-grade observations,https://creativecommons.org/licenses/by-nc/4.0/,"[""NO_DEPTH""]",False,False
4e802334-57c5-4cab-af33-6e671da0d77c,https://www.inaturalist.org/observations/256838927,Chelonia mydas,urn:lsid:marinespecies.org:taxname:137206,137206,,4.2948039749,118.7822437444,2024-12-22T16:06:20+08:00,,HumanObservation,urn:lsid:marinespecies.org:taxname:137206,31407.0,True,eaea291a-1e1d-4382-b86f-ac3cc15b8d5a,iNaturalist research-grade observations,https://creativecommons.org/licenses/by-nc/4.0/,"[""NO_DEPTH""]",False,False
4e9adc71-4fbe-4acb-bc93-acebad38b789,975_253,Chelonia mydas,urn:lsid:marinespecies.org:taxname:137206,137206,valid,2.452,103.896,1994-09-23T08:06,1994,MachineObservation,present,,True,19104c99-492b-4f23-a3e9-41e86eaef780,Satellite tracked green turtles in the South China Sea 1993-1994,http://creativecommons.org/licenses/by/4.0/,"[""NO_DEPTH""]",False,False
4f37b29a-6b57-4948-bef3-f766f4a3ad19,975_187,Chelonia mydas,urn:lsid:marinespecies.org:taxname:137206,137206,valid,5.125,103.71,1994-10-03T06:44,1994,MachineObservation,present,,True,19104c99-492b-4f23-a3e9-41e86eaef780,Satellite tracked green turtles in the South China Sea 1993-1994,http://creativecommons.org/licenses/by/4.0/,"[""NO_DEPTH""]",False,False
50261c50-e4b4-4a12-b0f6-5f428556f2e9,https://www.inaturalist.org/observations/335466453,Chelonia mydas,urn:lsid:marinespecies.org:taxname:137206,137206,,4.4107590475,118.9929106092,2026-01-20T14:20:12+08:00,,HumanObservation,urn:lsid:marinespecies.org:taxname:137206,31403.0,True,eaea291a-1e1d-4382-b86f-ac3cc15b8d5a,iNaturalist research-grade observations,https://creativecommons.org/licenses/by-nc/4.0/,"[""NO_DEPTH""]",False,False
504b35f5-c693-49f9-880f-64d616e37271,https://www.inaturalist.org/observations/263393678,Chelonia mydas,urn:lsid:marinespecies.org:taxname:137206,137206,,4.7043410549,118.7753126962,2013-05-09T04:02:00+08:00,,HumanObservation,urn:lsid:marinespecies.org:taxname:137206,31398.0,True,eaea291a-1e1d-4382-b86f-ac3cc15b8d5a,iNaturalist research-grade observations,https://creativecommons.org/licenses/by-nc/4.0/,"[""NO_DEPTH""]",False,False
5168b392-76bd-492d-8f9d-12336c3dee4b,https://www.inaturalist.org/observations/288121389,Chelonia mydas,urn:lsid:marinespecies.org:taxname:137206,137206,,4.0302501955,118.786638329,2025-02-25T11:30:00+08:00,,HumanObservation,urn:lsid:marinespecies.org:taxname:137206,31411.0,True,eaea291a-1e1d-4382-b86f-ac3cc15b8d5a,iNaturalist research-grade observations,https://creativecommons.org/licenses/by-nc/4.0/,"[""NO_DEPTH""]",False,False
517ef0fe-13d6-4d87-bda3-6109be684395,https://www.inaturalist.org/observations/313579362,Chelonia mydas,urn:lsid:marinespecies.org:taxname:137206,137206,,4.3980356987,118.6206916154,2016-09-02T15:09:00+08:00,,HumanObservation,urn:lsid:marinespecies.org:taxname:137206,31407.0,True,eaea291a-1e1d-4382-b86f-ac3cc15b8d5a,iNaturalist research-grade observations,https://creativecommons.org/licenses/by-nc/4.0/,"[""NO_DEPTH""]",False,False
51a83e58-171f-40c4-9182-e60c5c582ad9,https://www.inaturalist.org/observations/44369839,Chelonia mydas,urn:lsid:marinespecies.org:taxname:137206,137206,,5.9803290006,102.6621215049,2019-06-11T02:14:00+01:00,,HumanObservation,urn:lsid:marinespecies.org:taxname:137206,31368.0,True,eaea291a-1e1d-4382-b86f-ac3cc15b8d5a,iNaturalist research-grade observations,https://creativecommons.org/licenses/by-nc/4.0/,"[""NO_DEPTH""]",False,False
51ebcb8a-398c-4160-90b4-5d601c14aba6,https://www.inaturalist.org/observations/42134766,Chelonia mydas,urn:lsid:marinespecies.org:taxname:137206,137206,,4.1287448812,118.6560980302,2011-08-28T07:16:00-04:00,,HumanObservation,urn:lsid:marinespecies.org:taxname:137206,31411.0,True,eaea291a-1e1d-4382-b86f-ac3cc15b8d5a,iNaturalist research-grade observations,https://creativecommons.org/licenses/by-nc/4.0/,"[""NO_DEPTH""]",False,False
5224f774-56bd-4a3a-b1f1-3378d3ff8558,975_168,Chelonia mydas,urn:lsid:marinespecies.org:taxname:137206,137206,valid,5.834,103.0,1994-09-28T07:54,1994,MachineObservation,present,,True,19104c99-492b-4f23-a3e9-41e86eaef780,Satellite tracked green turtles in the South China Sea 1993-1994,http://creativecommons.org/licenses/by/4.0/,"[""NO_DEPTH""]",False,False
5235dad0-a8fb-4524-9aa8-cf1c70a05192,https://www.inaturalist.org/observations/298895683,Chelonia mydas,urn:lsid:marinespecies.org:taxname:137206,137206,,4.4862880255,118.8728975009,2025-07-06T13:55:00+08:00,,HumanObservation,urn:lsid:marinespecies.org:taxname:137206,31403.0,True,eaea291a-1e1d-4382-b86f-ac3cc15b8d5a,iNaturalist research-grade observations,https://creativecommons.org/licenses/by-nc/4.0/,"[""NO_DEPTH""]",False,False
52c4fee5-40b6-4c5b-b0f6-ad6af9fda85c,975_4,Chelonia mydas,urn:lsid:marinespecies.org:taxname:137206,137206,valid,6.211,104.313,1993-09-26T23:53,1993,MachineObservation,present,,True,19104c99-492b-4f23-a3e9-41e86eaef780,Satellite tracked green turtles in the South China Sea 1993-1994,http://creativecommons.org/licenses/by/4.0/,"[""NO_DEPTH""]",False,False
5375a4dd-481f-4223-b16b-4ae637c3b34e,https://www.inaturalist.org/observations/21015140,Chelonia mydas,urn:lsid:marinespecies.org:taxname:137206,137206,,4.5734728305,118.6384134416,2017-02-20T15:14:40+08:00,,HumanObservation,urn:lsid:marinespecies.org:taxname:137206,31403.0,True,eaea291a-1e1d-4382-b86f-ac3cc15b8d5a,iNaturalist research-grade observations,https://creativecommons.org/licenses/by-nc/4.0/,"[""NO_DEPTH""]",False,False
53abc658-c487-44ab-b005-263a37531649,975_189,Chelonia mydas,urn:lsid:marinespecies.org:taxname:137206,137206,valid,5.09,103.73,1994-10-03T09:26,1994,MachineObservation,present,,True,19104c99-492b-4f23-a3e9-41e86eaef780,Satellite tracked green turtles in the South China Sea 1993-1994,http://creativecommons.org/licenses/by/4.0/,"[""NO_DEPTH""]",False,False
53de01bc-8adb-461c-82af-514f387c31ae,https://www.inaturalist.org/observations/302035394,Chelonia mydas,urn:lsid:marinespecies.org:taxname:137206,137206,,6.0214277474,118.0466405156,2025-07-17T18:35:55+08:00,,HumanObservation,urn:lsid:marinespecies.org:taxname:137206,31362.0,True,eaea291a-1e1d-4382-b86f-ac3cc15b8d5a,iNaturalist research-grade observations,https://creativecommons.org/licenses/by-nc/4.0/,"[""NO_DEPTH""]",False,False
53e14593-1a58-46bf-b5c5-4477ff172813,https://www.inaturalist.org/observations/253517013,Chelonia mydas,urn:lsid:marinespecies.org:taxname:137206,137206,,6.0846241983,118.1899623075,2009-03-31T08:53:00+08:00,,HumanObservation,urn:lsid:marinespecies.org:taxname:137206,31362.0,True,eaea291a-1e1d-4382-b86f-ac3cc15b8d5a,iNaturalist research-grade observations,https://creativecommons.org/licenses/by-nc/4.0/,"[""NO_DEPTH""]",False,False
53e44b0b-174f-49d3-8ae9-dc4395229083,https://www.inaturalist.org/observations/229301341,Chelonia mydas,urn:lsid:marinespecies.org:taxname:137206,137206,,2.0336143434,109.7747243857,2024-07-13T18:55:00+08:00,,HumanObservation,urn:lsid:marinespecies.org:taxname:137206,31441.0,True,eaea291a-1e1d-4382-b86f-ac3cc15b8d5a,iNaturalist research-grade observations,https://creativecommons.org/licenses/by-nc/4.0/,"[""NO_DEPTH""]",False,False
5429e899-4b46-4349-91eb-1cd3b4a32714,https://www.inaturalist.org/observations/219126433,Chelonia mydas,urn:lsid:marinespecies.org:taxname:137206,137206,,5.9164382826,103.0793315706,2024-05-25T11:43:50+08:00,,HumanObservation,urn:lsid:marinespecies.org:taxname:137206,31368.0,True,eaea291a-1e1d-4382-b86f-ac3cc15b8d5a,iNaturalist research-grade observations,https://creativecommons.org/licenses/by-nc/4.0/,"[""NO_DEPTH""]",False,False
550b6b38-5052-44ea-a14a-996df66a47b0,https://www.inaturalist.org/observations/270124292,Chelonia mydas,urn:lsid:marinespecies.org:taxname:137206,137206,,6.0172470245,118.0497197401,2017-08-20T21:50:00+08:00,,HumanObservation,urn:lsid:marinespecies.org:taxname:137206,31362.0,True,eaea291a-1e1d-4382-b86f-ac3cc15b8d5a,iNaturalist research-grade observations,https://creativecommons.org/licenses/by-nc/4.0/,"[""NO_DEPTH""]",False,False
5551b241-7074-461f-8471-826bfe579283,975_7,Chelonia mydas,urn:lsid:marinespecies.org:taxname:137206,137206,valid,6.279,104.462,1993-09-27T11:27,1993,MachineObservation,present,,True,19104c99-492b-4f23-a3e9-41e86eaef780,Satellite tracked green turtles in the South China Sea 1993-1994,http://creativecommons.org/licenses/by/4.0/,"[""NO_DEPTH""]",False,False
558e889c-d641-4c7c-ae53-7deb7fbafa5d,https://www.inaturalist.org/observations/264289988,Chelonia mydas,urn:lsid:marinespecies.org:taxname:137206,137206,,4.5345838088,118.8783872251,2014-11-04T11:53:00+08:00,,HumanObservation,urn:lsid:marinespecies.org:taxname:137206,31403.0,True,eaea291a-1e1d-4382-b86f-ac3cc15b8d5a,iNaturalist research-grade observations,https://creativecommons.org/licenses/by-nc/4.0/,"[""NO_DEPTH""]",False,False
55f5fef4-8ff3-4bec-90f5-f58229d8b05f,https://www.inaturalist.org/observations/278915255,Chelonia mydas,urn:lsid:marinespecies.org:taxname:137206,137206,,4.2429551027,118.7618875349,2025-05-05T15:25:40+08:00,,HumanObservation,urn:lsid:marinespecies.org:taxname:137206,31407.0,True,eaea291a-1e1d-4382-b86f-ac3cc15b8d5a,iNaturalist research-grade observations,https://creativecommons.org/licenses/by-nc/4.0/,"[""NO_DEPTH""]",False,False
563cb351-5e73-413f-9e6f-704f093e76cf,https://www.inaturalist.org/observations/298409611,Chelonia mydas,urn:lsid:marinespecies.org:taxname:137206,137206,,5.7758971971,103.15894841,2025-07-07T19:03:38+08:00,,HumanObservation,urn:lsid:marinespecies.org:taxname:137206,31373.0,True,eaea291a-1e1d-4382-b86f-ac3cc15b8d5a,iNaturalist research-grade observations,https://creativecommons.org/licenses/by-nc/4.0/,"[""NO_DEPTH""]",False,False
572e0559-c2a1-4a41-84ce-f49fe5c3d80e,975_181,Chelonia mydas,urn:lsid:marinespecies.org:taxname:137206,137206,valid,5.317,103.54,1994-10-01T18:14,1994,MachineObservation,present,,True,19104c99-492b-4f23-a3e9-41e86eaef780,Satellite tracked green turtles in the South China Sea 1993-1994,http://creativecommons.org/licenses/by/4.0/,"[""NO_DEPTH""]",False,False
576cbd5c-1d3c-4a23-b4f2-fcc3d8c1cd06,https://www.inaturalist.org/observations/263393697,Chelonia mydas,urn:lsid:marinespecies.org:taxname:137206,137206,,4.7032412116,118.7167703616,2013-05-09T10:31:00+08:00,,HumanObservation,urn:lsid:marinespecies.org:taxname:137206,31398.0,True,eaea291a-1e1d-4382-b86f-ac3cc15b8d5a,iNaturalist research-grade observations,https://creativecommons.org/licenses/by-nc/4.0/,"[""NO_DEPTH""]",False,False
5887108b-3647-4e53-bb06-fe31c6db8139,975_13,Chelonia mydas,urn:lsid:marinespecies.org:taxname:137206,137206,valid,5.822,105.367,1993-09-28T16:16,1993,MachineObservation,present,,True,19104c99-492b-4f23-a3e9-41e86eaef780,Satellite tracked green turtles in the South China Sea 1993-1994,http://creativecommons.org/licenses/by/4.0/,"[""NO_DEPTH""]",False,False
58aabfa7-d8a6-40ff-8eea-2a4029295447,975_133,Chelonia mydas,urn:lsid:marinespecies.org:taxname:137206,137206,valid,4.857,113.648,1994-10-03T06:44,1994,MachineObservation,present,,True,19104c99-492b-4f23-a3e9-41e86eaef780,Satellite tracked green turtles in the South China Sea 1993-1994,http://creativecommons.org/licenses/by/4.0/,"[""NO_DEPTH""]",False,False
58c582be-6844-4082-aa4d-6b8dc24b7a72,419_1266263,Chelonia mydas,urn:lsid:marinespecies.org:taxname:137206,137206,valid,5.5,119.5,2007-08-28T04:15:15/2007-10-30T22:58:22,2007,MachineObservation,present,111319.49,True,880c59c5-6e43-4610-88cf-cfe1438516fd,Sangalaki Green Turtles Tracking,http://creativecommons.org/licenses/by-nc/4.0/,"[""NO_DEPTH""]",False,False
591e3769-a81b-431d-b1b7-ffcab0458866,https://www.inaturalist.org/observations/303679021,Chelonia mydas,urn:lsid:marinespecies.org:taxname:137206,137206,,4.1939763268,118.6314243587,2024-12-27,,HumanObservation,urn:lsid:marinespecies.org:taxname:137206,31411.0,True,eaea291a-1e1d-4382-b86f-ac3cc15b8d5a,iNaturalist research-grade observations,https://creativecommons.org/licenses/by-nc/4.0/,"[""NO_DEPTH""]",False,False
592f40c0-62eb-4dc3-9370-d4c751d21f6c,https://www.inaturalist.org/observations/23699494,Chelonia mydas,urn:lsid:marinespecies.org:taxname:137206,137206,,5.4749051135,100.1580647597,2019-04-28T18:53:00-10:00,,HumanObservation,urn:lsid:marinespecies.org:taxname:137206,31379.0,True,eaea291a-1e1d-4382-b86f-ac3cc15b8d5a,iNaturalist research-grade observations,https://creativecommons.org/licenses/by-nc/4.0/,"[""NO_DEPTH""]",False,False
593e23ea-a5e4-4c22-9d2b-73a997593858,https://www.inaturalist.org/observations/173693979,Chelonia mydas,urn:lsid:marinespecies.org:taxname:137206,137206,,5.8581736586,102.6827466148,2023-07-19T08:58:07+08:00,,HumanObservation,urn:lsid:marinespecies.org:taxname:137206,31368.0,True,eaea291a-1e1d-4382-b86f-ac3cc15b8d5a,iNaturalist research-grade observations,https://creativecommons.org/licenses/by-nc/4.0/,"[""NO_DEPTH""]",False,False
59d6e132-f88a-4f84-b9ce-7048fa150cf1,975_239,Chelonia mydas,urn:lsid:marinespecies.org:taxname:137206,137206,valid,4.186,103.399,1994-09-17T05:04,1994,MachineObservation,present,,True,19104c99-492b-4f23-a3e9-41e86eaef780,Satellite tracked green turtles in the South China Sea 1993-1994,http://creativecommons.org/licenses/by/4.0/,"[""NO_DEPTH"",""ON_LAND""]",False,False
5a35a47d-20d6-4355-bf21-403c98c9ff32,https://www.inaturalist.org/observations/49949874,Chelonia mydas,urn:lsid:marinespecies.org:taxname:137206,137206,,4.2389757687,118.647247396,2018-08-12T16:12:00+01:00,,HumanObservation,urn:lsid:marinespecies.org:taxname:137206,31407.0,True,eaea291a-1e1d-4382-b86f-ac3cc15b8d5a,iNaturalist research-grade observations,https://creativecommons.org/licenses/by/4.0/,"[""NO_DEPTH""]",False,False
5a8304e2-32db-477b-b3f2-cb6c35bf411c,https://www.inaturalist.org/observations/203842374,Chelonia mydas,urn:lsid:marinespecies.org:taxname:137206,137206,,5.6642615827,103.0673599502,2024-03-21T22:34:19+08:00,,HumanObservation,urn:lsid:marinespecies.org:taxname:137206,31373.0,True,eaea291a-1e1d-4382-b86f-ac3cc15b8d5a,iNaturalist research-grade observations,https://creativecommons.org/licenses/by-nc/4.0/,"[""NO_DEPTH""]",False,False
5acd21ad-e1bb-4b6d-ad61-b6a97cb087c8,https://www.inaturalist.org/observations/343475277,Chelonia mydas,urn:lsid:marinespecies.org:taxname:137206,137206,,5.7659786329,103.0083615581,2012-08-11T17:16:00+08:00,,HumanObservation,urn:lsid:marinespecies.org:taxname:137206,31373.0,True,eaea291a-1e1d-4382-b86f-ac3cc15b8d5a,iNaturalist research-grade observations,https://creativecommons.org/licenses/by-nc/4.0/,"[""NO_DEPTH"",""ON_LAND""]",False,False
5b87feac-55fe-4d49-b074-0cd7d21c6613,https://www.inaturalist.org/observations/317840680,Chelonia mydas,urn:lsid:marinespecies.org:taxname:137206,137206,,6.1415137205,116.1875393357,2024-09-25T13:18:06+08:00,,HumanObservation,urn:lsid:marinespecies.org:taxname:137206,31362.0,True,eaea291a-1e1d-4382-b86f-ac3cc15b8d5a,iNaturalist research-grade observations,https://creativecommons.org/licenses/by-nc/4.0/,"[""NO_DEPTH"",""ON_LAND""]",False,False
5ba8a12f-a1ae-49e6-bc10-7f940334ecc7,https://www.inaturalist.org/observations/314580025,Chelonia mydas,urn:lsid:marinespecies.org:taxname:137206,137206,,1.6447601139,110.1607712837,2025-09-14T11:59:24+08:00,,HumanObservation,urn:lsid:marinespecies.org:taxname:137206,31444.0,True,eaea291a-1e1d-4382-b86f-ac3cc15b8d5a,iNaturalist research-grade observations,https://creativecommons.org/licenses/by-nc/4.0/,"[""NO_DEPTH"",""ON_LAND""]",False,False
5c0a7ebb-ceee-46ef-8aea-7f7a6abb48d8,https://www.inaturalist.org/observations/130086552,Chelonia mydas,urn:lsid:marinespecies.org:taxname:137206,137206,,4.0896461536,118.6486706199,2022-07-19T07:19:00+08:00,,HumanObservation,urn:lsid:marinespecies.org:taxname:137206,31411.0,True,eaea291a-1e1d-4382-b86f-ac3cc15b8d5a,iNaturalist research-grade observations,https://creativecommons.org/licenses/by-nc/4.0/,"[""NO_DEPTH""]",False,False
5cb3d4fd-1f5d-48e4-bcab-080b839c01a5,https://www.inaturalist.org/observations/138073330,Chelonia mydas,urn:lsid:marinespecies.org:taxname:137206,137206,,4.34291506,100.5114019334,2022-10-09T11:21:05+08:00,,HumanObservation,urn:lsid:marinespecies.org:taxname:137206,31407.0,True,eaea291a-1e1d-4382-b86f-ac3cc15b8d5a,iNaturalist research-grade observations,https://creativecommons.org/licenses/by-nc/4.0/,"[""NO_DEPTH""]",False,False
5cbdedc9-a255-49c7-b61d-c66c9d9d80f2,https://www.inaturalist.org/observations/202491033,Chelonia mydas,urn:lsid:marinespecies.org:taxname:137206,137206,,5.7534244482,103.1392165879,2024-03-13T18:03:08+08:00,,HumanObservation,urn:lsid:marinespecies.org:taxname:137206,31373.0,True,eaea291a-1e1d-4382-b86f-ac3cc15b8d5a,iNaturalist research-grade observations,https://creativecommons.org/licenses/by-nc/4.0/,"[""NO_DEPTH""]",False,False
5d5612b7-0ce7-4c1e-8a87-ba3cd2ca0787,https://www.inaturalist.org/observations/129987763,Chelonia mydas,urn:lsid:marinespecies.org:taxname:137206,137206,,4.0419031702,118.7822144559,2022-07-26T11:13:00+08:00,,HumanObservation,urn:lsid:marinespecies.org:taxname:137206,31411.0,True,eaea291a-1e1d-4382-b86f-ac3cc15b8d5a,iNaturalist research-grade observations,https://creativecommons.org/licenses/by-nc/4.0/,"[""NO_DEPTH""]",False,False
5d625399-1853-4823-844b-15c7e6acab75,https://www.inaturalist.org/observations/324114218,Chelonia mydas,urn:lsid:marinespecies.org:taxname:137206,137206,,2.8650276496,104.0789636418,2025-10-20T12:35:00+08:00,,HumanObservation,urn:lsid:marinespecies.org:taxname:137206,31431.0,True,eaea291a-1e1d-4382-b86f-ac3cc15b8d5a,iNaturalist research-grade observations,https://creativecommons.org/licenses/by-nc/4.0/,"[""NO_DEPTH""]",False,False
5da0b1e9-e86d-4a94-9fab-7c2aca80849b,https://www.inaturalist.org/observations/53258045,Chelonia mydas,urn:lsid:marinespecies.org:taxname:137206,137206,,4.5766119182,118.8570456517,2012-08-19T10:50:00+08:00,,HumanObservation,urn:lsid:marinespecies.org:taxname:137206,31403.0,True,eaea291a-1e1d-4382-b86f-ac3cc15b8d5a,iNaturalist research-grade observations,https://creativecommons.org/licenses/by-nc/4.0/,"[""NO_DEPTH""]",False,False
5da32d6b-52e0-4f15-a1f4-3fee5a759bdc,975_11,Chelonia mydas,urn:lsid:marinespecies.org:taxname:137206,137206,valid,6.008,105.017,1993-09-28T01:19,1993,MachineObservation,present,,True,19104c99-492b-4f23-a3e9-41e86eaef780,Satellite tracked green turtles in the South China Sea 1993-1994,http://creativecommons.org/licenses/by/4.0/,"[""NO_DEPTH""]",False,False
5dd2122c-1008-4a2b-b1be-9977e8f11001,https://www.inaturalist.org/observations/246734530,Chelonia mydas,urn:lsid:marinespecies.org:taxname:137206,137206,,6.0351890144,118.0599474537,2024-09-29T23:22:55+08:00,,HumanObservation,urn:lsid:marinespecies.org:taxname:137206,31362.0,True,eaea291a-1e1d-4382-b86f-ac3cc15b8d5a,iNaturalist research-grade observations,https://creativecommons.org/licenses/by-nc/4.0/,"[""NO_DEPTH""]",False,False
5debde31-b774-4a52-b329-e0573c02d928,975_327,Chelonia mydas,urn:lsid:marinespecies.org:taxname:137206,137206,valid,6.25,103.831,1994-09-23T06:02,1994,MachineObservation,present,,True,19104c99-492b-4f23-a3e9-41e86eaef780,Satellite tracked green turtles in the South China Sea 1993-1994,http://creativecommons.org/licenses/by/4.0/,"[""NO_DEPTH""]",False,False
5e415c78-2783-476a-83a1-d03bae31c82d,https://www.inaturalist.org/observations/99681902,Chelonia mydas,urn:lsid:marinespecies.org:taxname:137206,137206,,6.1272865631,118.1777773129,2012-09-02T10:41:00-10:00,,HumanObservation,urn:lsid:marinespecies.org:taxname:137206,31362.0,True,eaea291a-1e1d-4382-b86f-ac3cc15b8d5a,iNaturalist research-grade observations,https://creativecommons.org/licenses/by/4.0/,"[""NO_DEPTH""]",False,False
5e8798bb-a981-43ca-885d-0478af3e3cb1,https://www.inaturalist.org/observations/308590565,Chelonia mydas,urn:lsid:marinespecies.org:taxname:137206,137206,,6.0106006819,116.1972204318,2025-08-09T20:07:03+08:00,,HumanObservation,urn:lsid:marinespecies.org:taxname:137206,31362.0,True,eaea291a-1e1d-4382-b86f-ac3cc15b8d5a,iNaturalist research-grade observations,https://creativecommons.org/licenses/by-nc/4.0/,"[""NO_DEPTH"",""ON_LAND""]",False,False
5ed6f453-1411-41bd-82af-385fbbec478f,975_316,Chelonia mydas,urn:lsid:marinespecies.org:taxname:137206,137206,valid,5.49,103.01,1994-09-18T20:56,1994,MachineObservation,present,,True,19104c99-492b-4f23-a3e9-41e86eaef780,Satellite tracked green turtles in the South China Sea 1993-1994,http://creativecommons.org/licenses/by/4.0/,"[""NO_DEPTH"",""ON_LAND""]",False,False
5f6a10c0-1580-4b79-8a3b-562b8b60c870,https://www.inaturalist.org/observations/316454836,Chelonia mydas,urn:lsid:marinespecies.org:taxname:137206,137206,,5.9532452546,116.1115391336,2025-09-25T10:08:22+08:00,,HumanObservation,urn:lsid:marinespecies.org:taxname:137206,31368.0,True,eaea291a-1e1d-4382-b86f-ac3cc15b8d5a,iNaturalist research-grade observations,https://creativecommons.org/licenses/by-nc/4.0/,"[""NO_DEPTH"",""ON_LAND""]",False,False
5f7f52a2-b137-4b74-9a24-a82466a54715,1300_908863,Chelonia mydas,urn:lsid:marinespecies.org:taxname:137206,137206,valid,5.5,115.5,2015-08-02T21:02:17/2016-09-02T17:35:21,2016,MachineObservation,present,111319.49,True,77b8d6e2-7bec-4adf-a3ca-aa10a439e074,Identification of Important Turtle Areas for green turtles in the Sulu Sulawesi Marine Ecoregion,http://creativecommons.org/licenses/by-nc/4.0/,"[""NO_DEPTH"",""ON_LAND""]",False,False
607193e8-657a-46b7-bbfd-b2c99fe0add7,975_182,Chelonia mydas,urn:lsid:marinespecies.org:taxname:137206,137206,valid,5.197,103.61,1994-10-02T07:57,1994,MachineObservation,present,,True,19104c99-492b-4f23-a3e9-41e86eaef780,Satellite tracked green turtles in the South China Sea 1993-1994,http://creativecommons.org/licenses/by/4.0/,"[""NO_DEPTH""]",False,False
607c336b-d377-4191-861c-d3ca507fc58a,https://www.inaturalist.org/observations/98780697,Chelonia mydas,urn:lsid:marinespecies.org:taxname:137206,137206,,1.7260558455,110.1953600577,2018-08-20T19:09:00Z,,HumanObservation,urn:lsid:marinespecies.org:taxname:137206,31444.0,True,eaea291a-1e1d-4382-b86f-ac3cc15b8d5a,iNaturalist research-grade observations,https://creativecommons.org/licenses/by-nc/4.0/,"[""NO_DEPTH""]",False,False
60d9b72e-6e36-4afa-b221-91b9a2dad45e,975_172,Chelonia mydas,urn:lsid:marinespecies.org:taxname:137206,137206,valid,5.757,103.39,1994-09-29T18:36,1994,MachineObservation,present,,True,19104c99-492b-4f23-a3e9-41e86eaef780,Satellite tracked green turtles in the South China Sea 1993-1994,http://creativecommons.org/licenses/by/4.0/,"[""NO_DEPTH""]",False,False
6424b718-d684-437b-a236-76b9d3934a70,https://www.inaturalist.org/observations/214357763,Chelonia mydas,urn:lsid:marinespecies.org:taxname:137206,137206,,4.2504907701,113.89705542,2024-05-08T18:20:59+08:00,,HumanObservation,urn:lsid:marinespecies.org:taxname:137206,31407.0,True,eaea291a-1e1d-4382-b86f-ac3cc15b8d5a,iNaturalist research-grade observations,https://creativecommons.org/licenses/by-nc/4.0/,"[""NO_DEPTH""]",False,False
64593561-1b5f-4b97-838b-e3f8f1a31a9e,975_159,Chelonia mydas,urn:lsid:marinespecies.org:taxname:137206,137206,valid,5.69,102.77,1994-09-21T05:48,1994,MachineObservation,present,,True,19104c99-492b-4f23-a3e9-41e86eaef780,Satellite tracked green turtles in the South China Sea 1993-1994,http://creativecommons.org/licenses/by/4.0/,"[""NO_DEPTH""]",False,False
645aa115-0050-4850-bb47-99ce3be6344c,975_123,Chelonia mydas,urn:lsid:marinespecies.org:taxname:137206,137206,valid,5.369,112.547,1994-09-30T16:48,1994,MachineObservation,present,,True,19104c99-492b-4f23-a3e9-41e86eaef780,Satellite tracked green turtles in the South China Sea 1993-1994,http://creativecommons.org/licenses/by/4.0/,"[""NO_DEPTH""]",False,False
646562d5-e095-4efc-91ac-728605647db5,https://www.inaturalist.org/observations/122646730,Chelonia mydas,urn:lsid:marinespecies.org:taxname:137206,137206,,4.1885564502,118.7253951424,2010-10-05T05:51:00+08:00,,HumanObservation,urn:lsid:marinespecies.org:taxname:137206,31411.0,True,eaea291a-1e1d-4382-b86f-ac3cc15b8d5a,iNaturalist research-grade observations,https://creativecommons.org/licenses/by-nc/4.0/,"[""NO_DEPTH""]",False,False
64807db1-15b5-4062-8b49-90bfda83bd31,https://www.inaturalist.org/observations/164460684,Chelonia mydas,urn:lsid:marinespecies.org:taxname:137206,137206,,4.3002498934,118.6473769389,2023-05-10T18:53:00+08:00,,HumanObservation,urn:lsid:marinespecies.org:taxname:137206,31407.0,True,eaea291a-1e1d-4382-b86f-ac3cc15b8d5a,iNaturalist research-grade observations,https://creativecommons.org/licenses/by-nc/4.0/,"[""NO_DEPTH""]",False,False
64e0df18-9f29-4ea1-af87-c9a9133299ae,https://www.inaturalist.org/observations/209700031,Chelonia mydas,urn:lsid:marinespecies.org:taxname:137206,137206,,2.5100433976,101.8720579014,2015-03-06T09:18:06+08:00,,HumanObservation,urn:lsid:marinespecies.org:taxname:137206,31436.0,True,eaea291a-1e1d-4382-b86f-ac3cc15b8d5a,iNaturalist research-grade observations,https://creativecommons.org/licenses/by-nc/4.0/,"[""NO_DEPTH"",""ON_LAND""]",False,False
64fe3dd0-4ed4-4c1c-b5b6-f6b846bc4a20,https://www.inaturalist.org/observations/121388594,Chelonia mydas,urn:lsid:marinespecies.org:taxname:137206,137206,,4.4739105483,100.7786816726,2022-06-12T11:36:19+08:00,,HumanObservation,urn:lsid:marinespecies.org:taxname:137206,31403.0,True,eaea291a-1e1d-4382-b86f-ac3cc15b8d5a,iNaturalist research-grade observations,https://creativecommons.org/licenses/by-nc/4.0/,"[""NO_DEPTH"",""ON_LAND""]",False,False
656fadfc-1f26-4514-84b7-5cf34d542321,https://www.inaturalist.org/observations/201403147,Chelonia mydas,urn:lsid:marinespecies.org:taxname:137206,137206,,4.077865553,118.62490945,2010-05-13T04:50:00+08:00,,HumanObservation,urn:lsid:marinespecies.org:taxname:137206,31411.0,True,eaea291a-1e1d-4382-b86f-ac3cc15b8d5a,iNaturalist research-grade observations,https://creativecommons.org/licenses/by-nc/4.0/,"[""NO_DEPTH""]",False,False
657b4dae-5aa0-42b5-a7f3-6fb7664c6612,https://www.inaturalist.org/observations/42099129,Chelonia mydas,urn:lsid:marinespecies.org:taxname:137206,137206,,4.177742868,118.7119883531,2011-08-28T11:34:00-04:00,,HumanObservation,urn:lsid:marinespecies.org:taxname:137206,31411.0,True,eaea291a-1e1d-4382-b86f-ac3cc15b8d5a,iNaturalist research-grade observations,https://creativecommons.org/licenses/by-nc/4.0/,"[""NO_DEPTH""]",False,False
65c82b70-6eea-408a-a8cc-5b305e618a06,https://www.inaturalist.org/observations/10885431,Chelonia mydas,urn:lsid:marinespecies.org:taxname:137206,137206,,4.1928688847,118.7087776965,2018-03-29T11:55:00+11:00,,HumanObservation,urn:lsid:marinespecies.org:taxname:137206,31411.0,True,eaea291a-1e1d-4382-b86f-ac3cc15b8d5a,iNaturalist research-grade observations,https://creativecommons.org/licenses/by-nc/4.0/,"[""NO_DEPTH""]",False,False
66213fba-e536-4298-9bb5-8edf1aacbbf5,https://www.inaturalist.org/observations/38295550,Chelonia mydas,urn:lsid:marinespecies.org:taxname:137206,137206,,4.056885858,118.791631966,2009-02-20T14:03:00-05:00,,HumanObservation,urn:lsid:marinespecies.org:taxname:137206,31411.0,True,eaea291a-1e1d-4382-b86f-ac3cc15b8d5a,iNaturalist research-grade observations,https://creativecommons.org/licenses/by/4.0/,"[""NO_DEPTH""]",False,False
66587938-d4f1-4afa-be27-331cedc2ea77,373_1484510,Chelonia mydas,urn:lsid:marinespecies.org:taxname:137206,137206,valid,5.5,104.5,2007-12-27T16:44:06/2007-12-29T00:08:12,2007,MachineObservation,present,111319.49,True,36fbd7d5-f381-4303-b5b3-890c0c99b6f1,Vietnam Sea Turtle Tracking Project,http://creativecommons.org/licenses/by-nc/4.0/,"[""NO_DEPTH""]",False,False
6685f9f9-eb1d-4481-89cb-960a449583c1,975_224,Chelonia mydas,urn:lsid:marinespecies.org:taxname:137206,137206,valid,5.558,103.064,1994-09-11T20:07,1994,MachineObservation,present,,True,19104c99-492b-4f23-a3e9-41e86eaef780,Satellite tracked green turtles in the South China Sea 1993-1994,http://creativecommons.org/licenses/by/4.0/,"[""NO_DEPTH""]",False,False
66b7a136-e843-44f0-b22e-418a0912534b,https://www.inaturalist.org/observations/297893377,Chelonia mydas,urn:lsid:marinespecies.org:taxname:137206,137206,,4.515663645,118.8262897314,2025-07-06T12:28:00+08:00,,HumanObservation,urn:lsid:marinespecies.org:taxname:137206,31403.0,True,eaea291a-1e1d-4382-b86f-ac3cc15b8d5a,iNaturalist research-grade observations,https://creativecommons.org/licenses/by-nc/4.0/,"[""NO_DEPTH""]",False,False
672eeb53-4359-4204-b0bc-43e196452de8,975_259,Chelonia mydas,urn:lsid:marinespecies.org:taxname:137206,137206,valid,1.416,104.269,1994-09-26T04:50,1994,MachineObservation,present,,True,19104c99-492b-4f23-a3e9-41e86eaef780,Satellite tracked green turtles in the South China Sea 1993-1994,http://creativecommons.org/licenses/by/4.0/,"[""NO_DEPTH"",""ON_LAND""]",False,False
68a9fc32-f256-4c84-8696-4634e86d76f6,https://www.inaturalist.org/observations/256646208,Chelonia mydas,urn:lsid:marinespecies.org:taxname:137206,137206,,4.4122801716,118.8891175416,2024-06-20T05:54:00+08:00,,HumanObservation,urn:lsid:marinespecies.org:taxname:137206,31403.0,True,eaea291a-1e1d-4382-b86f-ac3cc15b8d5a,iNaturalist research-grade observations,https://creativecommons.org/licenses/by-nc/4.0/,"[""NO_DEPTH""]",False,False
68e023d2-9321-4703-a4ee-544e54f071da,https://www.inaturalist.org/observations/89760153,Chelonia mydas,urn:lsid:marinespecies.org:taxname:137206,137206,,4.159715801,118.6828489135,2017-11-29T06:25:00+08:00,,HumanObservation,urn:lsid:marinespecies.org:taxname:137206,31411.0,True,eaea291a-1e1d-4382-b86f-ac3cc15b8d5a,iNaturalist research-grade observations,https://creativecommons.org/licenses/by-nc/4.0/,"[""NO_DEPTH""]",False,False
6918fa51-b6d9-4621-bf2b-aa31de889d00,975_183,Chelonia mydas,urn:lsid:marinespecies.org:taxname:137206,137206,valid,5.199,103.62,1994-10-02T08:08,1994,MachineObservation,present,,True,19104c99-492b-4f23-a3e9-41e86eaef780,Satellite tracked green turtles in the South China Sea 1993-1994,http://creativecommons.org/licenses/by/4.0/,"[""NO_DEPTH""]",False,False
6933633f-fadf-44b7-8703-1ee247517867,https://www.inaturalist.org/observations/10885430,Chelonia mydas,urn:lsid:marinespecies.org:taxname:137206,137206,,4.0454665166,118.6464047073,2018-03-28T17:39:00+11:00,,HumanObservation,urn:lsid:marinespecies.org:taxname:137206,31411.0,True,eaea291a-1e1d-4382-b86f-ac3cc15b8d5a,iNaturalist research-grade observations,https://creativecommons.org/licenses/by-nc/4.0/,"[""NO_DEPTH""]",False,False
6941ec2c-fefc-4ea8-8bfa-59a5da3e2f93,975_190,Chelonia mydas,urn:lsid:marinespecies.org:taxname:137206,137206,valid,5.039,103.76,1994-10-03T17:53,1994,MachineObservation,present,,True,19104c99-492b-4f23-a3e9-41e86eaef780,Satellite tracked green turtles in the South China Sea 1993-1994,http://creativecommons.org/licenses/by/4.0/,"[""NO_DEPTH""]",False,False
69594b5b-3f93-46d0-8097-296000d25a6e,https://www.inaturalist.org/observations/25338456,Chelonia mydas,urn:lsid:marinespecies.org:taxname:137206,137206,,4.0484734639,118.7509199622,2013-01-08T14:48:00-05:00,,HumanObservation,urn:lsid:marinespecies.org:taxname:137206,31411.0,True,eaea291a-1e1d-4382-b86f-ac3cc15b8d5a,iNaturalist research-grade observations,https://creativecommons.org/licenses/by-nc/4.0/,"[""NO_DEPTH""]",False,False
697e9981-89e9-4b3d-8386-7324020321a7,653_1647549,Chelonia mydas,urn:lsid:marinespecies.org:taxname:137206,137206,valid,2.5,101.5,2010-07-15T14:07:07/2010-10-31T22:59:10,2010,MachineObservation,present,111319.49,True,d092651c-d9b4-4583-a6c0-78e98a1dfbec,"Satellite tracking project, Pulau Banyak, Aceh, Sumatra, Indonesia",http://creativecommons.org/licenses/by-nc/4.0/,"[""NO_DEPTH""]",False,False
6a10568c-3849-412d-9e3b-2f05bed8c5c9,https://www.inaturalist.org/observations/319010293,Chelonia mydas,urn:lsid:marinespecies.org:taxname:137206,137206,,6.1589760464,118.058842749,2025-10-04T21:27:43+08:00,,HumanObservation,urn:lsid:marinespecies.org:taxname:137206,31362.0,True,eaea291a-1e1d-4382-b86f-ac3cc15b8d5a,iNaturalist research-grade observations,https://creativecommons.org/licenses/by-nc/4.0/,"[""NO_DEPTH""]",False,False
6a4c75aa-1b88-4ceb-9e70-f88c4d9dd496,975_326,Chelonia mydas,urn:lsid:marinespecies.org:taxname:137206,137206,valid,6.3,103.742,1994-09-23T04:28,1994,MachineObservation,present,,True,19104c99-492b-4f23-a3e9-41e86eaef780,Satellite tracked green turtles in the South China Sea 1993-1994,http://creativecommons.org/licenses/by/4.0/,"[""NO_DEPTH""]",False,False
6a95496d-2ebc-4b7b-8f5b-f30e069c9cab,653_1647524,Chelonia mydas,urn:lsid:marinespecies.org:taxname:137206,137206,valid,5.5,99.5,2010-07-05T21:41:00/2010-07-05T21:41:00,2010,MachineObservation,present,111319.49,True,d092651c-d9b4-4583-a6c0-78e98a1dfbec,"Satellite tracking project, Pulau Banyak, Aceh, Sumatra, Indonesia",http://creativecommons.org/licenses/by-nc/4.0/,"[""NO_DEPTH""]",False,False
6ab338b2-0246-4639-ae2b-d3906710bc99,https://www.inaturalist.org/observations/303663024,Chelonia mydas,urn:lsid:marinespecies.org:taxname:137206,137206,,4.3861889017,118.6843933865,2024-12-25T20:02:00+08:00,,HumanObservation,urn:lsid:marinespecies.org:taxname:137206,31407.0,True,eaea291a-1e1d-4382-b86f-ac3cc15b8d5a,iNaturalist research-grade observations,https://creativecommons.org/licenses/by-nc/4.0/,"[""NO_DEPTH""]",False,False
6b4b10b3-a158-4585-98f9-da4d704bad30,https://www.inaturalist.org/observations/160871742,Chelonia mydas,urn:lsid:marinespecies.org:taxname:137206,137206,,4.5077846311,118.7312333444,2023-05-07T15:57:00+08:00,,HumanObservation,urn:lsid:marinespecies.org:taxname:137206,31403.0,True,eaea291a-1e1d-4382-b86f-ac3cc15b8d5a,iNaturalist research-grade observations,https://creativecommons.org/licenses/by-nc/4.0/,"[""NO_DEPTH""]",False,False
6bc66030-be51-4cfc-a0de-53836faa6033,653_1647531,Chelonia mydas,urn:lsid:marinespecies.org:taxname:137206,137206,valid,3.5,100.5,2010-07-11T20:27:44/2010-07-11T20:27:44,2010,MachineObservation,present,111319.49,True,d092651c-d9b4-4583-a6c0-78e98a1dfbec,"Satellite tracking project, Pulau Banyak, Aceh, Sumatra, Indonesia",http://creativecommons.org/licenses/by-nc/4.0/,"[""NO_DEPTH""]",False,False
6c25c011-dab0-48df-9357-14444510d179,975_180,Chelonia mydas,urn:lsid:marinespecies.org:taxname:137206,137206,valid,5.315,103.52,1994-10-01T16:37,1994,MachineObservation,present,,True,19104c99-492b-4f23-a3e9-41e86eaef780,Satellite tracked green turtles in the South China Sea 1993-1994,http://creativecommons.org/licenses/by/4.0/,"[""NO_DEPTH""]",False,False
6ca5f919-aaea-4cdb-8ff0-e0c99ad79ed8,975_242,Chelonia mydas,urn:lsid:marinespecies.org:taxname:137206,137206,valid,3.976,103.504,1994-09-17T17:51,1994,MachineObservation,present,,True,19104c99-492b-4f23-a3e9-41e86eaef780,Satellite tracked green turtles in the South China Sea 1993-1994,http://creativecommons.org/licenses/by/4.0/,"[""NO_DEPTH""]",False,False
6cb0012a-43c6-4a66-b6e1-f3e4ec517b3a,https://www.inaturalist.org/observations/196896566,Chelonia mydas,urn:lsid:marinespecies.org:taxname:137206,137206,,4.5283654658,118.9399602821,2022-03-18T23:40:00+08:00,,HumanObservation,urn:lsid:marinespecies.org:taxname:137206,31403.0,True,eaea291a-1e1d-4382-b86f-ac3cc15b8d5a,iNaturalist research-grade observations,https://creativecommons.org/licenses/by-nc/4.0/,"[""NO_DEPTH""]",False,False
6ceb4281-0e62-4fe5-a40c-78608c0d924a,https://www.inaturalist.org/observations/284526843,Chelonia mydas,urn:lsid:marinespecies.org:taxname:137206,137206,,2.8924783948,104.0304277292,2025-05-21T15:43:38+08:00,,HumanObservation,urn:lsid:marinespecies.org:taxname:137206,31431.0,True,eaea291a-1e1d-4382-b86f-ac3cc15b8d5a,iNaturalist research-grade observations,https://creativecommons.org/licenses/by-nc/4.0/,"[""NO_DEPTH""]",False,False
6d2fbe84-71be-4416-910e-4579f2675547,975_313,Chelonia mydas,urn:lsid:marinespecies.org:taxname:137206,137206,valid,5.48,102.945,1994-09-16T19:57,1994,MachineObservation,present,,True,19104c99-492b-4f23-a3e9-41e86eaef780,Satellite tracked green turtles in the South China Sea 1993-1994,http://creativecommons.org/licenses/by/4.0/,"[""NO_DEPTH"",""ON_LAND""]",False,False
6d758d0e-121e-4092-aafa-ff8084131ce6,https://www.inaturalist.org/observations/68209650,Chelonia mydas,urn:lsid:marinespecies.org:taxname:137206,137206,,4.1382601825,118.7963279399,2017-11-27T08:08:00+08:00,,HumanObservation,urn:lsid:marinespecies.org:taxname:137206,31411.0,True,eaea291a-1e1d-4382-b86f-ac3cc15b8d5a,iNaturalist research-grade observations,https://creativecommons.org/licenses/by-nc/4.0/,"[""NO_DEPTH""]",False,False
6d8f421f-e5f3-4112-8187-6f6b79348197,975_175,Chelonia mydas,urn:lsid:marinespecies.org:taxname:137206,137206,valid,5.449,103.45,1994-09-30T16:51,1994,MachineObservation,present,,True,19104c99-492b-4f23-a3e9-41e86eaef780,Satellite tracked green turtles in the South China Sea 1993-1994,http://creativecommons.org/licenses/by/4.0/,"[""NO_DEPTH""]",False,False
6da7036a-9020-4ec2-8886-368cfdd9de5d,https://www.inaturalist.org/observations/42134764,Chelonia mydas,urn:lsid:marinespecies.org:taxname:137206,137206,,4.0590135812,118.7071368072,2011-08-28T07:11:00-04:00,,HumanObservation,urn:lsid:marinespecies.org:taxname:137206,31411.0,True,eaea291a-1e1d-4382-b86f-ac3cc15b8d5a,iNaturalist research-grade observations,https://creativecommons.org/licenses/by-nc/4.0/,"[""NO_DEPTH""]",False,False
6db9d29a-9cde-4f80-811f-cf9898145f0a,975_137,Chelonia mydas,urn:lsid:marinespecies.org:taxname:137206,137206,valid,4.688,114.044,1994-10-04T07:25,1994,MachineObservation,present,,True,19104c99-492b-4f23-a3e9-41e86eaef780,Satellite tracked green turtles in the South China Sea 1993-1994,http://creativecommons.org/licenses/by/4.0/,"[""NO_DEPTH""]",False,False
6e3c789c-d8dd-4501-9d5a-8f73581f06b7,https://www.inaturalist.org/observations/262386825,Chelonia mydas,urn:lsid:marinespecies.org:taxname:137206,137206,,4.2968090789,118.7298345542,2012-07-24T10:02:00+08:00,,HumanObservation,urn:lsid:marinespecies.org:taxname:137206,31407.0,True,eaea291a-1e1d-4382-b86f-ac3cc15b8d5a,iNaturalist research-grade observations,https://creativecommons.org/licenses/by-nc/4.0/,"[""NO_DEPTH""]",False,False
7019ac32-1b43-43b0-a363-b7c54ec88706,975_245,Chelonia mydas,urn:lsid:marinespecies.org:taxname:137206,137206,valid,3.599,103.524,1994-09-19T06:15,1994,MachineObservation,present,,True,19104c99-492b-4f23-a3e9-41e86eaef780,Satellite tracked green turtles in the South China Sea 1993-1994,http://creativecommons.org/licenses/by/4.0/,"[""NO_DEPTH""]",False,False
7048e6b3-b66e-4a73-b3b9-58d0c9b3048b,https://www.inaturalist.org/observations/256252273,Chelonia mydas,urn:lsid:marinespecies.org:taxname:137206,137206,,4.4726855865,118.8662607223,2024-07-12T10:18:00+08:00,,HumanObservation,urn:lsid:marinespecies.org:taxname:137206,31403.0,True,eaea291a-1e1d-4382-b86f-ac3cc15b8d5a,iNaturalist research-grade observations,https://creativecommons.org/licenses/by-nc/4.0/,"[""NO_DEPTH""]",False,False
7054012c-5bd4-446a-a413-a006a9a9979a,https://www.inaturalist.org/observations/334580144,Chelonia mydas,urn:lsid:marinespecies.org:taxname:137206,137206,,4.5312419989,118.883918684,2026-01-07T01:09:52+08:00,,HumanObservation,urn:lsid:marinespecies.org:taxname:137206,31403.0,True,eaea291a-1e1d-4382-b86f-ac3cc15b8d5a,iNaturalist research-grade observations,https://creativecommons.org/licenses/by-nc/4.0/,"[""NO_DEPTH""]",False,False
7094081b-f99e-428c-8242-9c53cd6e70a6,https://www.inaturalist.org/observations/107748913,Chelonia mydas,urn:lsid:marinespecies.org:taxname:137206,137206,,5.9329010563,102.665946555,2017-05-26T10:44:00+10:00,,HumanObservation,urn:lsid:marinespecies.org:taxname:137206,31368.0,True,eaea291a-1e1d-4382-b86f-ac3cc15b8d5a,iNaturalist research-grade observations,https://creativecommons.org/licenses/by-nc/4.0/,"[""NO_DEPTH""]",False,False
72bde34f-5a82-4e69-97fc-3ba982e78e84,https://www.inaturalist.org/observations/130964452,Chelonia mydas,urn:lsid:marinespecies.org:taxname:137206,137206,,2.6398154769,104.3942391629,2022-08-08T16:49:00+08:00,,HumanObservation,urn:lsid:marinespecies.org:taxname:137206,31434.0,True,eaea291a-1e1d-4382-b86f-ac3cc15b8d5a,iNaturalist research-grade observations,https://creativecommons.org/licenses/by-nc/4.0/,"[""NO_DEPTH""]",False,False
73dffac0-c2ee-49d9-b9c8-bd4f8b92c8a4,742_358,Chelonia mydas,urn:lsid:marinespecies.org:taxname:137206,137206,valid,5.2,115.031429,2003-04-27T08:00:00,2003,MachineObservation,present,,True,dcd07ef8-094d-4550-bbc5-dfe4860763de,Green sea turtle satellite tracking in the Nansha and Penghu Archipelagos 2000-2005,http://creativecommons.org/licenses/by-nc/4.0/,"[""NO_DEPTH""]",False,False
743a7369-d2bf-4c5f-ac1b-cb8b5410d2b6,https://www.inaturalist.org/observations/256858682,Chelonia mydas,urn:lsid:marinespecies.org:taxname:137206,137206,,4.2621312592,118.6721307501,2024-12-24T15:10:09+08:00,,HumanObservation,urn:lsid:marinespecies.org:taxname:137206,31407.0,True,eaea291a-1e1d-4382-b86f-ac3cc15b8d5a,iNaturalist research-grade observations,https://creativecommons.org/licenses/by-nc/4.0/,"[""NO_DEPTH""]",False,False
74476fe1-98f3-4eb4-8526-3807a3704268,https://www.inaturalist.org/observations/253589746,Chelonia mydas,urn:lsid:marinespecies.org:taxname:137206,137206,,4.415296471,118.8281909682,2024-11-29T10:15:00+08:00,,HumanObservation,urn:lsid:marinespecies.org:taxname:137206,31403.0,True,eaea291a-1e1d-4382-b86f-ac3cc15b8d5a,iNaturalist research-grade observations,https://creativecommons.org/licenses/by-nc/4.0/,"[""NO_DEPTH""]",False,False
75972f6c-31b2-41ea-9b68-fa77bc988c6b,https://www.inaturalist.org/observations/262389239,Chelonia mydas,urn:lsid:marinespecies.org:taxname:137206,137206,,4.1098128481,118.7210221087,2012-07-25T08:38:00+08:00,,HumanObservation,urn:lsid:marinespecies.org:taxname:137206,31411.0,True,eaea291a-1e1d-4382-b86f-ac3cc15b8d5a,iNaturalist research-grade observations,https://creativecommons.org/licenses/by-nc/4.0/,"[""NO_DEPTH""]",False,False
761a5917-4769-4b91-a2e6-be6a4d646c1d,https://www.inaturalist.org/observations/257134872,Chelonia mydas,urn:lsid:marinespecies.org:taxname:137206,137206,,4.4075374014,118.8164553453,2019-07-23T23:54:00+08:00,,HumanObservation,urn:lsid:marinespecies.org:taxname:137206,31403.0,True,eaea291a-1e1d-4382-b86f-ac3cc15b8d5a,iNaturalist research-grade observations,https://creativecommons.org/licenses/by-nc/4.0/,"[""NO_DEPTH""]",False,False
76c6f7a3-5b76-4c0b-affc-9df22fa30d87,https://www.inaturalist.org/observations/203592271,Chelonia mydas,urn:lsid:marinespecies.org:taxname:137206,137206,,4.7967394307,118.8005911681,2024-03-20T13:45:00+08:00,,HumanObservation,urn:lsid:marinespecies.org:taxname:137206,31398.0,True,eaea291a-1e1d-4382-b86f-ac3cc15b8d5a,iNaturalist research-grade observations,https://creativecommons.org/licenses/by-nc/4.0/,"[""NO_DEPTH""]",False,False
76cdecbc-51c8-4a1a-be8e-1ce6aabdf355,975_2,Chelonia mydas,urn:lsid:marinespecies.org:taxname:137206,137206,valid,5.661,103.175,1993-09-24T05:09,1993,MachineObservation,present,,True,19104c99-492b-4f23-a3e9-41e86eaef780,Satellite tracked green turtles in the South China Sea 1993-1994,http://creativecommons.org/licenses/by/4.0/,"[""NO_DEPTH""]",False,False
770ced53-f6c7-4c31-985c-5c56a7c809ab,https://www.inaturalist.org/observations/338300953,Chelonia mydas,urn:lsid:marinespecies.org:taxname:137206,137206,,5.9343206229,102.7292788296,2025-08-13T11:10:00+08:00,,HumanObservation,urn:lsid:marinespecies.org:taxname:137206,31368.0,True,eaea291a-1e1d-4382-b86f-ac3cc15b8d5a,iNaturalist research-grade observations,https://creativecommons.org/licenses/by-nc/4.0/,"[""NO_DEPTH""]",False,False
7757d423-7fb5-4c18-a53e-e499e03b3261,https://www.inaturalist.org/observations/178316815,Chelonia mydas,urn:lsid:marinespecies.org:taxname:137206,137206,,4.1705495703,118.7574062647,2023-08-07T12:31:00+08:00,,HumanObservation,urn:lsid:marinespecies.org:taxname:137206,31411.0,True,eaea291a-1e1d-4382-b86f-ac3cc15b8d5a,iNaturalist research-grade observations,https://creativecommons.org/licenses/by-nc/4.0/,"[""NO_DEPTH""]",False,False
77edfc98-e362-459c-88e9-6e372d829b78,https://www.inaturalist.org/observations/361109059,Chelonia mydas,urn:lsid:marinespecies.org:taxname:137206,137206,,2.4963240136,101.8356903859,2023-11-26T11:13:00+08:00,,HumanObservation,urn:lsid:marinespecies.org:taxname:137206,31436.0,True,eaea291a-1e1d-4382-b86f-ac3cc15b8d5a,iNaturalist research-grade observations,https://creativecommons.org/licenses/by-nc/4.0/,"[""NO_DEPTH""]",False,False
78326bf3-4f13-46ec-9e64-fbf6de4259de,https://www.inaturalist.org/observations/252402971,Chelonia mydas,urn:lsid:marinespecies.org:taxname:137206,137206,,4.5656790172,118.9341497731,2024-05-11T00:46:00+08:00,,HumanObservation,urn:lsid:marinespecies.org:taxname:137206,31403.0,True,eaea291a-1e1d-4382-b86f-ac3cc15b8d5a,iNaturalist research-grade observations,https://creativecommons.org/licenses/by-nc/4.0/,"[""NO_DEPTH""]",False,False
787d7f8b-d217-48c6-972d-2837a42dbf46,https://www.inaturalist.org/observations/262384221,Chelonia mydas,urn:lsid:marinespecies.org:taxname:137206,137206,,4.3860962245,118.6156814756,2012-07-26T06:17:00+08:00,,HumanObservation,urn:lsid:marinespecies.org:taxname:137206,31407.0,True,eaea291a-1e1d-4382-b86f-ac3cc15b8d5a,iNaturalist research-grade observations,https://creativecommons.org/licenses/by-nc/4.0/,"[""NO_DEPTH""]",False,False
7884b9e7-2fff-4132-9c49-5d0ac49f90ed,https://www.inaturalist.org/observations/88937414,Chelonia mydas,urn:lsid:marinespecies.org:taxname:137206,137206,,5.7044644211,103.1169692271,2020-07-19T16:17:19-10:00,,HumanObservation,urn:lsid:marinespecies.org:taxname:137206,31373.0,True,eaea291a-1e1d-4382-b86f-ac3cc15b8d5a,iNaturalist research-grade observations,https://creativecommons.org/licenses/by-nc/4.0/,"[""NO_DEPTH""]",False,False
79f052ac-9677-4bc1-98b1-4ac4053108da,https://www.inaturalist.org/observations/203350107,Chelonia mydas,urn:lsid:marinespecies.org:taxname:137206,137206,,4.5693650329,118.8268574623,2024-03-20T10:57:00+08:00,,HumanObservation,urn:lsid:marinespecies.org:taxname:137206,31403.0,True,eaea291a-1e1d-4382-b86f-ac3cc15b8d5a,iNaturalist research-grade observations,https://creativecommons.org/licenses/by-nc/4.0/,"[""NO_DEPTH""]",False,False
79f25cd6-a26f-4808-bfcd-76954e82e0ea,https://www.inaturalist.org/observations/203350129,Chelonia mydas,urn:lsid:marinespecies.org:taxname:137206,137206,,4.5720854166,118.8301185739,2024-03-20T10:59:00+08:00,,HumanObservation,urn:lsid:marinespecies.org:taxname:137206,31403.0,True,eaea291a-1e1d-4382-b86f-ac3cc15b8d5a,iNaturalist research-grade observations,https://creativecommons.org/licenses/by-nc/4.0/,"[""NO_DEPTH""]",False,False
7afdad76-3473-47a6-b0a7-3b4da50ce2d0,https://www.inaturalist.org/observations/313584897,Chelonia mydas,urn:lsid:marinespecies.org:taxname:137206,137206,,4.0718356852,118.6563794927,2016-09-03T08:28:00+08:00,,HumanObservation,urn:lsid:marinespecies.org:taxname:137206,31411.0,True,eaea291a-1e1d-4382-b86f-ac3cc15b8d5a,iNaturalist research-grade observations,https://creativecommons.org/licenses/by-nc/4.0/,"[""NO_DEPTH""]",False,False
7b05fccd-37d0-49bc-afa7-d626856c0208,https://www.inaturalist.org/observations/302351840,Chelonia mydas,urn:lsid:marinespecies.org:taxname:137206,137206,,5.2344296194,103.3106080771,2025-07-30T22:12:18+08:00,,HumanObservation,urn:lsid:marinespecies.org:taxname:137206,31384.0,True,eaea291a-1e1d-4382-b86f-ac3cc15b8d5a,iNaturalist research-grade observations,https://creativecommons.org/licenses/by-nc/4.0/,"[""NO_DEPTH""]",False,False
7b0ffaa5-9e45-4ffb-99ad-55464a634921,https://www.inaturalist.org/observations/304903588,Chelonia mydas,urn:lsid:marinespecies.org:taxname:137206,137206,,5.9781447696,102.6977795994,2025-07-01T10:33:48+08:00,,HumanObservation,urn:lsid:marinespecies.org:taxname:137206,31368.0,True,eaea291a-1e1d-4382-b86f-ac3cc15b8d5a,iNaturalist research-grade observations,https://creativecommons.org/licenses/by-nc/4.0/,"[""NO_DEPTH""]",False,False
7b272dc4-8324-4fac-ad40-0ae0259f7904,742_356,Chelonia mydas,urn:lsid:marinespecies.org:taxname:137206,137206,valid,5.3,115.144,2003-04-28T08:00:00,2003,MachineObservation,present,,True,dcd07ef8-094d-4550-bbc5-dfe4860763de,Green sea turtle satellite tracking in the Nansha and Penghu Archipelagos 2000-2005,http://creativecommons.org/licenses/by-nc/4.0/,"[""NO_DEPTH""]",False,False
7b8c6ab1-f104-455d-b7ef-1551cb2beddc,https://www.inaturalist.org/observations/304729166,Chelonia mydas,urn:lsid:marinespecies.org:taxname:137206,137206,,5.8178755101,102.6233751718,2025-06-30T19:09:15+08:00,,HumanObservation,urn:lsid:marinespecies.org:taxname:137206,31368.0,True,eaea291a-1e1d-4382-b86f-ac3cc15b8d5a,iNaturalist research-grade observations,https://creativecommons.org/licenses/by-nc/4.0/,"[""NO_DEPTH""]",False,False
7bcbb117-90b7-42b3-98e1-d30d64b1e3d2,https://www.inaturalist.org/observations/81480083,Chelonia mydas,urn:lsid:marinespecies.org:taxname:137206,137206,,5.7640988418,103.0430044891,2018-04-18,,HumanObservation,urn:lsid:marinespecies.org:taxname:137206,31373.0,True,eaea291a-1e1d-4382-b86f-ac3cc15b8d5a,iNaturalist research-grade observations,https://creativecommons.org/licenses/by-nc/4.0/,"[""NO_DEPTH""]",False,False
7bfce7e7-b55b-437b-bc7b-001bc1bc875e,975_157,Chelonia mydas,urn:lsid:marinespecies.org:taxname:137206,137206,valid,5.802,103.059,1994-09-17T08:33,1994,MachineObservation,present,,True,19104c99-492b-4f23-a3e9-41e86eaef780,Satellite tracked green turtles in the South China Sea 1993-1994,http://creativecommons.org/licenses/by/4.0/,"[""NO_DEPTH""]",False,False
7c298b92-3949-42a6-801a-8a1d6123145e,https://www.inaturalist.org/observations/348029163,Chelonia mydas,urn:lsid:marinespecies.org:taxname:137206,137206,,2.7135237182,104.3853833552,2026-04-06T21:32:55+08:00,,HumanObservation,urn:lsid:marinespecies.org:taxname:137206,31434.0,True,eaea291a-1e1d-4382-b86f-ac3cc15b8d5a,iNaturalist research-grade observations,https://creativecommons.org/licenses/by-nc/4.0/,"[""NO_DEPTH""]",False,False
7d37de88-2c0f-4764-9b6b-e49ab4c7010a,https://www.inaturalist.org/observations/23569407,Chelonia mydas,urn:lsid:marinespecies.org:taxname:137206,137206,,5.5213483533,100.0357555115,2019-04-27T18:06:28+08:00,,HumanObservation,urn:lsid:marinespecies.org:taxname:137206,31379.0,True,eaea291a-1e1d-4382-b86f-ac3cc15b8d5a,iNaturalist research-grade observations,https://creativecommons.org/licenses/by-nc/4.0/,"[""NO_DEPTH""]",False,False
7d959118-a162-4b67-9ee4-a4adf077d5b1,https://www.inaturalist.org/observations/359760662,Chelonia mydas,urn:lsid:marinespecies.org:taxname:137206,137206,,4.4228748957,118.9205962167,2026-05-09T12:16:26+08:00,,HumanObservation,urn:lsid:marinespecies.org:taxname:137206,31403.0,True,eaea291a-1e1d-4382-b86f-ac3cc15b8d5a,iNaturalist research-grade observations,https://creativecommons.org/licenses/by-nc/4.0/,"[""NO_DEPTH""]",False,False
7da886b7-af5f-43c7-a6e7-53ac1256055f,https://www.inaturalist.org/observations/266709463,Chelonia mydas,urn:lsid:marinespecies.org:taxname:137206,137206,,5.4634277382,103.1830314455,2023-12-28T18:21:35+08:00,,HumanObservation,urn:lsid:marinespecies.org:taxname:137206,31379.0,True,eaea291a-1e1d-4382-b86f-ac3cc15b8d5a,iNaturalist research-grade observations,https://creativecommons.org/licenses/by-nc/4.0/,"[""NO_DEPTH""]",False,False
7e4f6da8-a979-45fc-a52f-12349cc4a8d5,https://www.inaturalist.org/observations/16420078,Chelonia mydas,urn:lsid:marinespecies.org:taxname:137206,137206,,4.4800242031,118.9625094474,2018-09-11T17:56:00+08:00,,HumanObservation,urn:lsid:marinespecies.org:taxname:137206,31403.0,True,eaea291a-1e1d-4382-b86f-ac3cc15b8d5a,iNaturalist research-grade observations,https://creativecommons.org/licenses/by-nc/4.0/,"[""NO_DEPTH""]",False,False
7ec65687-7d3b-45b2-86ef-7a88b58269ea,https://www.inaturalist.org/observations/37150349,Chelonia mydas,urn:lsid:marinespecies.org:taxname:137206,137206,,4.451367948,118.8596434276,2019-12-22T15:52:00+08:00,,HumanObservation,urn:lsid:marinespecies.org:taxname:137206,31403.0,True,eaea291a-1e1d-4382-b86f-ac3cc15b8d5a,iNaturalist research-grade observations,https://creativecommons.org/licenses/by-nc/4.0/,"[""NO_DEPTH""]",False,False
7ec72084-b880-4d68-a5d0-3a7ac1779b70,975_328,Chelonia mydas,urn:lsid:marinespecies.org:taxname:137206,137206,valid,6.34,103.814,1994-09-23T08:44,1994,MachineObservation,present,,True,19104c99-492b-4f23-a3e9-41e86eaef780,Satellite tracked green turtles in the South China Sea 1993-1994,http://creativecommons.org/licenses/by/4.0/,"[""NO_DEPTH""]",False,False
801a8444-f8b6-4cad-81e9-d251ecddb80a,https://www.inaturalist.org/observations/159109609,Chelonia mydas,urn:lsid:marinespecies.org:taxname:137206,137206,,5.9914705935,103.142915877,2023-04-26T10:53:44+08:00,,HumanObservation,urn:lsid:marinespecies.org:taxname:137206,31368.0,True,eaea291a-1e1d-4382-b86f-ac3cc15b8d5a,iNaturalist research-grade observations,https://creativecommons.org/licenses/by-nc/4.0/,"[""NO_DEPTH""]",False,False
814e0f8c-1cac-4ef2-9614-c0b00c00b0b3,https://www.inaturalist.org/observations/256681087,Chelonia mydas,urn:lsid:marinespecies.org:taxname:137206,137206,,4.5767249962,118.8777284299,2024-08-15T22:29:00+08:00,,HumanObservation,urn:lsid:marinespecies.org:taxname:137206,31403.0,True,eaea291a-1e1d-4382-b86f-ac3cc15b8d5a,iNaturalist research-grade observations,https://creativecommons.org/licenses/by-nc/4.0/,"[""NO_DEPTH""]",False,False
81a8dd6c-bc0a-4f5b-92ac-d145b2c2fdd3,975_148,Chelonia mydas,urn:lsid:marinespecies.org:taxname:137206,137206,valid,5.567,115.471,1994-10-09T16:38,1994,MachineObservation,present,,True,19104c99-492b-4f23-a3e9-41e86eaef780,Satellite tracked green turtles in the South China Sea 1993-1994,http://creativecommons.org/licenses/by/4.0/,"[""NO_DEPTH""]",False,False
823b9659-5d7e-4789-a424-28a5d1dc56ae,https://www.inaturalist.org/observations/304688274,Chelonia mydas,urn:lsid:marinespecies.org:taxname:137206,137206,,5.9634742609,102.7872240963,2025-06-30T19:00:20+08:00,,HumanObservation,urn:lsid:marinespecies.org:taxname:137206,31368.0,True,eaea291a-1e1d-4382-b86f-ac3cc15b8d5a,iNaturalist research-grade observations,https://creativecommons.org/licenses/by-nc/4.0/,"[""NO_DEPTH""]",False,False
828763de-3d2b-4aee-944b-ddca1756f078,https://www.inaturalist.org/observations/276976731,Chelonia mydas,urn:lsid:marinespecies.org:taxname:137206,137206,,4.572088468,118.6901496816,2025-04-28T16:58:47+08:00,,HumanObservation,urn:lsid:marinespecies.org:taxname:137206,31403.0,True,eaea291a-1e1d-4382-b86f-ac3cc15b8d5a,iNaturalist research-grade observations,https://creativecommons.org/licenses/by-nc/4.0/,"[""NO_DEPTH""]",False,False
82bf8ff3-9f51-4eec-b328-0724e094b122,https://www.inaturalist.org/observations/68823652,Chelonia mydas,urn:lsid:marinespecies.org:taxname:137206,137206,,5.9169794858,102.7900956628,2016-09-01T11:15:00+02:00,,HumanObservation,urn:lsid:marinespecies.org:taxname:137206,31368.0,True,eaea291a-1e1d-4382-b86f-ac3cc15b8d5a,iNaturalist research-grade observations,https://creativecommons.org/licenses/by-nc/4.0/,"[""NO_DEPTH""]",False,False
82fa860f-4c7b-4148-b641-951037f89477,https://www.inaturalist.org/observations/277652396,Chelonia mydas,urn:lsid:marinespecies.org:taxname:137206,137206,,4.4614070645,118.8725571791,2025-04-17T16:29:00+08:00,,HumanObservation,urn:lsid:marinespecies.org:taxname:137206,31403.0,True,eaea291a-1e1d-4382-b86f-ac3cc15b8d5a,iNaturalist research-grade observations,https://creativecommons.org/licenses/by-nc/4.0/,"[""NO_DEPTH""]",False,False
83a839c1-14c7-43a1-9688-5377a56800e0,975_169,Chelonia mydas,urn:lsid:marinespecies.org:taxname:137206,137206,valid,5.841,103.0,1994-09-28T09:37,1994,MachineObservation,present,,True,19104c99-492b-4f23-a3e9-41e86eaef780,Satellite tracked green turtles in the South China Sea 1993-1994,http://creativecommons.org/licenses/by/4.0/,"[""NO_DEPTH""]",False,False
848c30c8-10e1-4bc9-89f1-120bfb6759f1,https://www.inaturalist.org/observations/196897333,Chelonia mydas,urn:lsid:marinespecies.org:taxname:137206,137206,,4.4350555051,118.9879151718,2022-04-04T08:21:00+08:00,,HumanObservation,urn:lsid:marinespecies.org:taxname:137206,31403.0,True,eaea291a-1e1d-4382-b86f-ac3cc15b8d5a,iNaturalist research-grade observations,https://creativecommons.org/licenses/by-nc/4.0/,"[""NO_DEPTH""]",False,False
84cb5323-bcd1-4972-8293-9e5533c0727c,975_254,Chelonia mydas,urn:lsid:marinespecies.org:taxname:137206,137206,valid,2.43,103.915,1994-09-23T09:46,1994,MachineObservation,present,,True,19104c99-492b-4f23-a3e9-41e86eaef780,Satellite tracked green turtles in the South China Sea 1993-1994,http://creativecommons.org/licenses/by/4.0/,"[""NO_DEPTH""]",False,False
84cf3ebe-815e-4f3f-837f-4a7f1207b12a,https://www.inaturalist.org/observations/21003628,Chelonia mydas,urn:lsid:marinespecies.org:taxname:137206,137206,,5.5948940025,100.0238599675,2018-04-15T19:24:04+08:00,,HumanObservation,urn:lsid:marinespecies.org:taxname:137206,31379.0,True,eaea291a-1e1d-4382-b86f-ac3cc15b8d5a,iNaturalist research-grade observations,https://creativecommons.org/licenses/by-nc/4.0/,"[""NO_DEPTH""]",False,False
85163c2c-d6ab-4b59-b33b-f469d7c21746,https://www.inaturalist.org/observations/313584825,Chelonia mydas,urn:lsid:marinespecies.org:taxname:137206,137206,,4.1505031025,118.697106301,2016-09-03T12:42:00+08:00,,HumanObservation,urn:lsid:marinespecies.org:taxname:137206,31411.0,True,eaea291a-1e1d-4382-b86f-ac3cc15b8d5a,iNaturalist research-grade observations,https://creativecommons.org/licenses/by-nc/4.0/,"[""NO_DEPTH""]",False,False
85512a8e-5168-43a5-a375-1b1687546844,https://www.inaturalist.org/observations/72247902,Chelonia mydas,urn:lsid:marinespecies.org:taxname:137206,137206,,4.2478035968,118.6931441914,2018-12-26T09:38:40+01:00,,HumanObservation,urn:lsid:marinespecies.org:taxname:137206,31407.0,True,eaea291a-1e1d-4382-b86f-ac3cc15b8d5a,iNaturalist research-grade observations,https://creativecommons.org/licenses/by-nc/4.0/,"[""NO_DEPTH""]",False,False
8583e640-97f3-430e-a699-1d10b20b6641,975_171,Chelonia mydas,urn:lsid:marinespecies.org:taxname:137206,137206,valid,5.702,103.19,1994-09-29T07:35,1994,MachineObservation,present,,True,19104c99-492b-4f23-a3e9-41e86eaef780,Satellite tracked green turtles in the South China Sea 1993-1994,http://creativecommons.org/licenses/by/4.0/,"[""NO_DEPTH""]",False,False
85b93c31-b6bf-4da6-9858-813601407871,https://www.inaturalist.org/observations/365009530,Chelonia mydas,urn:lsid:marinespecies.org:taxname:137206,137206,,1.4991699718,104.3795460814,2026-02-12T21:31:35+08:00,,HumanObservation,urn:lsid:marinespecies.org:taxname:137206,31446.0,True,eaea291a-1e1d-4382-b86f-ac3cc15b8d5a,iNaturalist research-grade observations,https://creativecommons.org/licenses/by-nc/4.0/,"[""NO_DEPTH""]",False,False
877f8219-0c59-4d36-b25e-6aa0b9db5eb3,975_134,Chelonia mydas,urn:lsid:marinespecies.org:taxname:137206,137206,valid,4.785,113.855,1994-10-03T16:11,1994,MachineObservation,present,,True,19104c99-492b-4f23-a3e9-41e86eaef780,Satellite tracked green turtles in the South China Sea 1993-1994,http://creativecommons.org/licenses/by/4.0/,"[""NO_DEPTH""]",False,False
87a69667-3fba-4f09-bd1e-59cdcb97d706,975_135,Chelonia mydas,urn:lsid:marinespecies.org:taxname:137206,137206,valid,4.769,113.901,1994-10-03T17:52,1994,MachineObservation,present,,True,19104c99-492b-4f23-a3e9-41e86eaef780,Satellite tracked green turtles in the South China Sea 1993-1994,http://creativecommons.org/licenses/by/4.0/,"[""NO_DEPTH""]",False,False
8854ffc8-a10d-411d-8788-78d2f9a80339,https://www.inaturalist.org/observations/138083821,Chelonia mydas,urn:lsid:marinespecies.org:taxname:137206,137206,,4.2717638814,100.4875866628,2022-10-09T11:40:57+08:00,,HumanObservation,urn:lsid:marinespecies.org:taxname:137206,31407.0,True,eaea291a-1e1d-4382-b86f-ac3cc15b8d5a,iNaturalist research-grade observations,https://creativecommons.org/licenses/by-nc/4.0/,"[""NO_DEPTH""]",False,False
888bd431-cfad-4d3b-8156-a00dd9231bf4,975_17,Chelonia mydas,urn:lsid:marinespecies.org:taxname:137206,137206,valid,5.364,105.317,1993-09-28T12:01,1993,MachineObservation,present,,True,19104c99-492b-4f23-a3e9-41e86eaef780,Satellite tracked green turtles in the South China Sea 1993-1994,http://creativecommons.org/licenses/by/4.0/,"[""NO_DEPTH""]",False,False
88a045c4-311c-43f1-bca0-784b9194eacf,https://www.inaturalist.org/observations/34907268,Chelonia mydas,urn:lsid:marinespecies.org:taxname:137206,137206,,5.814612997,103.0344995546,2017-07-25T02:36:27+02:00,,HumanObservation,urn:lsid:marinespecies.org:taxname:137206,46089.0,True,eaea291a-1e1d-4382-b86f-ac3cc15b8d5a,iNaturalist research-grade observations,https://creativecommons.org/licenses/by-nc/4.0/,"[""NO_DEPTH""]",False,False
88f40b85-36dd-4013-afe5-0752478e76e7,975_249,Chelonia mydas,urn:lsid:marinespecies.org:taxname:137206,137206,valid,3.032,103.516,1994-09-21T08:47,1994,MachineObservation,present,,True,19104c99-492b-4f23-a3e9-41e86eaef780,Satellite tracked green turtles in the South China Sea 1993-1994,http://creativecommons.org/licenses/by/4.0/,"[""NO_DEPTH""]",False,False
8905075f-4ee1-4cf7-8c1d-974e9e4e9232,1300_908688,Chelonia mydas,urn:lsid:marinespecies.org:taxname:137206,137206,valid,4.5,118.5,2015-09-20T19:37:34/2016-11-20T05:19:13,2016,MachineObservation,present,111319.49,True,77b8d6e2-7bec-4adf-a3ca-aa10a439e074,Identification of Important Turtle Areas for green turtles in the Sulu Sulawesi Marine Ecoregion,http://creativecommons.org/licenses/by-nc/4.0/,"[""NO_DEPTH""]",False,False
895d9bcb-bdad-44e3-83a4-717c761b8294,419_1261322,Chelonia mydas,urn:lsid:marinespecies.org:taxname:137206,137206,valid,5.5,118.5,2007-08-29T11:23:36/2007-08-31T06:22:33,2007,MachineObservation,present,111319.49,True,880c59c5-6e43-4610-88cf-cfe1438516fd,Sangalaki Green Turtles Tracking,http://creativecommons.org/licenses/by-nc/4.0/,"[""NO_DEPTH"",""ON_LAND""]",False,False
8980ce25-b855-470a-941a-787b030bb812,https://www.inaturalist.org/observations/175176770,Chelonia mydas,urn:lsid:marinespecies.org:taxname:137206,137206,,4.3361965619,118.7661430591,2023-07-27T11:07:40+08:00,,HumanObservation,urn:lsid:marinespecies.org:taxname:137206,31407.0,True,eaea291a-1e1d-4382-b86f-ac3cc15b8d5a,iNaturalist research-grade observations,https://creativecommons.org/licenses/by-nc/4.0/,"[""NO_DEPTH""]",False,False
8a21d438-6d30-4aa2-8e72-6cd197ba1a46,975_56,Chelonia mydas,urn:lsid:marinespecies.org:taxname:137206,137206,valid,5.887,103.057,1994-09-09T20:47,1994,MachineObservation,present,,True,19104c99-492b-4f23-a3e9-41e86eaef780,Satellite tracked green turtles in the South China Sea 1993-1994,http://creativecommons.org/licenses/by/4.0/,"[""NO_DEPTH""]",False,False
8aa916fd-72c5-4d55-a4a5-513630aeeb99,https://www.inaturalist.org/observations/41037529,Chelonia mydas,urn:lsid:marinespecies.org:taxname:137206,137206,,4.347218005,118.7739245942,2016-10-01T04:06:30+08:00,,HumanObservation,urn:lsid:marinespecies.org:taxname:137206,31407.0,True,eaea291a-1e1d-4382-b86f-ac3cc15b8d5a,iNaturalist research-grade observations,https://creativecommons.org/licenses/by-nc/4.0/,"[""NO_DEPTH""]",False,False
8ac1071e-4482-4798-af54-117da5cf058f,https://www.inaturalist.org/observations/106301821,Chelonia mydas,urn:lsid:marinespecies.org:taxname:137206,137206,,4.2229016523,118.696214666,2022-02-04T23:04:20+08:00,,HumanObservation,urn:lsid:marinespecies.org:taxname:137206,31407.0,True,eaea291a-1e1d-4382-b86f-ac3cc15b8d5a,iNaturalist research-grade observations,https://creativecommons.org/licenses/by-nc/4.0/,"[""NO_DEPTH""]",False,False
8ae72c9f-d57c-4149-a9ff-5367530eb5d2,https://www.inaturalist.org/observations/347447307,Chelonia mydas,urn:lsid:marinespecies.org:taxname:137206,137206,,6.113224906,118.1595084481,2025-07-17T02:26:13+08:00,,HumanObservation,urn:lsid:marinespecies.org:taxname:137206,31362.0,True,eaea291a-1e1d-4382-b86f-ac3cc15b8d5a,iNaturalist research-grade observations,https://creativecommons.org/licenses/by-nc/4.0/,"[""NO_DEPTH""]",False,False
8b058415-221d-462d-9455-b3d73e839eaa,653_1647527,Chelonia mydas,urn:lsid:marinespecies.org:taxname:137206,137206,valid,5.5,100.5,2010-07-07T13:52:21/2010-07-08T13:41:32,2010,MachineObservation,present,111319.49,True,d092651c-d9b4-4583-a6c0-78e98a1dfbec,"Satellite tracking project, Pulau Banyak, Aceh, Sumatra, Indonesia",http://creativecommons.org/licenses/by-nc/4.0/,"[""NO_DEPTH"",""ON_LAND""]",False,False
8b67ea41-dbff-4200-989b-3f547c5c878d,https://www.inaturalist.org/observations/238076836,Chelonia mydas,urn:lsid:marinespecies.org:taxname:137206,137206,,2.8899037471,104.0810383316,2024-08-26T22:53:57+08:00,,HumanObservation,urn:lsid:marinespecies.org:taxname:137206,31431.0,True,eaea291a-1e1d-4382-b86f-ac3cc15b8d5a,iNaturalist research-grade observations,https://creativecommons.org/licenses/by-nc/4.0/,"[""NO_DEPTH""]",False,False
8b690a6f-f9aa-48bc-8753-78d65c81d0ec,975_130,Chelonia mydas,urn:lsid:marinespecies.org:taxname:137206,137206,valid,5.146,113.253,1994-10-02T06:31,1994,MachineObservation,present,,True,19104c99-492b-4f23-a3e9-41e86eaef780,Satellite tracked green turtles in the South China Sea 1993-1994,http://creativecommons.org/licenses/by/4.0/,"[""NO_DEPTH""]",False,False
8bc2be0b-8912-47e8-a82e-3b50815ef8f4,https://www.inaturalist.org/observations/313710065,Chelonia mydas,urn:lsid:marinespecies.org:taxname:137206,137206,,5.6746390853,103.1771439552,2024-07-14T11:02:52+08:00,,HumanObservation,urn:lsid:marinespecies.org:taxname:137206,31373.0,True,eaea291a-1e1d-4382-b86f-ac3cc15b8d5a,iNaturalist research-grade observations,https://creativecommons.org/licenses/by-nc/4.0/,"[""NO_DEPTH""]",False,False
8c0fcb69-484b-41df-a312-d74529fbabf2,https://www.inaturalist.org/observations/34194007,Chelonia mydas,urn:lsid:marinespecies.org:taxname:137206,137206,,6.282776406,116.3940248082,2019-10-09T23:12:17+08:00,,HumanObservation,urn:lsid:marinespecies.org:taxname:137206,31356.0,True,eaea291a-1e1d-4382-b86f-ac3cc15b8d5a,iNaturalist research-grade observations,https://creativecommons.org/licenses/by-nc/4.0/,"[""NO_DEPTH"",""ON_LAND""]",False,False
8c26628e-d59d-423e-9b16-f2bc35e321d1,975_150,Chelonia mydas,urn:lsid:marinespecies.org:taxname:137206,137206,valid,5.81,115.582,1994-10-10T18:03,1994,MachineObservation,present,,True,19104c99-492b-4f23-a3e9-41e86eaef780,Satellite tracked green turtles in the South China Sea 1993-1994,http://creativecommons.org/licenses/by/4.0/,"[""NO_DEPTH""]",False,False
8c49435f-0db6-4c6b-a63f-d02ab86e03e3,https://www.inaturalist.org/observations/7381121,Chelonia mydas,urn:lsid:marinespecies.org:taxname:137206,137206,,5.876753022,103.099321368,2015-06-08T09:07:00+02:00,,HumanObservation,urn:lsid:marinespecies.org:taxname:137206,31368.0,True,eaea291a-1e1d-4382-b86f-ac3cc15b8d5a,iNaturalist research-grade observations,https://creativecommons.org/licenses/by-nc/4.0/,"[""NO_DEPTH""]",False,False
8d15ea37-1862-4bce-8a21-ecae12bce11e,https://www.inaturalist.org/observations/150398046,Chelonia mydas,urn:lsid:marinespecies.org:taxname:137206,137206,,4.4978276381,118.8882927809,2023-02-24T17:21:00+08:00,,HumanObservation,urn:lsid:marinespecies.org:taxname:137206,31403.0,True,eaea291a-1e1d-4382-b86f-ac3cc15b8d5a,iNaturalist research-grade observations,https://creativecommons.org/licenses/by-nc/4.0/,"[""NO_DEPTH""]",False,False
8df22b29-398f-4cb8-98f2-0c38ff27047d,https://www.inaturalist.org/observations/8297487,Chelonia mydas,urn:lsid:marinespecies.org:taxname:137206,137206,,4.0825353196,118.6888507362,2008-05-22,,HumanObservation,urn:lsid:marinespecies.org:taxname:137206,31411.0,True,eaea291a-1e1d-4382-b86f-ac3cc15b8d5a,iNaturalist research-grade observations,https://creativecommons.org/licenses/by-nc/4.0/,"[""NO_DEPTH""]",False,False
8e34407b-4001-4709-858d-09cc1b2f3184,https://www.inaturalist.org/observations/351981434,Chelonia mydas,urn:lsid:marinespecies.org:taxname:137206,137206,,2.9454141402,104.1684004392,2025-10-26T12:22:58+08:00,,HumanObservation,urn:lsid:marinespecies.org:taxname:137206,31431.0,True,eaea291a-1e1d-4382-b86f-ac3cc15b8d5a,iNaturalist research-grade observations,https://creativecommons.org/licenses/by-nc/4.0/,"[""NO_DEPTH""]",False,False
8e99b514-905c-4d6a-bd1b-24804dae55d9,975_362,Chelonia mydas,urn:lsid:marinespecies.org:taxname:137206,137206,valid,7.22,109.406,1994-10-02T17:01,1994,MachineObservation,present,,True,19104c99-492b-4f23-a3e9-41e86eaef780,Satellite tracked green turtles in the South China Sea 1993-1994,http://creativecommons.org/licenses/by/4.0/,"[""NO_DEPTH""]",False,False
8f0610f6-5c54-4489-8bf8-2c94678cc7e9,975_96,Chelonia mydas,urn:lsid:marinespecies.org:taxname:137206,137206,valid,7.233,109.386,1994-09-21T18:53,1994,MachineObservation,present,,True,19104c99-492b-4f23-a3e9-41e86eaef780,Satellite tracked green turtles in the South China Sea 1993-1994,http://creativecommons.org/licenses/by/4.0/,"[""NO_DEPTH""]",False,False
8f1f5cb8-a522-4920-824a-098b95b44ac4,https://www.inaturalist.org/observations/347282553,Chelonia mydas,urn:lsid:marinespecies.org:taxname:137206,137206,,6.1010255152,118.0155362131,2019-08-13T21:16:00+08:00,,HumanObservation,urn:lsid:marinespecies.org:taxname:137206,31362.0,True,eaea291a-1e1d-4382-b86f-ac3cc15b8d5a,iNaturalist research-grade observations,https://creativecommons.org/licenses/by-nc/4.0/,"[""NO_DEPTH""]",False,False
8f81092d-f781-431b-b01a-918471f51265,https://www.inaturalist.org/observations/200020937,Chelonia mydas,urn:lsid:marinespecies.org:taxname:137206,137206,,4.0202371187,118.7499947126,2009-01-07T12:46:00+08:00,,HumanObservation,urn:lsid:marinespecies.org:taxname:137206,31411.0,True,eaea291a-1e1d-4382-b86f-ac3cc15b8d5a,iNaturalist research-grade observations,https://creativecommons.org/licenses/by-nc/4.0/,"[""NO_DEPTH""]",False,False
8f9bcc93-180c-4315-b927-29020fe92d92,https://www.inaturalist.org/observations/262921948,Chelonia mydas,urn:lsid:marinespecies.org:taxname:137206,137206,,4.1611503155,118.7075903352,2000-09-22,,HumanObservation,urn:lsid:marinespecies.org:taxname:137206,31411.0,True,eaea291a-1e1d-4382-b86f-ac3cc15b8d5a,iNaturalist research-grade observations,https://creativecommons.org/licenses/by-nc/4.0/,"[""NO_DEPTH""]",False,False
8fa57cb9-b6c7-42f6-9325-d2bf0dee3587,https://www.inaturalist.org/observations/320993717,Chelonia mydas,urn:lsid:marinespecies.org:taxname:137206,137206,,6.4663550276,117.8039152794,2025-09-28T11:41:11+08:00,,HumanObservation,urn:lsid:marinespecies.org:taxname:137206,31350.0,True,eaea291a-1e1d-4382-b86f-ac3cc15b8d5a,iNaturalist research-grade observations,https://creativecommons.org/licenses/by-nc/4.0/,"[""NO_DEPTH""]",False,False
900fda54-a008-48d7-a19d-6446f583d615,https://www.inaturalist.org/observations/363591271,Chelonia mydas,urn:lsid:marinespecies.org:taxname:137206,137206,,4.8424034242,103.704492916,2025-10-26T11:38:00+08:00,,HumanObservation,urn:lsid:marinespecies.org:taxname:137206,31394.0,True,eaea291a-1e1d-4382-b86f-ac3cc15b8d5a,iNaturalist research-grade observations,https://creativecommons.org/licenses/by-nc/4.0/,"[""NO_DEPTH""]",False,False
90b2ea4c-c003-417f-b3c9-61fd42c888d0,975_330,Chelonia mydas,urn:lsid:marinespecies.org:taxname:137206,137206,valid,6.42,104.063,1994-09-23T19:49,1994,MachineObservation,present,,True,19104c99-492b-4f23-a3e9-41e86eaef780,Satellite tracked green turtles in the South China Sea 1993-1994,http://creativecommons.org/licenses/by/4.0/,"[""NO_DEPTH""]",False,False
912ce12e-96fd-4d62-b54f-7fd722f5e963,https://www.inaturalist.org/observations/301231011,Chelonia mydas,urn:lsid:marinespecies.org:taxname:137206,137206,,5.7365647013,103.1266785672,2025-04-10T16:29:00+08:00,,HumanObservation,urn:lsid:marinespecies.org:taxname:137206,31373.0,True,eaea291a-1e1d-4382-b86f-ac3cc15b8d5a,iNaturalist research-grade observations,https://creativecommons.org/licenses/by-nc/4.0/,"[""NO_DEPTH""]",False,False
917f18c5-aa30-46f2-961d-f427d39d7e59,https://www.inaturalist.org/observations/289798362,Chelonia mydas,urn:lsid:marinespecies.org:taxname:137206,137206,,6.5752810003,117.9617783745,2025-06-15T00:16:00+08:00,,HumanObservation,urn:lsid:marinespecies.org:taxname:137206,31350.0,True,eaea291a-1e1d-4382-b86f-ac3cc15b8d5a,iNaturalist research-grade observations,https://creativecommons.org/licenses/by-nc/4.0/,"[""NO_DEPTH""]",False,False
92534a0a-82a5-44c1-ba52-7cfc2e9e1f8f,https://www.inaturalist.org/observations/152902653,Chelonia mydas,urn:lsid:marinespecies.org:taxname:137206,137206,,2.7132541222,104.3266006412,2023-03-30T02:41:39+08:00,,HumanObservation,urn:lsid:marinespecies.org:taxname:137206,31434.0,True,eaea291a-1e1d-4382-b86f-ac3cc15b8d5a,iNaturalist research-grade observations,https://creativecommons.org/licenses/by-nc/4.0/,"[""NO_DEPTH""]",False,False
93834aa8-1010-47fd-ab99-99b92eb38f05,975_228,Chelonia mydas,urn:lsid:marinespecies.org:taxname:137206,137206,valid,5.121,103.255,1994-09-13T21:07,1994,MachineObservation,present,,True,19104c99-492b-4f23-a3e9-41e86eaef780,Satellite tracked green turtles in the South China Sea 1993-1994,http://creativecommons.org/licenses/by/4.0/,"[""NO_DEPTH"",""ON_LAND""]",False,False
93b9e5cb-e84b-4724-9191-1a3b0249dc41,https://www.inaturalist.org/observations/355064829,Chelonia mydas,urn:lsid:marinespecies.org:taxname:137206,137206,,3.2075281214,101.3193337762,2026-04-27T09:00:00+08:00,,HumanObservation,urn:lsid:marinespecies.org:taxname:137206,36987.0,True,eaea291a-1e1d-4382-b86f-ac3cc15b8d5a,iNaturalist research-grade observations,https://creativecommons.org/licenses/by-nc/4.0/,"[""NO_DEPTH"",""ON_LAND""]",False,False
93fe8d41-4d15-445d-a8e4-024d4c6e4c07,https://www.inaturalist.org/observations/104225124,Chelonia mydas,urn:lsid:marinespecies.org:taxname:137206,137206,,2.152153663,109.6823183482,2017-08-07T18:49:00+02:00,,HumanObservation,urn:lsid:marinespecies.org:taxname:137206,31441.0,True,eaea291a-1e1d-4382-b86f-ac3cc15b8d5a,iNaturalist research-grade observations,https://creativecommons.org/licenses/by-nc/4.0/,"[""NO_DEPTH""]",False,False
94937c0c-c9dd-42e2-9256-3eac650baa91,https://www.inaturalist.org/observations/157195506,Chelonia mydas,urn:lsid:marinespecies.org:taxname:137206,137206,,4.2870479636,118.7534991325,2018-07-09T08:03:00+08:00,,HumanObservation,urn:lsid:marinespecies.org:taxname:137206,31407.0,True,eaea291a-1e1d-4382-b86f-ac3cc15b8d5a,iNaturalist research-grade observations,https://creativecommons.org/licenses/by-nc/4.0/,"[""NO_DEPTH""]",False,False
951d96ca-ddd6-4ed9-87f1-022a0053edbf,https://www.inaturalist.org/observations/371903478,Chelonia mydas,urn:lsid:marinespecies.org:taxname:137206,137206,,5.7329892127,103.1797974099,2026-06-15T10:21:21+08:00,,HumanObservation,urn:lsid:marinespecies.org:taxname:137206,31373.0,True,eaea291a-1e1d-4382-b86f-ac3cc15b8d5a,iNaturalist research-grade observations,https://creativecommons.org/licenses/by-nc/4.0/,"[""NO_DEPTH""]",False,False
954733b1-c8c6-4f0e-a64c-40c255228098,https://www.inaturalist.org/observations/360471015,Chelonia mydas,urn:lsid:marinespecies.org:taxname:137206,137206,,6.0201003364,118.0208545722,2025-07-14T20:51:29+08:00,,HumanObservation,urn:lsid:marinespecies.org:taxname:137206,31362.0,True,eaea291a-1e1d-4382-b86f-ac3cc15b8d5a,iNaturalist research-grade observations,https://creativecommons.org/licenses/by-nc/4.0/,"[""NO_DEPTH"",""ON_LAND""]",False,False
9588fd10-e2fa-41c6-96fe-fdbd9d9435ee,https://www.inaturalist.org/observations/85997463,Chelonia mydas,urn:lsid:marinespecies.org:taxname:137206,137206,,4.0026227038,118.7088890269,2017-11-29T10:36:00+08:00,,HumanObservation,urn:lsid:marinespecies.org:taxname:137206,31411.0,True,eaea291a-1e1d-4382-b86f-ac3cc15b8d5a,iNaturalist research-grade observations,https://creativecommons.org/licenses/by-nc/4.0/,"[""NO_DEPTH""]",False,False
95b72ba3-c027-47e1-a4a2-3ba4e97ba6f2,https://www.inaturalist.org/observations/216732079,Chelonia mydas,urn:lsid:marinespecies.org:taxname:137206,137206,,4.1625308879,118.7096623956,2011-09-27T13:22:11+08:00,,HumanObservation,urn:lsid:marinespecies.org:taxname:137206,31411.0,True,eaea291a-1e1d-4382-b86f-ac3cc15b8d5a,iNaturalist research-grade observations,https://creativecommons.org/licenses/by-nc/4.0/,"[""NO_DEPTH""]",False,False
95efe9dc-f319-4435-9ad5-61ea48d2e11a,https://www.inaturalist.org/observations/129960726,Chelonia mydas,urn:lsid:marinespecies.org:taxname:137206,137206,,4.2177498152,118.7965386051,2022-07-23T17:50:00+08:00,,HumanObservation,urn:lsid:marinespecies.org:taxname:137206,31407.0,True,eaea291a-1e1d-4382-b86f-ac3cc15b8d5a,iNaturalist research-grade observations,https://creativecommons.org/licenses/by-nc/4.0/,"[""NO_DEPTH""]",False,False
95fad362-3a8f-4f05-bc41-a7a73f7da0e4,https://www.inaturalist.org/observations/27622881,Chelonia mydas,urn:lsid:marinespecies.org:taxname:137206,137206,,1.6214011578,110.0109645447,2019-05-12,,HumanObservation,urn:lsid:marinespecies.org:taxname:137206,31444.0,True,eaea291a-1e1d-4382-b86f-ac3cc15b8d5a,iNaturalist research-grade observations,https://creativecommons.org/licenses/by-nc/4.0/,"[""NO_DEPTH"",""ON_LAND""]",False,False
960332a4-7dc8-4943-a2f4-a30b245b7ec4,https://www.inaturalist.org/observations/57041662,Chelonia mydas,urn:lsid:marinespecies.org:taxname:137206,137206,,4.1658638246,118.7293706101,2016-10-12T12:06:00-04:00,,HumanObservation,urn:lsid:marinespecies.org:taxname:137206,31411.0,True,eaea291a-1e1d-4382-b86f-ac3cc15b8d5a,iNaturalist research-grade observations,https://creativecommons.org/licenses/by-nc/4.0/,"[""NO_DEPTH""]",False,False
961cd54a-4b43-47f9-8e05-2906a3f4ac08,653_1647530,Chelonia mydas,urn:lsid:marinespecies.org:taxname:137206,137206,valid,4.5,100.5,2010-07-09T18:13:49/2010-07-09T21:54:43,2010,MachineObservation,present,111319.49,True,d092651c-d9b4-4583-a6c0-78e98a1dfbec,"Satellite tracking project, Pulau Banyak, Aceh, Sumatra, Indonesia",http://creativecommons.org/licenses/by-nc/4.0/,"[""NO_DEPTH""]",False,False
962aa574-856b-42c0-9448-8c21a5b37df2,975_199,Chelonia mydas,urn:lsid:marinespecies.org:taxname:137206,137206,valid,4.387,104.41,1994-10-06T17:16,1994,MachineObservation,present,,True,19104c99-492b-4f23-a3e9-41e86eaef780,Satellite tracked green turtles in the South China Sea 1993-1994,http://creativecommons.org/licenses/by/4.0/,"[""NO_DEPTH""]",False,False
963e8523-437f-4b7f-83d3-4a551fab401e,https://www.inaturalist.org/observations/353435226,Chelonia mydas,urn:lsid:marinespecies.org:taxname:137206,137206,,6.5543420035,117.8637529865,2024-01-20T20:14:00+08:00,,HumanObservation,urn:lsid:marinespecies.org:taxname:137206,31350.0,True,eaea291a-1e1d-4382-b86f-ac3cc15b8d5a,iNaturalist research-grade observations,https://creativecommons.org/licenses/by-nc/4.0/,"[""NO_DEPTH""]",False,False
969a6462-b897-470f-ad2d-cd15ab9fc556,https://www.inaturalist.org/observations/201291436,Chelonia mydas,urn:lsid:marinespecies.org:taxname:137206,137206,,6.0200099163,116.1323561891,2010-03-17T10:00:00+08:00,,HumanObservation,urn:lsid:marinespecies.org:taxname:137206,31362.0,True,eaea291a-1e1d-4382-b86f-ac3cc15b8d5a,iNaturalist research-grade observations,https://creativecommons.org/licenses/by-nc/4.0/,"[""NO_DEPTH"",""ON_LAND""]",False,False
96f372de-d717-49de-95df-969d31753c98,https://www.inaturalist.org/observations/196310765,Chelonia mydas,urn:lsid:marinespecies.org:taxname:137206,137206,,4.0184828023,118.6705279152,2023-12-20T13:09:00+08:00,,HumanObservation,urn:lsid:marinespecies.org:taxname:137206,31411.0,True,eaea291a-1e1d-4382-b86f-ac3cc15b8d5a,iNaturalist research-grade observations,https://creativecommons.org/licenses/by-nc/4.0/,"[""NO_DEPTH""]",False,False
9711e81b-d662-48ea-9f6f-f5d8e80cf346,https://www.inaturalist.org/observations/148249795,Chelonia mydas,urn:lsid:marinespecies.org:taxname:137206,137206,,5.4743867756,100.3477905515,2018-08-22T11:15:00+08:00,,HumanObservation,urn:lsid:marinespecies.org:taxname:137206,31379.0,True,eaea291a-1e1d-4382-b86f-ac3cc15b8d5a,iNaturalist research-grade observations,https://creativecommons.org/licenses/by-nc/4.0/,"[""NO_DEPTH""]",False,False
97ac4f31-f583-4c8f-ae68-244a082319d3,https://www.inaturalist.org/observations/299773362,Chelonia mydas,urn:lsid:marinespecies.org:taxname:137206,137206,,4.6648185055,118.9350071309,2025-07-21T14:38:12+08:00,,HumanObservation,urn:lsid:marinespecies.org:taxname:137206,31398.0,True,eaea291a-1e1d-4382-b86f-ac3cc15b8d5a,iNaturalist research-grade observations,https://creativecommons.org/licenses/by-nc/4.0/,"[""NO_DEPTH""]",False,False
97bba88e-e56a-45e9-a4c8-0943af5a3111,https://www.inaturalist.org/observations/37193486,Chelonia mydas,urn:lsid:marinespecies.org:taxname:137206,137206,,4.586425499,118.9852795385,2019-11-30T14:48:00+08:00,,HumanObservation,urn:lsid:marinespecies.org:taxname:137206,31403.0,True,eaea291a-1e1d-4382-b86f-ac3cc15b8d5a,iNaturalist research-grade observations,https://creativecommons.org/licenses/by-nc/4.0/,"[""NO_DEPTH""]",False,False
984914bd-f5cf-42ad-a169-6b036c5b1fbe,https://www.inaturalist.org/observations/138082799,Chelonia mydas,urn:lsid:marinespecies.org:taxname:137206,137206,,4.3461901451,100.4622076044,2022-10-09T11:21:47+08:00,,HumanObservation,urn:lsid:marinespecies.org:taxname:137206,31407.0,True,eaea291a-1e1d-4382-b86f-ac3cc15b8d5a,iNaturalist research-grade observations,https://creativecommons.org/licenses/by-nc/4.0/,"[""NO_DEPTH""]",False,False
985e26bf-78c2-437d-8d6b-67293f5920d0,https://www.inaturalist.org/observations/109110872,Chelonia mydas,urn:lsid:marinespecies.org:taxname:137206,137206,,4.4711816696,118.8747212373,2022-03-20T14:55:00+08:00,,HumanObservation,urn:lsid:marinespecies.org:taxname:137206,31403.0,True,eaea291a-1e1d-4382-b86f-ac3cc15b8d5a,iNaturalist research-grade observations,https://creativecommons.org/licenses/by-nc/4.0/,"[""NO_DEPTH""]",False,False
9937b03c-1834-4f77-9949-6e358cb802fb,975_151,Chelonia mydas,urn:lsid:marinespecies.org:taxname:137206,137206,valid,5.915,116.098,1994-10-11T05:01,1994,MachineObservation,present,,True,19104c99-492b-4f23-a3e9-41e86eaef780,Satellite tracked green turtles in the South China Sea 1993-1994,http://creativecommons.org/licenses/by/4.0/,"[""NO_DEPTH"",""ON_LAND""]",False,False
995283d8-f27a-4513-aa3c-d0a9bdd8f122,https://www.inaturalist.org/observations/370729047,Chelonia mydas,urn:lsid:marinespecies.org:taxname:137206,137206,,6.180616514,118.0448232769,2004-08-03T21:30:00+08:00,,HumanObservation,urn:lsid:marinespecies.org:taxname:137206,31362.0,True,eaea291a-1e1d-4382-b86f-ac3cc15b8d5a,iNaturalist research-grade observations,https://creativecommons.org/licenses/by/4.0/,"[""NO_DEPTH""]",False,False
995f769e-9e7d-4db6-b86e-32dc32ea41e0,https://www.inaturalist.org/observations/122646725,Chelonia mydas,urn:lsid:marinespecies.org:taxname:137206,137206,,4.0486264209,118.6415215749,2010-10-05T06:00:00+08:00,,HumanObservation,urn:lsid:marinespecies.org:taxname:137206,31411.0,True,eaea291a-1e1d-4382-b86f-ac3cc15b8d5a,iNaturalist research-grade observations,https://creativecommons.org/licenses/by-nc/4.0/,"[""NO_DEPTH""]",False,False
996187d1-2a7f-4e8a-bbb3-7176b86817e0,https://www.inaturalist.org/observations/36899214,Chelonia mydas,urn:lsid:marinespecies.org:taxname:137206,137206,,4.4773279289,118.9515489358,2019-12-22T12:41:00+08:00,,HumanObservation,urn:lsid:marinespecies.org:taxname:137206,31403.0,True,eaea291a-1e1d-4382-b86f-ac3cc15b8d5a,iNaturalist research-grade observations,https://creativecommons.org/licenses/by-nc/4.0/,"[""NO_DEPTH""]",False,False
996613f0-45ef-41b1-826a-8e8f720af9dd,https://www.inaturalist.org/observations/263400699,Chelonia mydas,urn:lsid:marinespecies.org:taxname:137206,137206,,4.4850652412,118.8286138516,2013-05-13T04:20:00+08:00,,HumanObservation,urn:lsid:marinespecies.org:taxname:137206,31403.0,True,eaea291a-1e1d-4382-b86f-ac3cc15b8d5a,iNaturalist research-grade observations,https://creativecommons.org/licenses/by-nc/4.0/,"[""NO_DEPTH""]",False,False
999e811b-829a-4000-b528-dea9d92f45f4,https://www.inaturalist.org/observations/310713610,Chelonia mydas,urn:lsid:marinespecies.org:taxname:137206,137206,,4.3057485965,118.7360413911,2025-09-01T15:40:52+08:00,,HumanObservation,urn:lsid:marinespecies.org:taxname:137206,31407.0,True,eaea291a-1e1d-4382-b86f-ac3cc15b8d5a,iNaturalist research-grade observations,https://creativecommons.org/licenses/by/4.0/,"[""NO_DEPTH""]",False,False
99aa3676-ed96-4a77-9150-ad9e4d9ee4c4,https://www.inaturalist.org/observations/176778973,Chelonia mydas,urn:lsid:marinespecies.org:taxname:137206,137206,,4.5483608352,118.888540863,2023-07-28T07:00:00+08:00,,HumanObservation,urn:lsid:marinespecies.org:taxname:137206,31403.0,True,eaea291a-1e1d-4382-b86f-ac3cc15b8d5a,iNaturalist research-grade observations,https://creativecommons.org/licenses/by-nc/4.0/,"[""NO_DEPTH""]",False,False
99fb5cda-2a82-40b1-a395-d276aa10bd7e,1300_908861,Chelonia mydas,urn:lsid:marinespecies.org:taxname:137206,137206,valid,6.5,116.5,2015-07-29T16:37:24/2016-09-02T09:44:42,2016,MachineObservation,present,111319.49,True,77b8d6e2-7bec-4adf-a3ca-aa10a439e074,Identification of Important Turtle Areas for green turtles in the Sulu Sulawesi Marine Ecoregion,http://creativecommons.org/licenses/by-nc/4.0/,"[""NO_DEPTH"",""ON_LAND""]",False,False
9a3c6d36-ace3-47c9-a439-dbe1f259c8cf,975_179,Chelonia mydas,urn:lsid:marinespecies.org:taxname:137206,137206,valid,5.33,103.48,1994-10-01T07:09,1994,MachineObservation,present,,True,19104c99-492b-4f23-a3e9-41e86eaef780,Satellite tracked green turtles in the South China Sea 1993-1994,http://creativecommons.org/licenses/by/4.0/,"[""NO_DEPTH""]",False,False
9b256b23-1424-43fa-b8a0-f6dd270630b0,975_243,Chelonia mydas,urn:lsid:marinespecies.org:taxname:137206,137206,valid,3.771,103.473,1994-09-18T09:50,1994,MachineObservation,present,,True,19104c99-492b-4f23-a3e9-41e86eaef780,Satellite tracked green turtles in the South China Sea 1993-1994,http://creativecommons.org/licenses/by/4.0/,"[""NO_DEPTH""]",False,False
9b432540-30d6-4fc5-bb26-83b6629b6afd,https://www.inaturalist.org/observations/202491114,Chelonia mydas,urn:lsid:marinespecies.org:taxname:137206,137206,,5.6321174352,103.0204468464,2024-03-13T17:50:24+08:00,,HumanObservation,urn:lsid:marinespecies.org:taxname:137206,31373.0,True,eaea291a-1e1d-4382-b86f-ac3cc15b8d5a,iNaturalist research-grade observations,https://creativecommons.org/licenses/by-nc/4.0/,"[""NO_DEPTH""]",False,False
9b65fd1d-4bc2-4182-9a42-b844681f122f,https://www.inaturalist.org/observations/102767928,Chelonia mydas,urn:lsid:marinespecies.org:taxname:137206,137206,,4.0162932722,118.6453164693,2006-05-18T07:13:00+02:00,,HumanObservation,urn:lsid:marinespecies.org:taxname:137206,31411.0,True,eaea291a-1e1d-4382-b86f-ac3cc15b8d5a,iNaturalist research-grade observations,https://creativecommons.org/licenses/by-nc/4.0/,"[""NO_DEPTH""]",False,False
9be56980-5333-44ab-a059-e810c38790cd,https://www.inaturalist.org/observations/41040500,Chelonia mydas,urn:lsid:marinespecies.org:taxname:137206,137206,,4.2498965023,118.6454111114,2016-10-02T05:15:43+08:00,,HumanObservation,urn:lsid:marinespecies.org:taxname:137206,31407.0,True,eaea291a-1e1d-4382-b86f-ac3cc15b8d5a,iNaturalist research-grade observations,https://creativecommons.org/licenses/by-nc/4.0/,"[""NO_DEPTH""]",False,False
9c2e0c60-c039-4b0c-a673-0f8ba478d340,975_160,Chelonia mydas,urn:lsid:marinespecies.org:taxname:137206,137206,valid,6.053,103.0,1994-09-22T08:31,1994,MachineObservation,present,,True,19104c99-492b-4f23-a3e9-41e86eaef780,Satellite tracked green turtles in the South China Sea 1993-1994,http://creativecommons.org/licenses/by/4.0/,"[""NO_DEPTH""]",False,False
9cbd37e2-7341-46de-aa99-2b56cc559957,https://www.inaturalist.org/observations/317036966,Chelonia mydas,urn:lsid:marinespecies.org:taxname:137206,137206,,4.3184273687,118.6882321897,2025-03-22T14:56:00+08:00,,HumanObservation,urn:lsid:marinespecies.org:taxname:137206,31407.0,True,eaea291a-1e1d-4382-b86f-ac3cc15b8d5a,iNaturalist research-grade observations,https://creativecommons.org/licenses/by-nc/4.0/,"[""NO_DEPTH""]",False,False
9ce1918f-ac56-47fa-889e-ec7d605f145d,https://www.inaturalist.org/observations/175695222,Chelonia mydas,urn:lsid:marinespecies.org:taxname:137206,137206,,4.3578905161,118.7185625374,2023-07-30T14:12:27+08:00,,HumanObservation,urn:lsid:marinespecies.org:taxname:137206,31407.0,True,eaea291a-1e1d-4382-b86f-ac3cc15b8d5a,iNaturalist research-grade observations,https://creativecommons.org/licenses/by-nc/4.0/,"[""NO_DEPTH""]",False,False
9d79938d-8b23-4c7d-b144-1f6f3bdfcbd3,https://www.inaturalist.org/observations/69511011,Chelonia mydas,urn:lsid:marinespecies.org:taxname:137206,137206,,4.019537924,118.6737944084,2018-02-11T04:22:56+01:00,,HumanObservation,urn:lsid:marinespecies.org:taxname:137206,31411.0,True,eaea291a-1e1d-4382-b86f-ac3cc15b8d5a,iNaturalist research-grade observations,https://creativecommons.org/licenses/by-nc/4.0/,"[""NO_DEPTH""]",False,False
9e20b121-5994-486e-a80c-0b2d102fc204,https://www.inaturalist.org/observations/203350176,Chelonia mydas,urn:lsid:marinespecies.org:taxname:137206,137206,,4.5122746657,118.817277105,2024-03-20T11:03:00+08:00,,HumanObservation,urn:lsid:marinespecies.org:taxname:137206,31403.0,True,eaea291a-1e1d-4382-b86f-ac3cc15b8d5a,iNaturalist research-grade observations,https://creativecommons.org/licenses/by-nc/4.0/,"[""NO_DEPTH""]",False,False
9e4af664-cb04-4145-ba3d-bfff606b7c6f,https://www.inaturalist.org/observations/203592258,Chelonia mydas,urn:lsid:marinespecies.org:taxname:137206,137206,,4.6984744834,118.8774803971,2024-03-20T13:50:00+08:00,,HumanObservation,urn:lsid:marinespecies.org:taxname:137206,31398.0,True,eaea291a-1e1d-4382-b86f-ac3cc15b8d5a,iNaturalist research-grade observations,https://creativecommons.org/licenses/by-nc/4.0/,"[""NO_DEPTH""]",False,False
9e869f88-f5ff-48a0-bbed-0d9207891d05,725_60443,Chelonia mydas,urn:lsid:marinespecies.org:taxname:137206,137206,valid,6.5,115.5,2011-03-06T16:42:22/2012-03-27T15:56:01,2012,MachineObservation,present,111319.49,True,282c67f7-d6f1-4c9f-9efe-8e3a20539807,"Identification of secondary foraging grounds for green turtles as they depart Mantanani, Malaysia",http://creativecommons.org/licenses/by-nc/4.0/,"[""NO_DEPTH""]",False,False
9e9e5d18-d16f-4c68-bd21-de39db553af3,https://www.inaturalist.org/observations/372869958,Chelonia mydas,urn:lsid:marinespecies.org:taxname:137206,137206,,4.0123295859,118.7978253884,2026-06-08T11:15:00+08:00,,HumanObservation,urn:lsid:marinespecies.org:taxname:137206,31411.0,True,eaea291a-1e1d-4382-b86f-ac3cc15b8d5a,iNaturalist research-grade observations,https://creativecommons.org/licenses/by-nc/4.0/,"[""NO_DEPTH""]",False,False
9ec8cc9f-ec9f-4e70-a909-c0024c18ef51,https://www.inaturalist.org/observations/130077142,Chelonia mydas,urn:lsid:marinespecies.org:taxname:137206,137206,,4.0233108393,118.7524325615,2022-07-17T11:04:00+08:00,,HumanObservation,urn:lsid:marinespecies.org:taxname:137206,31411.0,True,eaea291a-1e1d-4382-b86f-ac3cc15b8d5a,iNaturalist research-grade observations,https://creativecommons.org/licenses/by-nc/4.0/,"[""NO_DEPTH""]",False,False
9f9d7232-6b5e-496e-b567-c67b7c9d0936,https://www.inaturalist.org/observations/344943599,Chelonia mydas,urn:lsid:marinespecies.org:taxname:137206,137206,,4.5767520914,118.9753987941,2026-03-04T11:13:00+08:00,,HumanObservation,urn:lsid:marinespecies.org:taxname:137206,31403.0,True,eaea291a-1e1d-4382-b86f-ac3cc15b8d5a,iNaturalist research-grade observations,https://creativecommons.org/licenses/by-nc/4.0/,"[""NO_DEPTH""]",False,False
9fccec29-79e3-43f7-ba43-129eb9c4812a,https://www.inaturalist.org/observations/333706170,Chelonia mydas,urn:lsid:marinespecies.org:taxname:137206,137206,,4.5942297881,118.9738713914,2026-01-02T16:25:00+08:00,,HumanObservation,urn:lsid:marinespecies.org:taxname:137206,31403.0,True,eaea291a-1e1d-4382-b86f-ac3cc15b8d5a,iNaturalist research-grade observations,https://creativecommons.org/licenses/by-nc/4.0/,"[""NO_DEPTH""]",False,False
a0036876-fcd7-4405-af1b-77f6909f24b4,https://www.inaturalist.org/observations/301231009,Chelonia mydas,urn:lsid:marinespecies.org:taxname:137206,137206,,5.7514598736,103.1057716576,2025-04-10T14:57:00+08:00,,HumanObservation,urn:lsid:marinespecies.org:taxname:137206,31373.0,True,eaea291a-1e1d-4382-b86f-ac3cc15b8d5a,iNaturalist research-grade observations,https://creativecommons.org/licenses/by-nc/4.0/,"[""NO_DEPTH""]",False,False
a016fa87-8cbb-43cc-8c75-888926145831,975_320,Chelonia mydas,urn:lsid:marinespecies.org:taxname:137206,137206,valid,5.56,102.928,1994-09-21T08:49,1994,MachineObservation,present,,True,19104c99-492b-4f23-a3e9-41e86eaef780,Satellite tracked green turtles in the South China Sea 1993-1994,http://creativecommons.org/licenses/by/4.0/,"[""NO_DEPTH""]",False,False
a0d847c8-2b88-44d6-aada-dcc6be3da527,975_126,Chelonia mydas,urn:lsid:marinespecies.org:taxname:137206,137206,valid,5.364,112.865,1994-10-01T08:30,1994,MachineObservation,present,,True,19104c99-492b-4f23-a3e9-41e86eaef780,Satellite tracked green turtles in the South China Sea 1993-1994,http://creativecommons.org/licenses/by/4.0/,"[""NO_DEPTH""]",False,False
a13d44a8-8723-4403-a25a-f75cbbc7900e,975_252,Chelonia mydas,urn:lsid:marinespecies.org:taxname:137206,137206,valid,2.569,103.82,1994-09-23T05:32,1994,MachineObservation,present,,True,19104c99-492b-4f23-a3e9-41e86eaef780,Satellite tracked green turtles in the South China Sea 1993-1994,http://creativecommons.org/licenses/by/4.0/,"[""NO_DEPTH""]",False,False
a165749b-9af4-4f96-9a3b-c4594cac50c1,https://www.inaturalist.org/observations/227936408,Chelonia mydas,urn:lsid:marinespecies.org:taxname:137206,137206,,6.1565852813,118.0255476981,2024-01-29T13:37:00+08:00,,HumanObservation,urn:lsid:marinespecies.org:taxname:137206,31362.0,True,eaea291a-1e1d-4382-b86f-ac3cc15b8d5a,iNaturalist research-grade observations,https://creativecommons.org/licenses/by-nc/4.0/,"[""NO_DEPTH""]",False,False
a1f50478-e4a4-4230-b7c6-759b257cb594,975_177,Chelonia mydas,urn:lsid:marinespecies.org:taxname:137206,137206,valid,5.483,103.45,1994-09-30T19:54,1994,MachineObservation,present,,True,19104c99-492b-4f23-a3e9-41e86eaef780,Satellite tracked green turtles in the South China Sea 1993-1994,http://creativecommons.org/licenses/by/4.0/,"[""NO_DEPTH""]",False,False
a1f75bf3-d6c0-4207-9dff-4f5049023075,https://www.inaturalist.org/observations/349924270,Chelonia mydas,urn:lsid:marinespecies.org:taxname:137206,137206,,2.7091038494,104.3177058599,2026-04-11T16:49:00+08:00,,HumanObservation,urn:lsid:marinespecies.org:taxname:137206,31434.0,True,eaea291a-1e1d-4382-b86f-ac3cc15b8d5a,iNaturalist research-grade observations,https://creativecommons.org/licenses/by-nc/4.0/,"[""NO_DEPTH""]",False,False
a2123d0e-11c6-4e8a-8944-eac866437c41,https://www.inaturalist.org/observations/330726658,Chelonia mydas,urn:lsid:marinespecies.org:taxname:137206,137206,,4.4948328815,118.9515051802,2025-12-02T10:58:18+08:00,,HumanObservation,urn:lsid:marinespecies.org:taxname:137206,31403.0,True,eaea291a-1e1d-4382-b86f-ac3cc15b8d5a,iNaturalist research-grade observations,https://creativecommons.org/licenses/by-nc/4.0/,"[""NO_DEPTH""]",False,False
a22c1442-4cf2-48fd-be53-c76537802e55,975_117,Chelonia mydas,urn:lsid:marinespecies.org:taxname:137206,137206,valid,5.692,111.913,1994-09-28T09:12,1994,MachineObservation,present,,True,19104c99-492b-4f23-a3e9-41e86eaef780,Satellite tracked green turtles in the South China Sea 1993-1994,http://creativecommons.org/licenses/by/4.0/,"[""NO_DEPTH""]",False,False
a22fcd69-40fe-4bba-aea0-09ee254316cd,https://www.inaturalist.org/observations/303679024,Chelonia mydas,urn:lsid:marinespecies.org:taxname:137206,137206,,4.1094829858,118.7541953989,2024-12-27,,HumanObservation,urn:lsid:marinespecies.org:taxname:137206,31411.0,True,eaea291a-1e1d-4382-b86f-ac3cc15b8d5a,iNaturalist research-grade observations,https://creativecommons.org/licenses/by-nc/4.0/,"[""NO_DEPTH""]",False,False
a2da5b6b-0146-4c85-9b93-6fe5bed129bb,https://www.inaturalist.org/observations/299058099,Chelonia mydas,urn:lsid:marinespecies.org:taxname:137206,137206,,5.7956877552,103.0651970503,2025-06-19T10:34:40+08:00,,HumanObservation,urn:lsid:marinespecies.org:taxname:137206,31373.0,True,eaea291a-1e1d-4382-b86f-ac3cc15b8d5a,iNaturalist research-grade observations,https://creativecommons.org/licenses/by-nc/4.0/,"[""NO_DEPTH""]",False,False
a3d8bcc0-9cd2-4284-a4f9-2d6dce47f7cd,419_1261376,Chelonia mydas,urn:lsid:marinespecies.org:taxname:137206,137206,valid,6.5,117.5,2007-09-06T18:19:26/2007-11-14T16:46:27,2007,MachineObservation,present,111319.49,True,880c59c5-6e43-4610-88cf-cfe1438516fd,Sangalaki Green Turtles Tracking,http://creativecommons.org/licenses/by-nc/4.0/,"[""NO_DEPTH"",""ON_LAND""]",False,False
a403c72f-68ed-480c-a56d-07b8cbf5a27a,975_127,Chelonia mydas,urn:lsid:marinespecies.org:taxname:137206,137206,valid,5.31,113.052,1994-10-01T16:36,1994,MachineObservation,present,,True,19104c99-492b-4f23-a3e9-41e86eaef780,Satellite tracked green turtles in the South China Sea 1993-1994,http://creativecommons.org/licenses/by/4.0/,"[""NO_DEPTH""]",False,False
a40d1055-395b-4ebc-905c-7eb130089055,https://www.inaturalist.org/observations/373187482,Chelonia mydas,urn:lsid:marinespecies.org:taxname:137206,137206,,4.2033816563,118.7578466563,2024-01-03T15:50:04+08:00,,HumanObservation,urn:lsid:marinespecies.org:taxname:137206,31407.0,True,eaea291a-1e1d-4382-b86f-ac3cc15b8d5a,iNaturalist research-grade observations,https://creativecommons.org/licenses/by-nc/4.0/,"[""NO_DEPTH""]",False,False
a5387f5f-4c9a-42fe-8047-a2af1e426ada,https://www.inaturalist.org/observations/122953416,Chelonia mydas,urn:lsid:marinespecies.org:taxname:137206,137206,,2.0290451093,109.7143092345,2022-06-21T21:44:00+08:00,,HumanObservation,urn:lsid:marinespecies.org:taxname:137206,31441.0,True,eaea291a-1e1d-4382-b86f-ac3cc15b8d5a,iNaturalist research-grade observations,https://creativecommons.org/licenses/by-nc/4.0/,"[""NO_DEPTH""]",False,False
a5d03551-307f-4f80-ae27-3289065e69e4,975_237,Chelonia mydas,urn:lsid:marinespecies.org:taxname:137206,137206,valid,4.388,103.469,1994-09-16T07:15,1994,MachineObservation,present,,True,19104c99-492b-4f23-a3e9-41e86eaef780,Satellite tracked green turtles in the South China Sea 1993-1994,http://creativecommons.org/licenses/by/4.0/,"[""NO_DEPTH""]",False,False
a61ed184-1687-4454-ac94-00d661459da6,https://www.inaturalist.org/observations/295866627,Chelonia mydas,urn:lsid:marinespecies.org:taxname:137206,137206,,4.0454450868,103.4412579455,2025-07-01T22:00:58+08:00,,HumanObservation,urn:lsid:marinespecies.org:taxname:137206,31411.0,True,eaea291a-1e1d-4382-b86f-ac3cc15b8d5a,iNaturalist research-grade observations,https://creativecommons.org/licenses/by-nc/4.0/,"[""NO_DEPTH""]",False,False
a63e68ff-6ef5-4198-84ed-580f375f7376,https://www.inaturalist.org/observations/313709959,Chelonia mydas,urn:lsid:marinespecies.org:taxname:137206,137206,,5.6509607443,103.0430910846,2024-07-14T11:03:02+08:00,,HumanObservation,urn:lsid:marinespecies.org:taxname:137206,31373.0,True,eaea291a-1e1d-4382-b86f-ac3cc15b8d5a,iNaturalist research-grade observations,https://creativecommons.org/licenses/by-nc/4.0/,"[""NO_DEPTH""]",False,False
a655dfc1-7237-4042-852e-96d261264d33,https://www.inaturalist.org/observations/82805932,Chelonia mydas,urn:lsid:marinespecies.org:taxname:137206,137206,,5.856548649,116.171310589,2021-06-13T15:57:20+08:00,,HumanObservation,urn:lsid:marinespecies.org:taxname:137206,31368.0,True,eaea291a-1e1d-4382-b86f-ac3cc15b8d5a,iNaturalist research-grade observations,https://creativecommons.org/licenses/by-nc/4.0/,"[""NO_DEPTH"",""ON_LAND""]",False,False
a67213a9-f1e8-489e-9792-8098fbcf343c,https://www.inaturalist.org/observations/203350119,Chelonia mydas,urn:lsid:marinespecies.org:taxname:137206,137206,,4.5673054427,118.9866549718,2024-03-20T10:58:00+08:00,,HumanObservation,urn:lsid:marinespecies.org:taxname:137206,31403.0,True,eaea291a-1e1d-4382-b86f-ac3cc15b8d5a,iNaturalist research-grade observations,https://creativecommons.org/licenses/by-nc/4.0/,"[""NO_DEPTH""]",False,False
a6985902-ae2c-4bcc-95e8-bdf1763a9d97,https://www.inaturalist.org/observations/60788425,Chelonia mydas,urn:lsid:marinespecies.org:taxname:137206,137206,,4.0887558581,118.7217191695,2018-01-20T09:42:00+08:00,,HumanObservation,urn:lsid:marinespecies.org:taxname:137206,31411.0,True,eaea291a-1e1d-4382-b86f-ac3cc15b8d5a,iNaturalist research-grade observations,https://creativecommons.org/licenses/by-nc/4.0/,"[""NO_DEPTH""]",False,False
a6a8bdb6-d3f8-4e49-a407-15479df40082,https://www.inaturalist.org/observations/298411135,Chelonia mydas,urn:lsid:marinespecies.org:taxname:137206,137206,,5.6045135356,103.1757062854,2025-07-07T17:30:00+08:00,,HumanObservation,urn:lsid:marinespecies.org:taxname:137206,31373.0,True,eaea291a-1e1d-4382-b86f-ac3cc15b8d5a,iNaturalist research-grade observations,https://creativecommons.org/licenses/by-nc/4.0/,"[""NO_DEPTH""]",False,False
a6d3aad5-326b-4fc9-8a92-838d1b32a163,975_166,Chelonia mydas,urn:lsid:marinespecies.org:taxname:137206,137206,valid,5.801,102.9,1994-09-27T19:24,1994,MachineObservation,present,,True,19104c99-492b-4f23-a3e9-41e86eaef780,Satellite tracked green turtles in the South China Sea 1993-1994,http://creativecommons.org/licenses/by/4.0/,"[""NO_DEPTH""]",False,False
a72231a5-bad3-46a2-9702-01a4ef0a0d0d,https://www.inaturalist.org/observations/260080869,Chelonia mydas,urn:lsid:marinespecies.org:taxname:137206,137206,,6.133275073,118.0822400193,2014-04-23T13:37:00+08:00,,HumanObservation,urn:lsid:marinespecies.org:taxname:137206,31362.0,True,eaea291a-1e1d-4382-b86f-ac3cc15b8d5a,iNaturalist research-grade observations,https://creativecommons.org/licenses/by-nc/4.0/,"[""NO_DEPTH""]",False,False
a7762f00-1985-4fd2-8923-72bbfd98afe0,https://www.inaturalist.org/observations/263153286,Chelonia mydas,urn:lsid:marinespecies.org:taxname:137206,137206,,4.2259859345,118.7883687996,2024-02-08T09:18:00+08:00,,HumanObservation,urn:lsid:marinespecies.org:taxname:137206,31407.0,True,eaea291a-1e1d-4382-b86f-ac3cc15b8d5a,iNaturalist research-grade observations,https://creativecommons.org/licenses/by-nc/4.0/,"[""NO_DEPTH""]",False,False
a81bc667-cf60-4ca2-a76e-dee15599dc2e,https://www.inaturalist.org/observations/313584810,Chelonia mydas,urn:lsid:marinespecies.org:taxname:137206,137206,,4.0909830154,118.6672767412,2016-09-03T12:09:00+08:00,,HumanObservation,urn:lsid:marinespecies.org:taxname:137206,31411.0,True,eaea291a-1e1d-4382-b86f-ac3cc15b8d5a,iNaturalist research-grade observations,https://creativecommons.org/licenses/by-nc/4.0/,"[""NO_DEPTH""]",False,False
a8f34692-8311-4681-a984-c5eda0495056,https://www.inaturalist.org/observations/263398492,Chelonia mydas,urn:lsid:marinespecies.org:taxname:137206,137206,,4.5831397362,118.8027774663,2013-05-11T04:06:00+08:00,,HumanObservation,urn:lsid:marinespecies.org:taxname:137206,31403.0,True,eaea291a-1e1d-4382-b86f-ac3cc15b8d5a,iNaturalist research-grade observations,https://creativecommons.org/licenses/by-nc/4.0/,"[""NO_DEPTH""]",False,False
aa1cc5ab-f091-449c-8757-5652796056f2,https://www.inaturalist.org/observations/309630777,Chelonia mydas,urn:lsid:marinespecies.org:taxname:137206,137206,,6.0889033753,118.1481776363,2025-08-25T20:54:00+08:00,,HumanObservation,urn:lsid:marinespecies.org:taxname:137206,31362.0,True,eaea291a-1e1d-4382-b86f-ac3cc15b8d5a,iNaturalist research-grade observations,https://creativecommons.org/licenses/by-nc/4.0/,"[""NO_DEPTH""]",False,False
aa6e739f-f543-47e2-b154-fea5ad1848d8,https://www.inaturalist.org/observations/101756366,Chelonia mydas,urn:lsid:marinespecies.org:taxname:137206,137206,,2.3405400871,102.2818597424,2021-11-23T20:50:47+08:00,,HumanObservation,urn:lsid:marinespecies.org:taxname:137206,31438.0,True,eaea291a-1e1d-4382-b86f-ac3cc15b8d5a,iNaturalist research-grade observations,https://creativecommons.org/licenses/by-nc/4.0/,"[""NO_DEPTH"",""ON_LAND""]",False,False
aaf22dc3-7378-401d-9db3-520464bafba4,975_125,Chelonia mydas,urn:lsid:marinespecies.org:taxname:137206,137206,valid,5.349,112.818,1994-10-01T06:53,1994,MachineObservation,present,,True,19104c99-492b-4f23-a3e9-41e86eaef780,Satellite tracked green turtles in the South China Sea 1993-1994,http://creativecommons.org/licenses/by/4.0/,"[""NO_DEPTH""]",False,False
ab167a50-06d4-4309-be68-8c11105fe0f3,1300_907974,Chelonia mydas,urn:lsid:marinespecies.org:taxname:137206,137206,valid,5.5,119.5,2015-09-18T14:48:18/2016-08-08T10:04:36,2016,MachineObservation,present,111319.49,True,77b8d6e2-7bec-4adf-a3ca-aa10a439e074,Identification of Important Turtle Areas for green turtles in the Sulu Sulawesi Marine Ecoregion,http://creativecommons.org/licenses/by-nc/4.0/,"[""NO_DEPTH""]",False,False
ab2b3bcb-a027-4480-97c4-3750897f6e48,https://www.inaturalist.org/observations/311215668,Chelonia mydas,urn:lsid:marinespecies.org:taxname:137206,137206,,4.4742716446,118.8669851526,2025-09-03T13:04:21+08:00,,HumanObservation,urn:lsid:marinespecies.org:taxname:137206,31403.0,True,eaea291a-1e1d-4382-b86f-ac3cc15b8d5a,iNaturalist research-grade observations,https://creativecommons.org/licenses/by/4.0/,"[""NO_DEPTH""]",False,False
ab2fc9fd-0aa4-4fc7-89ae-28667cebe570,https://www.inaturalist.org/observations/257459215,Chelonia mydas,urn:lsid:marinespecies.org:taxname:137206,137206,,4.5523018913,118.8215546753,2024-04-02T12:04:00+08:00,,HumanObservation,urn:lsid:marinespecies.org:taxname:137206,31403.0,True,eaea291a-1e1d-4382-b86f-ac3cc15b8d5a,iNaturalist research-grade observations,https://creativecommons.org/licenses/by-nc/4.0/,"[""NO_DEPTH""]",False,False
ab58237b-72be-4201-b47b-0c2b670da62a,https://www.inaturalist.org/observations/347788848,Chelonia mydas,urn:lsid:marinespecies.org:taxname:137206,137206,,2.717670605,104.2998837032,2026-04-06T20:08:00+08:00,,HumanObservation,urn:lsid:marinespecies.org:taxname:137206,31434.0,True,eaea291a-1e1d-4382-b86f-ac3cc15b8d5a,iNaturalist research-grade observations,https://creativecommons.org/licenses/by-nc/4.0/,"[""NO_DEPTH""]",False,False
ac4e0b21-9ccf-4483-934c-da977dc0f0a7,975_205,Chelonia mydas,urn:lsid:marinespecies.org:taxname:137206,137206,valid,4.049,104.67,1994-10-07T18:41,1994,MachineObservation,present,,True,19104c99-492b-4f23-a3e9-41e86eaef780,Satellite tracked green turtles in the South China Sea 1993-1994,http://creativecommons.org/licenses/by/4.0/,"[""NO_DEPTH""]",False,False
acc9690a-c292-4a4a-9d56-6ea119d4f558,https://www.inaturalist.org/observations/245658650,Chelonia mydas,urn:lsid:marinespecies.org:taxname:137206,137206,,6.0632193964,118.1072363277,2024-10-04T21:19:00+08:00,,HumanObservation,urn:lsid:marinespecies.org:taxname:137206,31362.0,True,eaea291a-1e1d-4382-b86f-ac3cc15b8d5a,iNaturalist research-grade observations,https://creativecommons.org/licenses/by/4.0/,"[""NO_DEPTH""]",False,False
ad546a8d-9473-4f10-ac16-5ce75a27d290,https://www.inaturalist.org/observations/40683425,Chelonia mydas,urn:lsid:marinespecies.org:taxname:137206,137206,,5.8534226195,102.6768403042,2014-08-28T14:31:00+08:00,,HumanObservation,urn:lsid:marinespecies.org:taxname:137206,62615.0,True,eaea291a-1e1d-4382-b86f-ac3cc15b8d5a,iNaturalist research-grade observations,https://creativecommons.org/licenses/by-nc/4.0/,"[""NO_DEPTH""]",False,False
adf7930a-aea2-4348-a2a5-90e9de14f756,975_260,Chelonia mydas,urn:lsid:marinespecies.org:taxname:137206,137206,valid,1.374,104.362,1994-09-26T07:41,1994,MachineObservation,present,,True,19104c99-492b-4f23-a3e9-41e86eaef780,Satellite tracked green turtles in the South China Sea 1993-1994,http://creativecommons.org/licenses/by/4.0/,"[""NO_DEPTH""]",False,False
ae35e068-18eb-4b8e-97d2-7efc4a21e1c7,https://www.inaturalist.org/observations/199892789,Chelonia mydas,urn:lsid:marinespecies.org:taxname:137206,137206,,4.0533826448,118.71852515,2007-10-03T13:29:00+08:00,,HumanObservation,urn:lsid:marinespecies.org:taxname:137206,31411.0,True,eaea291a-1e1d-4382-b86f-ac3cc15b8d5a,iNaturalist research-grade observations,https://creativecommons.org/licenses/by-nc/4.0/,"[""NO_DEPTH""]",False,False
ae880b56-bac6-4e10-8643-3f2ad1fbf6f0,975_10,Chelonia mydas,urn:lsid:marinespecies.org:taxname:137206,137206,valid,6.029,104.975,1993-09-27T23:39,1993,MachineObservation,present,,True,19104c99-492b-4f23-a3e9-41e86eaef780,Satellite tracked green turtles in the South China Sea 1993-1994,http://creativecommons.org/licenses/by/4.0/,"[""NO_DEPTH""]",False,False
aec140aa-4e81-403d-bad5-47f1f5a69b85,975_156,Chelonia mydas,urn:lsid:marinespecies.org:taxname:137206,137206,valid,5.687,115.508,1994-10-13T07:30,1994,MachineObservation,present,,True,19104c99-492b-4f23-a3e9-41e86eaef780,Satellite tracked green turtles in the South China Sea 1993-1994,http://creativecommons.org/licenses/by/4.0/,"[""NO_DEPTH""]",False,False
afe1bd04-77c1-4040-8c61-8b47afaf9af5,https://www.inaturalist.org/observations/263620431,Chelonia mydas,urn:lsid:marinespecies.org:taxname:137206,137206,,6.0220565201,116.1988509811,2013-10-02T11:52:00+08:00,,HumanObservation,urn:lsid:marinespecies.org:taxname:137206,31362.0,True,eaea291a-1e1d-4382-b86f-ac3cc15b8d5a,iNaturalist research-grade observations,https://creativecommons.org/licenses/by-nc/4.0/,"[""NO_DEPTH"",""ON_LAND""]",False,False
afeb9771-e976-4c82-ac10-126f3328e5e9,975_226,Chelonia mydas,urn:lsid:marinespecies.org:taxname:137206,137206,valid,5.321,103.196,1994-09-12T21:25,1994,MachineObservation,present,,True,19104c99-492b-4f23-a3e9-41e86eaef780,Satellite tracked green turtles in the South China Sea 1993-1994,http://creativecommons.org/licenses/by/4.0/,"[""NO_DEPTH""]",False,False
b032cfdd-d87f-4454-8aef-7827d8599107,https://www.inaturalist.org/observations/253414080,Chelonia mydas,urn:lsid:marinespecies.org:taxname:137206,137206,,4.5415935244,118.9093025591,2024-05-10T00:16:00+08:00,,HumanObservation,urn:lsid:marinespecies.org:taxname:137206,31403.0,True,eaea291a-1e1d-4382-b86f-ac3cc15b8d5a,iNaturalist research-grade observations,https://creativecommons.org/licenses/by-nc/4.0/,"[""NO_DEPTH""]",False,False
b099c4f4-1ba5-441a-a9d2-0b5886188121,975_311,Chelonia mydas,urn:lsid:marinespecies.org:taxname:137206,137206,valid,5.5,102.999,1994-09-15T07:36,1994,MachineObservation,present,,True,19104c99-492b-4f23-a3e9-41e86eaef780,Satellite tracked green turtles in the South China Sea 1993-1994,http://creativecommons.org/licenses/by/4.0/,"[""NO_DEPTH"",""ON_LAND""]",False,False
b09ce22a-e1fe-4107-b7dc-8502f8d2655a,https://www.inaturalist.org/observations/320797401,Chelonia mydas,urn:lsid:marinespecies.org:taxname:137206,137206,,5.7462206438,103.0709894758,2025-10-14T10:37:15+08:00,,HumanObservation,urn:lsid:marinespecies.org:taxname:137206,31373.0,True,eaea291a-1e1d-4382-b86f-ac3cc15b8d5a,iNaturalist research-grade observations,https://creativecommons.org/licenses/by-nc/4.0/,"[""NO_DEPTH""]",False,False
b0ff6c6d-292d-4ddd-ba09-9e61d963151a,https://www.inaturalist.org/observations/78544702,Chelonia mydas,urn:lsid:marinespecies.org:taxname:137206,137206,,4.1289819686,118.7338354389,2015-06-11T05:25:00-10:00,,HumanObservation,urn:lsid:marinespecies.org:taxname:137206,31411.0,True,eaea291a-1e1d-4382-b86f-ac3cc15b8d5a,iNaturalist research-grade observations,https://creativecommons.org/licenses/by-nc/4.0/,"[""NO_DEPTH""]",False,False
b117256d-ef66-45e3-babb-2a9fda649e08,https://www.inaturalist.org/observations/42099118,Chelonia mydas,urn:lsid:marinespecies.org:taxname:137206,137206,,4.1273013471,118.6398604499,2012-08-24T04:25:00-04:00,,HumanObservation,urn:lsid:marinespecies.org:taxname:137206,31411.0,True,eaea291a-1e1d-4382-b86f-ac3cc15b8d5a,iNaturalist research-grade observations,https://creativecommons.org/licenses/by-nc/4.0/,"[""NO_DEPTH""]",False,False
b140de6a-01d2-4559-8526-9617a0c1d076,975_230,Chelonia mydas,urn:lsid:marinespecies.org:taxname:137206,137206,valid,5.026,103.333,1994-09-14T07:20,1994,MachineObservation,present,,True,19104c99-492b-4f23-a3e9-41e86eaef780,Satellite tracked green turtles in the South China Sea 1993-1994,http://creativecommons.org/licenses/by/4.0/,"[""NO_DEPTH""]",False,False
b177ad81-30b6-4dda-8d65-8c26830bd191,https://www.inaturalist.org/observations/303668547,Chelonia mydas,urn:lsid:marinespecies.org:taxname:137206,137206,,4.3847779912,118.6011137919,2024-12-26,,HumanObservation,urn:lsid:marinespecies.org:taxname:137206,31407.0,True,eaea291a-1e1d-4382-b86f-ac3cc15b8d5a,iNaturalist research-grade observations,https://creativecommons.org/licenses/by-nc/4.0/,"[""NO_DEPTH""]",False,False
b18c72bb-ebfb-4213-ab0f-441ee7cb07df,https://www.inaturalist.org/observations/369935552,Chelonia mydas,urn:lsid:marinespecies.org:taxname:137206,137206,,4.020374941,118.6488874824,2026-06-08T08:15:00+08:00,,HumanObservation,urn:lsid:marinespecies.org:taxname:137206,31411.0,True,eaea291a-1e1d-4382-b86f-ac3cc15b8d5a,iNaturalist research-grade observations,https://creativecommons.org/licenses/by-nc/4.0/,"[""NO_DEPTH""]",False,False
b1ead6eb-933a-4881-a963-3c38a2dcd04b,https://www.inaturalist.org/observations/65015255,Chelonia mydas,urn:lsid:marinespecies.org:taxname:137206,137206,,4.423415958,118.7426001591,2018-05-09T15:37:00Z,,HumanObservation,urn:lsid:marinespecies.org:taxname:137206,31403.0,True,eaea291a-1e1d-4382-b86f-ac3cc15b8d5a,iNaturalist research-grade observations,https://creativecommons.org/licenses/by-nc/4.0/,"[""NO_DEPTH""]",False,False
b2397d01-ebc6-4bbf-8164-304006dd0f29,https://www.inaturalist.org/observations/144852267,Chelonia mydas,urn:lsid:marinespecies.org:taxname:137206,137206,,4.1977133629,118.762983129,2022-11-22T20:47:00+08:00,,HumanObservation,urn:lsid:marinespecies.org:taxname:137206,31411.0,True,eaea291a-1e1d-4382-b86f-ac3cc15b8d5a,iNaturalist research-grade observations,https://creativecommons.org/licenses/by-nc/4.0/,"[""NO_DEPTH""]",False,False
b247646d-160b-4aae-9575-d2318fbafa27,https://www.inaturalist.org/observations/270342062,Chelonia mydas,urn:lsid:marinespecies.org:taxname:137206,137206,,2.7879848607,104.3168127706,2025-04-11T21:38:59+08:00,,HumanObservation,urn:lsid:marinespecies.org:taxname:137206,31434.0,True,eaea291a-1e1d-4382-b86f-ac3cc15b8d5a,iNaturalist research-grade observations,https://creativecommons.org/licenses/by-nc/4.0/,"[""NO_DEPTH""]",False,False
b2f54a9c-fa71-4759-a2c1-83bf190469b0,975_165,Chelonia mydas,urn:lsid:marinespecies.org:taxname:137206,137206,valid,5.811,103.02,1994-09-27T06:02,1994,MachineObservation,present,,True,19104c99-492b-4f23-a3e9-41e86eaef780,Satellite tracked green turtles in the South China Sea 1993-1994,http://creativecommons.org/licenses/by/4.0/,"[""NO_DEPTH""]",False,False
b35054c3-e3ec-4e31-b544-a23aa3e9ce25,https://www.inaturalist.org/observations/184792066,Chelonia mydas,urn:lsid:marinespecies.org:taxname:137206,137206,,4.3957337974,118.5689043856,2023-09-23T11:59:00+08:00,,HumanObservation,urn:lsid:marinespecies.org:taxname:137206,53318.0,True,eaea291a-1e1d-4382-b86f-ac3cc15b8d5a,iNaturalist research-grade observations,https://creativecommons.org/publicdomain/zero/1.0/,"[""NO_DEPTH"",""ON_LAND""]",False,False
b360f01d-b07f-46d0-91ba-42018663eff3,https://www.inaturalist.org/observations/102727420,Chelonia mydas,urn:lsid:marinespecies.org:taxname:137206,137206,,4.2453033604,118.6194924629,2006-05-06T07:34:00+02:00,,HumanObservation,urn:lsid:marinespecies.org:taxname:137206,31407.0,True,eaea291a-1e1d-4382-b86f-ac3cc15b8d5a,iNaturalist research-grade observations,https://creativecommons.org/licenses/by-nc/4.0/,"[""NO_DEPTH""]",False,False
b3651482-dbad-442a-82c7-d75a9115ed2b,https://www.inaturalist.org/observations/196741762,Chelonia mydas,urn:lsid:marinespecies.org:taxname:137206,137206,,4.1408723571,118.6159674773,2011-09-29T13:14:19+08:00,,HumanObservation,urn:lsid:marinespecies.org:taxname:137206,31411.0,True,eaea291a-1e1d-4382-b86f-ac3cc15b8d5a,iNaturalist research-grade observations,https://creativecommons.org/licenses/by-nc/4.0/,"[""NO_DEPTH""]",False,False
b3daf963-91d6-4aa7-89d7-f86deb6e747c,https://www.inaturalist.org/observations/263397055,Chelonia mydas,urn:lsid:marinespecies.org:taxname:137206,137206,,4.4090383355,118.886986725,2013-05-10T03:28:00+08:00,,HumanObservation,urn:lsid:marinespecies.org:taxname:137206,31403.0,True,eaea291a-1e1d-4382-b86f-ac3cc15b8d5a,iNaturalist research-grade observations,https://creativecommons.org/licenses/by-nc/4.0/,"[""NO_DEPTH""]",False,False
b3fc3112-6e35-44e9-9699-98746ec93036,975_204,Chelonia mydas,urn:lsid:marinespecies.org:taxname:137206,137206,valid,4.149,104.64,1994-10-07T17:03,1994,MachineObservation,present,,True,19104c99-492b-4f23-a3e9-41e86eaef780,Satellite tracked green turtles in the South China Sea 1993-1994,http://creativecommons.org/licenses/by/4.0/,"[""NO_DEPTH""]",False,False
b44826d1-a739-478a-8feb-98ee39345433,975_153,Chelonia mydas,urn:lsid:marinespecies.org:taxname:137206,137206,valid,5.762,115.607,1994-10-11T16:14,1994,MachineObservation,present,,True,19104c99-492b-4f23-a3e9-41e86eaef780,Satellite tracked green turtles in the South China Sea 1993-1994,http://creativecommons.org/licenses/by/4.0/,"[""NO_DEPTH""]",False,False
b45b478c-a13a-4616-a3e5-c1599e5885e6,https://www.inaturalist.org/observations/369667411,Chelonia mydas,urn:lsid:marinespecies.org:taxname:137206,137206,,4.1845816197,118.765249579,2026-06-08T06:30:00+08:00,,HumanObservation,urn:lsid:marinespecies.org:taxname:137206,31411.0,True,eaea291a-1e1d-4382-b86f-ac3cc15b8d5a,iNaturalist research-grade observations,https://creativecommons.org/licenses/by-nc/4.0/,"[""NO_DEPTH""]",False,False
b56d6d53-c7ae-4c2e-9f3b-4318336355cd,https://www.inaturalist.org/observations/181906081,Chelonia mydas,urn:lsid:marinespecies.org:taxname:137206,137206,,4.1708259619,103.4253746646,2023-08-29T22:26:00+08:00,,HumanObservation,urn:lsid:marinespecies.org:taxname:137206,31411.0,True,eaea291a-1e1d-4382-b86f-ac3cc15b8d5a,iNaturalist research-grade observations,https://creativecommons.org/licenses/by-nc/4.0/,"[""NO_DEPTH""]",False,False
b5714264-281e-44a6-a636-9f93ab127c17,975_162,Chelonia mydas,urn:lsid:marinespecies.org:taxname:137206,137206,valid,5.619,103.16,1994-09-25T06:39,1994,MachineObservation,present,,True,19104c99-492b-4f23-a3e9-41e86eaef780,Satellite tracked green turtles in the South China Sea 1993-1994,http://creativecommons.org/licenses/by/4.0/,"[""NO_DEPTH""]",False,False
b5be682d-76c6-46af-97fd-d585accb0e2e,https://www.inaturalist.org/observations/83378649,Chelonia mydas,urn:lsid:marinespecies.org:taxname:137206,137206,,1.6996004682,110.5236966054,2013-09-19T06:19:00+09:00,,HumanObservation,urn:lsid:marinespecies.org:taxname:137206,31444.0,True,eaea291a-1e1d-4382-b86f-ac3cc15b8d5a,iNaturalist research-grade observations,https://creativecommons.org/licenses/by-nc/4.0/,"[""NO_DEPTH""]",False,False
b658c2f8-fd2d-4d83-b6bb-ec7e055b4b6a,https://www.inaturalist.org/observations/74215899,Chelonia mydas,urn:lsid:marinespecies.org:taxname:137206,137206,,6.0892661093,118.1880296471,2017-10-30T01:22:24+08:00,,HumanObservation,urn:lsid:marinespecies.org:taxname:137206,31362.0,True,eaea291a-1e1d-4382-b86f-ac3cc15b8d5a,iNaturalist research-grade observations,https://creativecommons.org/licenses/by-nc/4.0/,"[""NO_DEPTH""]",False,False
b6c251ac-bd67-4594-b6cb-e37d73bfd8a5,https://www.inaturalist.org/observations/295035859,Chelonia mydas,urn:lsid:marinespecies.org:taxname:137206,137206,,6.1248249818,118.1576857226,2025-07-02T21:16:25+08:00,,HumanObservation,urn:lsid:marinespecies.org:taxname:137206,31362.0,True,eaea291a-1e1d-4382-b86f-ac3cc15b8d5a,iNaturalist research-grade observations,https://creativecommons.org/licenses/by-nc/4.0/,"[""NO_DEPTH""]",False,False
b75427e5-7ebb-4da5-b130-de38510ac4e7,https://www.inaturalist.org/observations/151158825,Chelonia mydas,urn:lsid:marinespecies.org:taxname:137206,137206,,6.1802210014,116.113295648,2018-09-07T03:18:00+08:00,,HumanObservation,urn:lsid:marinespecies.org:taxname:137206,31362.0,True,eaea291a-1e1d-4382-b86f-ac3cc15b8d5a,iNaturalist research-grade observations,https://creativecommons.org/publicdomain/zero/1.0/,"[""NO_DEPTH""]",False,False
b7f12084-609b-42d7-a86b-60d5f121991b,https://www.inaturalist.org/observations/73867319,Chelonia mydas,urn:lsid:marinespecies.org:taxname:137206,137206,,6.1332086999,118.1436358438,2018-02-12T14:17:00Z,,HumanObservation,urn:lsid:marinespecies.org:taxname:137206,31362.0,True,eaea291a-1e1d-4382-b86f-ac3cc15b8d5a,iNaturalist research-grade observations,https://creativecommons.org/licenses/by-nc/4.0/,"[""NO_DEPTH""]",False,False
b86c8c68-169f-4327-9f42-69d8b96af876,https://www.inaturalist.org/observations/299493950,Chelonia mydas,urn:lsid:marinespecies.org:taxname:137206,137206,,1.7740835228,110.1794220416,2025-07-20T11:41:15+08:00,,HumanObservation,urn:lsid:marinespecies.org:taxname:137206,31444.0,True,eaea291a-1e1d-4382-b86f-ac3cc15b8d5a,iNaturalist research-grade observations,https://creativecommons.org/licenses/by-nc/4.0/,"[""NO_DEPTH""]",False,False
b89adc09-f1ee-453c-b36d-584c94a50eae,https://www.inaturalist.org/observations/196896562,Chelonia mydas,urn:lsid:marinespecies.org:taxname:137206,137206,,4.4406150157,118.8957379493,2022-03-15T12:05:00+08:00,,HumanObservation,urn:lsid:marinespecies.org:taxname:137206,31403.0,True,eaea291a-1e1d-4382-b86f-ac3cc15b8d5a,iNaturalist research-grade observations,https://creativecommons.org/licenses/by-nc/4.0/,"[""NO_DEPTH""]",False,False
b8b69cab-5157-4124-af3d-bb6556686dfb,975_332,Chelonia mydas,urn:lsid:marinespecies.org:taxname:137206,137206,valid,6.53,104.346,1994-09-24T08:23,1994,MachineObservation,present,,True,19104c99-492b-4f23-a3e9-41e86eaef780,Satellite tracked green turtles in the South China Sea 1993-1994,http://creativecommons.org/licenses/by/4.0/,"[""NO_DEPTH""]",False,False
b9b843f6-515a-490f-b6f1-fd5fd3aedc66,https://www.inaturalist.org/observations/85049868,Chelonia mydas,urn:lsid:marinespecies.org:taxname:137206,137206,,4.0127469998,118.7553066168,2017-12-04T10:48:00+08:00,,HumanObservation,urn:lsid:marinespecies.org:taxname:137206,31411.0,True,eaea291a-1e1d-4382-b86f-ac3cc15b8d5a,iNaturalist research-grade observations,https://creativecommons.org/licenses/by-nc/4.0/,"[""NO_DEPTH""]",False,False
b9d85625-7ab1-4007-b4f5-af5421f26f02,https://www.inaturalist.org/observations/182304662,Chelonia mydas,urn:lsid:marinespecies.org:taxname:137206,137206,,6.1122172732,118.1711494454,2023-08-16T17:58:59+08:00,,HumanObservation,urn:lsid:marinespecies.org:taxname:137206,31362.0,True,eaea291a-1e1d-4382-b86f-ac3cc15b8d5a,iNaturalist research-grade observations,https://creativecommons.org/licenses/by-nc/4.0/,"[""NO_DEPTH""]",False,False
b9dfbb30-2054-4226-b65b-8bef7750bea1,975_256,Chelonia mydas,urn:lsid:marinespecies.org:taxname:137206,137206,valid,2.142,104.046,1994-09-24T06:58,1994,MachineObservation,present,,True,19104c99-492b-4f23-a3e9-41e86eaef780,Satellite tracked green turtles in the South China Sea 1993-1994,http://creativecommons.org/licenses/by/4.0/,"[""NO_DEPTH""]",False,False
ba726606-0dad-4802-a870-66ff03c1e4c2,https://www.inaturalist.org/observations/375136631,Chelonia mydas,urn:lsid:marinespecies.org:taxname:137206,137206,,5.8901804346,102.7287893128,2026-06-17,,HumanObservation,urn:lsid:marinespecies.org:taxname:137206,31368.0,True,eaea291a-1e1d-4382-b86f-ac3cc15b8d5a,iNaturalist research-grade observations,https://creativecommons.org/licenses/by-nc/4.0/,"[""NO_DEPTH""]",False,False
bb0469c7-f848-45ef-8df0-f17a0f1c1a96,https://www.inaturalist.org/observations/256839231,Chelonia mydas,urn:lsid:marinespecies.org:taxname:137206,137206,,4.370463146,118.7277987645,2024-12-22T16:09:34+08:00,,HumanObservation,urn:lsid:marinespecies.org:taxname:137206,31407.0,True,eaea291a-1e1d-4382-b86f-ac3cc15b8d5a,iNaturalist research-grade observations,https://creativecommons.org/licenses/by-nc/4.0/,"[""NO_DEPTH""]",False,False
bb755729-7390-4ee6-ab50-2173753a93f2,https://www.inaturalist.org/observations/122646698,Chelonia mydas,urn:lsid:marinespecies.org:taxname:137206,137206,,4.1066077518,118.6835466975,2010-10-05T07:50:00+08:00,,HumanObservation,urn:lsid:marinespecies.org:taxname:137206,31411.0,True,eaea291a-1e1d-4382-b86f-ac3cc15b8d5a,iNaturalist research-grade observations,https://creativecommons.org/licenses/by-nc/4.0/,"[""NO_DEPTH""]",False,False
bb807a7f-cf5f-447e-a1e2-348eb3491de4,https://www.inaturalist.org/observations/53702779,Chelonia mydas,urn:lsid:marinespecies.org:taxname:137206,137206,,4.1284547938,118.6349349045,2018-05-09T11:49:00+08:00,,HumanObservation,urn:lsid:marinespecies.org:taxname:137206,31411.0,True,eaea291a-1e1d-4382-b86f-ac3cc15b8d5a,iNaturalist research-grade observations,https://creativecommons.org/licenses/by-nc/4.0/,"[""NO_DEPTH""]",False,False
bbbe8d5f-8df2-4e4e-8625-6555e82d574a,https://www.inaturalist.org/observations/372869513,Chelonia mydas,urn:lsid:marinespecies.org:taxname:137206,137206,,4.0134051999,118.7587498214,2026-06-08T11:15:00+08:00,,HumanObservation,urn:lsid:marinespecies.org:taxname:137206,31411.0,True,eaea291a-1e1d-4382-b86f-ac3cc15b8d5a,iNaturalist research-grade observations,https://creativecommons.org/licenses/by-nc/4.0/,"[""NO_DEPTH""]",False,False
bc5b2bb6-02f6-4249-8e9f-b09b0e4463f9,975_128,Chelonia mydas,urn:lsid:marinespecies.org:taxname:137206,137206,valid,5.347,113.075,1994-10-01T18:18,1994,MachineObservation,present,,True,19104c99-492b-4f23-a3e9-41e86eaef780,Satellite tracked green turtles in the South China Sea 1993-1994,http://creativecommons.org/licenses/by/4.0/,"[""NO_DEPTH""]",False,False
beef3940-2216-4f27-a16f-0810be9a852f,https://www.inaturalist.org/observations/203350070,Chelonia mydas,urn:lsid:marinespecies.org:taxname:137206,137206,,4.5756981289,118.8489685316,2024-03-20T10:48:00+08:00,,HumanObservation,urn:lsid:marinespecies.org:taxname:137206,31403.0,True,eaea291a-1e1d-4382-b86f-ac3cc15b8d5a,iNaturalist research-grade observations,https://creativecommons.org/licenses/by-nc/4.0/,"[""NO_DEPTH""]",False,False
bfc8e455-25ff-44fd-aea3-616354152539,https://www.inaturalist.org/observations/147570285,Chelonia mydas,urn:lsid:marinespecies.org:taxname:137206,137206,,4.2491992735,118.7547053196,2023-01-16T14:16:00+08:00,,HumanObservation,urn:lsid:marinespecies.org:taxname:137206,31407.0,True,eaea291a-1e1d-4382-b86f-ac3cc15b8d5a,iNaturalist research-grade observations,https://creativecommons.org/licenses/by-nc/4.0/,"[""NO_DEPTH""]",False,False
c0662397-e9de-4796-86a1-b9e01cdc21a3,https://www.inaturalist.org/observations/101708801,Chelonia mydas,urn:lsid:marinespecies.org:taxname:137206,137206,,4.4304960828,118.8051587705,2020-01-11T15:27:00+08:00,,HumanObservation,urn:lsid:marinespecies.org:taxname:137206,31403.0,True,eaea291a-1e1d-4382-b86f-ac3cc15b8d5a,iNaturalist research-grade observations,https://creativecommons.org/licenses/by-nc/4.0/,"[""NO_DEPTH""]",False,False
c0a4b970-04da-4b80-8729-f92fc1ad540b,https://www.inaturalist.org/observations/6247031,Chelonia mydas,urn:lsid:marinespecies.org:taxname:137206,137206,,5.4202543568,100.1287854331,2017-04-15T17:51:24+08:00,,HumanObservation,urn:lsid:marinespecies.org:taxname:137206,31379.0,True,eaea291a-1e1d-4382-b86f-ac3cc15b8d5a,iNaturalist research-grade observations,https://creativecommons.org/licenses/by-nc/4.0/,"[""NO_DEPTH""]",False,False
c0a72f9a-5cd6-4f05-b434-0a4ef64cdabb,https://www.inaturalist.org/observations/134026417,Chelonia mydas,urn:lsid:marinespecies.org:taxname:137206,137206,,6.4192244423,117.8797247788,2022-07-24T09:17:00+08:00,,HumanObservation,urn:lsid:marinespecies.org:taxname:137206,31350.0,True,eaea291a-1e1d-4382-b86f-ac3cc15b8d5a,iNaturalist research-grade observations,https://creativecommons.org/licenses/by/4.0/,"[""NO_DEPTH""]",False,False
c0f82f07-aef7-4db1-9a42-1c46fa1ad353,975_57,Chelonia mydas,urn:lsid:marinespecies.org:taxname:137206,137206,valid,6.025,103.099,1994-09-10T07:47,1994,MachineObservation,present,,True,19104c99-492b-4f23-a3e9-41e86eaef780,Satellite tracked green turtles in the South China Sea 1993-1994,http://creativecommons.org/licenses/by/4.0/,"[""NO_DEPTH""]",False,False
c10eeb8d-4d50-41a3-a625-b88104731211,https://www.inaturalist.org/observations/212495185,Chelonia mydas,urn:lsid:marinespecies.org:taxname:137206,137206,,4.5554570357,118.9459935309,2016-12-20T13:31:00+08:00,,HumanObservation,urn:lsid:marinespecies.org:taxname:137206,31403.0,True,eaea291a-1e1d-4382-b86f-ac3cc15b8d5a,iNaturalist research-grade observations,https://creativecommons.org/licenses/by/4.0/,"[""NO_DEPTH""]",False,False
c121ac0a-791c-46e0-b3ac-93e08212c7ca,https://www.inaturalist.org/observations/212499933,Chelonia mydas,urn:lsid:marinespecies.org:taxname:137206,137206,,4.520036022,118.9780357238,2016-12-20T12:07:00+08:00,,HumanObservation,urn:lsid:marinespecies.org:taxname:137206,31403.0,True,eaea291a-1e1d-4382-b86f-ac3cc15b8d5a,iNaturalist research-grade observations,https://creativecommons.org/licenses/by/4.0/,"[""NO_DEPTH""]",False,False
c1607cd8-d2f6-4f75-a653-7701f669f772,https://www.inaturalist.org/observations/213726976,Chelonia mydas,urn:lsid:marinespecies.org:taxname:137206,137206,,6.1624447457,118.0883659269,2024-05-02T21:13:13+08:00,,HumanObservation,urn:lsid:marinespecies.org:taxname:137206,31362.0,True,eaea291a-1e1d-4382-b86f-ac3cc15b8d5a,iNaturalist research-grade observations,https://creativecommons.org/licenses/by-nc/4.0/,"[""NO_DEPTH""]",False,False
c16f3b00-b5d6-41f0-8d92-20101eca5fdc,https://www.inaturalist.org/observations/313584845,Chelonia mydas,urn:lsid:marinespecies.org:taxname:137206,137206,,4.1533757481,118.6974547094,2016-09-03T14:52:00+08:00,,HumanObservation,urn:lsid:marinespecies.org:taxname:137206,31411.0,True,eaea291a-1e1d-4382-b86f-ac3cc15b8d5a,iNaturalist research-grade observations,https://creativecommons.org/licenses/by-nc/4.0/,"[""NO_DEPTH""]",False,False
c2b549a4-fd23-4d2b-96f9-290d9cdc079c,975_115,Chelonia mydas,urn:lsid:marinespecies.org:taxname:137206,137206,valid,5.821,111.686,1994-09-28T20:40,1994,MachineObservation,present,,True,19104c99-492b-4f23-a3e9-41e86eaef780,Satellite tracked green turtles in the South China Sea 1993-1994,http://creativecommons.org/licenses/by/4.0/,"[""NO_DEPTH""]",False,False
c333174f-3a39-4583-8f1e-cfd00bb9cbbb,https://www.inaturalist.org/observations/177622997,Chelonia mydas,urn:lsid:marinespecies.org:taxname:137206,137206,,4.3024023521,118.7553307618,2023-08-02T13:10:00+08:00,,HumanObservation,urn:lsid:marinespecies.org:taxname:137206,31407.0,True,eaea291a-1e1d-4382-b86f-ac3cc15b8d5a,iNaturalist research-grade observations,https://creativecommons.org/licenses/by-nc/4.0/,"[""NO_DEPTH""]",False,False
c3dcc7c1-51ca-477f-a21d-9873fa6089f9,975_232,Chelonia mydas,urn:lsid:marinespecies.org:taxname:137206,137206,valid,4.853,103.398,1994-09-14T18:25,1994,MachineObservation,present,,True,19104c99-492b-4f23-a3e9-41e86eaef780,Satellite tracked green turtles in the South China Sea 1993-1994,http://creativecommons.org/licenses/by/4.0/,"[""NO_DEPTH"",""ON_LAND""]",False,False
c535a740-0008-45e9-858b-fe0b9987d48e,https://www.inaturalist.org/observations/110783084,Chelonia mydas,urn:lsid:marinespecies.org:taxname:137206,137206,,4.5028461667,118.8492137432,2022-04-07T17:04:00+08:00,,HumanObservation,urn:lsid:marinespecies.org:taxname:137206,31403.0,True,eaea291a-1e1d-4382-b86f-ac3cc15b8d5a,iNaturalist research-grade observations,https://creativecommons.org/licenses/by-nc/4.0/,"[""NO_DEPTH""]",False,False
c6132455-16f5-452f-a71e-55530b77caee,https://www.inaturalist.org/observations/363632308,Chelonia mydas,urn:lsid:marinespecies.org:taxname:137206,137206,,4.4654632509,118.8249162696,2026-05-20T15:44:00+08:00,,HumanObservation,urn:lsid:marinespecies.org:taxname:137206,31403.0,True,eaea291a-1e1d-4382-b86f-ac3cc15b8d5a,iNaturalist research-grade observations,https://creativecommons.org/licenses/by-nc/4.0/,"[""NO_DEPTH""]",False,False
c6806da3-b922-4a68-aab9-109b6521bb0e,1300_686720,Chelonia mydas,urn:lsid:marinespecies.org:taxname:137206,137206,valid,4.5,117.5,2015-11-11T16:35:22/2015-11-14T17:45:16,2015,MachineObservation,present,111319.49,True,77b8d6e2-7bec-4adf-a3ca-aa10a439e074,Identification of Important Turtle Areas for green turtles in the Sulu Sulawesi Marine Ecoregion,http://creativecommons.org/licenses/by-nc/4.0/,"[""NO_DEPTH"",""ON_LAND""]",False,False
c69215bf-ffc2-4734-92e7-7a29eca55728,https://www.inaturalist.org/observations/196898797,Chelonia mydas,urn:lsid:marinespecies.org:taxname:137206,137206,,4.5766270922,118.8891006749,2022-03-24T09:08:00+08:00,,HumanObservation,urn:lsid:marinespecies.org:taxname:137206,31403.0,True,eaea291a-1e1d-4382-b86f-ac3cc15b8d5a,iNaturalist research-grade observations,https://creativecommons.org/licenses/by-nc/4.0/,"[""NO_DEPTH""]",False,False
c705bbf3-6d34-42b1-84bc-d3396308be25,https://www.inaturalist.org/observations/325290307,Chelonia mydas,urn:lsid:marinespecies.org:taxname:137206,137206,,4.9641459874,103.7759683199,2025-10-25T13:31:00+08:00,,HumanObservation,urn:lsid:marinespecies.org:taxname:137206,31394.0,True,eaea291a-1e1d-4382-b86f-ac3cc15b8d5a,iNaturalist research-grade observations,https://creativecommons.org/licenses/by-nc/4.0/,"[""NO_DEPTH""]",False,False
c727f681-03b6-472d-bf66-9dc7f414db27,975_193,Chelonia mydas,urn:lsid:marinespecies.org:taxname:137206,137206,valid,4.968,103.87,1994-10-04T09:01,1994,MachineObservation,present,,True,19104c99-492b-4f23-a3e9-41e86eaef780,Satellite tracked green turtles in the South China Sea 1993-1994,http://creativecommons.org/licenses/by/4.0/,"[""NO_DEPTH""]",False,False
c77ae268-1666-4442-b3db-5af752a38ee2,https://www.inaturalist.org/observations/337958285,Chelonia mydas,urn:lsid:marinespecies.org:taxname:137206,137206,,6.1409169616,118.0902728137,2008-08-18T10:00:00+08:00,,HumanObservation,urn:lsid:marinespecies.org:taxname:137206,31362.0,True,eaea291a-1e1d-4382-b86f-ac3cc15b8d5a,iNaturalist research-grade observations,https://creativecommons.org/licenses/by-nc/4.0/,"[""NO_DEPTH""]",False,False
c7a12ed9-db05-44be-91dd-479d72f4ea47,https://www.inaturalist.org/observations/117714688,Chelonia mydas,urn:lsid:marinespecies.org:taxname:137206,137206,,2.5098734079,101.9279707724,2022-03-09T13:02:21+08:00,,HumanObservation,urn:lsid:marinespecies.org:taxname:137206,31436.0,True,eaea291a-1e1d-4382-b86f-ac3cc15b8d5a,iNaturalist research-grade observations,https://creativecommons.org/licenses/by-nc/4.0/,"[""NO_DEPTH"",""ON_LAND""]",False,False
c7acb23a-2786-4fcc-b24d-f27c2536dd47,https://www.inaturalist.org/observations/69715252,Chelonia mydas,urn:lsid:marinespecies.org:taxname:137206,137206,,1.9272260224,109.6400214942,2013-07-12T10:02:00+08:00,,HumanObservation,urn:lsid:marinespecies.org:taxname:137206,31442.0,True,eaea291a-1e1d-4382-b86f-ac3cc15b8d5a,iNaturalist research-grade observations,https://creativecommons.org/licenses/by-nc/4.0/,"[""NO_DEPTH"",""ON_LAND""]",False,False
c7c88810-fc26-4bbc-8c91-7a60f8827ec5,https://www.inaturalist.org/observations/196414241,Chelonia mydas,urn:lsid:marinespecies.org:taxname:137206,137206,,4.1644830906,119.0483514465,2013-02-04T17:07:00+08:00,,HumanObservation,urn:lsid:marinespecies.org:taxname:137206,31411.0,True,eaea291a-1e1d-4382-b86f-ac3cc15b8d5a,iNaturalist research-grade observations,https://creativecommons.org/licenses/by-nc/4.0/,"[""NO_DEPTH""]",False,False
c940e1ea-6fdf-4989-bf4d-bc50b1350089,https://www.inaturalist.org/observations/347808499,Chelonia mydas,urn:lsid:marinespecies.org:taxname:137206,137206,,2.70176989,104.3553124038,2026-04-06T21:37:58+08:00,,HumanObservation,urn:lsid:marinespecies.org:taxname:137206,31434.0,True,eaea291a-1e1d-4382-b86f-ac3cc15b8d5a,iNaturalist research-grade observations,https://creativecommons.org/licenses/by-nc/4.0/,"[""NO_DEPTH""]",False,False
ca0364f1-4fe5-4a06-a154-44a44dda454e,https://www.inaturalist.org/observations/24885663,Chelonia mydas,urn:lsid:marinespecies.org:taxname:137206,137206,,4.2728544415,118.6334718535,2013-01-07T09:29:00-05:00,,HumanObservation,urn:lsid:marinespecies.org:taxname:137206,31407.0,True,eaea291a-1e1d-4382-b86f-ac3cc15b8d5a,iNaturalist research-grade observations,https://creativecommons.org/licenses/by-nc/4.0/,"[""NO_DEPTH""]",False,False
ca2ba950-aad7-4a32-bc78-08364752106a,https://www.inaturalist.org/observations/262689288,Chelonia mydas,urn:lsid:marinespecies.org:taxname:137206,137206,,4.3940987244,118.6466893395,2025-01-22T21:23:00+08:00,,HumanObservation,urn:lsid:marinespecies.org:taxname:137206,31407.0,True,eaea291a-1e1d-4382-b86f-ac3cc15b8d5a,iNaturalist research-grade observations,https://creativecommons.org/licenses/by-nc/4.0/,"[""NO_DEPTH""]",False,False
ca32bfec-a645-43ec-b691-2d9bc7a5bca1,https://www.inaturalist.org/observations/236509983,Chelonia mydas,urn:lsid:marinespecies.org:taxname:137206,137206,,1.9345626008,109.6512726997,2024-08-14T07:07:00+08:00,,HumanObservation,urn:lsid:marinespecies.org:taxname:137206,31442.0,True,eaea291a-1e1d-4382-b86f-ac3cc15b8d5a,iNaturalist research-grade observations,https://creativecommons.org/licenses/by-nc/4.0/,"[""NO_DEPTH""]",False,False
cb6cc9ba-9fa7-4f47-a9de-36b54feb96cc,975_247,Chelonia mydas,urn:lsid:marinespecies.org:taxname:137206,137206,valid,3.492,103.586,1994-09-19T17:22,1994,MachineObservation,present,,True,19104c99-492b-4f23-a3e9-41e86eaef780,Satellite tracked green turtles in the South China Sea 1993-1994,http://creativecommons.org/licenses/by/4.0/,"[""NO_DEPTH""]",False,False
cb9ee670-96c0-4f8d-8582-7170bb809281,975_195,Chelonia mydas,urn:lsid:marinespecies.org:taxname:137206,137206,valid,4.903,103.96,1994-10-05T07:04,1994,MachineObservation,present,,True,19104c99-492b-4f23-a3e9-41e86eaef780,Satellite tracked green turtles in the South China Sea 1993-1994,http://creativecommons.org/licenses/by/4.0/,"[""NO_DEPTH""]",False,False
cbab46c3-4269-44e9-9ab1-51dbef54f1c2,653_1647523,Chelonia mydas,urn:lsid:marinespecies.org:taxname:137206,137206,valid,5.5,98.5,2010-07-03T17:45:15/2010-07-03T17:45:15,2010,MachineObservation,present,111319.49,True,d092651c-d9b4-4583-a6c0-78e98a1dfbec,"Satellite tracking project, Pulau Banyak, Aceh, Sumatra, Indonesia",http://creativecommons.org/licenses/by-nc/4.0/,"[""NO_DEPTH""]",False,False
cc2d7704-1f10-4620-9ea9-47e3083a5a2a,https://www.inaturalist.org/observations/179318504,Chelonia mydas,urn:lsid:marinespecies.org:taxname:137206,137206,,5.9676713705,102.6952468076,2023-07-08T11:34:00+08:00,,HumanObservation,urn:lsid:marinespecies.org:taxname:137206,31368.0,True,eaea291a-1e1d-4382-b86f-ac3cc15b8d5a,iNaturalist research-grade observations,https://creativecommons.org/licenses/by-nc/4.0/,"[""NO_DEPTH""]",False,False
cc813221-5afc-4663-b1a7-88d19f0406ee,https://www.inaturalist.org/observations/285087283,Chelonia mydas,urn:lsid:marinespecies.org:taxname:137206,137206,,6.1667978529,118.1047361012,2011-01-18T15:31:45+08:00,,HumanObservation,urn:lsid:marinespecies.org:taxname:137206,31362.0,True,eaea291a-1e1d-4382-b86f-ac3cc15b8d5a,iNaturalist research-grade observations,https://creativecommons.org/licenses/by-nc/4.0/,"[""NO_DEPTH""]",False,False
ccc110c1-5f2f-4d23-b1c6-e26930a59e46,https://www.inaturalist.org/observations/256624505,Chelonia mydas,urn:lsid:marinespecies.org:taxname:137206,137206,,4.3679126922,118.7326339809,2024-12-22T03:30:00+08:00,,HumanObservation,urn:lsid:marinespecies.org:taxname:137206,31407.0,True,eaea291a-1e1d-4382-b86f-ac3cc15b8d5a,iNaturalist research-grade observations,https://creativecommons.org/licenses/by-nc/4.0/,"[""NO_DEPTH""]",False,False
ccd6780e-f19f-48aa-a215-2a57a471191a,https://www.inaturalist.org/observations/372882373,Chelonia mydas,urn:lsid:marinespecies.org:taxname:137206,137206,,5.5141384384,103.1399698412,2026-06-17T10:04:00+08:00,,HumanObservation,urn:lsid:marinespecies.org:taxname:137206,31379.0,True,eaea291a-1e1d-4382-b86f-ac3cc15b8d5a,iNaturalist research-grade observations,https://creativecommons.org/licenses/by-nc/4.0/,"[""NO_DEPTH""]",False,False
cd05c25a-7cda-4f71-b7a7-8540345fcbcf,https://www.inaturalist.org/observations/25880309,Chelonia mydas,urn:lsid:marinespecies.org:taxname:137206,137206,,4.0103614776,118.6173904727,2013-01-07T10:49:00-05:00,,HumanObservation,urn:lsid:marinespecies.org:taxname:137206,31411.0,True,eaea291a-1e1d-4382-b86f-ac3cc15b8d5a,iNaturalist research-grade observations,https://creativecommons.org/licenses/by-nc/4.0/,"[""NO_DEPTH""]",False,False
cd0bd170-b83d-4999-94b1-c4533d93d93c,https://www.inaturalist.org/observations/149851359,Chelonia mydas,urn:lsid:marinespecies.org:taxname:137206,137206,,4.0457765647,118.672076524,2005-09-08,,HumanObservation,urn:lsid:marinespecies.org:taxname:137206,31411.0,True,eaea291a-1e1d-4382-b86f-ac3cc15b8d5a,iNaturalist research-grade observations,https://creativecommons.org/licenses/by-nc/4.0/,"[""NO_DEPTH""]",False,False
cd19236b-d92a-4dda-87d4-cd8885a2b181,https://www.inaturalist.org/observations/271903566,Chelonia mydas,urn:lsid:marinespecies.org:taxname:137206,137206,,4.112610294,118.7589449308,2012-06-29T13:50:00+08:00,,HumanObservation,urn:lsid:marinespecies.org:taxname:137206,31411.0,True,eaea291a-1e1d-4382-b86f-ac3cc15b8d5a,iNaturalist research-grade observations,https://creativecommons.org/licenses/by-nc/4.0/,"[""NO_DEPTH""]",False,False
ce70327e-471e-4797-9d7c-2342013156b2,975_14,Chelonia mydas,urn:lsid:marinespecies.org:taxname:137206,137206,valid,5.749,105.532,1993-09-28T23:25,1993,MachineObservation,present,,True,19104c99-492b-4f23-a3e9-41e86eaef780,Satellite tracked green turtles in the South China Sea 1993-1994,http://creativecommons.org/licenses/by/4.0/,"[""NO_DEPTH""]",False,False
ce92f617-c70b-467d-85e8-493c9204c8c0,https://www.inaturalist.org/observations/326940222,Chelonia mydas,urn:lsid:marinespecies.org:taxname:137206,137206,,6.0974586898,118.0663334427,2023-03-21T21:03:00+08:00,,HumanObservation,urn:lsid:marinespecies.org:taxname:137206,31362.0,True,eaea291a-1e1d-4382-b86f-ac3cc15b8d5a,iNaturalist research-grade observations,https://creativecommons.org/licenses/by-nc/4.0/,"[""NO_DEPTH""]",False,False
cf299beb-6f57-4481-b1e7-61bfdb398496,https://www.inaturalist.org/observations/263393694,Chelonia mydas,urn:lsid:marinespecies.org:taxname:137206,137206,,4.7738732062,118.6819786784,2013-05-09T05:40:00+08:00,,HumanObservation,urn:lsid:marinespecies.org:taxname:137206,31398.0,True,eaea291a-1e1d-4382-b86f-ac3cc15b8d5a,iNaturalist research-grade observations,https://creativecommons.org/licenses/by-nc/4.0/,"[""NO_DEPTH""]",False,False
cf4425c2-024c-46f6-8819-cf6f85f45d58,https://www.inaturalist.org/observations/263397068,Chelonia mydas,urn:lsid:marinespecies.org:taxname:137206,137206,,4.4207354839,118.8393630113,2013-05-10T10:26:00+08:00,,HumanObservation,urn:lsid:marinespecies.org:taxname:137206,31403.0,True,eaea291a-1e1d-4382-b86f-ac3cc15b8d5a,iNaturalist research-grade observations,https://creativecommons.org/licenses/by-nc/4.0/,"[""NO_DEPTH""]",False,False
cfa038c5-3aae-40e3-85e8-ec3d9538da53,975_202,Chelonia mydas,urn:lsid:marinespecies.org:taxname:137206,137206,valid,4.305,104.3,1994-10-06T21:02,1994,MachineObservation,present,,True,19104c99-492b-4f23-a3e9-41e86eaef780,Satellite tracked green turtles in the South China Sea 1993-1994,http://creativecommons.org/licenses/by/4.0/,"[""NO_DEPTH""]",False,False
cfa1284b-842f-4ba8-a8b1-a2172e5b729e,975_363,Chelonia mydas,urn:lsid:marinespecies.org:taxname:137206,137206,valid,7.2,109.366,1994-10-02T18:14,1994,MachineObservation,present,,True,19104c99-492b-4f23-a3e9-41e86eaef780,Satellite tracked green turtles in the South China Sea 1993-1994,http://creativecommons.org/licenses/by/4.0/,"[""NO_DEPTH""]",False,False
cfe94f76-ac7c-45e3-a943-479736ff90df,https://www.inaturalist.org/observations/102708367,Chelonia mydas,urn:lsid:marinespecies.org:taxname:137206,137206,,4.0054395815,118.6444145789,2006-05-05T03:06:00+02:00,,HumanObservation,urn:lsid:marinespecies.org:taxname:137206,31411.0,True,eaea291a-1e1d-4382-b86f-ac3cc15b8d5a,iNaturalist research-grade observations,https://creativecommons.org/licenses/by-nc/4.0/,"[""NO_DEPTH""]",False,False
cfeb1b5a-35f3-4dbc-aa17-72c256cc1c75,975_198,Chelonia mydas,urn:lsid:marinespecies.org:taxname:137206,137206,valid,4.506,104.29,1994-10-06T10:04,1994,MachineObservation,present,,True,19104c99-492b-4f23-a3e9-41e86eaef780,Satellite tracked green turtles in the South China Sea 1993-1994,http://creativecommons.org/licenses/by/4.0/,"[""NO_DEPTH""]",False,False
d07b6d4f-9a2a-4b7d-932f-ccc0764a9eec,https://www.inaturalist.org/observations/138083916,Chelonia mydas,urn:lsid:marinespecies.org:taxname:137206,137206,,4.222897094,100.7070461413,2022-10-09T11:19:39+08:00,,HumanObservation,urn:lsid:marinespecies.org:taxname:137206,31407.0,True,eaea291a-1e1d-4382-b86f-ac3cc15b8d5a,iNaturalist research-grade observations,https://creativecommons.org/licenses/by-nc/4.0/,"[""NO_DEPTH"",""ON_LAND""]",False,False
d157c14e-379c-4c40-9da0-f0a95a76d8ef,https://www.inaturalist.org/observations/199882374,Chelonia mydas,urn:lsid:marinespecies.org:taxname:137206,137206,,4.2732339474,118.715262993,2007-10-01T09:38:00+08:00,,HumanObservation,urn:lsid:marinespecies.org:taxname:137206,31407.0,True,eaea291a-1e1d-4382-b86f-ac3cc15b8d5a,iNaturalist research-grade observations,https://creativecommons.org/licenses/by-nc/4.0/,"[""NO_DEPTH""]",False,False
d1c31dac-812a-4b0c-9411-41d8901c169b,975_236,Chelonia mydas,urn:lsid:marinespecies.org:taxname:137206,137206,valid,4.393,103.468,1994-09-16T06:55,1994,MachineObservation,present,,True,19104c99-492b-4f23-a3e9-41e86eaef780,Satellite tracked green turtles in the South China Sea 1993-1994,http://creativecommons.org/licenses/by/4.0/,"[""NO_DEPTH""]",False,False
d2366e14-120e-4633-89ad-0ace861d8610,https://www.inaturalist.org/observations/255169162,Chelonia mydas,urn:lsid:marinespecies.org:taxname:137206,137206,,4.1301420646,118.708780966,2024-08-01T07:46:00+08:00,,HumanObservation,urn:lsid:marinespecies.org:taxname:137206,31411.0,True,eaea291a-1e1d-4382-b86f-ac3cc15b8d5a,iNaturalist research-grade observations,https://creativecommons.org/licenses/by-nc/4.0/,"[""NO_DEPTH""]",False,False
d2483df6-bfbe-4098-97cc-d7f2ba6714ad,https://www.inaturalist.org/observations/81188920,Chelonia mydas,urn:lsid:marinespecies.org:taxname:137206,137206,,6.0371024188,118.0346665818,2016-03-30T22:11:00Z,,HumanObservation,urn:lsid:marinespecies.org:taxname:137206,31362.0,True,eaea291a-1e1d-4382-b86f-ac3cc15b8d5a,iNaturalist research-grade observations,https://creativecommons.org/licenses/by-nc/4.0/,"[""NO_DEPTH""]",False,False
d2612172-26be-4214-8da1-d9ccc4b77545,975_114,Chelonia mydas,urn:lsid:marinespecies.org:taxname:137206,137206,valid,5.852,111.549,1994-09-28T17:12,1994,MachineObservation,present,,True,19104c99-492b-4f23-a3e9-41e86eaef780,Satellite tracked green turtles in the South China Sea 1993-1994,http://creativecommons.org/licenses/by/4.0/,"[""NO_DEPTH""]",False,False
d327f58d-4c14-416b-98e3-c945e271dafc,975_65,Chelonia mydas,urn:lsid:marinespecies.org:taxname:137206,137206,valid,6.658,104.504,1994-09-13T06:28,1994,MachineObservation,present,,True,19104c99-492b-4f23-a3e9-41e86eaef780,Satellite tracked green turtles in the South China Sea 1993-1994,http://creativecommons.org/licenses/by/4.0/,"[""NO_DEPTH""]",False,False
d42e24eb-3609-4a79-9675-a857f53e29a5,https://www.inaturalist.org/observations/250698261,Chelonia mydas,urn:lsid:marinespecies.org:taxname:137206,137206,,6.1750738492,118.0803557099,2014-04-21T20:27:00+08:00,,HumanObservation,urn:lsid:marinespecies.org:taxname:137206,31362.0,True,eaea291a-1e1d-4382-b86f-ac3cc15b8d5a,iNaturalist research-grade observations,https://creativecommons.org/licenses/by-nc/4.0/,"[""NO_DEPTH""]",False,False
d4439b81-4450-4bb1-9e83-48abd8d14bb9,975_152,Chelonia mydas,urn:lsid:marinespecies.org:taxname:137206,137206,valid,5.819,116.028,1994-10-11T08:18,1994,MachineObservation,present,,True,19104c99-492b-4f23-a3e9-41e86eaef780,Satellite tracked green turtles in the South China Sea 1993-1994,http://creativecommons.org/licenses/by/4.0/,"[""NO_DEPTH"",""ON_LAND""]",False,False
d448bde2-38d2-4d04-a710-a161aaccd75d,https://www.inaturalist.org/observations/313579379,Chelonia mydas,urn:lsid:marinespecies.org:taxname:137206,137206,,4.2443093605,118.6906014794,2016-09-01T11:07:00+08:00,,HumanObservation,urn:lsid:marinespecies.org:taxname:137206,31407.0,True,eaea291a-1e1d-4382-b86f-ac3cc15b8d5a,iNaturalist research-grade observations,https://creativecommons.org/licenses/by-nc/4.0/,"[""NO_DEPTH""]",False,False
d4c188c5-f91d-4716-86f5-3670a5a38889,https://www.inaturalist.org/observations/201403296,Chelonia mydas,urn:lsid:marinespecies.org:taxname:137206,137206,,4.1678410791,118.6225444719,2010-05-13T04:54:00+08:00,,HumanObservation,urn:lsid:marinespecies.org:taxname:137206,31411.0,True,eaea291a-1e1d-4382-b86f-ac3cc15b8d5a,iNaturalist research-grade observations,https://creativecommons.org/licenses/by-nc/4.0/,"[""NO_DEPTH""]",False,False
d4c6b350-6307-46ae-9c4d-78d775768427,975_9,Chelonia mydas,urn:lsid:marinespecies.org:taxname:137206,137206,valid,6.106,104.774,1993-09-27T16:39,1993,MachineObservation,present,,True,19104c99-492b-4f23-a3e9-41e86eaef780,Satellite tracked green turtles in the South China Sea 1993-1994,http://creativecommons.org/licenses/by/4.0/,"[""NO_DEPTH""]",False,False
d4e39482-ec9a-4139-b2d7-d9742ab4e9be,https://www.inaturalist.org/observations/349452899,Chelonia mydas,urn:lsid:marinespecies.org:taxname:137206,137206,,4.246301138,118.73472135,2026-03-25T14:03:28+08:00,,HumanObservation,urn:lsid:marinespecies.org:taxname:137206,31407.0,True,eaea291a-1e1d-4382-b86f-ac3cc15b8d5a,iNaturalist research-grade observations,https://creativecommons.org/licenses/by-nc/4.0/,"[""NO_DEPTH""]",False,False
d51712e4-dc80-4b2d-b5ad-db1c9f959b0b,975_61,Chelonia mydas,urn:lsid:marinespecies.org:taxname:137206,137206,valid,6.394,103.64,1994-09-11T16:20,1994,MachineObservation,present,,True,19104c99-492b-4f23-a3e9-41e86eaef780,Satellite tracked green turtles in the South China Sea 1993-1994,http://creativecommons.org/licenses/by/4.0/,"[""NO_DEPTH""]",False,False
d592f5b7-43b4-48f4-bd7c-058a9263b7ca,https://www.inaturalist.org/observations/102945933,Chelonia mydas,urn:lsid:marinespecies.org:taxname:137206,137206,,4.0421923774,118.6296086931,2006-05-19T05:59:00+02:00,,HumanObservation,urn:lsid:marinespecies.org:taxname:137206,31411.0,True,eaea291a-1e1d-4382-b86f-ac3cc15b8d5a,iNaturalist research-grade observations,https://creativecommons.org/licenses/by-nc/4.0/,"[""NO_DEPTH""]",False,False
d5a49b01-73f3-43b1-bc22-774e4b6e92cc,https://www.inaturalist.org/observations/325283721,Chelonia mydas,urn:lsid:marinespecies.org:taxname:137206,137206,,4.9764445269,103.7815274965,2025-10-24T09:11:00+08:00,,HumanObservation,urn:lsid:marinespecies.org:taxname:137206,31394.0,True,eaea291a-1e1d-4382-b86f-ac3cc15b8d5a,iNaturalist research-grade observations,https://creativecommons.org/licenses/by-nc/4.0/,"[""NO_DEPTH""]",False,False
d5d0154c-f544-49af-a7ca-852e0dbc31f7,https://www.inaturalist.org/observations/53817552,Chelonia mydas,urn:lsid:marinespecies.org:taxname:137206,137206,,4.1543793033,118.7344763939,2018-05-15T11:30:00+08:00,,HumanObservation,urn:lsid:marinespecies.org:taxname:137206,31411.0,True,eaea291a-1e1d-4382-b86f-ac3cc15b8d5a,iNaturalist research-grade observations,https://creativecommons.org/licenses/by-nc/4.0/,"[""NO_DEPTH""]",False,False
d5e22599-a206-4974-be07-bd6f21e5f3b2,https://www.inaturalist.org/observations/325552159,Chelonia mydas,urn:lsid:marinespecies.org:taxname:137206,137206,,5.9893603364,102.7941868651,2018-04-23,,HumanObservation,urn:lsid:marinespecies.org:taxname:137206,31368.0,True,eaea291a-1e1d-4382-b86f-ac3cc15b8d5a,iNaturalist research-grade observations,https://creativecommons.org/licenses/by-nc/4.0/,"[""NO_DEPTH""]",False,False
d62b4a79-0b00-4ccc-97f0-81b1c40fec7e,https://www.inaturalist.org/observations/101498261,Chelonia mydas,urn:lsid:marinespecies.org:taxname:137206,137206,,5.8807273591,102.6780457816,2013-07-31T03:25:00+08:00,,HumanObservation,urn:lsid:marinespecies.org:taxname:137206,31368.0,True,eaea291a-1e1d-4382-b86f-ac3cc15b8d5a,iNaturalist research-grade observations,https://creativecommons.org/licenses/by-nc/4.0/,"[""NO_DEPTH""]",False,False
d691bd81-9d9e-4e28-b45c-02b2b7db6797,https://www.inaturalist.org/observations/60690218,Chelonia mydas,urn:lsid:marinespecies.org:taxname:137206,137206,,4.3911833949,118.6916056967,2018-01-19T14:21:00+08:00,,HumanObservation,urn:lsid:marinespecies.org:taxname:137206,31407.0,True,eaea291a-1e1d-4382-b86f-ac3cc15b8d5a,iNaturalist research-grade observations,https://creativecommons.org/licenses/by-nc/4.0/,"[""NO_DEPTH""]",False,False
d71df8af-e6ea-457c-84c6-9bd3b538f263,https://www.inaturalist.org/observations/123968227,Chelonia mydas,urn:lsid:marinespecies.org:taxname:137206,137206,,5.963650099,102.7507478428,2009-03-27T05:53:00+08:00,,HumanObservation,urn:lsid:marinespecies.org:taxname:137206,31368.0,True,eaea291a-1e1d-4382-b86f-ac3cc15b8d5a,iNaturalist research-grade observations,https://creativecommons.org/licenses/by-nc/4.0/,"[""NO_DEPTH""]",False,False
d73e4a55-d084-4200-b32c-1a91a1804fb5,https://www.inaturalist.org/observations/73862189,Chelonia mydas,urn:lsid:marinespecies.org:taxname:137206,137206,,4.1928195475,118.699820575,2018-02-11T04:22:00Z,,HumanObservation,urn:lsid:marinespecies.org:taxname:137206,31411.0,True,eaea291a-1e1d-4382-b86f-ac3cc15b8d5a,iNaturalist research-grade observations,https://creativecommons.org/licenses/by-nc/4.0/,"[""NO_DEPTH""]",False,False
d748ab8f-997c-430f-81ef-16a8956fb2ca,https://www.inaturalist.org/observations/347804932,Chelonia mydas,urn:lsid:marinespecies.org:taxname:137206,137206,,2.6677827244,104.2392391821,2026-04-06T21:15:00+08:00,,HumanObservation,urn:lsid:marinespecies.org:taxname:137206,31434.0,True,eaea291a-1e1d-4382-b86f-ac3cc15b8d5a,iNaturalist research-grade observations,https://creativecommons.org/licenses/by-nc/4.0/,"[""NO_DEPTH""]",False,False
d7d3929a-de2d-44ed-9424-414542a12fec,975_324,Chelonia mydas,urn:lsid:marinespecies.org:taxname:137206,137206,valid,6.15,103.39,1994-09-22T10:07,1994,MachineObservation,present,,True,19104c99-492b-4f23-a3e9-41e86eaef780,Satellite tracked green turtles in the South China Sea 1993-1994,http://creativecommons.org/licenses/by/4.0/,"[""NO_DEPTH""]",False,False
d871c32f-2f47-45a3-abdb-b0f1a18d9fb3,975_6,Chelonia mydas,urn:lsid:marinespecies.org:taxname:137206,137206,valid,6.229,104.422,1993-09-27T02:20,1993,MachineObservation,present,,True,19104c99-492b-4f23-a3e9-41e86eaef780,Satellite tracked green turtles in the South China Sea 1993-1994,http://creativecommons.org/licenses/by/4.0/,"[""NO_DEPTH""]",False,False
d880c319-cab4-422e-b554-420f46bc03e5,https://www.inaturalist.org/observations/85889848,Chelonia mydas,urn:lsid:marinespecies.org:taxname:137206,137206,,4.394983233,118.6803266636,2017-11-26T16:16:00+08:00,,HumanObservation,urn:lsid:marinespecies.org:taxname:137206,31407.0,True,eaea291a-1e1d-4382-b86f-ac3cc15b8d5a,iNaturalist research-grade observations,https://creativecommons.org/licenses/by-nc/4.0/,"[""NO_DEPTH""]",False,False
d88615fd-8798-4a1f-bc96-9d70ace840b8,975_323,Chelonia mydas,urn:lsid:marinespecies.org:taxname:137206,137206,valid,6.0,102.699,1994-09-22T08:20,1994,MachineObservation,present,,True,19104c99-492b-4f23-a3e9-41e86eaef780,Satellite tracked green turtles in the South China Sea 1993-1994,http://creativecommons.org/licenses/by/4.0/,"[""NO_DEPTH""]",False,False
d8a808f4-6a94-442c-aa21-3d8c500043f6,975_235,Chelonia mydas,urn:lsid:marinespecies.org:taxname:137206,137206,valid,4.664,103.477,1994-09-15T09:16,1994,MachineObservation,present,,True,19104c99-492b-4f23-a3e9-41e86eaef780,Satellite tracked green turtles in the South China Sea 1993-1994,http://creativecommons.org/licenses/by/4.0/,"[""NO_DEPTH""]",False,False
d9198813-cdfa-49e9-81af-5726a2e7da6d,975_231,Chelonia mydas,urn:lsid:marinespecies.org:taxname:137206,137206,valid,4.982,103.4,1994-09-14T09:38,1994,MachineObservation,present,,True,19104c99-492b-4f23-a3e9-41e86eaef780,Satellite tracked green turtles in the South China Sea 1993-1994,http://creativecommons.org/licenses/by/4.0/,"[""NO_DEPTH""]",False,False
d9a8fd93-a7a5-459a-97d0-607536f62561,https://www.inaturalist.org/observations/343475278,Chelonia mydas,urn:lsid:marinespecies.org:taxname:137206,137206,,5.6988879202,103.0044089176,2012-08-11T17:17:00+08:00,,HumanObservation,urn:lsid:marinespecies.org:taxname:137206,31373.0,True,eaea291a-1e1d-4382-b86f-ac3cc15b8d5a,iNaturalist research-grade observations,https://creativecommons.org/licenses/by-nc/4.0/,"[""NO_DEPTH""]",False,False
d9e45e01-a0d6-45df-a247-adbb9164e55e,975_250,Chelonia mydas,urn:lsid:marinespecies.org:taxname:137206,137206,valid,2.651,103.833,1994-09-22T16:45,1994,MachineObservation,present,,True,19104c99-492b-4f23-a3e9-41e86eaef780,Satellite tracked green turtles in the South China Sea 1993-1994,http://creativecommons.org/licenses/by/4.0/,"[""NO_DEPTH""]",False,False
da0c11e5-3d7f-43b2-b217-88f843a27dd5,https://www.inaturalist.org/observations/302380797,Chelonia mydas,urn:lsid:marinespecies.org:taxname:137206,137206,,4.3733789657,118.6060763346,2024-11-09T17:17:00+08:00,,HumanObservation,urn:lsid:marinespecies.org:taxname:137206,31407.0,True,eaea291a-1e1d-4382-b86f-ac3cc15b8d5a,iNaturalist research-grade observations,https://creativecommons.org/licenses/by-nc/4.0/,"[""NO_DEPTH""]",False,False
da1d6479-7636-4c82-b2fa-e45971d430cf,975_333,Chelonia mydas,urn:lsid:marinespecies.org:taxname:137206,137206,valid,6.57,104.72,1994-09-24T19:26,1994,MachineObservation,present,,True,19104c99-492b-4f23-a3e9-41e86eaef780,Satellite tracked green turtles in the South China Sea 1993-1994,http://creativecommons.org/licenses/by/4.0/,"[""NO_DEPTH""]",False,False
da640e25-a1a2-47ef-8c17-33ea9656d208,https://www.inaturalist.org/observations/93075614,Chelonia mydas,urn:lsid:marinespecies.org:taxname:137206,137206,,4.1895206056,118.6210961092,2020-07-22,,HumanObservation,urn:lsid:marinespecies.org:taxname:137206,31411.0,True,eaea291a-1e1d-4382-b86f-ac3cc15b8d5a,iNaturalist research-grade observations,https://creativecommons.org/licenses/by-nc/4.0/,"[""NO_DEPTH""]",False,False
dbce505d-e785-4125-8f5b-4cb8b0e265a7,https://www.inaturalist.org/observations/287081118,Chelonia mydas,urn:lsid:marinespecies.org:taxname:137206,137206,,4.5566058848,118.7247807329,2025-05-26T16:21:00+08:00,,HumanObservation,urn:lsid:marinespecies.org:taxname:137206,196087.0,True,eaea291a-1e1d-4382-b86f-ac3cc15b8d5a,iNaturalist research-grade observations,https://creativecommons.org/licenses/by-nc/4.0/,"[""NO_DEPTH""]",False,False
dc3f97ef-6542-4cdc-8dab-63559d0875b6,975_248,Chelonia mydas,urn:lsid:marinespecies.org:taxname:137206,137206,valid,3.202,103.623,1994-09-20T18:52,1994,MachineObservation,present,,True,19104c99-492b-4f23-a3e9-41e86eaef780,Satellite tracked green turtles in the South China Sea 1993-1994,http://creativecommons.org/licenses/by/4.0/,"[""NO_DEPTH""]",False,False
dc7ab069-a25d-4a5c-a08b-5f810dce3ff6,975_322,Chelonia mydas,urn:lsid:marinespecies.org:taxname:137206,137206,valid,6.06,103.325,1994-09-21T21:27,1994,MachineObservation,present,,True,19104c99-492b-4f23-a3e9-41e86eaef780,Satellite tracked green turtles in the South China Sea 1993-1994,http://creativecommons.org/licenses/by/4.0/,"[""NO_DEPTH""]",False,False
ddd3e51f-3ca3-46e7-bc00-a3a9363e4ce1,https://www.inaturalist.org/observations/42099125,Chelonia mydas,urn:lsid:marinespecies.org:taxname:137206,137206,,4.1802816129,118.71280526,2011-08-28T11:19:00-04:00,,HumanObservation,urn:lsid:marinespecies.org:taxname:137206,31411.0,True,eaea291a-1e1d-4382-b86f-ac3cc15b8d5a,iNaturalist research-grade observations,https://creativecommons.org/licenses/by-nc/4.0/,"[""NO_DEPTH""]",False,False
de9e6356-a7af-4608-b5a8-40827f345741,https://www.inaturalist.org/observations/256855566,Chelonia mydas,urn:lsid:marinespecies.org:taxname:137206,137206,,4.3194648182,118.6645148764,2024-12-23T11:56:32+08:00,,HumanObservation,urn:lsid:marinespecies.org:taxname:137206,31407.0,True,eaea291a-1e1d-4382-b86f-ac3cc15b8d5a,iNaturalist research-grade observations,https://creativecommons.org/licenses/by-nc/4.0/,"[""NO_DEPTH""]",False,False
dec5b48d-a483-4b20-a6c6-d5fde62966ec,https://www.inaturalist.org/observations/277622523,Chelonia mydas,urn:lsid:marinespecies.org:taxname:137206,137206,,4.4856779423,118.817062365,2025-04-17T09:47:00+08:00,,HumanObservation,urn:lsid:marinespecies.org:taxname:137206,31403.0,True,eaea291a-1e1d-4382-b86f-ac3cc15b8d5a,iNaturalist research-grade observations,https://creativecommons.org/licenses/by-nc/4.0/,"[""NO_DEPTH""]",False,False
e0de18f1-26dd-4582-b883-9cca0aed03c6,https://www.inaturalist.org/observations/330533536,Chelonia mydas,urn:lsid:marinespecies.org:taxname:137206,137206,,4.4250705234,118.9747981576,2022-04-13T10:59:00+08:00,,HumanObservation,urn:lsid:marinespecies.org:taxname:137206,31403.0,True,eaea291a-1e1d-4382-b86f-ac3cc15b8d5a,iNaturalist research-grade observations,https://creativecommons.org/licenses/by-nc/4.0/,"[""NO_DEPTH""]",False,False
e0e726b5-9176-4dcd-97bd-d422e06d4832,https://www.inaturalist.org/observations/317684892,Chelonia mydas,urn:lsid:marinespecies.org:taxname:137206,137206,,2.6741208067,104.0673313887,2024-07-03T23:05:12+08:00,,HumanObservation,urn:lsid:marinespecies.org:taxname:137206,118822.0,True,eaea291a-1e1d-4382-b86f-ac3cc15b8d5a,iNaturalist research-grade observations,https://creativecommons.org/licenses/by-nc/4.0/,"[""NO_DEPTH""]",False,False
e16c3aa7-15b4-4b48-8637-9699957aea7e,https://www.inaturalist.org/observations/262389213,Chelonia mydas,urn:lsid:marinespecies.org:taxname:137206,137206,,4.1048806327,118.6392697837,2012-07-25T04:37:00+08:00,,HumanObservation,urn:lsid:marinespecies.org:taxname:137206,31411.0,True,eaea291a-1e1d-4382-b86f-ac3cc15b8d5a,iNaturalist research-grade observations,https://creativecommons.org/licenses/by-nc/4.0/,"[""NO_DEPTH""]",False,False
e1e36ac0-5cdb-447b-9c69-14d4298f14f2,https://www.inaturalist.org/observations/312131650,Chelonia mydas,urn:lsid:marinespecies.org:taxname:137206,137206,,4.1754401618,103.543535973,2025-09-05T19:19:54+08:00,,HumanObservation,urn:lsid:marinespecies.org:taxname:137206,31411.0,True,eaea291a-1e1d-4382-b86f-ac3cc15b8d5a,iNaturalist research-grade observations,https://creativecommons.org/licenses/by-nc/4.0/,"[""NO_DEPTH""]",False,False
e1fa07b8-a7ec-40d7-b1ba-1955523831cd,https://www.inaturalist.org/observations/203350103,Chelonia mydas,urn:lsid:marinespecies.org:taxname:137206,137206,,4.5845291357,118.8913359362,2024-03-20T10:54:00+08:00,,HumanObservation,urn:lsid:marinespecies.org:taxname:137206,31403.0,True,eaea291a-1e1d-4382-b86f-ac3cc15b8d5a,iNaturalist research-grade observations,https://creativecommons.org/licenses/by-nc/4.0/,"[""NO_DEPTH""]",False,False
e213a85e-17ed-4789-bc39-59db6115d10e,https://www.inaturalist.org/observations/185251291,Chelonia mydas,urn:lsid:marinespecies.org:taxname:137206,137206,,5.3819791313,103.3316262511,2023-09-21T18:30:00+08:00,,HumanObservation,urn:lsid:marinespecies.org:taxname:137206,31384.0,True,eaea291a-1e1d-4382-b86f-ac3cc15b8d5a,iNaturalist research-grade observations,https://creativecommons.org/licenses/by-nc/4.0/,"[""NO_DEPTH""]",False,False
e24b4c6f-79c3-4191-880c-724c25a153a2,https://www.inaturalist.org/observations/36218509,Chelonia mydas,urn:lsid:marinespecies.org:taxname:137206,137206,,4.1841553633,118.6429282728,2018-07-27T00:38:00-07:00,,HumanObservation,urn:lsid:marinespecies.org:taxname:137206,31411.0,True,eaea291a-1e1d-4382-b86f-ac3cc15b8d5a,iNaturalist research-grade observations,https://creativecommons.org/licenses/by-nc/4.0/,"[""NO_DEPTH""]",False,False
e2f24f51-c333-4e92-8f5e-56248f8c08ec,https://www.inaturalist.org/observations/151627872,Chelonia mydas,urn:lsid:marinespecies.org:taxname:137206,137206,,5.8340263464,102.7648530877,2010-04-16T12:23:44+08:00,,HumanObservation,urn:lsid:marinespecies.org:taxname:137206,31368.0,True,eaea291a-1e1d-4382-b86f-ac3cc15b8d5a,iNaturalist research-grade observations,https://creativecommons.org/licenses/by-nc/4.0/,"[""NO_DEPTH""]",False,False
e32ec8e6-eae9-42eb-8762-e8d833f37c07,https://www.inaturalist.org/observations/316952965,Chelonia mydas,urn:lsid:marinespecies.org:taxname:137206,137206,,5.8208475853,102.739975143,2025-09-25,,HumanObservation,urn:lsid:marinespecies.org:taxname:137206,31368.0,True,eaea291a-1e1d-4382-b86f-ac3cc15b8d5a,iNaturalist research-grade observations,https://creativecommons.org/licenses/by-nc/4.0/,"[""NO_DEPTH""]",False,False
e33af48d-31e0-4e04-ad9f-7df7445bfd9b,https://www.inaturalist.org/observations/20272902,Chelonia mydas,urn:lsid:marinespecies.org:taxname:137206,137206,,6.003975939,118.0808061088,2019-02-10T22:52:23+08:00,,HumanObservation,urn:lsid:marinespecies.org:taxname:137206,31362.0,True,eaea291a-1e1d-4382-b86f-ac3cc15b8d5a,iNaturalist research-grade observations,https://creativecommons.org/licenses/by-nc/4.0/,"[""NO_DEPTH""]",False,False
e41b8766-e1ae-4019-a851-9ba923539d77,975_197,Chelonia mydas,urn:lsid:marinespecies.org:taxname:137206,137206,valid,4.59,104.25,1994-10-05T21:03,1994,MachineObservation,present,,True,19104c99-492b-4f23-a3e9-41e86eaef780,Satellite tracked green turtles in the South China Sea 1993-1994,http://creativecommons.org/licenses/by/4.0/,"[""NO_DEPTH""]",False,False
e428b5e5-355c-47bb-87be-9861cba0cb21,https://www.inaturalist.org/observations/173157634,Chelonia mydas,urn:lsid:marinespecies.org:taxname:137206,137206,,4.5181937293,103.4069856226,2023-07-06T22:20:05+08:00,,HumanObservation,urn:lsid:marinespecies.org:taxname:137206,31403.0,True,eaea291a-1e1d-4382-b86f-ac3cc15b8d5a,iNaturalist research-grade observations,https://creativecommons.org/licenses/by-nc/4.0/,"[""NO_DEPTH"",""ON_LAND""]",False,False
e461e739-ecb5-4b76-b8bc-f92faffae646,975_131,Chelonia mydas,urn:lsid:marinespecies.org:taxname:137206,137206,valid,5.136,113.291,1994-10-02T08:11,1994,MachineObservation,present,,True,19104c99-492b-4f23-a3e9-41e86eaef780,Satellite tracked green turtles in the South China Sea 1993-1994,http://creativecommons.org/licenses/by/4.0/,"[""NO_DEPTH""]",False,False
e4ac2e07-5ad8-4d69-a861-2d0b23df492d,https://www.inaturalist.org/observations/264722682,Chelonia mydas,urn:lsid:marinespecies.org:taxname:137206,137206,,4.1738224365,118.7022714747,2022-12-26T12:50:00+08:00,,HumanObservation,urn:lsid:marinespecies.org:taxname:137206,31411.0,True,eaea291a-1e1d-4382-b86f-ac3cc15b8d5a,iNaturalist research-grade observations,https://creativecommons.org/licenses/by-nc/4.0/,"[""NO_DEPTH""]",False,False
e51ba755-6fe0-4f35-bccf-ac881371ba26,975_15,Chelonia mydas,urn:lsid:marinespecies.org:taxname:137206,137206,valid,5.729,105.578,1993-09-29T01:07,1993,MachineObservation,present,,True,19104c99-492b-4f23-a3e9-41e86eaef780,Satellite tracked green turtles in the South China Sea 1993-1994,http://creativecommons.org/licenses/by/4.0/,"[""NO_DEPTH""]",False,False
e52d1569-0785-4efa-a201-b7403efc1c33,https://www.inaturalist.org/observations/322988644,Chelonia mydas,urn:lsid:marinespecies.org:taxname:137206,137206,,2.8912389304,104.1175796153,2025-10-20T11:48:00+08:00,,HumanObservation,urn:lsid:marinespecies.org:taxname:137206,31431.0,True,eaea291a-1e1d-4382-b86f-ac3cc15b8d5a,iNaturalist research-grade observations,https://creativecommons.org/licenses/by-nc/4.0/,"[""NO_DEPTH""]",False,False
e5f4a473-e5d0-43c3-ae5d-333de44eaa6d,https://www.inaturalist.org/observations/382373452,Chelonia mydas,urn:lsid:marinespecies.org:taxname:137206,137206,,1.6002005086,110.0100423981,2026-07-06T12:56:00+08:00,,HumanObservation,urn:lsid:marinespecies.org:taxname:137206,31444.0,True,eaea291a-1e1d-4382-b86f-ac3cc15b8d5a,iNaturalist research-grade observations,https://creativecommons.org/licenses/by-nc/4.0/,"[""NO_DEPTH"",""ON_LAND""]",False,False
e6446a15-a686-4967-b1dd-297fb35e0a07,975_258,Chelonia mydas,urn:lsid:marinespecies.org:taxname:137206,137206,valid,1.711,104.206,1994-09-25T09:00,1994,MachineObservation,present,,True,19104c99-492b-4f23-a3e9-41e86eaef780,Satellite tracked green turtles in the South China Sea 1993-1994,http://creativecommons.org/licenses/by/4.0/,"[""NO_DEPTH"",""ON_LAND""]",False,False
e6486ccb-350f-4c6d-b0b3-35c692cff971,https://www.inaturalist.org/observations/25880293,Chelonia mydas,urn:lsid:marinespecies.org:taxname:137206,137206,,4.1284005324,118.7943614402,2013-01-07T10:49:00-05:00,,HumanObservation,urn:lsid:marinespecies.org:taxname:137206,31411.0,True,eaea291a-1e1d-4382-b86f-ac3cc15b8d5a,iNaturalist research-grade observations,https://creativecommons.org/licenses/by-nc/4.0/,"[""NO_DEPTH""]",False,False
e64a2f49-cb8b-44c4-8e70-26b45ce72b10,975_124,Chelonia mydas,urn:lsid:marinespecies.org:taxname:137206,137206,valid,5.357,112.755,1994-10-01T05:29,1994,MachineObservation,present,,True,19104c99-492b-4f23-a3e9-41e86eaef780,Satellite tracked green turtles in the South China Sea 1993-1994,http://creativecommons.org/licenses/by/4.0/,"[""NO_DEPTH""]",False,False
e6be6c2b-1a2f-47b6-a3c6-717f6b4da147,1502_911049,Chelonia mydas,urn:lsid:marinespecies.org:taxname:137206,137206,valid,4.5,118.5,2017-06-25T14:39:16/2018-03-30T10:05:26,2018,MachineObservation,present,111319.49,True,11bdbc14-d56d-49f2-933a-6c879aa8e806,"Tracking rehabilitated green turtles from Mabul Island, Sabah, Malaysia",http://creativecommons.org/licenses/by-nc/4.0/,"[""NO_DEPTH""]",False,False
e86a0acf-4196-4ef8-8e3e-f0430b22a8cf,https://www.inaturalist.org/observations/270084607,Chelonia mydas,urn:lsid:marinespecies.org:taxname:137206,137206,,6.1686766538,118.041278282,2018-08-30T17:02:00+08:00,,HumanObservation,urn:lsid:marinespecies.org:taxname:137206,31362.0,True,eaea291a-1e1d-4382-b86f-ac3cc15b8d5a,iNaturalist research-grade observations,https://creativecommons.org/licenses/by-nc/4.0/,"[""NO_DEPTH""]",False,False
e8b5d709-78f5-40e4-8f55-62eefc66023e,https://www.inaturalist.org/observations/321414763,Chelonia mydas,urn:lsid:marinespecies.org:taxname:137206,137206,,1.6335366306,110.276201361,2025-04-05T14:16:00+08:00,,HumanObservation,urn:lsid:marinespecies.org:taxname:137206,31444.0,True,eaea291a-1e1d-4382-b86f-ac3cc15b8d5a,iNaturalist research-grade observations,https://creativecommons.org/licenses/by-nc/4.0/,"[""NO_DEPTH"",""ON_LAND""]",False,False
e8f0fe33-c4c2-49ea-9575-ff1fba746b28,https://www.inaturalist.org/observations/256256510,Chelonia mydas,urn:lsid:marinespecies.org:taxname:137206,137206,,4.5505042639,118.9617209551,2024-08-23T10:47:00+08:00,,HumanObservation,urn:lsid:marinespecies.org:taxname:137206,31403.0,True,eaea291a-1e1d-4382-b86f-ac3cc15b8d5a,iNaturalist research-grade observations,https://creativecommons.org/licenses/by-nc/4.0/,"[""NO_DEPTH""]",False,False
e9ce7822-d29e-4020-8595-3f2c80689f73,https://www.inaturalist.org/observations/313584874,Chelonia mydas,urn:lsid:marinespecies.org:taxname:137206,137206,,4.1104673684,118.7625351431,2016-09-03T15:15:00+08:00,,HumanObservation,urn:lsid:marinespecies.org:taxname:137206,31411.0,True,eaea291a-1e1d-4382-b86f-ac3cc15b8d5a,iNaturalist research-grade observations,https://creativecommons.org/licenses/by-nc/4.0/,"[""NO_DEPTH""]",False,False
ea061bc1-1918-4290-bc47-5bcc409d0030,https://www.inaturalist.org/observations/89147788,Chelonia mydas,urn:lsid:marinespecies.org:taxname:137206,137206,,5.6466079019,103.1779106156,2020-07-20T16:14:39-10:00,,HumanObservation,urn:lsid:marinespecies.org:taxname:137206,31373.0,True,eaea291a-1e1d-4382-b86f-ac3cc15b8d5a,iNaturalist research-grade observations,https://creativecommons.org/licenses/by-nc/4.0/,"[""NO_DEPTH""]",False,False
ea58ec21-4ac6-45c2-871d-2e295bdacea0,373_1484523,Chelonia mydas,urn:lsid:marinespecies.org:taxname:137206,137206,valid,3.5,103.5,2008-01-03T14:43:53/2008-01-04T01:49:33,2008,MachineObservation,present,111319.49,True,36fbd7d5-f381-4303-b5b3-890c0c99b6f1,Vietnam Sea Turtle Tracking Project,http://creativecommons.org/licenses/by-nc/4.0/,"[""NO_DEPTH""]",False,False
ea8ec38f-8d7e-4b2a-b39c-fc48045602f9,https://www.inaturalist.org/observations/379689159,Chelonia mydas,urn:lsid:marinespecies.org:taxname:137206,137206,,4.4213739539,118.8008551262,2026-07-04T15:30:00+08:00,,HumanObservation,urn:lsid:marinespecies.org:taxname:137206,31403.0,True,eaea291a-1e1d-4382-b86f-ac3cc15b8d5a,iNaturalist research-grade observations,https://creativecommons.org/licenses/by-nc/4.0/,"[""NO_DEPTH""]",False,False
eac3613c-8115-42b7-82f4-5796250e2b40,742_364,Chelonia mydas,urn:lsid:marinespecies.org:taxname:137206,137206,valid,5.32,114.800222,2003-04-26T08:00:00,2003,MachineObservation,present,,True,dcd07ef8-094d-4550-bbc5-dfe4860763de,Green sea turtle satellite tracking in the Nansha and Penghu Archipelagos 2000-2005,http://creativecommons.org/licenses/by-nc/4.0/,"[""NO_DEPTH""]",False,False
ead85177-08a9-4a86-a7e5-b91d83c32cbd,https://www.inaturalist.org/observations/24885686,Chelonia mydas,urn:lsid:marinespecies.org:taxname:137206,137206,,4.3842848054,118.7946415474,2013-01-07T09:29:00-05:00,,HumanObservation,urn:lsid:marinespecies.org:taxname:137206,31407.0,True,eaea291a-1e1d-4382-b86f-ac3cc15b8d5a,iNaturalist research-grade observations,https://creativecommons.org/licenses/by-nc/4.0/,"[""NO_DEPTH""]",False,False
eaff598b-9788-4ebb-b9bf-ead444322387,https://www.inaturalist.org/observations/42134765,Chelonia mydas,urn:lsid:marinespecies.org:taxname:137206,137206,,4.0443436211,118.6213124428,2011-08-28T07:12:00-04:00,,HumanObservation,urn:lsid:marinespecies.org:taxname:137206,31411.0,True,eaea291a-1e1d-4382-b86f-ac3cc15b8d5a,iNaturalist research-grade observations,https://creativecommons.org/licenses/by-nc/4.0/,"[""NO_DEPTH""]",False,False
eb0b21f4-8ac8-4c66-bdcc-0ec3f73eab61,https://www.inaturalist.org/observations/174421853,Chelonia mydas,urn:lsid:marinespecies.org:taxname:137206,137206,,4.3874200617,118.652440583,2023-07-22T15:38:37+08:00,,HumanObservation,urn:lsid:marinespecies.org:taxname:137206,31407.0,True,eaea291a-1e1d-4382-b86f-ac3cc15b8d5a,iNaturalist research-grade observations,https://creativecommons.org/licenses/by-nc/4.0/,"[""NO_DEPTH"",""ON_LAND""]",False,False
ec3fef55-e15b-47bd-988b-7e0d900ed0d7,https://www.inaturalist.org/observations/59059495,Chelonia mydas,urn:lsid:marinespecies.org:taxname:137206,137206,,5.8342427604,118.1347960866,2011-09-09T21:17:00-07:00,,HumanObservation,urn:lsid:marinespecies.org:taxname:137206,31368.0,True,eaea291a-1e1d-4382-b86f-ac3cc15b8d5a,iNaturalist research-grade observations,https://creativecommons.org/licenses/by-nc/4.0/,"[""NO_DEPTH""]",False,False
ec532156-473d-4bad-8a11-7e2e54b367b5,https://www.inaturalist.org/observations/280690782,Chelonia mydas,urn:lsid:marinespecies.org:taxname:137206,137206,,2.5570905239,104.4502006419,2025-05-10T09:24:00+08:00,,HumanObservation,urn:lsid:marinespecies.org:taxname:137206,31436.0,True,eaea291a-1e1d-4382-b86f-ac3cc15b8d5a,iNaturalist research-grade observations,https://creativecommons.org/licenses/by-nc/4.0/,"[""NO_DEPTH""]",False,False
ec8a8a9d-dfdb-4cd5-b2c6-b64818e9eb34,975_174,Chelonia mydas,urn:lsid:marinespecies.org:taxname:137206,137206,valid,5.492,103.35,1994-09-30T08:56,1994,MachineObservation,present,,True,19104c99-492b-4f23-a3e9-41e86eaef780,Satellite tracked green turtles in the South China Sea 1993-1994,http://creativecommons.org/licenses/by/4.0/,"[""NO_DEPTH""]",False,False
ecb5a2a8-686e-4fbb-8d29-aa40378cf2a3,https://www.inaturalist.org/observations/352243913,Chelonia mydas,urn:lsid:marinespecies.org:taxname:137206,137206,,3.1809013464,103.5485886218,2026-04-23T16:58:50+08:00,,HumanObservation,urn:lsid:marinespecies.org:taxname:137206,35108.0,True,eaea291a-1e1d-4382-b86f-ac3cc15b8d5a,iNaturalist research-grade observations,https://creativecommons.org/licenses/by-nc/4.0/,"[""NO_DEPTH""]",False,False
ed78154e-8728-4a5c-b5f3-a5a69d0b7037,https://www.inaturalist.org/observations/262384209,Chelonia mydas,urn:lsid:marinespecies.org:taxname:137206,137206,,4.2386717347,118.6213329046,2012-07-26T05:31:00+08:00,,HumanObservation,urn:lsid:marinespecies.org:taxname:137206,31407.0,True,eaea291a-1e1d-4382-b86f-ac3cc15b8d5a,iNaturalist research-grade observations,https://creativecommons.org/licenses/by-nc/4.0/,"[""NO_DEPTH""]",False,False
edc4f8b6-3da1-4022-b6da-b4dd3ffa50a3,975_361,Chelonia mydas,urn:lsid:marinespecies.org:taxname:137206,137206,valid,7.23,109.42,1994-10-02T15:23,1994,MachineObservation,present,,True,19104c99-492b-4f23-a3e9-41e86eaef780,Satellite tracked green turtles in the South China Sea 1993-1994,http://creativecommons.org/licenses/by/4.0/,"[""NO_DEPTH""]",False,False
ee15ac78-e5b5-4cb4-bfbb-f6a0be82da97,https://www.inaturalist.org/observations/121367101,Chelonia mydas,urn:lsid:marinespecies.org:taxname:137206,137206,,4.3265620558,100.4728615546,2022-06-12T08:35:18+08:00,,HumanObservation,urn:lsid:marinespecies.org:taxname:137206,31407.0,True,eaea291a-1e1d-4382-b86f-ac3cc15b8d5a,iNaturalist research-grade observations,https://creativecommons.org/licenses/by-nc/4.0/,"[""NO_DEPTH""]",False,False
ee9a359d-a9ef-471f-9ca9-b96bc29d1fb7,https://www.inaturalist.org/observations/366505579,Chelonia mydas,urn:lsid:marinespecies.org:taxname:137206,137206,,5.7719301526,103.0669864253,2023-06-12T09:34:38+08:00,,HumanObservation,urn:lsid:marinespecies.org:taxname:137206,31373.0,True,eaea291a-1e1d-4382-b86f-ac3cc15b8d5a,iNaturalist research-grade observations,https://creativecommons.org/licenses/by-nc/4.0/,"[""NO_DEPTH""]",False,False
eea87df1-98a4-4998-ac2e-d127c077f6c9,https://www.inaturalist.org/observations/42393154,Chelonia mydas,urn:lsid:marinespecies.org:taxname:137206,137206,,4.4591581307,118.9770490163,2019-12-17T17:03:00+08:00,,HumanObservation,urn:lsid:marinespecies.org:taxname:137206,31403.0,True,eaea291a-1e1d-4382-b86f-ac3cc15b8d5a,iNaturalist research-grade observations,https://creativecommons.org/licenses/by-nc/4.0/,"[""NO_DEPTH""]",False,False
ef1ea777-b737-4878-a037-044ee3e71f79,https://www.inaturalist.org/observations/260166625,Chelonia mydas,urn:lsid:marinespecies.org:taxname:137206,137206,,6.1056309567,118.0980262052,2014-04-23T23:07:00+08:00,,HumanObservation,urn:lsid:marinespecies.org:taxname:137206,31362.0,True,eaea291a-1e1d-4382-b86f-ac3cc15b8d5a,iNaturalist research-grade observations,https://creativecommons.org/licenses/by-nc/4.0/,"[""NO_DEPTH""]",False,False
f06e9d70-0302-467c-bbe1-544a938bdbf8,https://www.inaturalist.org/observations/203889582,Chelonia mydas,urn:lsid:marinespecies.org:taxname:137206,137206,,2.6819336485,104.2307400403,2024-03-25T22:21:52+08:00,,HumanObservation,urn:lsid:marinespecies.org:taxname:137206,31434.0,True,eaea291a-1e1d-4382-b86f-ac3cc15b8d5a,iNaturalist research-grade observations,https://creativecommons.org/licenses/by-nc/4.0/,"[""NO_DEPTH""]",False,False
f156745b-33fd-4827-b736-359eacf462b9,975_240,Chelonia mydas,urn:lsid:marinespecies.org:taxname:137206,137206,valid,4.114,103.453,1994-09-17T06:44,1994,MachineObservation,present,,True,19104c99-492b-4f23-a3e9-41e86eaef780,Satellite tracked green turtles in the South China Sea 1993-1994,http://creativecommons.org/licenses/by/4.0/,"[""NO_DEPTH""]",False,False
f1ec013e-a7cf-46c7-8000-7631d16616f0,https://www.inaturalist.org/observations/148825142,Chelonia mydas,urn:lsid:marinespecies.org:taxname:137206,137206,,5.8474102107,102.7505727455,2017-07-05T07:43:00+08:00,,HumanObservation,urn:lsid:marinespecies.org:taxname:137206,31368.0,True,eaea291a-1e1d-4382-b86f-ac3cc15b8d5a,iNaturalist research-grade observations,https://creativecommons.org/licenses/by-nc/4.0/,"[""NO_DEPTH""]",False,False
f2b24c2e-9a59-4e19-b357-011866e10106,https://www.inaturalist.org/observations/307668654,Chelonia mydas,urn:lsid:marinespecies.org:taxname:137206,137206,,5.8724103127,102.6969019771,2025-08-19T11:56:50+08:00,,HumanObservation,urn:lsid:marinespecies.org:taxname:137206,31368.0,True,eaea291a-1e1d-4382-b86f-ac3cc15b8d5a,iNaturalist research-grade observations,https://creativecommons.org/licenses/by-nc/4.0/,"[""NO_DEPTH""]",False,False
f3004331-3029-4e53-880d-72dee3fcada5,https://www.inaturalist.org/observations/69510443,Chelonia mydas,urn:lsid:marinespecies.org:taxname:137206,137206,,4.2808404501,118.6393103843,2018-02-10T05:00:38+01:00,,HumanObservation,urn:lsid:marinespecies.org:taxname:137206,31407.0,True,eaea291a-1e1d-4382-b86f-ac3cc15b8d5a,iNaturalist research-grade observations,https://creativecommons.org/licenses/by-nc/4.0/,"[""NO_DEPTH""]",False,False
f31d0f7a-8bd5-4f70-97a0-85b31fbf117c,https://www.inaturalist.org/observations/337651620,Chelonia mydas,urn:lsid:marinespecies.org:taxname:137206,137206,,6.0347627936,118.15580543,2026-02-04T00:05:22+08:00,,HumanObservation,urn:lsid:marinespecies.org:taxname:137206,31362.0,True,eaea291a-1e1d-4382-b86f-ac3cc15b8d5a,iNaturalist research-grade observations,https://creativecommons.org/licenses/by-nc/4.0/,"[""NO_DEPTH""]",False,False
f41fc8ac-3377-4c67-8491-2208287cb547,https://www.inaturalist.org/observations/330323897,Chelonia mydas,urn:lsid:marinespecies.org:taxname:137206,137206,,4.5664992456,118.9307453353,2025-12-11T11:40:52+08:00,,HumanObservation,urn:lsid:marinespecies.org:taxname:137206,31403.0,True,eaea291a-1e1d-4382-b86f-ac3cc15b8d5a,iNaturalist research-grade observations,https://creativecommons.org/licenses/by-nc/4.0/,"[""NO_DEPTH""]",False,False
f45f669f-f7e1-48aa-8543-f45563ae4224,https://www.inaturalist.org/observations/372871478,Chelonia mydas,urn:lsid:marinespecies.org:taxname:137206,137206,,4.3808414612,118.6151685949,2026-06-09T11:00:00+08:00,,HumanObservation,urn:lsid:marinespecies.org:taxname:137206,31407.0,True,eaea291a-1e1d-4382-b86f-ac3cc15b8d5a,iNaturalist research-grade observations,https://creativecommons.org/licenses/by-nc/4.0/,"[""NO_DEPTH""]",False,False
f4cf473c-64ad-4a42-a463-e63e3c40485e,https://www.inaturalist.org/observations/301340179,Chelonia mydas,urn:lsid:marinespecies.org:taxname:137206,137206,,6.1231065507,118.1769404383,2025-07-15T06:02:00+08:00,,HumanObservation,urn:lsid:marinespecies.org:taxname:137206,31362.0,True,eaea291a-1e1d-4382-b86f-ac3cc15b8d5a,iNaturalist research-grade observations,https://creativecommons.org/licenses/by-nc/4.0/,"[""NO_DEPTH""]",False,False
f4f94374-e4f9-4771-b6dc-882c3ef66f43,https://www.inaturalist.org/observations/178481772,Chelonia mydas,urn:lsid:marinespecies.org:taxname:137206,137206,,4.3043344702,118.7220748862,2023-08-08T12:27:00+08:00,,HumanObservation,urn:lsid:marinespecies.org:taxname:137206,31407.0,True,eaea291a-1e1d-4382-b86f-ac3cc15b8d5a,iNaturalist research-grade observations,https://creativecommons.org/licenses/by-nc/4.0/,"[""NO_DEPTH""]",False,False
f508d4ec-cc74-44f1-8189-d40525b8b372,https://www.inaturalist.org/observations/73966845,Chelonia mydas,urn:lsid:marinespecies.org:taxname:137206,137206,,4.2185267094,118.7561026082,2018-02-10T08:22:00Z,,HumanObservation,urn:lsid:marinespecies.org:taxname:137206,31407.0,True,eaea291a-1e1d-4382-b86f-ac3cc15b8d5a,iNaturalist research-grade observations,https://creativecommons.org/licenses/by-nc/4.0/,"[""NO_DEPTH""]",False,False
f50d6220-f1cb-4fb8-bda4-d7d87bf9b766,https://www.inaturalist.org/observations/342878146,Chelonia mydas,urn:lsid:marinespecies.org:taxname:137206,137206,,4.4190519784,118.8000078077,2026-03-02T18:09:00+08:00,,HumanObservation,urn:lsid:marinespecies.org:taxname:137206,31403.0,True,eaea291a-1e1d-4382-b86f-ac3cc15b8d5a,iNaturalist research-grade observations,https://creativecommons.org/licenses/by-nc/4.0/,"[""NO_DEPTH""]",False,False
f532e4ac-e035-4df8-aee6-dbc8c4184d84,https://www.inaturalist.org/observations/169023553,Chelonia mydas,urn:lsid:marinespecies.org:taxname:137206,137206,,4.5985735296,118.8165972263,2023-06-20T15:19:41+08:00,,HumanObservation,urn:lsid:marinespecies.org:taxname:137206,31403.0,True,eaea291a-1e1d-4382-b86f-ac3cc15b8d5a,iNaturalist research-grade observations,https://creativecommons.org/licenses/by-nc/4.0/,"[""NO_DEPTH""]",False,False
f5508498-4132-4e0b-9091-388079cdef95,https://www.inaturalist.org/observations/306077519,Chelonia mydas,urn:lsid:marinespecies.org:taxname:137206,137206,,5.9127432191,102.6243647259,2025-07-02T14:51:53+08:00,,HumanObservation,urn:lsid:marinespecies.org:taxname:137206,31368.0,True,eaea291a-1e1d-4382-b86f-ac3cc15b8d5a,iNaturalist research-grade observations,https://creativecommons.org/licenses/by-nc/4.0/,"[""NO_DEPTH""]",False,False
f59348d8-58ad-4b02-bf30-7420aa19d7a4,https://www.inaturalist.org/observations/200015634,Chelonia mydas,urn:lsid:marinespecies.org:taxname:137206,137206,,4.2412577501,118.626418198,2009-01-08T10:34:00+08:00,,HumanObservation,urn:lsid:marinespecies.org:taxname:137206,31407.0,True,eaea291a-1e1d-4382-b86f-ac3cc15b8d5a,iNaturalist research-grade observations,https://creativecommons.org/licenses/by-nc/4.0/,"[""NO_DEPTH""]",False,False
f637569b-9e7b-4c9a-bb4a-3e968ca1e98e,https://www.inaturalist.org/observations/60688265,Chelonia mydas,urn:lsid:marinespecies.org:taxname:137206,137206,,4.0292608428,118.6397632212,2018-01-18T12:01:00+08:00,,HumanObservation,urn:lsid:marinespecies.org:taxname:137206,31411.0,True,eaea291a-1e1d-4382-b86f-ac3cc15b8d5a,iNaturalist research-grade observations,https://creativecommons.org/licenses/by-nc/4.0/,"[""NO_DEPTH""]",False,False
f75d68be-96b5-45f6-9bc8-b5f38195c344,975_207,Chelonia mydas,urn:lsid:marinespecies.org:taxname:137206,137206,valid,3.842,104.74,1994-10-08T07:36,1994,MachineObservation,present,,True,19104c99-492b-4f23-a3e9-41e86eaef780,Satellite tracked green turtles in the South China Sea 1993-1994,http://creativecommons.org/licenses/by/4.0/,"[""NO_DEPTH""]",False,False
f7c8d341-cbc6-4e6e-8f94-3c8eac63e632,https://www.inaturalist.org/observations/373241571,Chelonia mydas,urn:lsid:marinespecies.org:taxname:137206,137206,,4.3974616209,118.6571990112,2026-06-10T08:30:00+08:00,,HumanObservation,urn:lsid:marinespecies.org:taxname:137206,31407.0,True,eaea291a-1e1d-4382-b86f-ac3cc15b8d5a,iNaturalist research-grade observations,https://creativecommons.org/licenses/by-nc/4.0/,"[""NO_DEPTH""]",False,False
f8080d44-38bc-4e14-b06f-aeafd46e93ee,975_318,Chelonia mydas,urn:lsid:marinespecies.org:taxname:137206,137206,valid,5.53,102.918,1994-09-19T09:34,1994,MachineObservation,present,,True,19104c99-492b-4f23-a3e9-41e86eaef780,Satellite tracked green turtles in the South China Sea 1993-1994,http://creativecommons.org/licenses/by/4.0/,"[""NO_DEPTH"",""ON_LAND""]",False,False
f83e70aa-88f3-4431-b3bf-9edf0b4b54c5,975_158,Chelonia mydas,urn:lsid:marinespecies.org:taxname:137206,137206,valid,5.822,103.02,1994-09-19T07:49,1994,MachineObservation,present,,True,19104c99-492b-4f23-a3e9-41e86eaef780,Satellite tracked green turtles in the South China Sea 1993-1994,http://creativecommons.org/licenses/by/4.0/,"[""NO_DEPTH""]",False,False
f8c0910a-6dc6-463a-8736-5e402b292360,https://www.inaturalist.org/observations/348024378,Chelonia mydas,urn:lsid:marinespecies.org:taxname:137206,137206,,2.6501547868,104.3600135379,2026-04-06T21:18:34+08:00,,HumanObservation,urn:lsid:marinespecies.org:taxname:137206,31434.0,True,eaea291a-1e1d-4382-b86f-ac3cc15b8d5a,iNaturalist research-grade observations,https://creativecommons.org/licenses/by-nc/4.0/,"[""NO_DEPTH""]",False,False
f9a7e65c-4c68-4f74-9932-f1706dc7aad3,975_227,Chelonia mydas,urn:lsid:marinespecies.org:taxname:137206,137206,valid,5.263,103.294,1994-09-13T10:00,1994,MachineObservation,present,,True,19104c99-492b-4f23-a3e9-41e86eaef780,Satellite tracked green turtles in the South China Sea 1993-1994,http://creativecommons.org/licenses/by/4.0/,"[""NO_DEPTH""]",False,False
f9bf3f7c-29a9-4969-ac7a-6435f72a445c,975_206,Chelonia mydas,urn:lsid:marinespecies.org:taxname:137206,137206,valid,4.021,104.7,1994-10-07T20:45,1994,MachineObservation,present,,True,19104c99-492b-4f23-a3e9-41e86eaef780,Satellite tracked green turtles in the South China Sea 1993-1994,http://creativecommons.org/licenses/by/4.0/,"[""NO_DEPTH""]",False,False
f9e59a5e-3630-407a-aaec-79658d735313,https://www.inaturalist.org/observations/25880302,Chelonia mydas,urn:lsid:marinespecies.org:taxname:137206,137206,,4.0282065033,118.7775041874,2013-01-07T10:49:00-05:00,,HumanObservation,urn:lsid:marinespecies.org:taxname:137206,31411.0,True,eaea291a-1e1d-4382-b86f-ac3cc15b8d5a,iNaturalist research-grade observations,https://creativecommons.org/licenses/by-nc/4.0/,"[""NO_DEPTH""]",False,False
f9ea8334-cd84-403d-934f-f3c1491884a7,https://www.inaturalist.org/observations/285090803,Chelonia mydas,urn:lsid:marinespecies.org:taxname:137206,137206,,6.0029244597,118.1107650345,2011-01-18T05:44:54+08:00,,HumanObservation,urn:lsid:marinespecies.org:taxname:137206,31362.0,True,eaea291a-1e1d-4382-b86f-ac3cc15b8d5a,iNaturalist research-grade observations,https://creativecommons.org/licenses/by-nc/4.0/,"[""NO_DEPTH""]",False,False
fa2dda5d-e876-4031-ad91-5024643ccf54,https://www.inaturalist.org/observations/258477547,Chelonia mydas,urn:lsid:marinespecies.org:taxname:137206,137206,,4.5925608092,118.967633623,2022-05-15T15:15:00+08:00,,HumanObservation,urn:lsid:marinespecies.org:taxname:137206,31403.0,True,eaea291a-1e1d-4382-b86f-ac3cc15b8d5a,iNaturalist research-grade observations,https://creativecommons.org/licenses/by-nc/4.0/,"[""NO_DEPTH""]",False,False
fa4c36da-1da5-45bf-9d29-12ff63e1c9d2,https://www.inaturalist.org/observations/322935837,Chelonia mydas,urn:lsid:marinespecies.org:taxname:137206,137206,,4.5501554896,118.8629529104,2025-10-18T16:11:00+08:00,,HumanObservation,urn:lsid:marinespecies.org:taxname:137206,31403.0,True,eaea291a-1e1d-4382-b86f-ac3cc15b8d5a,iNaturalist research-grade observations,https://creativecommons.org/licenses/by-nc/4.0/,"[""NO_DEPTH""]",False,False
fac16bbe-93a3-4bc1-a452-46f6f6b65392,975_154,Chelonia mydas,urn:lsid:marinespecies.org:taxname:137206,137206,valid,5.722,115.516,1994-10-12T04:55,1994,MachineObservation,present,,True,19104c99-492b-4f23-a3e9-41e86eaef780,Satellite tracked green turtles in the South China Sea 1993-1994,http://creativecommons.org/licenses/by/4.0/,"[""NO_DEPTH""]",False,False
fae5587e-bce3-440e-afb3-778dee02fc9b,975_257,Chelonia mydas,urn:lsid:marinespecies.org:taxname:137206,137206,valid,1.75,104.225,1994-09-25T07:23,1994,MachineObservation,present,,True,19104c99-492b-4f23-a3e9-41e86eaef780,Satellite tracked green turtles in the South China Sea 1993-1994,http://creativecommons.org/licenses/by/4.0/,"[""NO_DEPTH""]",False,False
faebc620-f200-41d5-8786-aae39224ccf5,https://www.inaturalist.org/observations/341440067,Chelonia mydas,urn:lsid:marinespecies.org:taxname:137206,137206,,5.3359161965,103.2250298506,2025-07-11T06:34:24+08:00,,HumanObservation,urn:lsid:marinespecies.org:taxname:137206,31384.0,True,eaea291a-1e1d-4382-b86f-ac3cc15b8d5a,iNaturalist research-grade observations,https://creativecommons.org/licenses/by-nc/4.0/,"[""NO_DEPTH""]",False,False
fb4bbcc6-5200-4ee8-ab67-f445dd1c2c1d,https://www.inaturalist.org/observations/143760752,Chelonia mydas,urn:lsid:marinespecies.org:taxname:137206,137206,,5.527895815,100.1099309268,2022-12-04T11:13:44+08:00,,HumanObservation,urn:lsid:marinespecies.org:taxname:137206,31379.0,True,eaea291a-1e1d-4382-b86f-ac3cc15b8d5a,iNaturalist research-grade observations,https://creativecommons.org/licenses/by/4.0/,"[""NO_DEPTH""]",False,False
fc6c0a1e-2312-4c5a-ac83-41051baf8195,https://www.inaturalist.org/observations/201268334,Chelonia mydas,urn:lsid:marinespecies.org:taxname:137206,137206,,6.123204123,116.1269680445,2010-03-15T14:53:00+08:00,,HumanObservation,urn:lsid:marinespecies.org:taxname:137206,31362.0,True,eaea291a-1e1d-4382-b86f-ac3cc15b8d5a,iNaturalist research-grade observations,https://creativecommons.org/licenses/by-nc/4.0/,"[""NO_DEPTH""]",False,False
fd26150b-93ea-4e70-bc10-e417fb1a848b,975_246,Chelonia mydas,urn:lsid:marinespecies.org:taxname:137206,137206,valid,3.602,103.506,1994-09-19T07:50,1994,MachineObservation,present,,True,19104c99-492b-4f23-a3e9-41e86eaef780,Satellite tracked green turtles in the South China Sea 1993-1994,http://creativecommons.org/licenses/by/4.0/,"[""NO_DEPTH""]",False,False
fe0f255a-8811-43c0-8022-270b48e21da1,https://www.inaturalist.org/observations/129421429,Chelonia mydas,urn:lsid:marinespecies.org:taxname:137206,137206,,4.5704278949,118.9653455745,2022-08-03,,HumanObservation,urn:lsid:marinespecies.org:taxname:137206,31403.0,True,eaea291a-1e1d-4382-b86f-ac3cc15b8d5a,iNaturalist research-grade observations,https://creativecommons.org/licenses/by-nc/4.0/,"[""NO_DEPTH""]",False,False
fe2bcc51-fc39-4019-b699-7cae9b4f2743,https://www.inaturalist.org/observations/310362412,Chelonia mydas,urn:lsid:marinespecies.org:taxname:137206,137206,,3.7874167164,100.8134062778,2025-08-31,,HumanObservation,urn:lsid:marinespecies.org:taxname:137206,31418.0,True,eaea291a-1e1d-4382-b86f-ac3cc15b8d5a,iNaturalist research-grade observations,https://creativecommons.org/licenses/by-nc/4.0/,"[""NO_DEPTH""]",False,False
fe55b52b-6972-4e84-92a7-22ddb0121df3,https://www.inaturalist.org/observations/377625050,Chelonia mydas,urn:lsid:marinespecies.org:taxname:137206,137206,,2.2590019362,102.1708012031,2026-07-03T11:02:21+08:00,,HumanObservation,urn:lsid:marinespecies.org:taxname:137206,31438.0,True,eaea291a-1e1d-4382-b86f-ac3cc15b8d5a,iNaturalist research-grade observations,https://creativecommons.org/licenses/by-nc/4.0/,"[""NO_DEPTH"",""ON_LAND""]",False,False
fee85629-0b73-40f8-b226-cab05ddbd041,https://www.inaturalist.org/observations/369936079,Chelonia mydas,urn:lsid:marinespecies.org:taxname:137206,137206,,4.1250170246,118.7596938774,2026-06-08T08:15:00+08:00,,HumanObservation,urn:lsid:marinespecies.org:taxname:137206,31411.0,True,eaea291a-1e1d-4382-b86f-ac3cc15b8d5a,iNaturalist research-grade observations,https://creativecommons.org/licenses/by-nc/4.0/,"[""NO_DEPTH""]",False,False
fef85c27-8cb0-49eb-8d8a-0f0fa185276f,https://www.inaturalist.org/observations/178481793,Chelonia mydas,urn:lsid:marinespecies.org:taxname:137206,137206,,4.2909666674,118.7626437835,2023-08-08T12:27:00+08:00,,HumanObservation,urn:lsid:marinespecies.org:taxname:137206,31407.0,True,eaea291a-1e1d-4382-b86f-ac3cc15b8d5a,iNaturalist research-grade observations,https://creativecommons.org/licenses/by-nc/4.0/,"[""NO_DEPTH""]",False,False
